2025-11-05 14:09:31 - fedls - INFO - loss data:
2025-11-05 14:09:31 - fedls - INFO - [10.808131712675095, 0.5445273406803608, 0.21032227873802184, 0.1977500854060054, 0.17773399241268634, 0.16490684263408184, 0.162315758690238, 0.1648614251986146, 0.15855034925043582, 0.1546557307243347, 0.14836279563605786, 0.16530645526945592, 0.14844341799616811, 0.15393523517996072, 0.15030541885644197, 0.13841586410999296, 0.13595274835824966, 0.1366223206743598, 0.13343751011416316, 0.13603957649320364, 0.12962676975876092, 0.12254222314804793, 0.14214002881199123, 0.13880112301558256, 0.1384619502350688, 0.13870300613343717, 0.12939163222908973, 0.13093341905623673, 0.12716687135398388, 0.12330487314611673, 0.12851081015542148, 0.12070200452581048, 0.12814099695533515, 0.1238872696645558, 0.12171240337193012, 0.12568338941782714, 0.1390807807445526, 0.12468849457800388, 0.11954518593847752, 0.12701965309679508, 0.13774035964161158, 0.12359011992812158, 0.12722126077860596, 0.11986324340105056, 0.1254565672017634, 0.12867888081818818, 0.11424616565927863, 0.126471921056509, 0.12223455039784312, 0.11928760707378387, 0.11980831138789654, 0.1224065376445651, 0.11923271454870701, 0.10529535682871938, 0.11489850841462612, 0.10918426932767034, 0.12223999118432402, 0.10791346030309795, 0.11660156454890966, 0.11904817763715983, 0.12170165944844485, 0.12240340132266284, 0.11422403445467352, 0.11298145409673452, 0.12098206337541342, 0.10690021873451769, 0.11087223123759031, 0.11151754008606077, 0.11445705173537135, 0.10860806368291379, 0.11313214488327503, 0.11537642348557711, 0.10852729240432382, 0.12187119778245688, 0.11055150376632811, 0.10472784619778394, 0.10205657444894314, 0.11286070672795176, 0.11313555426895619, 0.10610868176445365, 0.10623977715149521, 0.10743259256705642, 0.10519206319004298, 0.10247258068993687, 0.11052088076248764, 0.10251499777659774, 0.11976296026259661, 0.11895830584689975, 0.10252588856965303, 0.10739024188369513, 0.11214087055996061, 0.10756719438359141, 0.10759419156238437, 0.08565628547221421, 0.1032028380781412, 0.10346765285357833, 0.09612918738275766, 0.0968196433968842, 0.10181623017415403, 0.098093471955508, 0.10704752588644624, 0.09574375357478856, 0.09451044760644436, 0.10483843954280019, 0.10931172426789998, 0.09058893630281091, 0.0895903579890728, 0.10326222414150835, 0.09777834005653858, 0.10089941825717688, 0.1078024385496974, 0.10837209895253182, 0.09846628066152334, 0.10549199692904948, 0.09847343452274798, 0.09876041226089001, 0.09770074859261513, 0.1039563893340528, 0.10801738426089286, 0.09883654238656164, 0.10193442935124039, 0.10184576474130154, 0.11051758397370576, 0.0926815053448081, 0.10026709791272878, 0.09634000519290567, 0.08771489262580871, 0.09447242198511958, 0.09596461839973927, 0.09232654878869653, 0.08918433720245958, 0.0994125516153872, 0.09057545159012079, 0.10005927532911302, 0.09300194540992379, 0.10068936673924328, 0.09449973655864596, 0.09316629553213715, 0.09431321993470193, 0.08468951480463147, 0.08594651836901904, 0.09963644668459892, 0.09287909036502243, 0.10666970694437623, 0.09548881333321332, 0.10395288076251746, 0.10312792351469398, 0.0884253703057766, 0.10957284178584814, 0.08652267241850495, 0.09670563898980618, 0.08673702757805585, 0.09052553297951818, 0.09094687858596444, 0.08602076740935444, 0.0908860088326037, 0.10060828858986497, 0.09165666867047548, 0.09380750227719545, 0.0958746749907732, 0.08547235783189536, 0.09565769787877798, 0.09891875050961971, 0.09011224564164877, 0.0984110314399004, 0.10070331217721104, 0.09458503024652601, 0.08256792044267058, 0.09491271506994962, 0.09916038466617466, 0.10886844284832478, 0.08739683171734214, 0.08837097072973848, 0.08474202891811727, 0.08796350676566361, 0.09264114564284683, 0.09747682632878422, 0.10261282306164503, 0.09349337453022599, 0.0952846529893577, 0.0924620053730905, 0.0967550503090024, 0.09105766294524073, 0.08476230073720217, 0.09251680066809058, 0.09724822258576751, 0.0881878923624754, 0.09296225933358074, 0.10181155037134886, 0.09346512416377664, 0.09027555333450436, 0.10266365669667721, 0.09462909232825041, 0.10204163184389473, 0.09309031907469034, 0.08947655726224185, 0.09456266108900309, 0.09149015061557292, 0.10547013683244585, 0.10165850324556232]
2025-11-08 08:10:01 - fedls - INFO - loss data:
2025-11-08 08:10:01 - fedls - INFO - [10.808131712675095, 0.5445273406803608, 0.21032227873802184, 0.1977500854060054, 0.17773399241268634, 0.16490684263408184, 0.162315758690238, 0.1648614251986146, 0.15855034925043582, 0.1546557307243347, 0.14836279563605786, 0.16530645526945592, 0.14844341799616811, 0.15393523517996072, 0.15030541885644197, 0.13841586410999296, 0.13595274835824966, 0.1366223206743598, 0.13343751011416316, 0.13603957649320364, 0.12962676975876092, 0.12254222314804793, 0.14214002881199123, 0.13880112301558256, 0.1384619502350688, 0.13870300613343717, 0.12939163222908973, 0.13093341905623673, 0.12716687135398388, 0.12330487314611673, 0.12851081015542148, 0.12070200452581048, 0.12814099695533515, 0.1238872696645558, 0.12171240337193012, 0.12568338941782714, 0.1390807807445526, 0.12468849457800388, 0.11954518593847752, 0.12701965309679508, 0.13774035964161158, 0.12359011992812158, 0.12722126077860596, 0.11986324340105056, 0.1254565672017634, 0.12867888081818818, 0.11424616565927863, 0.126471921056509, 0.12223455039784312, 0.11928760707378387, 0.11980831138789654, 0.1224065376445651, 0.11923271454870701, 0.10529535682871938, 0.11489850841462612, 0.10918426932767034, 0.12223999118432402, 0.10791346030309795, 0.11660156454890966, 0.11904817763715983, 0.12170165944844485, 0.12240340132266284, 0.11422403445467352, 0.11298145409673452, 0.12098206337541342, 0.10690021873451769, 0.11087223123759031, 0.11151754008606077, 0.11445705173537135, 0.10860806368291379, 0.11313214488327503, 0.11537642348557711, 0.10852729240432382, 0.12187119778245688, 0.11055150376632811, 0.10472784619778394, 0.10205657444894314, 0.11286070672795176, 0.11313555426895619, 0.10610868176445365, 0.10623977715149521, 0.10743259256705642, 0.10519206319004298, 0.10247258068993687, 0.11052088076248764, 0.10251499777659774, 0.11976296026259661, 0.11895830584689975, 0.10252588856965303, 0.10739024188369513, 0.11214087055996061, 0.10756719438359141, 0.10759419156238437, 0.08565628547221421, 0.1032028380781412, 0.10346765285357833, 0.09612918738275766, 0.0968196433968842, 0.10181623017415403, 0.098093471955508, 0.10704752588644624, 0.09574375357478856, 0.09451044760644436, 0.10483843954280019, 0.10931172426789998, 0.09058893630281091, 0.0895903579890728, 0.10326222414150835, 0.09777834005653858, 0.10089941825717688, 0.1078024385496974, 0.10837209895253182, 0.09846628066152334, 0.10549199692904948, 0.09847343452274798, 0.09876041226089001, 0.09770074859261513, 0.1039563893340528, 0.10801738426089286, 0.09883654238656164, 0.10193442935124039, 0.10184576474130154, 0.11051758397370576, 0.0926815053448081, 0.10026709791272878, 0.09634000519290567, 0.08771489262580871, 0.09447242198511958, 0.09596461839973927, 0.09232654878869653, 0.08918433720245958, 0.0994125516153872, 0.09057545159012079, 0.10005927532911302, 0.09300194540992379, 0.10068936673924328, 0.09449973655864596, 0.09316629553213715, 0.09431321993470193, 0.08468951480463147, 0.08594651836901904, 0.09963644668459892, 0.09287909036502243, 0.10666970694437623, 0.09548881333321332, 0.10395288076251746, 0.10312792351469398, 0.0884253703057766, 0.10957284178584814, 0.08652267241850495, 0.09670563898980618, 0.08673702757805585, 0.09052553297951818, 0.09094687858596444, 0.08602076740935444, 0.0908860088326037, 0.10060828858986497, 0.09165666867047548, 0.09380750227719545, 0.0958746749907732, 0.08547235783189536, 0.09565769787877798, 0.09891875050961971, 0.09011224564164877, 0.0984110314399004, 0.10070331217721104, 0.09458503024652601, 0.08256792044267058, 0.09491271506994962, 0.09916038466617466, 0.10886844284832478, 0.08739683171734214, 0.08837097072973848, 0.08474202891811727, 0.08796350676566361, 0.09264114564284683, 0.09747682632878422, 0.10261282306164503, 0.09349337453022599, 0.0952846529893577, 0.0924620053730905, 0.0967550503090024, 0.09105766294524073, 0.08476230073720217, 0.09251680066809058, 0.09724822258576751, 0.0881878923624754, 0.09296225933358074, 0.10181155037134886, 0.09346512416377664, 0.09027555333450436, 0.10266365669667721, 0.09462909232825041, 0.10204163184389473, 0.09309031907469034, 0.08947655726224185, 0.09456266108900309, 0.09149015061557292, 0.10547013683244585, 0.10165850324556232]
2025-11-10 07:46:04 - fedls - INFO - loss data:
2025-11-10 07:46:04 - fedls - INFO - [10.808131712675095, 0.5445273406803608, 0.21032227873802184, 0.1977500854060054, 0.17773399241268634, 0.16490684263408184, 0.162315758690238, 0.1648614251986146, 0.15855034925043582, 0.1546557307243347, 0.14836279563605786, 0.16530645526945592, 0.14844341799616811, 0.15393523517996072, 0.15030541885644197, 0.13841586410999296, 0.13595274835824966, 0.1366223206743598, 0.13343751011416316, 0.13603957649320364, 0.12963556703180074, 0.1226119862869382, 0.1422627493739128, 0.13873909264802933, 0.13849335666745902, 0.13872311860322953, 0.12933795377612112, 0.13087033964693545, 0.1270503731444478, 0.12336939033120871, 0.1286512724123895, 0.12084606075659395, 0.12821832913905384, 0.12389666317030787, 0.12179528214037419, 0.12574908938258889, 0.13905007839202882, 0.12467296570539474, 0.11959368642419577, 0.12718039024621247, 0.13766755294054747, 0.12361150961369276, 0.12721702437847854, 0.11997891813516617, 0.1254611885175109, 0.1286306891590357, 0.11428519394248723, 0.12654747031629088, 0.12231499562039971, 0.11928739640861749, 0.11993718501180411, 0.12255617436021565, 0.11930803088471294, 0.10533455843105913, 0.1150256703607738, 0.10915887942537665, 0.12226607436314224, 0.10793191595003009, 0.11653075776994228, 0.11890992466360331, 0.12168407179415225, 0.12250265330076218, 0.1143036724999547, 0.11297028474509715, 0.12102464009076357, 0.10702546937391162, 0.11101557482033969, 0.11160722393542528, 0.11463019754737616, 0.1086627746000886, 0.11303423885256053, 0.11541367098689079, 0.1085784594528377, 0.12199237672612072, 0.11053163278847933, 0.10477103544399141, 0.10210086768493057, 0.11284129638224841, 0.11329264165833593, 0.10607628403231502, 0.1062601606361568, 0.10741217359900475, 0.10523567860946059, 0.10261127790436148, 0.11070386115461588, 0.10256360732018947, 0.11994651146233082, 0.11903523495420813, 0.1026218032464385, 0.10746817337349057, 0.11219218289479613, 0.10762178972363472, 0.10759976645931602, 0.08576824339106678, 0.10314174788072705, 0.10357547337189317, 0.09623671928420663, 0.09697268214076757, 0.10184370083734393, 0.09812640119343996, 0.10692755477502941, 0.09584899479523301, 0.09451799755915999, 0.10490300757810474, 0.10936898039653897, 0.09058900857344271, 0.08958480404689909, 0.10337256081402302, 0.09792336560785769, 0.10097843119874597, 0.10782778384163977, 0.10840246472507716, 0.09854071214795113, 0.10547553086653352, 0.09859295152127742, 0.09886265527457, 0.0978010032325983, 0.10384780233725906, 0.10810555722564458, 0.0988172136247158, 0.10199090465903282, 0.10194698004052044, 0.11051503429189324, 0.09275383008643984, 0.10039793057367205, 0.09630547128617764, 0.087813285831362, 0.09453845545649528, 0.09602135047316551, 0.09223353220149874, 0.08927801698446274, 0.09957870319485665, 0.09063623640686275, 0.1001593166962266, 0.09310186058282852, 0.10080115292221309, 0.09460122175514699, 0.09317001421004534, 0.09444693895056844, 0.08477064305916429, 0.08593857614323497, 0.09980937261134387, 0.09299198305234313, 0.10663830749690534, 0.0955479304306209, 0.1039989515207708, 0.10321801332756878, 0.0883730267174542, 0.10953525295481085, 0.08654741374775768, 0.09671095106750727, 0.08673402676358818, 0.0906661451794207, 0.09104465320706367, 0.0861174775287509, 0.0908904243260622, 0.10056545780971646, 0.09172631427645683, 0.09373630983754992, 0.09586045118048786, 0.08557077990844845, 0.0956632080487907, 0.09897091556340457, 0.0901352308690548, 0.09846760900691151, 0.10075696101412177, 0.09461944699287414, 0.08254144936800004, 0.09495892850682139, 0.0992438903078437, 0.10884529491886497, 0.08735826229676605, 0.08850869638845324, 0.08484720019623637, 0.0880301428027451, 0.09268014840781688, 0.09745710715651512, 0.10275978660210967, 0.09352004379034043, 0.09524192968383433, 0.0924917535856366, 0.09682179950177669, 0.09108987869694829, 0.0847113247960806, 0.09254441782832146, 0.09738481743261218, 0.08817251697182654, 0.09285060614347458, 0.10191321428865194, 0.09345935815945268, 0.0903573976829648, 0.1026154227554798, 0.09470430314540863, 0.10207131551578641, 0.09310493627563118, 0.08948729252442716, 0.09469409985467792, 0.09148258650675416, 0.1055394927971065, 0.1017289693467319]
2025-11-10 10:37:53 - fedls - INFO - loss data:
2025-11-10 10:37:53 - fedls - INFO - [10.808131712675095, 0.5445273406803608, 0.21032227873802184, 0.1977500854060054, 0.17773399241268634, 0.16490684263408184, 0.162315758690238, 0.1648614251986146, 0.15855034925043582, 0.1546557307243347, 0.14836279563605786, 0.16530645526945592, 0.14844341799616811, 0.15393523517996072, 0.15030541885644197, 0.13841586410999296, 0.13595274835824966, 0.1366223206743598, 0.13343751011416316, 0.13603957649320364, 0.12974038776010277, 0.12270388733595611, 0.14229372348636388, 0.13872153889387845, 0.13855103570967914, 0.13879613112658262, 0.1293835425749421, 0.13085903730243445, 0.12707021739333868, 0.1233919259160757, 0.12852995423600078, 0.1208315453492105, 0.12821954693645238, 0.12393561629578471, 0.12186032608151436, 0.1256107719615102, 0.13915930446237323, 0.12470118384808301, 0.11966540310531855, 0.12707283031195402, 0.13771565146744252, 0.12364288214594127, 0.1271397614851594, 0.11994033213704824, 0.12539865719154478, 0.1286942300386727, 0.11424530390650034, 0.12651496697217227, 0.12231106180697679, 0.1191719627007842, 0.11985889431089163, 0.12256208881735803, 0.11922564981505274, 0.10527588669210672, 0.11499237837269902, 0.10911915693432092, 0.1221420604735613, 0.10781280202791094, 0.11641406286507844, 0.1188597185537219, 0.12162672840058804, 0.12237573079764844, 0.11426587402820587, 0.11289092153310776, 0.12091795075684786, 0.1069772974587977, 0.11087510650977493, 0.11146974256262183, 0.11441544126719236, 0.10854831309989094, 0.11286535309627653, 0.11533694230020047, 0.10840793987736105, 0.1218703300692141, 0.11031184494495391, 0.10478984639048577, 0.10191076910123228, 0.11268348870798946, 0.11308300197124481, 0.10581321753561496, 0.10606314791366458, 0.1072834838181734, 0.10511116497218609, 0.10246163522824644, 0.11059904107823967, 0.10220438865944743, 0.1196537334471941, 0.11895385347306728, 0.10238263402134179, 0.10746114468201995, 0.11196280336007476, 0.1074259540066123, 0.10727084558457137, 0.08546006120741367, 0.10262093022465707, 0.10324919195845722, 0.09592829681932927, 0.09665264068171382, 0.10149692548438907, 0.09794034473598004, 0.10672742761671543, 0.09559678398072718, 0.0940001977607608, 0.10476696314290165, 0.10922420388087631, 0.09021162567660213, 0.08933292888104916, 0.10308159943670034, 0.09757395051419734, 0.10048679625615478, 0.10739057371392846, 0.10807419857010245, 0.09816891569644212, 0.10519160982221365, 0.09823008114472032, 0.0983985393308103, 0.09741109041497112, 0.10342669822275638, 0.10783046893775464, 0.09841708689928055, 0.10159645592793823, 0.10136824697256089, 0.11011551599949598, 0.0922642602585256, 0.0998191986232996, 0.09594968361780047, 0.08727464387193322, 0.09420506218448281, 0.0952403649687767, 0.09170538634061813, 0.0885075026191771, 0.09902790924534202, 0.09002464320510625, 0.09964147862046957, 0.09235478118062018, 0.10028385929763317, 0.09376194346696139, 0.09229413839057088, 0.0938252106308937, 0.08391307834535838, 0.0852359700948, 0.09924937887117266, 0.09213197864592075, 0.10581505177542566, 0.09489494226872922, 0.10318982359021903, 0.10257162731140851, 0.08746044514700771, 0.10862642526626587, 0.0857193199917674, 0.09590600812807679, 0.08607265371829272, 0.08965982953086496, 0.09003361780196428, 0.0850277880206704, 0.09022673545405269, 0.09967558430507778, 0.09076192528009414, 0.0927894262596965, 0.09506532158702612, 0.08449098952114582, 0.09457670329138637, 0.09806781234219669, 0.08903591381385922, 0.09763369793072343, 0.10008839908987283, 0.09344647424295544, 0.08142845826223492, 0.09402735335752369, 0.0980836189351976, 0.10775450095534325, 0.08609212329611182, 0.08733744313940406, 0.08363929763436317, 0.08701483327895404, 0.09171479381620884, 0.09655588613823057, 0.10190156698226929, 0.0926176474429667, 0.09416042612865567, 0.09116271380335092, 0.09559645419940352, 0.0899787879548967, 0.08359985323622823, 0.09128279145807028, 0.09610120737925171, 0.08680068990215659, 0.09150440273806452, 0.10103806275874376, 0.09218960758298636, 0.08915594415739178, 0.10161971542984247, 0.09332024240866305, 0.10077655399218202, 0.09159828592091798, 0.0879521830007434, 0.09344334080815314, 0.09035881645977498, 0.10473208082839847, 0.10038159368559718]
2025-11-11 10:30:28 - fedls - INFO - loss data:
2025-11-11 10:30:28 - fedls - INFO - [10.5620332300663, 0.5007157366722823, 0.21376314461231233, 0.19363145586103203, 0.18145678993314504, 0.1694645220413804, 0.16693855915218592, 0.16558058727532626, 0.1667016375809908, 0.1589740976691246, 0.14944241791963578, 0.13630291428416969, 0.1571357088163495, 0.14605463109910488, 0.14242027178406713, 0.13349060900509357, 0.13312038853764535, 0.14504026416689159, 0.13659583050757645, 0.13783278968185186, 0.12478390634059905, 0.13279316946864128, 0.12885382827371358, 0.13106314837932587, 0.12821446266025305, 0.1347188100218773, 0.1267541019245982, 0.1419446269981563, 0.1268626146018505, 0.13159661516547203, 0.1252129134722054, 0.12295816512778401, 0.12422159807756544, 0.12919870372861625, 0.11947828605771066, 0.11909973844885827, 0.1257026458159089, 0.1119653819128871, 0.1242494030855596, 0.1140345715917647, 0.11743420474231243, 0.1188545661047101, 0.13017170829698443, 0.1182673467323184, 0.11446055425330998, 0.11158713409677148, 0.1109249209985137, 0.1191977933049202, 0.11099385600537062, 0.11443859040737152, 0.11270820992067457, 0.10953733175992966, 0.11115687619894743, 0.11958433743566274, 0.11404460249468684, 0.11042577847838402, 0.10824697669595479, 0.10885043367743492, 0.10300304181873798, 0.10234242388978601, 0.10625713765621185, 0.10826375475153327, 0.09880658015608787, 0.10916175590828062, 0.11444200035184621, 0.10931947818025947, 0.11436593858525157, 0.09912780383601785, 0.097879081312567, 0.10695954198017715, 0.10211205137893557, 0.10017534596845508, 0.09996361266821623, 0.10409653848037123, 0.10568666933104395, 0.0973853725939989, 0.0999551978893578, 0.09633233929052949, 0.0997576566413045, 0.09081955542787909, 0.09642372084781528, 0.09483647933229804, 0.09326343787834049, 0.09808664489537477, 0.09966092575341463, 0.09408062053844332, 0.09850041382014751, 0.0945522801950574, 0.09122926788404584, 0.09304452696815133, 0.09299342399463058, 0.08569829491898417, 0.09136241972446442, 0.08873596703633665, 0.09159220587462186, 0.09592680679634213, 0.08314249776303768, 0.08660205453634262, 0.08228216608986258, 0.0865265046712011, 0.08627191726118326, 0.08878807900473476, 0.08419823283329606, 0.08273307122290136, 0.09170040721073747, 0.09485097965225578, 0.08200686490163207, 0.07940435474738479, 0.08536499794572591, 0.08020010096952318, 0.0801564116962254, 0.09065768728032708, 0.08145201359875501, 0.08102650111541151, 0.08276456026360393, 0.09266864387318491, 0.09601780977100134, 0.07911765603348614, 0.07774315327405928, 0.08193709198385477, 0.0848055925220251, 0.07507403558120132, 0.07495489176362752, 0.08013389231637119, 0.07467125668190419, 0.082234978210181, 0.08240996859967709, 0.0755351984873414, 0.07852478167042137, 0.08525520544499159, 0.0736753923818469, 0.08291778173297644, 0.07476519355550408, 0.07235067309811712, 0.07382723041810095, 0.08068052101880313, 0.08092620261013508, 0.06792621407657862, 0.0737366048619151, 0.07788041941821575, 0.07219274886883795, 0.0751324163749814, 0.0712879010476172, 0.07903511663898827, 0.0809405897744, 0.07037511500529944, 0.07258491842076181, 0.07472358178347349, 0.0677508907392621, 0.06617534272372723, 0.06381885115988553, 0.08345080818980932, 0.07311414163559676, 0.07605499988421797, 0.06594501361250878, 0.06375800468958914, 0.06676666298881173, 0.076680853869766, 0.06643569320440293, 0.07459697062149645, 0.07274473849684, 0.07209211932495235, 0.0690819096751511, 0.06906633367761969, 0.07257034424692392, 0.06987070078030229, 0.06620430457405746, 0.06596762421540917, 0.06803113296627998, 0.07198512656614184, 0.07238369518890977, 0.06755364802666008, 0.06976696024648846, 0.06522517362609506, 0.06606350243091583, 0.06807802701368929, 0.06862547993659973, 0.06732324557378888, 0.0716735771857202, 0.05814008852466941, 0.07892640018835664, 0.0739648304414004, 0.061644324520602825, 0.07244549384340644, 0.06964550446718931, 0.07366950875148177, 0.06587942596524954, 0.07846699254587292, 0.07026166152209043, 0.05864360835403204, 0.0667589052580297, 0.06783714815974236, 0.06662007905542851, 0.06830790559761227, 0.0672284608706832, 0.06449092160910368, 0.0650289699435234, 0.06621417342685162, 0.07229404444806278, 0.06915889317169785]
2025-11-11 18:39:32 - fedls - INFO - loss data:
2025-11-11 18:39:32 - fedls - INFO - [9.831594663858414, 0.5585442923009396, 0.22196806371212005, 0.1821468036621809, 0.18328586779534817, 0.17182144206017255, 0.17129883095622062, 0.16425635423511264, 0.15552062205970288, 0.16511473879218103, 0.1557454414665699, 0.14938120916485786, 0.1515248889103532, 0.1545215617865324, 0.14607592392712831, 0.149522453173995, 0.13840756583958863, 0.1352034341543913, 0.135125888697803, 0.1421753779053688, 0.12452744767069818, 0.13041099943220616, 0.125632986985147, 0.13769145216792822, 0.13399819526821377, 0.1286163947544992, 0.13108041994273661, 0.12165869772434235, 0.12822804749011993, 0.1301683722063899, 0.12059534192085267, 0.12836090363562108, 0.1350253991782665, 0.12527119610458612, 0.10784805780276657, 0.12515462869778277, 0.13217910714447498, 0.12360558416694403, 0.10805768771097063, 0.11838273517787457, 0.11448894245550037, 0.12671346701681613, 0.11490007769316435, 0.11170805701985956, 0.12176916170865297, 0.11000894913449884, 0.11063178330659866, 0.12038801852613687, 0.11052571618929505, 0.10860173450782895, 0.10636639501899481, 0.11577896680682898, 0.11799360867589712, 0.12233002651482822, 0.1167278136126697, 0.10167316710576416, 0.10932214818894864, 0.10748517727479338, 0.10388324735686183, 0.11277247322723269, 0.10793619547039271, 0.1110738786868751, 0.10028919028118252, 0.10530667146667838, 0.10567818777635693, 0.10456632738932967, 0.10269479751586914, 0.10358350127935409, 0.09277105415239931, 0.09652402196079493, 0.10315166264772416, 0.10459581976756453, 0.09727438958361745, 0.11260312786325813, 0.09356305794790387, 0.09557635290548205, 0.09580305442214013, 0.09812107775360346, 0.10541232526302338, 0.09619918977841735, 0.08940952168777586, 0.10830383421853185, 0.08219099212437868, 0.08472965862601996, 0.0994177220389247, 0.10223136069253087, 0.0957053848542273, 0.09417030904442072, 0.09206289062276482, 0.09492875020951033, 0.09680087147280574, 0.0814411940984428, 0.09611506257206201, 0.08324909154325724, 0.08928588824346662, 0.09512438168749213, 0.08883186765015125, 0.08831847216933966, 0.09342380305752158, 0.0838901617564261, 0.08152976976707578, 0.07960852431133389, 0.07868486130610108, 0.08737737508490681, 0.07127259429544211, 0.08522210512310266, 0.09151995247229934, 0.07460966752842069, 0.08454595617949963, 0.07697209417819977, 0.07917750151827932, 0.08565715570002794, 0.08149980744346977, 0.08598102796822786, 0.097162021137774, 0.08299517538398504, 0.07159379152581095, 0.08721499182283879, 0.07441624384373427, 0.07969298902899027, 0.08299409886822104, 0.07838898207992315, 0.07549462667666376, 0.08313277186825871, 0.08518043290823699, 0.0655898385681212, 0.08087834967300296, 0.08514500381425022, 0.0835195836611092, 0.08916752869263292, 0.09639380117878318, 0.0796136861667037, 0.0749397431500256, 0.08607314610853792, 0.08687349697574973, 0.07351964465342462, 0.0817185944877565, 0.07220011493191122, 0.06598964557051659, 0.07744183959439396, 0.07688317121937871, 0.08454705365002155, 0.07955610174685716, 0.08238985720090568, 0.0790073607582599, 0.08027088278904557, 0.0747064677067101, 0.08581513268873095, 0.07323108734562993, 0.07547032190486788, 0.08123595463111996, 0.06684610340744257, 0.06631214646622538, 0.07621753085404634, 0.08154077548533678, 0.06846538539975881, 0.070124327018857, 0.07371561112813652, 0.07691417830064892, 0.06811083955690264, 0.06598891345784069, 0.07249786416068674, 0.06845819964073599, 0.06627991716377438, 0.07413592953234911, 0.0719655874185264, 0.07948928298428654, 0.079192269500345, 0.08267501005902886, 0.06125119989737868, 0.07096139853820205, 0.0787989629432559, 0.07643777625635266, 0.07077072644606233, 0.06540353018790483, 0.06813515936955811, 0.06824987698346377, 0.07504969025030732, 0.057768285972997546, 0.06878383192233742, 0.06256114728748799, 0.06737671056762337, 0.06947879628278315, 0.06886057178489864, 0.07626168439164757, 0.06420781668275595, 0.06919357245787978, 0.07507505319081248, 0.06601940975524484, 0.07028084234334528, 0.07243621498346328, 0.06769983703270555, 0.06974128643050789, 0.0691359156742692, 0.06471258220262827, 0.07764155818149449, 0.06613595485687256, 0.06642228374257683, 0.06724844528362155, 0.07216186402365565]
2025-11-12 07:56:07 - fedls - INFO - loss data:
2025-11-12 07:56:07 - fedls - INFO - [10.883569985628128, 0.5328014515340328, 0.2085240211337805, 0.18602826483547685, 0.17483606114983558, 0.16665759533643723, 0.17331830263137818, 0.1588760819286108, 0.15231069158762695, 0.15382186956703664, 0.14527268204838037, 0.13674556827172638, 0.14807718563824893, 0.1405454555526376, 0.15113803632557393, 0.14034268707036973, 0.14021160583943126, 0.15341947823762891, 0.13885831832885742, 0.15254126843065025, 0.13151070848107338, 0.13356456831097602, 0.13279228983446956, 0.1346813880838454, 0.13029174562543633, 0.1362027110531926, 0.1310249929316342, 0.13420238280668856, 0.12665341142565012, 0.1210109444335103, 0.13070468306541444, 0.13210262451320887, 0.12644548984244466, 0.12970742732286455, 0.11549715204164386, 0.12154792919754982, 0.12447589170187712, 0.11702319150790572, 0.11544832168146968, 0.12980578057467937, 0.11639227978885175, 0.12063544802367687, 0.11711269030347465, 0.12039471231400967, 0.11457812245935202, 0.11776072103530169, 0.11596208931878209, 0.11153663732111455, 0.1118644113652408, 0.11882168669253587, 0.11897813100367785, 0.11594332978129387, 0.1188211502507329, 0.10793584119528532, 0.11111562736332417, 0.1088096403516829, 0.11025465037673712, 0.11198165565729142, 0.10898157283663751, 0.10374287413433195, 0.09737120801582932, 0.11808450054377317, 0.10009215753525495, 0.10127258924767374, 0.09725595340132713, 0.10131906466558577, 0.11057740626856685, 0.11714116018265486, 0.09459004355594516, 0.10245375027880073, 0.1012527878396213, 0.09398385426029562, 0.09126310488209129, 0.10777312181890011, 0.08838862637057901, 0.10127464355900884, 0.08159442599862814, 0.09619392175227404, 0.10211829114705323, 0.097207154892385, 0.08850118555128575, 0.0980274154804647, 0.09838594058528544, 0.08706951523199677, 0.09640848729759455, 0.09894908778369427, 0.09622886097058654, 0.09608786003664135, 0.08897731304168702, 0.0927015420049429, 0.09347381675615907, 0.08025974482297898, 0.09053613524883986, 0.07902320632711053, 0.08325062887743115, 0.08960612127557396, 0.0951669592410326, 0.08652066150680185, 0.09738008677959442, 0.08938247477635741, 0.08318220814689994, 0.09312971737235784, 0.07373273940756916, 0.08904501935467124, 0.0881701810285449, 0.07779030404053627, 0.09060078980401158, 0.0920033073052764, 0.08572783581912519, 0.10044937385246158, 0.08607677258551122, 0.0829004560597241, 0.07884968994185329, 0.07785395113751292, 0.08622632743790745, 0.09565985705703497, 0.07511138087138533, 0.07511189104989172, 0.07873814217746258, 0.09446072988212109, 0.08304336359724403, 0.08088690638542176, 0.0817634086124599, 0.07798059526830911, 0.0879641143605113, 0.08685536729171872, 0.07403462063521146, 0.09046133030205966, 0.06784657333046198, 0.0821357112377882, 0.07351503614336252, 0.07301836819387972, 0.0902636306360364, 0.07165653295814992, 0.08851728495210409, 0.07743531465530396, 0.08331709220074117, 0.08303403910249471, 0.0801645690575242, 0.0760258846450597, 0.08711280492134392, 0.08459434481337666, 0.08027770947664976, 0.07660381784662604, 0.07688699150457978, 0.07535636415705085, 0.0682651988696307, 0.07599094766192138, 0.06940122060477733, 0.07768305423669516, 0.07840892300009727, 0.07417885344475508, 0.080271864682436, 0.07384532545693219, 0.06766053973697125, 0.08301073955371976, 0.08120011426508428, 0.08462833492085337, 0.07137987641617656, 0.07286702608689666, 0.07486001672223211, 0.0795048269443214, 0.06979166772216558, 0.07729000938124955, 0.06886035953648388, 0.06690256856381893, 0.07695922218263149, 0.08219596333801746, 0.07834590384736656, 0.07145636137574911, 0.06771681769751012, 0.07307535372674465, 0.06783325164578854, 0.07768639251589775, 0.06017776727676392, 0.0712076018564403, 0.07217026352882386, 0.07264788486063481, 0.06829238878563046, 0.06319083697162568, 0.06926437309011817, 0.0622090449091047, 0.07280143983662128, 0.06639447705820203, 0.06904952162876725, 0.0785390904173255, 0.07106835609301924, 0.07003455050289631, 0.07448805789463223, 0.05873655057512224, 0.062103432929143304, 0.07681130706332623, 0.06396315488964319, 0.0779080529231578, 0.0795626813545823, 0.07085321452468633, 0.06364299384877087, 0.07906805444508791, 0.07012344738468529, 0.07225651512853801]
2025-11-15 12:47:44 - fedls - INFO - loss data:
2025-11-15 12:47:44 - fedls - INFO - [10.808131712675095, 0.5445273406803608, 0.21032227873802184, 0.1977500854060054, 0.17773399241268634, 0.16490684263408184, 0.162315758690238, 0.1648614251986146, 0.15855034925043582, 0.1546557307243347, 0.14836279563605786, 0.16530645526945592, 0.14844341799616811, 0.15393523517996072, 0.15030541885644197, 0.13841586410999296, 0.13595274835824966, 0.1366223206743598, 0.13343751011416316, 0.13603957649320364, 0.12973686419427394, 0.12259045951068401, 0.14221067018806935, 0.1388466885313392, 0.13854631707072257, 0.1387276703491807, 0.12946984823793173, 0.13092619217932225, 0.12707408461719752, 0.12333793509751557, 0.12852222165092825, 0.1206171833910048, 0.12803327497094869, 0.12388421129435301, 0.1217708682641387, 0.12563864570111039, 0.1392420155927539, 0.12460169345140457, 0.11951225772500038, 0.12696650568395854, 0.137776368111372, 0.12353140125051142, 0.12705076057463882, 0.1199033334851265, 0.12522600805386902, 0.12853639107197523, 0.1140895233489573, 0.12648917464539408, 0.1222231712192297, 0.11917610969394446, 0.11975508071482181, 0.12240385077893734, 0.11920447619631887, 0.1051987474784255, 0.1148706496693194, 0.10901127895340323, 0.12203512415289879, 0.10787932779639958, 0.11649231221526862, 0.11888334527611732, 0.12162584457546473, 0.12266142778098583, 0.11409490536898374, 0.11283009108155967, 0.1207171119749546, 0.1068547198548913, 0.11087251249700784, 0.11166359139606358, 0.1142556730657816, 0.10834283335134387, 0.11279447190463543, 0.11530335750430823, 0.10835407907143235, 0.12173222778365017, 0.11032644547522068, 0.10456135096028447, 0.10186950452625751, 0.1126406928524375, 0.1128242403268814, 0.10567574324086308, 0.10583799853920936, 0.107190450001508, 0.10505883311852812, 0.10218997728079557, 0.11038248287513852, 0.10197248300537468, 0.11943541346117853, 0.11885627396404744, 0.1021693056449294, 0.10721654361113905, 0.11179008139297367, 0.1072888650931418, 0.10707640424370765, 0.08515881868079304, 0.10241833673790098, 0.10294100334867835, 0.09560206066817045, 0.09645526744425297, 0.10110255843028426, 0.09774110000580549, 0.10652930159121751, 0.0952328079380095, 0.09379277415573598, 0.10473223011940719, 0.1089102204889059, 0.08987340731546284, 0.0891375401057303, 0.10289851343259215, 0.09734340524300933, 0.1002761723473668, 0.10703033227473496, 0.10790550885722042, 0.09777283277362585, 0.1049442353658378, 0.09796908665448427, 0.09812535708770156, 0.09713870389387011, 0.10329843312501907, 0.10768026569858194, 0.09816492674872279, 0.10135443974286318, 0.10101024415344, 0.1098342353478074, 0.09200734375044703, 0.09935902701690794, 0.09561358569189907, 0.0868829244747758, 0.09384797457605601, 0.09492006152868271, 0.09146521417424083, 0.08816513549536467, 0.09876026445999742, 0.0894909156486392, 0.09930473519489169, 0.09195659141987561, 0.09997091572731734, 0.09356585731729865, 0.09175349939614535, 0.0934432146139443, 0.08346106559038162, 0.08462966969236732, 0.09895018516108395, 0.09171140817925334, 0.10538499858230352, 0.09450960597023368, 0.10283964201807977, 0.10226950021460653, 0.08686515092849731, 0.10819375030696392, 0.08511223262175918, 0.09542562561109662, 0.0856106304563582, 0.08905905671417713, 0.0894539199769497, 0.08445230284705758, 0.08973957868292928, 0.09921094011515379, 0.09023761339485645, 0.09242166960611939, 0.09456216897815466, 0.0839872899465263, 0.09403660343959927, 0.09757715426385402, 0.08853604160249233, 0.097258270252496, 0.09969291817396879, 0.09290286535397171, 0.08091004304587841, 0.09346387423574924, 0.09752946989610792, 0.10723199006170034, 0.08532547196373344, 0.08667999599128962, 0.08309898786246776, 0.08634996144101023, 0.0911798699758947, 0.09623917611315846, 0.10131445545703173, 0.09223111048340797, 0.09368810160085558, 0.09053804138675331, 0.09492904487997293, 0.08948978520929812, 0.08290308434516191, 0.09053942635655403, 0.09552866984158753, 0.086190071888268, 0.09070685617625714, 0.10057406658306717, 0.09155065286904573, 0.08862062953412533, 0.1011021614074707, 0.09252620143815875, 0.10012723663821815, 0.09089126652106644, 0.08713854132220149, 0.09272324973717333, 0.08984583802521229, 0.10431885542348027, 0.09981892192736269]
2025-11-15 15:41:54 - fedls - INFO - loss data:
2025-11-15 15:41:54 - fedls - INFO - [10.388385462760926, 0.5444071386009455, 0.1944324543699622, 0.1872082594782114, 0.1735763866454363, 0.16751330867409706, 0.1577567169442773, 0.1665487164631486, 0.16809326838701966, 0.15561079103499653, 0.14888107050210236, 0.1574651371687651, 0.14660794064402582, 0.1497332317754626, 0.1499366143718362, 0.13905767183750867, 0.14251782931387424, 0.14299515634775162, 0.13851385824382306, 0.1382274240255356, 0.14814844597131013, 0.13173037879168986, 0.12340981028974056, 0.13436808101832867, 0.12519800662994385, 0.123116185516119, 0.1309729245491326, 0.1376148821786046, 0.1341420347802341, 0.13448656555265187, 0.1339367624372244, 0.13586178664118054, 0.12855962086468936, 0.1369071857072413, 0.11753147561103106, 0.12809130623936654, 0.12557917702943086, 0.11943293847143649, 0.12515457328408958, 0.12728990111500027, 0.13397716358304024, 0.12868229215964677, 0.11941384682431817, 0.11893033962696792, 0.12568340227007865, 0.12326915245503187, 0.12113203071057796, 0.12549186740070584, 0.11868578409776093, 0.12105928119271994, 0.11566903917118906, 0.13328391667455436, 0.11987697249278426, 0.12342339493334292, 0.1079407430253923, 0.12265891935676337, 0.12320793457329274, 0.11654282025992871, 0.11865598382428288, 0.10526340343058109, 0.11845450084656477, 0.10028421049937605, 0.12269382420927287, 0.11074006259441375, 0.12475852239876986, 0.10793303567916154, 0.11746255140751599, 0.1059438451193273, 0.11190716437995434, 0.11062479028478264, 0.10328551679849625, 0.10862236451357603, 0.10834651878103613, 0.10798016814514995, 0.12138635236769915, 0.10280404891818762, 0.10738010592758655, 0.11014921925961971, 0.10262499870732428, 0.1127885352820158, 0.1084043463692069, 0.11363371666520833, 0.09849513666704297, 0.11494428645819427, 0.1072737943381071, 0.11284305099397898, 0.11668933425098657, 0.10421246644109487, 0.10559121379628778, 0.10260188793763518, 0.1167614151723683, 0.10362539030611514, 0.10358442552387714, 0.11304018506780267, 0.10094264503568412, 0.10617906954139471, 0.09732023188844324, 0.11039449814707042, 0.10092282043769955, 0.09998001465573907, 0.09629210252314806, 0.10883712433278561, 0.1002669676207006, 0.10924438731744886, 0.10080672856420278, 0.10328559260815381, 0.09394418885931372, 0.09894522298127413, 0.10604623518884182, 0.09840921722352505, 0.10308243650943041, 0.09954553060233592, 0.10848047807812691, 0.09433280574157835, 0.099790408462286, 0.10587667413055897, 0.09541680188849569, 0.0979749376885593, 0.10260893628001214, 0.08918574647977948, 0.10094544338062406, 0.11005474561825396, 0.10722850793972612, 0.08460940960794687, 0.09349561864510178, 0.09124004598706961, 0.08381588719785213, 0.09343094788491726, 0.0977415569126606, 0.10456167552620173, 0.0938784965313971, 0.10268534636124968, 0.09708491284400225, 0.09900835640728473, 0.08540428495034576, 0.09938862500712276, 0.09105881350114942, 0.09396621230989693, 0.09713430004194379, 0.0984312362037599, 0.08857856765389442, 0.09404867412522436, 0.10138696022331714, 0.09241722552105786, 0.1003391501493752, 0.10469914684072137, 0.0993484765291214, 0.09598653027787804, 0.09555927012115717, 0.0892085094936192, 0.09547511283308267, 0.0892156890593469, 0.09315892467275262, 0.1042184529826045, 0.09560475219041109, 0.0903564958833158, 0.09197184192016722, 0.09476884892210363, 0.08311038231477141, 0.08894657073542475, 0.08422401966527104, 0.09407717538997531, 0.09540218142792584, 0.08921353844925761, 0.1030795549042523, 0.09430864956229926, 0.09206933975219728, 0.09172412138432265, 0.09154842151328921, 0.09928245656192303, 0.0912778502330184, 0.09283509124070405, 0.0932917564176023, 0.08635032689198852, 0.08784064436331392, 0.09379163151606917, 0.08683513551950454, 0.09528138106688858, 0.09664764301851392, 0.09494654107838868, 0.0895667347125709, 0.09750059051439167, 0.08564142426475882, 0.09049554364755749, 0.09918024586513638, 0.08449028395116329, 0.10530179487541318, 0.08336807284504175, 0.0988114564679563, 0.08077013958245516, 0.09360393127426506, 0.08453251142054796, 0.09624708825722336, 0.09508100263774395, 0.08258691681548953, 0.08761314265429973, 0.09181742714717984, 0.08390578655526042, 0.087473354768008, 0.09335813112556934]
2025-11-15 22:58:26 - fedls - INFO - loss data:
2025-11-15 22:58:26 - fedls - INFO - [10.883569985628128, 0.5328014515340328, 0.2085240211337805, 0.18602826483547685, 0.17483606114983558, 0.16665759533643723, 0.17331830263137818, 0.1588760819286108, 0.15231069158762695, 0.15382186956703664, 0.14527268204838037, 0.13674556827172638, 0.14807718563824893, 0.1405454555526376, 0.15113803632557393, 0.14034268707036973, 0.14021160583943126, 0.15341947823762891, 0.13885831832885742, 0.15254126843065025, 0.13151511158794166, 0.13372481986880302, 0.13272937741130592, 0.1345264165662229, 0.1303461451083422, 0.13619710691273212, 0.13084521014243364, 0.1341274382546544, 0.12664297483861447, 0.12110446160659194, 0.13065946456044913, 0.1321294829249382, 0.12638471173122526, 0.12972736302763221, 0.11555632585659623, 0.12149586305022239, 0.12431236514821649, 0.11707434663549066, 0.11548006776720285, 0.12976073287427425, 0.11621259711682796, 0.1205396275036037, 0.11692762421444058, 0.12018540557473897, 0.11448217388242483, 0.11759952548891306, 0.11567490575835108, 0.11139825228601694, 0.11180668026208879, 0.1188037557527423, 0.11888804556801916, 0.11577074453234673, 0.11873555183410645, 0.10779226757586002, 0.11089987428858877, 0.10875534294173121, 0.11007263557985425, 0.11190117858350276, 0.10891718426719307, 0.10370517782866955, 0.09729078719392419, 0.11818241933360696, 0.10015771090984343, 0.10115905627608299, 0.09706165753304959, 0.10127833550795912, 0.11060373596847058, 0.11704116817563773, 0.09435621136799455, 0.10222558071836829, 0.10129021545872091, 0.09391849702224135, 0.09127280311658978, 0.10760632306337356, 0.08830124586820602, 0.10109003018587828, 0.0813549085520208, 0.0961346453987062, 0.10226387456059455, 0.09712749626487494, 0.08838563030585647, 0.09790042843669652, 0.09831448895856738, 0.08718326902016998, 0.09636998595669866, 0.09885048288851978, 0.0961974554695189, 0.0961751970462501, 0.0888391857035458, 0.0925231414847076, 0.09335618773475289, 0.08018392780795694, 0.09033843893557787, 0.0788886655587703, 0.08341064592823386, 0.08970356695353984, 0.09502861620858312, 0.08641963629052044, 0.09724256461486219, 0.08935491368174553, 0.08302954202517868, 0.09287079125642776, 0.07344639739021659, 0.08890747260302306, 0.08797795968130231, 0.07775860680267214, 0.0906095732934773, 0.09201575871556997, 0.08575158026069403, 0.10050078397616743, 0.08601325945928692, 0.08278010133653879, 0.07867690548300743, 0.07775534493848682, 0.08613857626914978, 0.09548214692622423, 0.07509691594168544, 0.07499274825677277, 0.0784567629918456, 0.09430620390921832, 0.08289512507617475, 0.08088596547022461, 0.08179032476618886, 0.0777772419154644, 0.0879592165350914, 0.08666199678555131, 0.07387738265097141, 0.09025719882920384, 0.06776022869162261, 0.08201595614664256, 0.07338162278756499, 0.07303895708173513, 0.09018381321802735, 0.07147258492186664, 0.08821000987663866, 0.0773115498945117, 0.08331025494262576, 0.08304509595036508, 0.08012278517708182, 0.07596454150043427, 0.08697205553762616, 0.08453411958180368, 0.08015092452988029, 0.07652470720931887, 0.07674820651300251, 0.07530492842197417, 0.06822929135523736, 0.07586500439792872, 0.06930286148563028, 0.07775891623459756, 0.07839337876066566, 0.07414200901985168, 0.08020687997341155, 0.07368131764233113, 0.06757023087702692, 0.08281039893627168, 0.08127038115635515, 0.08443024386651815, 0.07150524845346809, 0.07284629857167602, 0.07485641157254577, 0.07946713473647833, 0.0695924905128777, 0.07712045148946345, 0.06873378409072757, 0.06677976869978011, 0.0768348273821175, 0.08222034331411124, 0.07828851966187358, 0.07140666404739023, 0.06754427519626915, 0.07297507869079708, 0.06772608114406467, 0.07763029783964157, 0.06007658806629479, 0.07122714994475246, 0.07199285081587731, 0.07239981917664409, 0.0681083545088768, 0.06306061781942844, 0.06904126517474651, 0.062007609847933055, 0.07265952304005623, 0.06641207076609135, 0.06897774315439165, 0.078430884052068, 0.0709566489327699, 0.06999987969174981, 0.07445466332137585, 0.058613756252452735, 0.06194269708357751, 0.07680585123598577, 0.06374833476729691, 0.07778711384162307, 0.07940826835110784, 0.07073902310803533, 0.06358661153353751, 0.07902387753129006, 0.0699946353211999, 0.07212958745658399]
2025-11-16 08:12:00 - fedls - INFO - loss data:
2025-11-16 08:12:00 - fedls - INFO - [10.883569985628128, 0.5328014515340328, 0.2085240211337805, 0.18602826483547685, 0.17483606114983558, 0.16665759533643723, 0.17331830263137818, 0.1588760819286108, 0.15231069158762695, 0.15382186956703664, 0.14527268204838037, 0.13674556827172638, 0.14807718563824893, 0.1405454555526376, 0.15113803632557393, 0.14034268707036973, 0.14021160583943126, 0.15341947823762891, 0.13885831832885742, 0.15254126843065025, 0.13156798984855414, 0.13382124360650777, 0.13277799813076854, 0.1346127430908382, 0.13036148827522992, 0.13620935752987862, 0.13089265562593938, 0.13419910008087754, 0.1267120584845543, 0.12112522274255752, 0.13069881778210402, 0.132196032255888, 0.126277329120785, 0.1297518279403448, 0.11549872606992721, 0.12140798438340425, 0.12439783858135342, 0.11702519608661532, 0.11540751997381449, 0.12962795365601779, 0.11621507490053773, 0.12051127618178725, 0.11693479036912321, 0.1201098395511508, 0.11447950936853886, 0.1175196584314108, 0.1157116479240358, 0.11135790776461363, 0.11185911148786545, 0.1186765756458044, 0.11885078139603138, 0.11576685737818479, 0.11856844844296574, 0.107697899825871, 0.11089798929169775, 0.10868058744817971, 0.11001088107004761, 0.11171457991003991, 0.1087529769167304, 0.10357747534289956, 0.0971362402662635, 0.11806917907670139, 0.10011683711782099, 0.10096751628443598, 0.09683352550491692, 0.10103784734383225, 0.11055193757638335, 0.1170115450397134, 0.09413962755352259, 0.1021355152130127, 0.10112834125757217, 0.09368763444945216, 0.09103808784857392, 0.1075798618607223, 0.08798604710027576, 0.10102177215740085, 0.08106886958703399, 0.0959913894534111, 0.10212039640173315, 0.09702891167253255, 0.08815224291756749, 0.09780333051458001, 0.09812804516404867, 0.08690539309754967, 0.09618743644095956, 0.09871144331991673, 0.09600262083113192, 0.09591332357376814, 0.0885975576005876, 0.0922097161412239, 0.09317368157207966, 0.07991540804505348, 0.09015403566882015, 0.07854070188477635, 0.0830880175344646, 0.08948624059557915, 0.09475418692454696, 0.08601862387731671, 0.09705626396462322, 0.08909518318250775, 0.08284082990139723, 0.09268303550779819, 0.07304816544055939, 0.08871410340070725, 0.087629718426615, 0.07747873654589058, 0.09024793663993477, 0.09169596275314688, 0.08529987931251526, 0.10028946781530976, 0.08566575525328517, 0.08243466429412366, 0.07828765185549855, 0.07735615074634553, 0.08577265543863177, 0.09518977236002683, 0.074588902015239, 0.0744416824541986, 0.07796732084825635, 0.09407745981588961, 0.08254218073561786, 0.0805598977021873, 0.08138747382909059, 0.07732900846749544, 0.08741893758997321, 0.08625007513910532, 0.07334049907512963, 0.08974378891289234, 0.06720214863307775, 0.08153877924196423, 0.07284201327711343, 0.0726256090682, 0.08997270092368126, 0.07077167378738522, 0.08788504218682647, 0.07668616380542517, 0.08264263756573201, 0.08246632218360901, 0.07941235806792973, 0.07541749738156794, 0.08642611224204302, 0.08406687467359006, 0.07953698337078094, 0.0758500223979354, 0.07633781461045146, 0.07464797720313072, 0.06753232944756746, 0.07528091366402805, 0.06845980305224657, 0.07692867373116313, 0.07768653212115169, 0.0735165354795754, 0.07951596695929766, 0.07290614065714181, 0.06688994276337326, 0.08223115652799606, 0.08055108208209276, 0.08367959414608778, 0.0708182214293629, 0.072099091950804, 0.07425900278612971, 0.07877194480970502, 0.06878422107547522, 0.07630832605063914, 0.06799962990917266, 0.06583859464153648, 0.0761435034684837, 0.08142728321254253, 0.07760543189942837, 0.07055732049047947, 0.06692506722174585, 0.07229568399488925, 0.06691383072175086, 0.07682892521843314, 0.05923575679771602, 0.07037186799570919, 0.07110280287452042, 0.07143314145505428, 0.06730355373583735, 0.06221923744305968, 0.06815368798561394, 0.06115234503522515, 0.0717806329485029, 0.06535906866192817, 0.06813362897373736, 0.07761376909911633, 0.07019713795743883, 0.06913136215880514, 0.07348608979955315, 0.057690281653776765, 0.06103675705380737, 0.07596012442372739, 0.06282979273237288, 0.07688794252462686, 0.07864218745380641, 0.06998989284038544, 0.06262020198628307, 0.0781510580331087, 0.06912289913743735, 0.07115986510179936]
2025-11-17 13:22:54 - fedls - INFO - loss data:
2025-11-17 13:22:54 - fedls - INFO - [10.45775671005249, 0.5119211491197349, 0.21667457446455957, 0.18599962759763, 0.1701185941696167, 0.1635835997760296, 0.16048862636089326, 0.1530776355415583, 0.1595948154106736, 0.1476845720782876, 0.15116324517875912, 0.14728701151907445, 0.15746776219457387, 0.15109358839690684, 0.14532740376889708, 0.14952848106622696, 0.13506905026733873, 0.1480245441198349, 0.1351782951503992, 0.14522045627236368, 0.1347970345057547, 0.14037256520241498, 0.1404067685827613, 0.13084596935659648, 0.1230785465799272, 0.11488443482667207, 0.1259136527776718, 0.134708140976727, 0.13399556912481786, 0.12725862860679626, 0.12519351821392774, 0.11551550291478634, 0.11902267085388303, 0.12597615998238326, 0.10605879509821534, 0.13579746037721635, 0.1367038121446967, 0.11010504616424441, 0.11904973499476909, 0.12370780594646931, 0.12428413052111864, 0.1132861872203648, 0.10955488365143537, 0.10861080596223474, 0.11773321088403463, 0.12477910164743662, 0.12099787238985299, 0.12025731345638632, 0.11146506313234567, 0.11664553508162498, 0.10558953452855349, 0.11898543527349831, 0.12006196808069944, 0.11153136817738414, 0.1136179088614881, 0.11359966890886425, 0.11950641553848981, 0.11980993803590537, 0.1053551652468741, 0.10222569946199656, 0.11870853072032332, 0.10058089178055525, 0.12113418392837047, 0.10757020013406873, 0.12069106381386518, 0.10651174383237957, 0.1057317397557199, 0.1008005159907043, 0.10784037066623568, 0.10396676566451787, 0.09665837660431861, 0.10926333982497453, 0.09409675635397434, 0.09249273245222867, 0.10549110239371656, 0.09098338652402163, 0.09512008149176836, 0.0924445983953774, 0.09472934836521746, 0.1043340533040464, 0.0828510438092053, 0.09378971615806223, 0.0890995867550373, 0.09809227110818028, 0.10405499693006277, 0.10586933568120002, 0.0964123065583408, 0.09259562473744154, 0.09612502055242658, 0.09026315677911043, 0.09808530611917377, 0.09305159589275719, 0.09296073373407125, 0.09808457540348173, 0.09077729638665916, 0.09213114175945519, 0.0876091355457902, 0.09211673839017748, 0.08457142664119602, 0.08246391760185362, 0.07997412150725722, 0.08917425004765392, 0.07696701856330038, 0.08529457980766893, 0.09719724161550403, 0.09758566450327635, 0.0764222264289856, 0.07802949286997318, 0.07574359206482767, 0.08596166744828224, 0.08451669802889228, 0.08866197485476732, 0.09234055411070585, 0.07760871937498451, 0.08563397210091353, 0.08025863897055388, 0.09114789934828878, 0.07887742705643178, 0.08792382329702378, 0.07381635783240198, 0.08097982704639434, 0.10121050886809826, 0.08911022683605552, 0.06726283864118159, 0.069776273611933, 0.080354181304574, 0.068964081723243, 0.06375942900776863, 0.08226257581263781, 0.08060767035931349, 0.07890547942370177, 0.08162242323160171, 0.09245198545977473, 0.07437240416184068, 0.06858152914792298, 0.0705769863910973, 0.08194394353777171, 0.08100051460787654, 0.08252038788050413, 0.07515594204887747, 0.07836649222299456, 0.07555475677363574, 0.08976905588060617, 0.07718040002509952, 0.07643353035673499, 0.08872271915897727, 0.08308382565155625, 0.07606947692111135, 0.08320518555119634, 0.07732923021540045, 0.08100737351924181, 0.0641348707024008, 0.07204963760450483, 0.08230537371709942, 0.07538076695054768, 0.07401228956878185, 0.07646746719256044, 0.061831706669181585, 0.06783570079132914, 0.056803640071302654, 0.07199118346907199, 0.06980110881850124, 0.08543104119598866, 0.06971181482076645, 0.0801220728084445, 0.07775348494760692, 0.061282165721058844, 0.06537076160311699, 0.06708184462040662, 0.06663247565738856, 0.07093337867408991, 0.07108817351981997, 0.07054000915959477, 0.06322010206058622, 0.06841501723974944, 0.07733982261270285, 0.07171802520751953, 0.08014161083847285, 0.0829485934227705, 0.07491787858307361, 0.06894514635205269, 0.08157748691737651, 0.06836540913209319, 0.07591108148917555, 0.08464262057095766, 0.06283430689945818, 0.07714801551774145, 0.06993996882811189, 0.07777720019221307, 0.05879621603526175, 0.08152402965351939, 0.066867446154356, 0.07095602480694652, 0.07387824216857553, 0.06443474977277219, 0.06786342468112708, 0.07624944616109133, 0.07112156683579088, 0.07055249996483326, 0.0782715811394155]
2025-11-17 15:22:23 - fedls - INFO - Namespace(task='sft', fed_alg='fedls', dataset_name='meta-math/MetaMathQA', model_name='huggyllama/llama-7b', split_strategy='iid', alpha=0.5, num_clients=20, num_clients_per_round=2, batch_size=8, max_steps=20, gradient_accumulation_steps=1, lr=5e-05, epochs=1, num_rounds=200, seed=2025, log_file='./log/log.txt', load_in_8bit=False, load_in_4bit=False, use_peft=True, dataset_sample=10000, peft_lora_r=32, peft_lora_alpha=64, seq_len=512, template='alpaca')
2025-11-17 18:12:11 - fedls - INFO - loss data:
2025-11-17 18:12:11 - fedls - INFO - [10.45775671005249, 0.5119211491197349, 0.21667457446455957, 0.18599962759763, 0.1701185941696167, 0.1635835997760296, 0.16048862636089326, 0.1530776355415583, 0.1595948154106736, 0.1476989617571235, 0.15120923966169358, 0.14729831088334322, 0.15747882258147, 0.15109670255333185, 0.1453674640506506, 0.14943177737295626, 0.13504935782402755, 0.14798919279128314, 0.1352504061535001, 0.14517824109643698, 0.1345367199741304, 0.14046193677932023, 0.140623833052814, 0.13083285931497812, 0.12317601079121232, 0.11513320691883563, 0.12592557929456233, 0.13484456334263087, 0.1340680314227939, 0.12726660426706077, 0.12527636364102362, 0.11540863141417504, 0.11889031305909156, 0.12595570236444473, 0.1062077977694571, 0.13587846625596284, 0.13667317628860473, 0.11018232041969896, 0.1190307904034853, 0.12380242282524706, 0.12428988572210073, 0.11340607106685638, 0.10966235511004924, 0.1086786575615406, 0.11781456172466279, 0.12475517932325601, 0.12080137738958001, 0.12030610861256719, 0.11161486925557257, 0.11675027245655656, 0.10568621279671789, 0.11907649915665389, 0.12006204463541507, 0.11170400036498904, 0.11386611070483924, 0.11373742837458849, 0.11961234342306852, 0.11993099823594093, 0.10550838541239499, 0.10243861414492131, 0.11869836943224071, 0.10076912082731723, 0.12145584691315889, 0.10780211333185434, 0.12061665058135987, 0.10628056023269891, 0.1058232681825757, 0.10086853336542845, 0.10789082469418645, 0.10405268287286162, 0.09670249102637171, 0.10931577021256089, 0.09422711674124003, 0.09246762245893478, 0.10561874927952886, 0.09102668575942516, 0.09523335499688984, 0.09242667676880956, 0.09458440635353327, 0.10436404412612318, 0.08264274913817644, 0.09386640135198832, 0.08924597529694438, 0.09821060579270124, 0.10417644856497646, 0.10585239604115487, 0.09645234923809767, 0.09263580553233623, 0.09625242752954363, 0.09035429935902356, 0.0981101892888546, 0.0928701525554061, 0.09298505121842027, 0.09821621552109719, 0.09096032679080962, 0.09215872902423143, 0.08750430401414633, 0.09209313243627548, 0.08463928634300827, 0.08237037751823664, 0.0798069715499878, 0.08900151867419481, 0.07700769351795315, 0.08542234832420945, 0.0971871679648757, 0.0976142542436719, 0.07646457413211465, 0.07815928952768444, 0.0759059052914381, 0.08594766734167933, 0.08454953813925385, 0.08875509677454829, 0.09241729248315096, 0.07773349592462182, 0.08575707413256169, 0.08028643969446421, 0.0912123098038137, 0.07895836243405938, 0.08795429589226841, 0.07390419133007525, 0.08117849789559842, 0.10129514280706645, 0.08887010496109723, 0.06718195076100528, 0.06960096177645028, 0.08026505140587686, 0.06884920657612384, 0.06375212739221753, 0.08230868233367801, 0.08061552746221423, 0.07892690589651466, 0.08168573258444667, 0.09237334253266455, 0.07433682046830654, 0.06862288466654717, 0.07071451963856816, 0.0819457620382309, 0.08077376345172524, 0.08248569900169969, 0.07505179913714527, 0.07844621408730745, 0.07562761139124632, 0.08982771597802638, 0.07731757964938879, 0.07646446162834764, 0.08872610647231341, 0.0831854697316885, 0.07607485158368946, 0.08323944751173257, 0.07740012016147375, 0.0810070874169469, 0.06411752770654858, 0.07211106391623616, 0.08225436313077808, 0.07545385006815195, 0.07394401608034967, 0.07643747320398689, 0.061711696162819865, 0.06777343731373549, 0.056772418320178986, 0.07202287474647165, 0.06976356515660882, 0.085477408580482, 0.06981971673667431, 0.08018443621695043, 0.07777224327437579, 0.06137649714946747, 0.06546057788655163, 0.06716246316209434, 0.06664179814979435, 0.07098087137565016, 0.07109736166894436, 0.07057510670274497, 0.06333961235359312, 0.06844540559686721, 0.07756057949736714, 0.07179022422060372, 0.0801883812993765, 0.08297155285254121, 0.0748605903238058, 0.06895922785624861, 0.08154803430661559, 0.06832774681970477, 0.07595838056877255, 0.0846688468940556, 0.06302002742886544, 0.07716535590589046, 0.06996227670460939, 0.07773696118965745, 0.05893608434125781, 0.08158156611025333, 0.06682466380298138, 0.07099352134391665, 0.07395188212394714, 0.06446267049759627, 0.06787666175514459, 0.0762422289699316, 0.07125495560467243, 0.07053669886663556, 0.07829362200573087]
2025-11-18 04:38:38 - fedls - INFO - Namespace(task='sft', fed_alg='fedls', dataset_name='meta-math/MetaMathQA', model_name='huggyllama/llama-7b', split_strategy='iid', alpha=0.5, num_clients=20, num_clients_per_round=2, batch_size=8, max_steps=20, gradient_accumulation_steps=1, lr=5e-05, epochs=1, num_rounds=200, seed=2026, log_file='./log/log.txt', load_in_8bit=False, load_in_4bit=False, use_peft=True, dataset_sample=10000, peft_lora_r=32, peft_lora_alpha=64, seq_len=512, template='alpaca')
2025-11-18 07:11:27 - fedls - INFO - loss data:
2025-11-18 07:11:27 - fedls - INFO - [10.611370366811752, 0.5628950744867325, 0.2062844019383192, 0.18045308887958528, 0.17145378421992064, 0.16720628999173642, 0.16021456476300955, 0.16260015238076447, 0.15757729429751635, 0.16240352503955363, 0.1514910697937012, 0.14997176248580218, 0.13902380112558604, 0.14972117487341166, 0.14789007622748612, 0.14489111565053464, 0.1468590058386326, 0.15141847543418407, 0.15309549905359746, 0.12947803549468517, 0.13101787995547057, 0.1433869121596217, 0.14211987238377333, 0.1346538331359625, 0.13124484661966562, 0.12080795932561159, 0.13666435927152634, 0.12452306542545558, 0.13280519675463437, 0.12388805206865072, 0.11775895729660987, 0.11865374222397804, 0.11961653316393495, 0.12272202614694834, 0.1311279447749257, 0.12141724973917006, 0.1134079733863473, 0.11967221982777118, 0.1071070034056902, 0.1251373028382659, 0.11130993799306452, 0.12511196387931706, 0.12380315838381648, 0.11248614126816392, 0.12221603253856302, 0.1172488048672676, 0.1128394384868443, 0.12134137582033873, 0.10358586432412267, 0.10821885941550136, 0.0957980377599597, 0.11521913837641479, 0.12043366301804781, 0.11285703917965292, 0.11298672994598746, 0.11644701622426509, 0.10747566130012273, 0.10743693746626376, 0.11285493094474076, 0.10578770581632853, 0.10602774601429701, 0.11375187402591108, 0.11329282745718956, 0.09844623031094671, 0.11070940811187029, 0.10611912328749895, 0.10388463046401739, 0.11104409266263246, 0.09570271847769618, 0.09600524110719562, 0.09858780922368168, 0.10461646793410181, 0.09752328936010599, 0.10272240294143557, 0.10679768659174443, 0.0986373915337026, 0.10434734439477325, 0.10492957532405853, 0.08973296806216241, 0.08493984434753657, 0.09329029750078915, 0.08012814181856812, 0.10098689422011375, 0.09578850632533431, 0.09455911060795189, 0.08620070926845073, 0.08236867031082512, 0.07765900110825896, 0.08190718847326935, 0.08101776847615838, 0.07422877755016088, 0.08871289845556021, 0.07652985900640488, 0.08073006235063077, 0.10631156601011753, 0.09036106746643782, 0.09824407976120711, 0.07108624782413245, 0.08869211366400123, 0.09890867564827203, 0.0946620631031692, 0.09193498790264129, 0.0757703254930675, 0.09438964147120715, 0.08659452013671398, 0.10022478438913822, 0.08218558132648468, 0.07216108180582523, 0.07474472988396882, 0.07955405628308654, 0.09078283896669745, 0.07544181346893311, 0.08057135352864861, 0.10323546268045902, 0.0847798040136695, 0.07962980745360254, 0.06201213877648115, 0.09786643385887146, 0.09120391644537448, 0.07461695848032832, 0.09011338837444782, 0.09012457951903344, 0.07282243063673377, 0.08043676922097802, 0.08201851584017276, 0.08359703971073032, 0.08566543981432914, 0.08909771917387843, 0.06333518046885729, 0.0940523416735232, 0.10110183097422124, 0.08178548505529762, 0.08152049444615841, 0.08041477715596557, 0.07024929467588664, 0.07054494637995959, 0.08597512412816286, 0.06510766055434941, 0.08597290278412402, 0.07671273676678539, 0.08249126439914108, 0.08496270906180142, 0.06754495855420828, 0.07626920798793435, 0.07834663111716508, 0.07391481241211295, 0.06646318985149265, 0.07322548562660813, 0.07960387226194143, 0.07815375709906221, 0.07774897702038289, 0.08274286487139762, 0.07302326369099318, 0.07570594400167466, 0.0666186009068042, 0.0784618784673512, 0.08335188645869493, 0.08582080788910389, 0.07660779692232608, 0.07298044785857201, 0.06123123774304986, 0.0783821852877736, 0.06698955497704447, 0.06842062445357441, 0.06601573610678316, 0.07618426699191333, 0.07719399407505989, 0.0753641958348453, 0.07984814681112766, 0.08498307960107923, 0.0827129407785833, 0.08358097895979881, 0.08519297149032354, 0.07505593402311206, 0.07598954960703849, 0.06745499381795525, 0.06449587820097805, 0.06754163475707173, 0.07499327519908547, 0.07521190303377806, 0.06398395886644721, 0.05535485278815031, 0.08094167234376073, 0.07053039716556668, 0.05666937944479287, 0.07941181045025586, 0.07640429441817105, 0.06655231555923818, 0.06432833354920148, 0.0737985725980252, 0.08955122493207454, 0.06992219584062695, 0.07223212877288461, 0.07685893112793565, 0.061854988895356657, 0.07674624044448138, 0.05646169926039875, 0.07986702769994736, 0.07003562189638615, 0.06598252807743847]
2025-11-18 07:57:41 - fedls - INFO - Namespace(task='sft', fed_alg='fedls', dataset_name='meta-math/MetaMathQA', model_name='huggyllama/llama-7b', split_strategy='iid', alpha=0.5, num_clients=20, num_clients_per_round=2, batch_size=8, max_steps=20, gradient_accumulation_steps=1, lr=5e-05, epochs=1, num_rounds=200, seed=2026, log_file='./log/log.txt', load_in_8bit=False, load_in_4bit=False, use_peft=True, dataset_sample=10000, peft_lora_r=32, peft_lora_alpha=64, seq_len=512, template='alpaca')
2025-11-18 10:32:45 - fedls - INFO - loss data:
2025-11-18 10:32:45 - fedls - INFO - [10.611370366811752, 0.5628950744867325, 0.2062844019383192, 0.18045308887958528, 0.17145378421992064, 0.16720628999173642, 0.16021456476300955, 0.16260015238076447, 0.15757729429751635, 0.16240352503955363, 0.1514910697937012, 0.14997176248580218, 0.13902380112558604, 0.14972117487341166, 0.14789007622748612, 0.14489111565053464, 0.1468590058386326, 0.15141847543418407, 0.15309549905359746, 0.12947803549468517, 0.13128023725003002, 0.1433006465435028, 0.14202116578817367, 0.1345907013863325, 0.13135910546407104, 0.12080355118960143, 0.13692259155213832, 0.12443717289716005, 0.13272258676588536, 0.12387435203418136, 0.11763531900942326, 0.1186143035069108, 0.11964498171582819, 0.12264574710279702, 0.13107284577563405, 0.12157886140048504, 0.11317222034558655, 0.11951598105952144, 0.10702021028846502, 0.1250964706763625, 0.11118618370965122, 0.12494198577478527, 0.12376623339951039, 0.11259917691349983, 0.1221027595922351, 0.11718600578606128, 0.11261234739795327, 0.12122489959001541, 0.10368645619601011, 0.10807772707194091, 0.09602556880563498, 0.11507010208442808, 0.1204127149656415, 0.1126996980048716, 0.11312110144644975, 0.11626329217106104, 0.10726748211309314, 0.10754216937348246, 0.11271258797496557, 0.10590807655826211, 0.10591020556166768, 0.11391185699030756, 0.11338275345042348, 0.09824343584477901, 0.11039119055494666, 0.10587161798030138, 0.10377466399222612, 0.11099091023206711, 0.09556892160326241, 0.0960414913482964, 0.09851547554135323, 0.10455048456788063, 0.09733963506296278, 0.10285289203748108, 0.10672552334144711, 0.09856436764821411, 0.10422494960948825, 0.10501906145364046, 0.08962308019399642, 0.08472597943618894, 0.09286983748897909, 0.08012578799389303, 0.10069870669394732, 0.09559257235378027, 0.09421921381726861, 0.086220917198807, 0.08210411639884115, 0.07733785333111882, 0.08155320971272886, 0.08076948272064328, 0.07418324206955731, 0.0884280021302402, 0.07607099870219827, 0.08032212750986219, 0.10623037540353836, 0.09016268802806734, 0.09794934699311852, 0.07082018812652677, 0.08848770265467465, 0.09884509649127722, 0.09457418695092201, 0.09184003882110119, 0.07547690384089947, 0.09425889523699879, 0.08648760430514812, 0.10010491413995623, 0.08187264055013657, 0.07188498936593532, 0.07456877925433218, 0.07897405289113521, 0.09054286582395435, 0.0751637963578105, 0.08022483475506306, 0.10309270834550262, 0.08460479155182837, 0.07918737209402024, 0.06161210089921951, 0.09748261254280806, 0.09084261460229755, 0.0744736568070948, 0.08986205318942667, 0.08983854772523045, 0.07263302989304066, 0.0800462819635868, 0.08183450661599637, 0.08320122454315423, 0.08545914012938738, 0.08890437744557858, 0.06288027800619603, 0.09369409428909421, 0.10117702772840857, 0.08159331884235144, 0.08128423066809773, 0.08041584854945541, 0.06987371696159243, 0.07021614257246256, 0.08564185770228505, 0.06469674981199205, 0.08568556071259081, 0.07634846502915024, 0.0820756065659225, 0.0847390447743237, 0.06725607733242214, 0.07600535321980714, 0.07800456546247006, 0.07363743940368295, 0.06617540144361556, 0.0728939346037805, 0.07919414890930057, 0.07778295502066612, 0.07748600235208869, 0.08253594366833568, 0.07263548192568123, 0.0752442630007863, 0.06619831034913659, 0.07825936432927846, 0.08299041446298361, 0.08558601709082722, 0.07623654119670392, 0.07271787738427521, 0.06084322268143297, 0.07799971112981438, 0.06657506208866834, 0.06803163839504123, 0.06572457300499082, 0.07605490647256374, 0.07705907514318824, 0.07542179683223367, 0.0798246618360281, 0.08466556072235107, 0.08246799977496266, 0.08324761660769582, 0.08493303125724197, 0.07484120102599263, 0.0757346204482019, 0.06699309824034572, 0.06420218120329083, 0.06747207287698984, 0.07465609088540077, 0.0749329152982682, 0.06363964811898767, 0.054963563475757836, 0.08073497898876666, 0.07020755978301167, 0.05617212099023163, 0.07898542033508421, 0.07594439210370182, 0.06619424549862743, 0.06394450357183815, 0.07342564407736063, 0.08943072706460953, 0.06945747295394539, 0.0719199244864285, 0.07650827364996075, 0.06135302511975169, 0.07636926881968975, 0.05597056089900434, 0.07965685138478876, 0.06959126726724207, 0.06563469828106464]
2025-11-18 12:27:36 - fedls - INFO - Namespace(task='sft', fed_alg='fedls', dataset_name='meta-math/MetaMathQA', model_name='huggyllama/llama-7b', split_strategy='iid', alpha=0.5, num_clients=20, num_clients_per_round=2, batch_size=8, max_steps=20, gradient_accumulation_steps=1, lr=5e-05, epochs=1, num_rounds=200, seed=2026, log_file='./log/log.txt', load_in_8bit=False, load_in_4bit=False, use_peft=True, dataset_sample=10000, peft_lora_r=32, peft_lora_alpha=64, seq_len=512, template='alpaca')
2025-11-18 15:42:20 - fedls - INFO - loss data:
2025-11-18 15:42:20 - fedls - INFO - [10.610719007253646, 0.5625348951667547, 0.2065860453993082, 0.17996840812265874, 0.1712072040885687, 0.16707648914307355, 0.1601942706853151, 0.16256233397871256, 0.15753953121602535, 0.16239610202610494, 0.15156625304371119, 0.15000560600310564, 0.1390159297734499, 0.1497047333046794, 0.14782786928117275, 0.14487332664430141, 0.1469076009467244, 0.15140174496918918, 0.15321994554251434, 0.12950065061450006, 0.13122595325112343, 0.14339345414191484, 0.14211011864244938, 0.1347531719133258, 0.1312634711153805, 0.1209239711984992, 0.13673301385715603, 0.1246410395950079, 0.13278277730569243, 0.12401248365640641, 0.11779564041644335, 0.1188147395849228, 0.119732163567096, 0.12285646963864566, 0.13129670238122343, 0.12159078773111104, 0.1134527761489153, 0.11971913715824485, 0.10722154071554542, 0.1252147752791643, 0.11135894618928432, 0.1250325793400407, 0.12392197959125043, 0.11254178816452623, 0.12228715689852834, 0.1172827236354351, 0.11284740725532175, 0.12133691506460309, 0.10351676344871522, 0.10831509083509444, 0.09569576559588314, 0.11525225844234228, 0.12049393691122531, 0.11292832009494305, 0.11295903213322162, 0.11648562494665383, 0.10742181735113263, 0.1074250467121601, 0.11286136722192168, 0.10566748986020684, 0.10608511650934815, 0.11376247713342308, 0.11340328697115183, 0.09840384712442757, 0.11072608288377524, 0.10610566809773445, 0.10401442367583513, 0.11100939018651843, 0.09569807881489396, 0.09629631284624338, 0.09863554583862424, 0.10463457135483623, 0.0975967463105917, 0.1026441735215485, 0.1068338648416102, 0.09881096417084337, 0.10437052706256508, 0.1049604163505137, 0.08981028329581023, 0.08496869485825301, 0.09322604443877935, 0.08007720140740276, 0.10083660222589969, 0.09584193527698517, 0.09462718525901437, 0.08639975208789111, 0.08237673295661807, 0.07757556689903139, 0.08189850393682718, 0.08094780175015331, 0.07419453952461481, 0.08874720642343163, 0.07646236629225314, 0.08069685660302639, 0.10624671573750674, 0.09044784121215343, 0.09823368666693569, 0.07102588720154018, 0.08863574527204036, 0.09892471134662628, 0.09458509553223848, 0.09182777907699347, 0.07576496554538607, 0.09444323685020209, 0.08662915006279945, 0.10023031076416372, 0.08216992793604731, 0.07216871846467257, 0.07476495085284114, 0.0795020416378975, 0.09064581450074911, 0.07537430012598634, 0.08057862557470799, 0.10320795681327581, 0.08475991217419505, 0.079664093721658, 0.061820187233388425, 0.09770591566339135, 0.09117586668580771, 0.07459174618124961, 0.0901446957141161, 0.09003089778125287, 0.0727694347500801, 0.08048100508749484, 0.081922790966928, 0.08350180676206946, 0.08564301850274206, 0.08892633961513638, 0.0632638145238161, 0.09400187525898218, 0.10111578404903412, 0.08177700219675899, 0.08144049169495701, 0.08031792277470232, 0.07022427404299378, 0.07048959862440823, 0.08587138876318931, 0.06493506161496043, 0.0858286276459694, 0.0766838513314724, 0.0823723147623241, 0.08493750654160975, 0.06763714188709855, 0.07617125045508147, 0.078221916500479, 0.07385333413258195, 0.06627824576571584, 0.07313031330704689, 0.0795709291473031, 0.07822124408558011, 0.0777227994054556, 0.08267621444538235, 0.07282385830767453, 0.07544136121869087, 0.06643297849223018, 0.07841861387714744, 0.0830875881947577, 0.08564712079241872, 0.07651977138593793, 0.07294604652561248, 0.06103010745719075, 0.07822512965649367, 0.06685311174951494, 0.06820969553664327, 0.0659024010412395, 0.07613233467563987, 0.07706487765535712, 0.0755291735753417, 0.07993528023362159, 0.08490829458460211, 0.08258515493944288, 0.08357074176892637, 0.08513629976660013, 0.0750134726986289, 0.07585202651098372, 0.06736400150693952, 0.06434275535866618, 0.06760004190728068, 0.07478954340331256, 0.07524892454966903, 0.06386583279818298, 0.055241565499454734, 0.08085628123953939, 0.07041713744401931, 0.05660175629891455, 0.07937662973999977, 0.07613384830765427, 0.0664933999069035, 0.0641423724591732, 0.07364670992828906, 0.08954897439107298, 0.0697358613833785, 0.07217628331854939, 0.07665837034583092, 0.06172731439583004, 0.07668168004602194, 0.056341245071962476, 0.07982011381536722, 0.06984869362786413, 0.06587181887589394]
2025-11-19 09:24:32 - fedls - INFO - Namespace(task='sft', fed_alg='fedls', dataset_name='meta-math/MetaMathQA', model_name='huggyllama/llama-7b', split_strategy='iid', alpha=0.5, num_clients=20, num_clients_per_round=2, batch_size=8, max_steps=20, gradient_accumulation_steps=1, lr=5e-05, epochs=1, num_rounds=200, seed=2025, log_file='./log/log.txt', load_in_8bit=False, load_in_4bit=False, use_peft=True, dataset_sample=10000, peft_lora_r=32, peft_lora_alpha=64, seq_len=512, template='alpaca')
2025-11-19 12:44:38 - fedls - INFO - loss data:
2025-11-19 12:44:38 - fedls - INFO - [10.456944221258164, 0.5113412398844956, 0.21672265641391275, 0.1859903432428837, 0.17013971004635095, 0.1635469676926732, 0.16050852723419667, 0.15305140390992164, 0.15958836451172828, 0.14763785786926747, 0.1511842394247651, 0.147208802588284, 0.15753651652485134, 0.15113955810666085, 0.14537564888596535, 0.14944970328360796, 0.13506700620055198, 0.1480282586067915, 0.1351756090298295, 0.14512236192822456, 0.13474414190277456, 0.14068795442581178, 0.14085149113088846, 0.13120133094489575, 0.12333743907511235, 0.11541756764054298, 0.12615356985479592, 0.1351415619254112, 0.13433065172284842, 0.12756753265857695, 0.12548012603074313, 0.11578541267663241, 0.11929393270984293, 0.12616614773869514, 0.1065414079464972, 0.13612960269674657, 0.13699245788156986, 0.11045431224629283, 0.11942951902747154, 0.12410237342119217, 0.12464490672573447, 0.11383986929431558, 0.1099591638892889, 0.10901312315836549, 0.11816244311630725, 0.12517466880381106, 0.12110534012317657, 0.12081377701833844, 0.11201558979228138, 0.1171043730340898, 0.10604620398953557, 0.1194304502569139, 0.12046904750168325, 0.11197569565847515, 0.11426945412531495, 0.11404769020155073, 0.11984124630689622, 0.1202850304543972, 0.10580071676522493, 0.1026891021989286, 0.118959226552397, 0.10094508649781346, 0.12162460219115018, 0.10787101751193404, 0.12097067553550006, 0.1065676772966981, 0.10612967871129513, 0.1012739640660584, 0.10820641415193677, 0.10434597246348859, 0.09709346285089851, 0.10970569485798479, 0.09445590246468782, 0.09283363251015544, 0.10578059265390038, 0.09146405616775155, 0.09558361144736409, 0.0927734668366611, 0.09481498626992106, 0.10466620754450559, 0.08307206295430661, 0.09423418436199427, 0.08949243826791645, 0.09851422486826777, 0.1045115141198039, 0.10618060054257512, 0.09662579838186502, 0.09302890254184604, 0.09653489841148258, 0.09072275869548321, 0.09844368789345026, 0.09330815486609936, 0.09329426577314734, 0.09852446764707565, 0.09120713993906975, 0.09254354899749159, 0.08784108441323041, 0.0924394310452044, 0.08506547091528774, 0.08268935615196824, 0.08019408509135245, 0.0893147592432797, 0.07736583268269898, 0.08574816025793552, 0.09775240859016776, 0.09800799787044526, 0.07681500259786844, 0.07871325649321079, 0.0761948898434639, 0.08617697888985276, 0.0848073477856815, 0.08907392472028733, 0.09272328428924084, 0.07804009625688195, 0.0859693879261613, 0.08074645288288593, 0.09151627952232957, 0.07917406149208546, 0.08825143752619624, 0.07415018053725361, 0.0813960281200707, 0.10145850665867329, 0.08916979394853114, 0.06754801506176591, 0.06980318604037165, 0.08071725992485881, 0.06921253069303929, 0.0640958330128342, 0.08226875448599458, 0.08089356059208512, 0.07900612540543078, 0.08192609455436468, 0.09258043318986893, 0.0745819415897131, 0.06876420257613063, 0.07088226033374667, 0.08213056493550538, 0.08110537277534605, 0.08273405293002725, 0.07527449317276477, 0.07858040407299996, 0.07564760930836201, 0.08969893883913756, 0.07743927212432027, 0.07678105868399143, 0.08888437747955322, 0.08311734171584248, 0.07635134924203157, 0.08344820067286492, 0.07762328712269664, 0.08123642774298787, 0.0640150644350797, 0.07218432780355215, 0.0823776202276349, 0.07564891269430518, 0.07417297074571252, 0.07659328803420067, 0.06185722490772605, 0.06785886054858564, 0.057059510098770264, 0.07209798432886601, 0.06972835063934327, 0.0854744459502399, 0.06984413629397751, 0.08029511542990803, 0.077877394342795, 0.06144992997869849, 0.0656085042282939, 0.06729432167485357, 0.06661184676922857, 0.07107481816783548, 0.07116134520620107, 0.07075998978689313, 0.06340937609784306, 0.06848701895214618, 0.07757328059524299, 0.07182136951014399, 0.08014878556132315, 0.08307964587584138, 0.07509497087448835, 0.06890112264081835, 0.08170285299420357, 0.06839720210991801, 0.07608482223004102, 0.0845925967209041, 0.06304324436932802, 0.07735206903889774, 0.0700859083328396, 0.07771059861406684, 0.05889714900404215, 0.08155838139355183, 0.06706873942166566, 0.07117972355335951, 0.07414114363491535, 0.0647629747632891, 0.06804715022444725, 0.0763234387151897, 0.07131287753582, 0.07069099973887205, 0.07848878232762219]
2025-11-25 04:48:12 - fedls - INFO - Namespace(task='sft', fed_alg='fedls', dataset_name='meta-math/MetaMathQA', model_name='huggyllama/llama-7b', split_strategy='iid', alpha=0.5, num_clients=20, num_clients_per_round=2, batch_size=8, max_steps=20, gradient_accumulation_steps=1, lr=5e-05, weight_decay=0.01, epochs=1, num_rounds=200, seed=42, log_file='./log/log.txt', load_in_8bit=False, load_in_4bit=False, use_peft=True, dataset_sample=20000, peft_lora_r=32, peft_lora_alpha=64, seq_len=512, template='alpaca')
2025-11-25 07:25:22 - fedls - INFO - loss data:
2025-11-25 07:25:22 - fedls - INFO - [10.572606533765793, 0.5337029047310352, 0.21335463151335715, 0.18384851031005384, 0.17489493414759635, 0.1624973235651851, 0.17378822565078736, 0.16344694327563047, 0.16107604019343852, 0.16090011447668076, 0.1558714734390378, 0.1391399048268795, 0.15219960007816552, 0.14478407502174379, 0.13348217848688365, 0.14455202566459774, 0.14739829152822495, 0.14484284725040197, 0.1443324167281389, 0.14418264236301184, 0.14286589622497559, 0.1351739836856723, 0.13833862692117693, 0.13988014329224824, 0.1467227702960372, 0.13260002695024015, 0.13605321031063794, 0.13000962100923064, 0.1278465621173382, 0.12735096774995328, 0.1336854726076126, 0.14032098539173604, 0.13338079936802388, 0.12963529881089925, 0.13174263015389442, 0.12414819449186325, 0.1291496640071273, 0.1368265703320503, 0.1231873732060194, 0.12376102413982153, 0.12765386449173094, 0.14040118018165232, 0.12504740757867694, 0.12757846424356103, 0.12962131891399623, 0.11643225029110908, 0.12368608582764865, 0.11775927431881428, 0.13138533765450122, 0.12363673243671655, 0.11943246936425567, 0.1179352428764105, 0.1168413219973445, 0.11313027627766133, 0.11175456345081329, 0.12479584105312824, 0.10700841536745428, 0.1144316284917295, 0.11976911313831806, 0.11641281768679619, 0.11870560729876162, 0.11242160284891725, 0.10708970008417965, 0.1092675181105733, 0.11800148151814938, 0.11404267549514771, 0.112655199598521, 0.11262512356042861, 0.10351461628451944, 0.11590551231056452, 0.1125845561735332, 0.10108245946466923, 0.10957718286663294, 0.11368058640509843, 0.11107691004872322, 0.11087458319962024, 0.1139351513236761, 0.11209094412624837, 0.111564511526376, 0.11426178589463235, 0.11048743892461062, 0.10945474393665791, 0.11317582000046969, 0.10105766179040074, 0.10877978149801493, 0.1096565004438162, 0.11044883085414767, 0.11281436504796147, 0.09888969082385302, 0.10480965087190271, 0.11383538423106074, 0.11435976875945925, 0.10804219078272581, 0.0943854839541018, 0.10703927939757704, 0.10936778765171766, 0.11180972382426263, 0.10037367595359684, 0.09962808135896922, 0.0965605673380196, 0.1088790868408978, 0.10632929243147374, 0.09607447534799576, 0.10685003437101841, 0.1031460122205317, 0.10753662502393127, 0.09296690132468939, 0.09483332820236684, 0.10319603914394976, 0.09164692303165795, 0.09580797487869859, 0.1033741869032383, 0.09044969752430916, 0.10948712872341276, 0.09632223276421428, 0.11092917313799261, 0.10474839219823479, 0.10851292731240392, 0.0965013362467289, 0.10407332032918931, 0.09842101596295832, 0.09827097645029426, 0.10097886445000767, 0.0963768838904798, 0.09744038973003627, 0.09336958630010486, 0.09312902297824621, 0.0998053515329957, 0.09316851375624538, 0.094137417152524, 0.09745396059006453, 0.09575019106268882, 0.09993056496605277, 0.09451885046437383, 0.09221794847398997, 0.09349650759249925, 0.10402997229248286, 0.09478576462715864, 0.09058940568938852, 0.09387640673667193, 0.09062977666035293, 0.09790642084553838, 0.09959574788808823, 0.0922289365902543, 0.10167797068133949, 0.0926804469898343, 0.1100398981012404, 0.08761351900175214, 0.10255610859021544, 0.09639831371605397, 0.09639850184321402, 0.09087508898228408, 0.09900189712643623, 0.09091227361932397, 0.099983043782413, 0.0998402876779437, 0.09159547127783299, 0.09020858090370894, 0.08819073159247637, 0.10103524941951036, 0.09362517911940813, 0.08507854454219341, 0.09506653910502791, 0.09475020859390497, 0.0938291628845036, 0.10283782668411731, 0.09214336825534702, 0.09027048079296947, 0.09261656319722533, 0.10019264398142695, 0.09276316408067942, 0.09904732843860983, 0.0914105461910367, 0.0947818391956389, 0.09106281250715256, 0.0902755143120885, 0.09370061075314878, 0.10549841802567245, 0.08940075291320682, 0.08822448309510947, 0.08664853377267717, 0.09244898669421672, 0.09933557491749526, 0.08250350300222635, 0.08572030104696751, 0.10229884255677461, 0.08581260340288283, 0.09068841971457005, 0.0972479920834303, 0.1015263176523149, 0.0915811494924128, 0.09633587626740336, 0.09318384211510419, 0.10011884048581124, 0.09108990523964167, 0.09750742577016354, 0.08723940867930652, 0.09390187403187156, 0.08810595981776714, 0.09047291036695242]
2025-11-25 07:33:08 - fedls - INFO - Namespace(task='sft', fed_alg='fedls', dataset_name='meta-math/MetaMathQA', model_name='huggyllama/llama-7b', split_strategy='iid', alpha=0.5, num_clients=20, num_clients_per_round=2, batch_size=8, max_steps=20, gradient_accumulation_steps=1, lr=5e-05, weight_decay=0.01, epochs=1, num_rounds=200, seed=123, log_file='./log/log.txt', load_in_8bit=False, load_in_4bit=False, use_peft=True, dataset_sample=20000, peft_lora_r=32, peft_lora_alpha=64, seq_len=512, template='alpaca')
2025-11-25 10:07:53 - fedls - INFO - loss data:
2025-11-25 10:07:53 - fedls - INFO - [10.652423799037933, 0.5354934372007847, 0.20442273728549482, 0.18181042708456516, 0.17093097548931838, 0.16348539777100085, 0.16607334911823274, 0.15140652675181626, 0.14836007691919806, 0.1551942041143775, 0.1470526173710823, 0.1537053592503071, 0.14376814626157283, 0.136200038716197, 0.14880313035100698, 0.13913734536617994, 0.14468958433717488, 0.1323358366265893, 0.13455424439162017, 0.1434504037722945, 0.13647664971649648, 0.126688514277339, 0.12925304509699342, 0.14171464443206788, 0.1295560931786895, 0.1304909074679017, 0.14030059818178414, 0.12482716497033834, 0.13422548305243254, 0.12900799214839936, 0.13057404719293117, 0.12961899284273387, 0.12869333047419787, 0.12657615598291158, 0.11853786408901215, 0.12630751468241214, 0.12706197816878556, 0.13483654614537954, 0.1290368029847741, 0.12963450849056246, 0.12708258675411344, 0.12094449829310179, 0.12840994633734226, 0.1282100441865623, 0.12514819353818893, 0.11544569265097379, 0.11551023945212364, 0.12465507946908473, 0.12298590186983348, 0.11935701295733453, 0.10593210179358721, 0.11740244850516318, 0.1143300285562873, 0.12106546144932509, 0.11506855515763165, 0.12402123911306262, 0.11627066880464554, 0.1266956903040409, 0.10842834813520313, 0.11025035623461008, 0.1356909038498998, 0.10956992879509925, 0.1027250831015408, 0.12114078681915999, 0.11824517138302326, 0.12088132351636886, 0.11997210551053286, 0.11252638837322593, 0.12123859906569123, 0.1159834660589695, 0.12074275873601437, 0.10740956347435712, 0.10896301157772541, 0.10202484605833889, 0.104762146435678, 0.12012562667950988, 0.10845933659002185, 0.12029683385044337, 0.11010935194790364, 0.10950934160500764, 0.10665780585259199, 0.10186423854902386, 0.09559112088754773, 0.10052892006933689, 0.10429754853248596, 0.1022695698775351, 0.1103082791902125, 0.0958422975614667, 0.09832808217033744, 0.10940944729372859, 0.09974262854084373, 0.10579224424436688, 0.11015811013057827, 0.11567326942458749, 0.1111168298870325, 0.10430832393467426, 0.10928948735818267, 0.1014767366461456, 0.11650190316140652, 0.10406908690929412, 0.1016332905739546, 0.10295546501874925, 0.12362019512802362, 0.09859445001929998, 0.10355981178581714, 0.10230561261996626, 0.08479135297238827, 0.09891414521262049, 0.10070010432973504, 0.09772230274975299, 0.09525303654372691, 0.10023970333859325, 0.09721849020570517, 0.10241895727813244, 0.10054932674393058, 0.10194899365305901, 0.102735127042979, 0.10699175009503961, 0.09298677537590265, 0.10274751102551818, 0.10002594301477075, 0.10005897171795368, 0.1138148640282452, 0.09645339632406831, 0.09309996115043759, 0.09760892614722252, 0.09908375591039659, 0.09098180616274476, 0.09512506313621998, 0.10072572063654661, 0.09213596154004336, 0.09791025025770068, 0.0952234455384314, 0.10239717774093152, 0.09924497529864311, 0.1030437213368714, 0.08724844809621572, 0.09585697278380395, 0.10075491676107048, 0.0897623410448432, 0.10166433406993747, 0.08789119031280279, 0.09817091301083565, 0.0947443837299943, 0.0951386240310967, 0.10816926779225469, 0.09209218006581069, 0.10774511341005563, 0.10612236503511667, 0.09757615132257343, 0.10121822990477085, 0.09246845925226807, 0.09903724892064929, 0.10606051627546549, 0.09488148521631956, 0.10646437052637339, 0.0890291270799935, 0.08675094423815607, 0.09362269323319197, 0.0957664167508483, 0.08252094988711178, 0.08733953526243568, 0.09042318668216467, 0.10061668651178479, 0.09130149697884918, 0.08708925414830446, 0.09929094891995191, 0.09194545224308967, 0.09421504000201822, 0.10150166023522615, 0.09711212683469056, 0.0860675185918808, 0.09058693554252387, 0.0866424348205328, 0.09102319534868002, 0.1029930729418993, 0.096868687402457, 0.08310606563463807, 0.09670847100205719, 0.08373930361121892, 0.09406084697693587, 0.1009404243901372, 0.08407891755923629, 0.10300693903118371, 0.09930059416219592, 0.09268358265981078, 0.10060050785541534, 0.09473875304684043, 0.0836951675824821, 0.09485266758129, 0.08755545234307646, 0.0987926684319973, 0.0956882462836802, 0.08655521105974912, 0.09792975643649697, 0.09348584534600377, 0.08909695101901889, 0.08979347152635456, 0.09194004517048597, 0.09154859529808163]
2025-11-29 13:13:29 - fedls - INFO - Namespace(task='sft', fed_alg='fedls', dataset_name='meta-math_MetaMathQA', model_name='huggyllama/llama-7b', split_strategy='iid', alpha=0.5, num_clients=20, num_clients_per_round=2, batch_size=8, max_steps=20, gradient_accumulation_steps=1, lr=5e-05, weight_decay=0.01, epochs=1, num_rounds=200, seed=42, log_file='./log/log.txt', load_in_8bit=False, load_in_4bit=False, use_peft=True, dataset_sample=20000, peft_lora_r=32, peft_lora_alpha=64, seq_len=512, template='alpaca')
2025-11-29 13:14:31 - fedls - INFO - Namespace(task='sft', fed_alg='fedls', dataset_name='meta-math/MetaMathQA', model_name='huggyllama/llama-7b', split_strategy='iid', alpha=0.5, num_clients=20, num_clients_per_round=2, batch_size=8, max_steps=20, gradient_accumulation_steps=1, lr=5e-05, weight_decay=0.01, epochs=1, num_rounds=200, seed=42, log_file='./log/log.txt', load_in_8bit=False, load_in_4bit=False, use_peft=True, dataset_sample=20000, peft_lora_r=32, peft_lora_alpha=64, seq_len=512, template='alpaca')
2025-11-29 15:55:03 - fedls - INFO - loss data:
2025-11-29 15:55:03 - fedls - INFO - [10.572606533765793, 0.5339297614991665, 0.21215922832489015, 0.18363630753010513, 0.1748738270252943, 0.16247816737741233, 0.17372426968067883, 0.16340956240892412, 0.16110685486346482, 0.16089992169290782, 0.1558390773832798, 0.13916616328060627, 0.15214454233646393, 0.14480566047132015, 0.1334204187616706, 0.1445465350523591, 0.14738202691078187, 0.14480751249939203, 0.1443607097491622, 0.1441322254948318, 0.14276718404144048, 0.13515265341848137, 0.1383237473666668, 0.1398835524916649, 0.14662071615457534, 0.13262682668864728, 0.13599062729626893, 0.129965940117836, 0.12783011384308338, 0.12739197984337808, 0.13369941897690296, 0.1402697203680873, 0.13332614675164223, 0.1295475885272026, 0.13173645567148923, 0.12417803369462489, 0.12922214139252902, 0.13679041862487795, 0.12324821930378677, 0.12378501538187266, 0.12768031116575002, 0.140411688759923, 0.1250466356985271, 0.1275913819670677, 0.12956344820559024, 0.11645810352638364, 0.12362649142742158, 0.11784975379705429, 0.13137162700295446, 0.12364529371261596, 0.11937226774170995, 0.11790212113410234, 0.11675852574408055, 0.11314513618126512, 0.11172762382775545, 0.12487066220492124, 0.10694716526195408, 0.11439642328768967, 0.11978042311966419, 0.11637472324073314, 0.11871857242658734, 0.11255066469311714, 0.10713193686679007, 0.10932090850546956, 0.11797148697078227, 0.11406201608479023, 0.11259939102455974, 0.11256681475788355, 0.10346657391637563, 0.11594381220638753, 0.11263096062466502, 0.10100957090035081, 0.10960830766707659, 0.1137217791751027, 0.11103717004880309, 0.11088858339935542, 0.1139419998973608, 0.11207727203145623, 0.11155806388705969, 0.1142634592950344, 0.11056797066703439, 0.10948931742459536, 0.1131964297965169, 0.10107114790007472, 0.10881982780992985, 0.1097160179167986, 0.11054740017279982, 0.11283797090873122, 0.09892104715108871, 0.1049100392498076, 0.11386369550600647, 0.11440696278586984, 0.10799371637403965, 0.09446966126561165, 0.10703559052199124, 0.10942526459693909, 0.1117981681600213, 0.10039557674899698, 0.09961477043107153, 0.09660476632416248, 0.10875994665548205, 0.10624564085155724, 0.09620538363233208, 0.10694526340812444, 0.10315473871305585, 0.10754240392707289, 0.09290617993101477, 0.09491041600704192, 0.10325358686968684, 0.09172414802014828, 0.09575261548161507, 0.103379066567868, 0.09043132467195392, 0.10961597049608826, 0.09636129681020975, 0.11091144466772676, 0.10477144867181779, 0.10861114654690027, 0.09642884209752084, 0.10408745408058168, 0.09840982230380177, 0.09820335386320948, 0.10094733536243439, 0.09639897588640452, 0.09742504572495819, 0.09337590895593166, 0.09319447912275791, 0.09987919693812727, 0.09318466046825051, 0.09412622367963194, 0.0974606721661985, 0.09573615705594421, 0.09998960224911571, 0.0944224047474563, 0.09218347975984216, 0.09350413372740149, 0.10415317695587872, 0.0947871061041951, 0.0906066725961864, 0.09394198218360543, 0.09061852637678386, 0.09796132864430546, 0.09966740971431137, 0.09228447852656245, 0.10160698546096683, 0.09265777403488755, 0.11005288893356918, 0.08766394862905144, 0.10265151867642999, 0.0964423617348075, 0.0963621118105948, 0.09092519329860807, 0.09893619772046805, 0.09094409281387925, 0.10000888165086508, 0.09974009823054075, 0.09154385589063169, 0.0901455937884748, 0.0880955472588539, 0.10099222231656313, 0.09373009502887726, 0.08496583830565214, 0.09509705984964967, 0.09462816100567578, 0.09385086325928568, 0.10288971262052654, 0.09218643913045527, 0.09017468960955739, 0.09263397036120295, 0.10033797118812798, 0.0927747493609786, 0.09906851146370173, 0.0913000850006938, 0.09482112396508455, 0.09108836054801941, 0.0902779147028923, 0.09366396265104412, 0.10551453093066812, 0.08940413184463977, 0.08825335493311287, 0.08663041610270739, 0.09248092193156482, 0.09939389117062092, 0.08253424577414989, 0.08582405364140869, 0.10227483594790102, 0.08579368088394404, 0.09075976107269526, 0.09728376409038901, 0.10156835345551371, 0.09155298909172416, 0.09634539661929012, 0.09316772585734726, 0.10023497836664319, 0.09118598513305187, 0.09757579509168864, 0.08724165298044681, 0.09390682568773628, 0.08812408726662396, 0.09056350765749813]
2025-11-29 17:01:27 - fedls - INFO - Namespace(task='sft', fed_alg='fedls', dataset_name='meta-math/MetaMathQA', model_name='huggyllama/llama-7b', split_strategy='iid', alpha=0.5, num_clients=20, num_clients_per_round=2, batch_size=8, max_steps=20, gradient_accumulation_steps=1, lr=5e-05, weight_decay=0.01, epochs=1, num_rounds=200, seed=42, log_file='./log/log.txt', load_in_8bit=False, load_in_4bit=False, use_peft=True, dataset_sample=20000, peft_lora_r=32, peft_lora_alpha=64, seq_len=512, template='alpaca')
2025-11-29 19:39:31 - fedls - INFO - loss data:
2025-11-29 19:39:31 - fedls - INFO - [10.572606533765793, 0.5339297614991665, 0.21215922832489015, 0.18363630753010513, 0.1748738270252943, 0.16247816737741233, 0.17372426968067883, 0.16340956240892412, 0.16110685486346482, 0.16089992169290782, 0.1558390773832798, 0.13916616328060627, 0.15214454233646393, 0.14480566047132015, 0.1334204187616706, 0.1445465350523591, 0.14738202691078187, 0.14480751249939203, 0.1443607097491622, 0.1441322254948318, 0.14283154960721733, 0.13523833081126213, 0.13846706561744215, 0.13996932990849018, 0.14674945455044508, 0.13258607443422077, 0.13604703564196824, 0.1299823373556137, 0.12777431346476079, 0.12732817213982345, 0.13369455020874738, 0.14023733511567116, 0.13331872262060643, 0.12950864862650632, 0.13162973299622538, 0.12416793452575803, 0.1291355835273862, 0.13661057520657777, 0.12315769754350185, 0.123627670109272, 0.12764160046353937, 0.1402751920744777, 0.1249582556076348, 0.1275291253812611, 0.12943667704239487, 0.11636347640305758, 0.12342013716697693, 0.11756968777626753, 0.1311966607347131, 0.123432650975883, 0.11924490481615066, 0.11778567088767886, 0.11668600384145975, 0.11291929706931114, 0.11157482881098986, 0.12459258325397968, 0.10678129494190217, 0.11417056964710355, 0.1195294914767146, 0.11613428685814142, 0.118521202262491, 0.11225103735923767, 0.10686257621273398, 0.1090049460530281, 0.11773241516202687, 0.11373770609498024, 0.11245543379336595, 0.11233393251895904, 0.10317626697942614, 0.11566512109711766, 0.11225737100467086, 0.10055392626672983, 0.1092741632834077, 0.11340044364333153, 0.11074119992554188, 0.11042586471885443, 0.11354733780026435, 0.11151610566303134, 0.1109096970409155, 0.11364459991455078, 0.11005969643592835, 0.10910556465387344, 0.11257258336991072, 0.10041403202340007, 0.10812066718935967, 0.10902129281312228, 0.11013358021155001, 0.11227338938042522, 0.09827131312340498, 0.10425554038956761, 0.11317953607067466, 0.11360482135787606, 0.10732051050290466, 0.0935400647111237, 0.10631364574655891, 0.10856331707909703, 0.11098206173628569, 0.09940491477027535, 0.09878901308402419, 0.09562155567109584, 0.10790306646376849, 0.10532305808737874, 0.09487851122394203, 0.10617423374205828, 0.10231842016801238, 0.10695870034396648, 0.09170302208513022, 0.09383688597008585, 0.10212856475263835, 0.09047273751348257, 0.09451732905581595, 0.10270933862775564, 0.08913360526785255, 0.10846036216244101, 0.09475790625438094, 0.10962828444316983, 0.10377205042168498, 0.10716848205775023, 0.09467678591609001, 0.10256199175491928, 0.0971315591596067, 0.0967255087569356, 0.09944361336529256, 0.09501714874058961, 0.09591540554538369, 0.09174440065398812, 0.09117713272571565, 0.09804752664640545, 0.09180709877982735, 0.09232454048469663, 0.0953784498386085, 0.09311772976070642, 0.09844005489721894, 0.09282005419954657, 0.0907538148574531, 0.09143423633649946, 0.10264284759759904, 0.09285450978204608, 0.08911518435925245, 0.09193539610132576, 0.08859793310984969, 0.0961086311377585, 0.09768770802766084, 0.0900843466632068, 0.09974213568493724, 0.09037559265270828, 0.10844080885872245, 0.08550029937177897, 0.10023061484098435, 0.09410523204132915, 0.0942831078544259, 0.08848038194701076, 0.09688312746584415, 0.08870931509882213, 0.09783942010253668, 0.0973211565054953, 0.0889874984510243, 0.08752128733322025, 0.08476061876863242, 0.09889035746455194, 0.09077534237876533, 0.08293294161558151, 0.09284909786656498, 0.09181560361757875, 0.09188947565853595, 0.1008576625958085, 0.08947599828243255, 0.08821414103731513, 0.0896571340970695, 0.09802525090053678, 0.09004116989672184, 0.0956266202032566, 0.08897262075915932, 0.09237474305555224, 0.08789370581507683, 0.0870096307247877, 0.09110226361081004, 0.10263020852580668, 0.08618571618571877, 0.08516780501231551, 0.08366218004375697, 0.08972725858911873, 0.09637680388987065, 0.07927516503259541, 0.08343334374949336, 0.09903667801991105, 0.0828179346397519, 0.08758733617141842, 0.09413442453369499, 0.09877439327538014, 0.08883924167603255, 0.09382453691214324, 0.09022401934489607, 0.09769727177917957, 0.08850171659141778, 0.09451147373765707, 0.0839962724596262, 0.09035505317151546, 0.08497400470077991, 0.0883037387393415]
2025-11-30 04:39:48 - fedls - INFO - Namespace(task='sft', fed_alg='fedls', dataset_name='meta-math/MetaMathQA', model_name='huggyllama/llama-7b', split_strategy='iid', alpha=0.5, num_clients=20, num_clients_per_round=2, batch_size=8, max_steps=20, gradient_accumulation_steps=1, lr=5e-05, weight_decay=0.01, epochs=1, num_rounds=200, seed=42, log_file='./log/log.txt', load_in_8bit=False, load_in_4bit=False, use_peft=True, dataset_sample=20000, peft_lora_r=32, peft_lora_alpha=64, seq_len=512, template='alpaca')
2025-11-30 07:14:52 - fedls - INFO - loss data:
2025-11-30 07:14:52 - fedls - INFO - [10.572606533765793, 0.5337029047310352, 0.21335463151335715, 0.18384851031005384, 0.17489493414759635, 0.1624973235651851, 0.17378822565078736, 0.16344694327563047, 0.16107604019343852, 0.16090011447668076, 0.1558714734390378, 0.1391399048268795, 0.15219960007816552, 0.14478407502174379, 0.13348217848688365, 0.14455202566459774, 0.14739829152822495, 0.14484284725040197, 0.1443324167281389, 0.14418264236301184, 0.14284963440150023, 0.13529215585440396, 0.13848121836781502, 0.13998162597417832, 0.14677342660725118, 0.13264408726245164, 0.13606615494936705, 0.12995093315839767, 0.12780769374221562, 0.12729988507926465, 0.1336869725957513, 0.14029242079705, 0.1333388317376375, 0.12959413696080446, 0.1316660141572356, 0.12409395845606923, 0.12916261386126282, 0.13671034649014474, 0.12313084993511439, 0.12368872910737991, 0.12768001426011324, 0.14040698641911148, 0.12494055796414613, 0.12755532125011088, 0.12949303397908807, 0.11638498147949576, 0.1236052166670561, 0.11756028030067683, 0.13134911209344863, 0.12344014421105384, 0.11929504321888089, 0.11773459631949663, 0.11668076012283564, 0.11294797910377383, 0.1115329422056675, 0.1246656695380807, 0.10682552857324482, 0.11419329885393381, 0.11949100121855735, 0.11614397447556257, 0.11846273774281144, 0.11223460528999568, 0.10678627518936992, 0.109113606531173, 0.11777800433337689, 0.11377034727483988, 0.11248648753389717, 0.11231358274817466, 0.1031936552375555, 0.11569726169109344, 0.11224892465397715, 0.1005772233940661, 0.10927533647045493, 0.11330152517184616, 0.11066887192428113, 0.11042671874165536, 0.11351507231593133, 0.1115029439330101, 0.11097903540357948, 0.11361666414886712, 0.11010675225406885, 0.1091182842850685, 0.11258377879858017, 0.10050159925594926, 0.10817251484841109, 0.1090450070798397, 0.11002997923642396, 0.11220774743705988, 0.09827350275591015, 0.10429388238117099, 0.113113175611943, 0.11360792722553015, 0.10732712587341667, 0.09356941301375628, 0.10627652928233147, 0.10866802288219332, 0.11104340907186269, 0.09931089133024215, 0.09882075442001223, 0.09562148405238985, 0.1079232574440539, 0.10531340697780252, 0.0950212974101305, 0.10615945709869265, 0.10230524940416216, 0.10700290594249964, 0.09175832290202379, 0.09380119685083628, 0.10221307659521699, 0.09045215984806418, 0.09459696132689716, 0.10266891326755286, 0.08916160278022289, 0.10834246296435594, 0.0947813774459064, 0.10956168361008167, 0.10380867840722202, 0.10712662553414702, 0.09470221940428018, 0.10252166129648685, 0.09717365941032767, 0.09684362662956118, 0.09954852778464555, 0.09488451108336449, 0.09598124921321868, 0.0917824475094676, 0.09120305106043816, 0.09805373698472977, 0.09178989939391613, 0.09240862485021353, 0.0953317204490304, 0.09316053641960026, 0.09839853961020709, 0.09292668858543038, 0.09071914171800018, 0.09141090596094728, 0.10249812761321664, 0.09291643416509032, 0.08912787856534124, 0.09194213692098857, 0.08860711716115474, 0.0961568453349173, 0.09767791591584682, 0.09009744776412845, 0.0997132834047079, 0.09046131558716297, 0.108412532415241, 0.08561482019722462, 0.10024641379714011, 0.09410002855584025, 0.0942864111624658, 0.08848772561177612, 0.09685583617538214, 0.08871832871809601, 0.09788875104859471, 0.09742277935147285, 0.08893421329557896, 0.08760567549616098, 0.08484468730166556, 0.09890601048246025, 0.09071400305256247, 0.082874565012753, 0.09290515268221497, 0.09187841834500432, 0.09197210446000098, 0.10091933282092214, 0.08953186674043537, 0.088256573677063, 0.08967466810718179, 0.09810597095638514, 0.09008434657007455, 0.09564402122050523, 0.08910543667152523, 0.09238401036709547, 0.08777101496234535, 0.08704435601830482, 0.0911959276534617, 0.10274784183129668, 0.08610542556270956, 0.08526521334424615, 0.08372243596240878, 0.08977465769276022, 0.09643757408484817, 0.07923956178128719, 0.08352978993207216, 0.09910308243706822, 0.08291092701256275, 0.08766016950830817, 0.09421152528375387, 0.0987759917974472, 0.08890977390110492, 0.0937636007554829, 0.09029442109167576, 0.09774121260270477, 0.08851267565041782, 0.09445698158815503, 0.08399285254999996, 0.09047965602949262, 0.08500737836584449, 0.08823958858847618]
2025-11-30 10:27:24 - fedls - INFO - Namespace(task='sft', fed_alg='fedls', dataset_name='meta-math/MetaMathQA', model_name='huggyllama/llama-7b', split_strategy='iid', alpha=0.5, num_clients=20, num_clients_per_round=2, batch_size=8, max_steps=20, gradient_accumulation_steps=1, lr=5e-05, weight_decay=0.01, epochs=1, num_rounds=200, seed=42, log_file='./log/log.txt', load_in_8bit=False, load_in_4bit=False, use_peft=True, dataset_sample=20000, peft_lora_r=32, peft_lora_alpha=64, seq_len=512, template='alpaca')
2025-11-30 13:01:10 - fedls - INFO - loss data:
2025-11-30 13:01:10 - fedls - INFO - [10.572606533765793, 0.5337029047310352, 0.21335463151335715, 0.18384851031005384, 0.17489493414759635, 0.1624973235651851, 0.17378822565078736, 0.16344694327563047, 0.16107604019343852, 0.16090011447668076, 0.1558714734390378, 0.1391399048268795, 0.15219960007816552, 0.14478407502174379, 0.13348217848688365, 0.14455202566459774, 0.14739829152822495, 0.14484284725040197, 0.1443324167281389, 0.14418264236301184, 0.14257705472409726, 0.13462240789085628, 0.1378821536898613, 0.1395890137180686, 0.146334021538496, 0.13229063004255295, 0.1356654014438391, 0.12982054371386764, 0.12756347563117743, 0.12724785022437574, 0.13348347488790752, 0.13992817867547275, 0.1330300621688366, 0.12934630308300255, 0.1317093590274453, 0.12412902703508734, 0.12870719116181134, 0.13697785399854184, 0.1232501683756709, 0.12392111867666245, 0.12754457648843526, 0.14050985891371964, 0.1251064257696271, 0.12759502166882158, 0.12944886777549983, 0.11652847854420542, 0.12387282457202672, 0.11820000484585763, 0.1315926656126976, 0.12365052867680788, 0.11950406366959214, 0.11800892762839794, 0.11713059116154909, 0.11319394344463944, 0.11206866167485713, 0.12516624517738817, 0.10691592739894987, 0.11425721840932965, 0.12002194728702306, 0.116771109867841, 0.11897321548312903, 0.11276342691853643, 0.10753474440425634, 0.10957052484154702, 0.11815938483923674, 0.114389718323946, 0.11298545990139246, 0.11266321577131748, 0.10375368436798454, 0.1159085257910192, 0.1131035947240889, 0.10141982389613986, 0.1098233364522457, 0.11376961683854461, 0.11123946970328688, 0.11106742247939111, 0.11429236736148596, 0.11231568017974497, 0.11193409170955419, 0.11447732541710139, 0.11101468512788415, 0.10976072177290916, 0.1137728177011013, 0.10161400437355042, 0.10927802361547947, 0.10993291232734918, 0.1105064783245325, 0.11315431920811533, 0.09905762113630773, 0.10488292220979928, 0.11381871607154607, 0.1146049801260233, 0.10843514567241072, 0.09441157607361675, 0.10727858524769544, 0.10953563973307609, 0.11200095750391484, 0.10072739161550998, 0.09976721554994583, 0.09669163692742586, 0.10904087582603098, 0.1067943386733532, 0.09638194041326642, 0.10714471908286213, 0.10322267841547728, 0.10773458741605282, 0.09312073970213533, 0.09509460814297199, 0.10338536202907563, 0.09183751270174981, 0.09599191015586257, 0.10336941769346594, 0.09040255611762404, 0.10992684122174978, 0.09644419895485043, 0.11101907650008798, 0.10482822805643081, 0.10843961546197534, 0.09619829375296832, 0.10391089394688606, 0.09830771815031766, 0.09810052374377848, 0.10075259786099194, 0.09618473388254642, 0.09747691284865141, 0.09325984008610248, 0.09289205595850944, 0.09938166877254843, 0.09327695891261101, 0.09375071059912443, 0.09729097327217459, 0.09543479746207595, 0.09964612834155559, 0.09434361578896641, 0.09233648590743541, 0.0932432328350842, 0.10381709281355142, 0.09440280497074127, 0.09054768830537796, 0.0936654164455831, 0.08995547844097018, 0.09763301853090525, 0.09900375148281455, 0.09178800098598003, 0.10109117394313216, 0.09228748437017203, 0.10984761575236916, 0.08708658339455724, 0.10231657717376948, 0.0959632738493383, 0.09574055830016732, 0.09020472941920162, 0.09861734192818403, 0.09015637496486306, 0.09955146750435234, 0.0990068417042494, 0.09104661103338002, 0.08949274877086281, 0.08669624580070376, 0.10063268514350057, 0.0925710866227746, 0.08414201075211167, 0.09468149254098535, 0.09404869358986616, 0.09326656423509122, 0.10237297201529146, 0.09121801611036062, 0.08966476554051042, 0.0920767018571496, 0.0994161513634026, 0.09187602307647466, 0.09766498655080796, 0.09096592962741851, 0.09437151616439224, 0.08999190079048276, 0.0894509426318109, 0.09288306143134833, 0.10456050494685769, 0.08819996779784561, 0.08690013056620956, 0.08519953917711973, 0.09143858049064875, 0.09843095075339078, 0.08126224586740136, 0.08509897477924824, 0.10123151456937193, 0.08485759403556585, 0.08942545410245657, 0.09623822392895817, 0.10047247391194106, 0.09064757265150547, 0.09538518683984876, 0.09207590073347091, 0.09946638569235802, 0.08996779453009368, 0.09671246465295553, 0.08615818433463573, 0.09282704330980777, 0.08698992878198623, 0.08961673676967621]
2025-12-02 03:32:30 - fedls - INFO - Namespace(task='sft', fed_alg='fedls', dataset_name='meta-math/MetaMathQA', model_name='huggyllama/llama-7b', split_strategy='iid', alpha=0.5, num_clients=20, num_clients_per_round=2, batch_size=8, max_steps=20, gradient_accumulation_steps=1, lr=5e-05, weight_decay=0.01, epochs=1, num_rounds=200, seed=42, log_file='./log/log.txt', load_in_8bit=False, load_in_4bit=False, use_peft=True, dataset_sample=20000, peft_lora_r=32, peft_lora_alpha=64, seq_len=512, template='alpaca')
2025-12-02 06:07:14 - fedls - INFO - loss data:
2025-12-02 06:07:14 - fedls - INFO - [10.572606533765793, 0.5339297614991665, 0.21215922832489015, 0.18363630753010513, 0.1748738270252943, 0.16247816737741233, 0.17372426968067883, 0.16340956240892412, 0.16110685486346482, 0.16089992169290782, 0.1558390773832798, 0.13916616328060627, 0.15214454233646393, 0.14480566047132015, 0.1334204187616706, 0.1445465350523591, 0.14738202691078187, 0.14480751249939203, 0.1443607097491622, 0.1441322254948318, 0.14274752754718065, 0.135238497518003, 0.13837835900485518, 0.139883972145617, 0.14665607623755933, 0.13252514209598304, 0.13603179883211852, 0.1299839222803712, 0.12775235157459974, 0.1272870698943734, 0.13371056765317918, 0.1402372231706977, 0.13324064966291188, 0.12952787317335607, 0.13171814642846585, 0.12406358812004328, 0.1292593475431204, 0.13677552416920663, 0.12327133696526288, 0.12371826265007257, 0.12765984414145348, 0.14036169657483696, 0.12504887385293842, 0.12752166846767068, 0.1295342377386987, 0.11643869690597058, 0.12362934667617083, 0.11769107822328806, 0.13129099626094104, 0.1235537264496088, 0.11941524129360914, 0.11789697809144854, 0.11679476927965879, 0.11309747956693172, 0.11164579186588525, 0.12491487357765436, 0.10689661670476197, 0.11439743600785732, 0.11980661023408173, 0.1163584841415286, 0.11875538099557162, 0.11238584741950036, 0.10706612849608063, 0.10929071130231023, 0.11791939940303564, 0.11404638066887855, 0.11262811804190279, 0.11258780416101218, 0.10344107579439879, 0.11598559534177184, 0.11262011202052236, 0.10109235504642129, 0.10959157180041074, 0.11376123987138272, 0.11110082399100066, 0.110850459523499, 0.11392267774790525, 0.11203892761841416, 0.11139737647026778, 0.11431090161204338, 0.1105269853025675, 0.10940665882080794, 0.11313636871054769, 0.10102248629555106, 0.10877612493932247, 0.10964753814041614, 0.11050422461703419, 0.11275962358340622, 0.09892685115337371, 0.10480194482952357, 0.11393515048548579, 0.11436100481078029, 0.10796684315428137, 0.09438846250995994, 0.10696294149383903, 0.10929502146318555, 0.1117756413295865, 0.10050772270187736, 0.09959012176841497, 0.09667536169290543, 0.10871322564780712, 0.10627527488395572, 0.09612132525071501, 0.10692438017576933, 0.103104601893574, 0.10750222373753786, 0.09288608711212873, 0.09480338590219617, 0.10327775981277226, 0.09169671703130006, 0.09575956258922816, 0.10339430393651128, 0.0904165175743401, 0.10950877266004681, 0.09626853913068771, 0.11090610781684518, 0.10469670202583074, 0.10846918094903231, 0.09636356551200151, 0.10410747043788433, 0.09842451075091958, 0.09822398936375976, 0.10087442845106125, 0.096308259293437, 0.09743661480024457, 0.09341211998835205, 0.09312245380133391, 0.09984819265082479, 0.09325805976986884, 0.09411285929381848, 0.09741553105413914, 0.09573302334174513, 0.09987343251705169, 0.0944285400211811, 0.09212289620190858, 0.0933785297907889, 0.10397378504276275, 0.09471817342564463, 0.09054703433066606, 0.09385451674461365, 0.09058009767904877, 0.09794699624180794, 0.09957506116479636, 0.09234473472461105, 0.10157569497823715, 0.09264105800539255, 0.11008505271747708, 0.08757187584415078, 0.10264093428850174, 0.09638310242444276, 0.09641847927123309, 0.09087616633623838, 0.09897435242310167, 0.09082659045234323, 0.10003604153171182, 0.09981855209916829, 0.09158038785681129, 0.09019015757367015, 0.08817262332886458, 0.10112597392871976, 0.09376538395881653, 0.08502018069848419, 0.09512560702860355, 0.09467367017641665, 0.09385261693969368, 0.10288333082571625, 0.0921263350173831, 0.09026350928470492, 0.09262816654518247, 0.1001999237574637, 0.0927162884734571, 0.09901217324659228, 0.09121396718546748, 0.09487967593595387, 0.09114347472786903, 0.09029665905982256, 0.09370162785053253, 0.10549579598009587, 0.0893773871473968, 0.08819565968587995, 0.08656472750008107, 0.09244518764317036, 0.09941014386713504, 0.08247818630188704, 0.08578758900985121, 0.10224220165982842, 0.08579392721876503, 0.09066323898732662, 0.09728634748607874, 0.1015080414712429, 0.09149952977895737, 0.09634644184261561, 0.09323358591645955, 0.10011108675971628, 0.09107982981950044, 0.09755861088633537, 0.0872339422814548, 0.09386332724243403, 0.0882670059800148, 0.09061504229903221]
2025-12-02 06:28:16 - fedls - INFO - Namespace(task='sft', fed_alg='fedls', dataset_name='meta-math/MetaMathQA', model_name='huggyllama/llama-7b', split_strategy='iid', alpha=0.5, num_clients=20, num_clients_per_round=2, batch_size=8, max_steps=20, gradient_accumulation_steps=1, lr=5e-05, weight_decay=0.01, epochs=1, num_rounds=200, seed=42, log_file='./log/log.txt', load_in_8bit=False, load_in_4bit=False, use_peft=True, dataset_sample=20000, peft_lora_r=32, peft_lora_alpha=64, seq_len=512, template='alpaca')
2025-12-02 06:33:24 - fedls - INFO - Namespace(task='sft', fed_alg='fedls', dataset_name='meta-math/MetaMathQA', model_name='huggyllama/llama-7b', split_strategy='iid', alpha=0.5, num_clients=20, num_clients_per_round=2, batch_size=8, max_steps=20, gradient_accumulation_steps=1, lr=5e-05, weight_decay=0.01, epochs=1, num_rounds=200, seed=42, log_file='./log/log.txt', load_in_8bit=False, load_in_4bit=False, use_peft=True, dataset_sample=20000, peft_lora_r=32, peft_lora_alpha=64, seq_len=512, template='alpaca')
2025-12-02 09:14:32 - fedls - INFO - loss data:
2025-12-02 09:14:32 - fedls - INFO - [10.572606533765793, 0.5339297614991665, 0.21215922832489015, 0.18363630753010513, 0.1748738270252943, 0.16247816737741233, 0.17372426968067883, 0.16340956240892412, 0.16110685486346482, 0.16089992169290782, 0.1558390773832798, 0.13916616328060627, 0.15214454233646393, 0.14480566047132015, 0.1334204187616706, 0.1445465350523591, 0.14738202691078187, 0.14480751249939203, 0.1443607097491622, 0.1441322254948318, 0.1428469793871045, 0.1353741766884923, 0.13853893894702196, 0.14001398179680108, 0.14676363710314033, 0.13256614413112403, 0.13603454362601042, 0.12989347204566, 0.12773847803473473, 0.12711962778121233, 0.133579053170979, 0.14020489901304245, 0.13324850238859653, 0.12947573252022265, 0.13148659076541663, 0.12395055601373314, 0.12918869815766812, 0.1364702507853508, 0.12295101080089807, 0.12351054474711418, 0.1275472562760115, 0.1400800588540733, 0.12463123118504882, 0.12726354831829667, 0.12932000253349543, 0.11615433627739549, 0.12318089194595813, 0.1171690184623003, 0.13099265247583392, 0.123272062279284, 0.11896764850243927, 0.11753089409321546, 0.11638703420758248, 0.11270020343363285, 0.11121642328798771, 0.12424848172813653, 0.10644673239439725, 0.11367990793660282, 0.11916502211242913, 0.11562743736431003, 0.11814665403217077, 0.11197717748582364, 0.10641788868233562, 0.10865284549072385, 0.11732083996757865, 0.11331854779273272, 0.11193902613595128, 0.11184051595628261, 0.10267948489636183, 0.11527915131300687, 0.1117899363860488, 0.09999121185392142, 0.10877192625775933, 0.11282816082239151, 0.11018457021564246, 0.11005950216203927, 0.11294529214501381, 0.11093272613361478, 0.11027896432206034, 0.11301380563527347, 0.10943251214921475, 0.1086187694221735, 0.1119801227003336, 0.09977892758324743, 0.10748805440962314, 0.10828683171421288, 0.10951369227841497, 0.11139462227001787, 0.09748543538153172, 0.10372648425400258, 0.11250141793861984, 0.1129028988070786, 0.10664330404251814, 0.09267383255064487, 0.10559235755354165, 0.107985614053905, 0.1102955705486238, 0.09852331383153795, 0.09806617740541697, 0.09496037010103464, 0.10702520012855529, 0.10464334171265363, 0.09416602533310653, 0.10538688637316226, 0.10150805879384278, 0.10653811316005886, 0.09086657781153917, 0.09318319279700518, 0.10133992228657007, 0.08958666296675802, 0.09375788196921347, 0.10206904094666243, 0.0883736995048821, 0.10760842375457286, 0.09368608500808479, 0.10884741423651575, 0.10310471979901195, 0.10621620425954462, 0.09355790698900819, 0.10156346047297121, 0.09634688561782241, 0.09577221665531396, 0.09847127133980393, 0.09418445387855172, 0.09509683782234787, 0.09081048462539912, 0.09009178215637803, 0.09692949131131172, 0.0909700128249824, 0.09135899217799306, 0.09422509213909507, 0.09193064263090492, 0.09748737327754498, 0.09206574447453023, 0.08994194455444812, 0.09036079607903957, 0.10184030774980783, 0.09185726866126061, 0.08829994909465314, 0.09100313503295183, 0.08743075225502253, 0.09538389286026358, 0.09672423610463737, 0.08899044645950198, 0.09866275601089, 0.08946520546451212, 0.10761383073404432, 0.08444795114919543, 0.09936642367392778, 0.09294721083715557, 0.09327710280194879, 0.08735577231273055, 0.09605592750012874, 0.08772342624142766, 0.09707736391574144, 0.09649285273626446, 0.08778291661292315, 0.0864750660955906, 0.08329215943813323, 0.09802652904763817, 0.0894718357361853, 0.08184750871732831, 0.09194851964712142, 0.09088484775274992, 0.09099332159385085, 0.10001429235562681, 0.08848872343078255, 0.08742767684161662, 0.08846641667187213, 0.0971184610389173, 0.08899598903954029, 0.09452791875228286, 0.0881305686198175, 0.09144832156598567, 0.08659269381314516, 0.0858966564759612, 0.0900711570866406, 0.10163940489292145, 0.0849125673994422, 0.08394257342442871, 0.0827622284181416, 0.08872241005301476, 0.0952682314440608, 0.07811553990468383, 0.08272254867479206, 0.09801335651427508, 0.08188439849764109, 0.08654153272509575, 0.0930400101467967, 0.09780604429543019, 0.08793935440480709, 0.09268459873273968, 0.08922715624794364, 0.09671397022902965, 0.08747439421713352, 0.09334312845021486, 0.08289135107770562, 0.08921635244041681, 0.08394844383001326, 0.08743174215778708]
2025-12-02 09:22:08 - fedls - INFO - Namespace(task='sft', fed_alg='fedls', dataset_name='meta-math/MetaMathQA', model_name='huggyllama/llama-7b', split_strategy='iid', alpha=0.5, num_clients=20, num_clients_per_round=2, batch_size=8, max_steps=20, gradient_accumulation_steps=1, lr=5e-05, weight_decay=0.01, epochs=1, num_rounds=200, seed=123, log_file='./log/log.txt', load_in_8bit=False, load_in_4bit=False, use_peft=True, dataset_sample=20000, peft_lora_r=32, peft_lora_alpha=64, seq_len=512, template='alpaca')
2025-12-02 11:57:00 - fedls - INFO - loss data:
2025-12-02 11:57:00 - fedls - INFO - [10.652423799037933, 0.5353987600654364, 0.20440526492893696, 0.18204227946698665, 0.17106562294065952, 0.1634831428527832, 0.1661701027303934, 0.15144814215600488, 0.1483355676755309, 0.15521313063800335, 0.1471282562240958, 0.15365621708333493, 0.1437664333730936, 0.13621876090765, 0.14879534337669612, 0.13917434122413397, 0.1447109332308173, 0.13237207848578691, 0.13460376728326084, 0.14348844140768052, 0.13656535651534796, 0.12667026035487652, 0.1291660623624921, 0.1416981466114521, 0.12952287858352063, 0.13046663403511047, 0.14034066256135702, 0.12474679574370384, 0.13411571588367222, 0.12892513833940028, 0.13061265666037797, 0.1295790158212185, 0.12867808081209658, 0.126497801579535, 0.11849775500595569, 0.12630367353558541, 0.12696343194693327, 0.13486211635172368, 0.12899905834347009, 0.12958922516554594, 0.12708891881629825, 0.12085778210312129, 0.12837162464857102, 0.1281470673158765, 0.1251434854231775, 0.11529122423380614, 0.11547274850308895, 0.12459709811955691, 0.12303579077124596, 0.11928288815543056, 0.10589841455221176, 0.11740669272840024, 0.11423693662509322, 0.12100820653140545, 0.11495778914541006, 0.1239123516716063, 0.11626510675996542, 0.1266511296853423, 0.10833819406107068, 0.11024007722735404, 0.13574972078204156, 0.10961655620485544, 0.1026717466302216, 0.12117547262459993, 0.11823129784315825, 0.12086692564189433, 0.1199203932657838, 0.11245577819645405, 0.12110242685303091, 0.11594509314745664, 0.12070724433287978, 0.10736722350120545, 0.10891863731667399, 0.10199219202622772, 0.10481278626248242, 0.11999962627887727, 0.10845893099904061, 0.12035834025591612, 0.11002633962780237, 0.10944355642423034, 0.10669072400778531, 0.10167428711429238, 0.09539883369579912, 0.10049631660804152, 0.1043257348239422, 0.10223731519654393, 0.1102822383865714, 0.0957170463167131, 0.09824085300788284, 0.10938393231481314, 0.09956793896853924, 0.10575591223314404, 0.11012357147410512, 0.11554833259433508, 0.11108438493683934, 0.10435932697728276, 0.10919655887410046, 0.10143244788050651, 0.11650940328836441, 0.10390892345458269, 0.10128765478730202, 0.1028562850318849, 0.12363178394734858, 0.09851515190675855, 0.10348691623657942, 0.10225642146542668, 0.08468301985412836, 0.09878762317821384, 0.10063501773402095, 0.09764338796958327, 0.09506736947223544, 0.10005581695586444, 0.09707053834572435, 0.10226035155355931, 0.10039574783295394, 0.10183090567588807, 0.10263119079172611, 0.10687012048438191, 0.09283668724820018, 0.10260509867221118, 0.09989500483497976, 0.09990989128127695, 0.11378783406689763, 0.09632394472137093, 0.09292355654761195, 0.09740059142932295, 0.09901160821318626, 0.09089348707348108, 0.09490996170789004, 0.10069199940189719, 0.09197674626484513, 0.09779615281149745, 0.09514328837394714, 0.10222839405760169, 0.09918694589287043, 0.10298192985355854, 0.08713612342253327, 0.09576958771795036, 0.10061318958178163, 0.08963913712650537, 0.10155131220817566, 0.08779931515455246, 0.09794329022988676, 0.09447536813095211, 0.09506106479093432, 0.10802997760474681, 0.09198745004832745, 0.10769764445722103, 0.10592230092734098, 0.09752647439017892, 0.10112794358283281, 0.09238495314493775, 0.0988476188853383, 0.10588608486577869, 0.09471167093142867, 0.10633532488718629, 0.08884613765403629, 0.08662430988624692, 0.09340234939008951, 0.09557488150894641, 0.08235755269415676, 0.08717697970569133, 0.09024574141949415, 0.10056516248732805, 0.09109904412180185, 0.08698688903823495, 0.09911808837205172, 0.09178534988313913, 0.0941325593739748, 0.10133969197049737, 0.09693085113540292, 0.08590552946552635, 0.09042285140603781, 0.08651832649484277, 0.09076652685180306, 0.10281102862209082, 0.09672077363356948, 0.0830321810208261, 0.09647401529364288, 0.08358544288203121, 0.09394460823386908, 0.10088004842400551, 0.08383348062634469, 0.10294262357056141, 0.09907811488956214, 0.09251204570755361, 0.10044981306418777, 0.09457048950716854, 0.08347391858696937, 0.09472045227885247, 0.08727838480845093, 0.09878952847793698, 0.09559703953564166, 0.08632679795846343, 0.09781303107738495, 0.09331442853435873, 0.0889068509452045, 0.08960741767659783, 0.0918235544115305, 0.09129759119823574]
2025-12-02 12:03:53 - fedls - INFO - Namespace(task='sft', fed_alg='fedls', dataset_name='meta-math/MetaMathQA', model_name='huggyllama/llama-7b', split_strategy='iid', alpha=0.5, num_clients=20, num_clients_per_round=2, batch_size=8, max_steps=20, gradient_accumulation_steps=1, lr=5e-05, weight_decay=0.01, epochs=1, num_rounds=200, seed=456, log_file='./log/log.txt', load_in_8bit=False, load_in_4bit=False, use_peft=True, dataset_sample=20000, peft_lora_r=32, peft_lora_alpha=64, seq_len=512, template='alpaca')
2025-12-02 14:44:48 - fedls - INFO - loss data:
2025-12-02 14:44:48 - fedls - INFO - [10.798131334781647, 0.484534477442503, 0.2115622965618968, 0.18837103974074126, 0.16457604952156543, 0.15383836533874273, 0.16524408422410486, 0.14835426770150661, 0.15038865469396112, 0.152256247960031, 0.1596381613984704, 0.15523222777992485, 0.13459102269262074, 0.15922616980969906, 0.13396226223558189, 0.15038512852042912, 0.13343357443809511, 0.15743876621127129, 0.14004949685186147, 0.15120841450989247, 0.15053306650370357, 0.13870264086872341, 0.14968727361410855, 0.1362100403755903, 0.12311019636690616, 0.13344277553260325, 0.1220287611708045, 0.13105663601309062, 0.13248569313436748, 0.1255784645676613, 0.13298178873956204, 0.12936469670385123, 0.12227126527577639, 0.13006549384444954, 0.12344961073249577, 0.12028766497969628, 0.12711913809180259, 0.124605643004179, 0.1284183906391263, 0.12207819093018771, 0.11868887823075056, 0.11858924366533756, 0.1140776688233018, 0.12216409593820571, 0.11872376250103116, 0.12902500238269568, 0.12535187788307667, 0.12288438137620689, 0.11348151871934534, 0.10787465693429113, 0.11777552366256713, 0.1308535488322377, 0.10657267179340124, 0.11237968560308217, 0.10621817661449312, 0.11438595028594137, 0.11003529857844115, 0.10246091419830919, 0.11090517193078994, 0.12323483936488629, 0.12232404500246048, 0.12140690330415965, 0.12040221858769656, 0.12503327447921037, 0.11983216470107436, 0.11468284381553531, 0.10051677487790585, 0.10451263142749667, 0.11234056744724512, 0.12245785035192966, 0.10503369513899088, 0.12231916673481465, 0.11468435190618038, 0.11056417291983962, 0.10134339593350888, 0.11204568753018976, 0.10961160827428103, 0.11508321519941092, 0.11489266362041234, 0.11292517855763434, 0.10363528858870268, 0.11319461427628993, 0.10835109800100326, 0.10035368390381336, 0.10910103591158986, 0.10786353927105666, 0.1077703321352601, 0.09930580034852027, 0.09799636034294963, 0.11232764031738043, 0.0958235471509397, 0.08667239546775818, 0.10241406438872218, 0.10695201242342592, 0.10641076890751719, 0.10379528524354101, 0.10442689331248402, 0.09798374418169259, 0.10776232639327646, 0.10760077238082885, 0.10388655886054039, 0.09875180516391993, 0.10815282668918372, 0.10144051313400268, 0.10302577819675207, 0.1075976749882102, 0.10521026197820901, 0.102399845700711, 0.09875358697026967, 0.0938013751991093, 0.10389604484662414, 0.09296929659321904, 0.0983101723715663, 0.09577740272507071, 0.11193715753033757, 0.10320113021880388, 0.10501239504665136, 0.08932441435754299, 0.09241928895935417, 0.096064299531281, 0.09000380039215088, 0.09359620502218605, 0.09578399742022156, 0.10158304600045084, 0.10761610921472312, 0.08495642319321632, 0.09264387246221303, 0.09902995340526104, 0.09253984754905104, 0.09743407629430295, 0.09370195381343366, 0.0955769426189363, 0.08687328649684786, 0.09689956652000546, 0.09352606674656272, 0.09205815251916646, 0.09282215023413301, 0.10367217333987355, 0.09628989193588496, 0.082934723328799, 0.0955961043946445, 0.09819199740886689, 0.08929915679618716, 0.08563927616924047, 0.09435466034337878, 0.08823101725429297, 0.09233385194092988, 0.09613620461896062, 0.09234832068905234, 0.1063159347511828, 0.09713105848059059, 0.08304347591474652, 0.09252685233950615, 0.08769723949953914, 0.09540354907512665, 0.08840139945968986, 0.09447314580902458, 0.0942948623560369, 0.10422295313328504, 0.08017078246921301, 0.09502944052219392, 0.08889124859124423, 0.0875770987942815, 0.08163156844675541, 0.089933090377599, 0.09060802413150668, 0.09050352796912194, 0.08057953985407948, 0.09670807681977749, 0.08014370799064635, 0.08847944289445878, 0.0833731137216091, 0.08968988424167038, 0.10656139114871621, 0.10231388425454496, 0.08895362904295326, 0.08770355954766273, 0.08951242221519351, 0.09044166887179017, 0.10189640391618013, 0.09239723403006792, 0.09404851542785764, 0.0990367834456265, 0.09662353899329901, 0.0882743795402348, 0.0860476099886, 0.08626874564215542, 0.09121082965284585, 0.08658260703086854, 0.08045692406594754, 0.08365433076396585, 0.08268054760992527, 0.08938584430143237, 0.09345025941729546, 0.09298583213239908, 0.09120571939274669, 0.09086086880415678, 0.09704250264912843, 0.09838231559842825, 0.10197601532563567]
2025-12-02 15:07:09 - fedls - INFO - Namespace(task='sft', fed_alg='fedls', dataset_name='meta-math/MetaMathQA', model_name='huggyllama/llama-7b', split_strategy='iid', alpha=0.5, num_clients=20, num_clients_per_round=2, batch_size=8, max_steps=20, gradient_accumulation_steps=1, lr=5e-05, weight_decay=0.01, epochs=1, num_rounds=200, seed=123, log_file='./log/log.txt', load_in_8bit=False, load_in_4bit=False, use_peft=True, dataset_sample=20000, peft_lora_r=32, peft_lora_alpha=64, seq_len=512, template='alpaca')
2025-12-02 17:44:05 - fedls - INFO - loss data:
2025-12-02 17:44:05 - fedls - INFO - [10.652423799037933, 0.5353987600654364, 0.20440526492893696, 0.18204227946698665, 0.17106562294065952, 0.1634831428527832, 0.1661701027303934, 0.15144814215600488, 0.1483355676755309, 0.15521313063800335, 0.1471282562240958, 0.15365621708333493, 0.1437664333730936, 0.13621876090765, 0.14879534337669612, 0.13917434122413397, 0.1447109332308173, 0.13237207848578691, 0.13460376728326084, 0.14348844140768052, 0.1366270760074258, 0.12671633819118142, 0.12925703618675471, 0.1417265608906746, 0.12964906906709073, 0.13049382381141186, 0.1403712548315525, 0.1247180351987481, 0.13416973650455474, 0.12891413513571023, 0.1306347337551415, 0.12958242632448674, 0.1286793975159526, 0.12656456921249626, 0.11844171416014432, 0.126306414604187, 0.12697198577225208, 0.13479107003659008, 0.12899650512263178, 0.1295351028442383, 0.1270577946677804, 0.120889656804502, 0.12828703951090575, 0.12809778982773423, 0.12512475959956648, 0.11532986946403981, 0.11538204811513424, 0.12459957096725702, 0.12288704514503479, 0.11931497976183891, 0.10585285993292928, 0.11738097947090864, 0.1141589054837823, 0.12100229319185019, 0.11491285664960743, 0.1239097743295133, 0.11613265685737133, 0.1265419213101268, 0.10825841790065169, 0.11019009836018086, 0.1356756217777729, 0.10947239035740494, 0.10260553555563093, 0.1211731716990471, 0.11811318583786487, 0.12086000284180046, 0.11997552607208489, 0.11232092306017875, 0.12114582099020482, 0.11578640826046467, 0.12050308501347899, 0.10724316965788602, 0.1089158494025469, 0.10188352651894092, 0.10474285706877709, 0.11989746177569033, 0.10835200166329742, 0.1201759608462453, 0.110011943615973, 0.10921319117769598, 0.10660024229437112, 0.10149127105250955, 0.09528673216700553, 0.10034379195421934, 0.1040993164293468, 0.10217543495818973, 0.11013971893116832, 0.09558591824024916, 0.09801435573026537, 0.10921988878399133, 0.09924679119139909, 0.10551043497398496, 0.10997615139931441, 0.1152426527813077, 0.11060222452506423, 0.10413330374285579, 0.10892699183896185, 0.10114559531211853, 0.11626276038587094, 0.10363045865669847, 0.10101750334724784, 0.10259071085602045, 0.12316638138145208, 0.09819469843059778, 0.10306532951071859, 0.10194074930623173, 0.08429451519623399, 0.0985630207695067, 0.10023340787738562, 0.09725130898877979, 0.09468307495117187, 0.09971747659146785, 0.09670525640249253, 0.10199897820129991, 0.10005683125928044, 0.10156832197681069, 0.10227339444682002, 0.10642666071653366, 0.09242789279669524, 0.10201829802244902, 0.09938805494457484, 0.09953132001683115, 0.11344390921294689, 0.09594667423516512, 0.09249629992991687, 0.09681819435209035, 0.09858895987272262, 0.09028190867975354, 0.09442502176389098, 0.10019691567867994, 0.09148090435191988, 0.09704867722466587, 0.09472449533641339, 0.10140096824616193, 0.09858859907835722, 0.10227638799697161, 0.08653862718492747, 0.09496755125001073, 0.10021205181255936, 0.0888866249471903, 0.1009086849167943, 0.08712855083867907, 0.09724573493003845, 0.09384638573974372, 0.09442435773089528, 0.10746640907600521, 0.09120432389900088, 0.10681679612025619, 0.10528202867135406, 0.09686049232259393, 0.10036814492195845, 0.09152307892218231, 0.09807432508096099, 0.10506871724501252, 0.09359104232862592, 0.10532304709777236, 0.08787094829604031, 0.08592129033058882, 0.0923461309634149, 0.0948909217491746, 0.08174330624751747, 0.08615513341501355, 0.08930759923532605, 0.09973735529929399, 0.09045491637662054, 0.08611302459612488, 0.0979934349656105, 0.09076908472925424, 0.09325732383877039, 0.10046319290995598, 0.09599926918745041, 0.0848052348010242, 0.08921078583225608, 0.08530178293585777, 0.08981771990656853, 0.1020751243457198, 0.09543871749192476, 0.08205475825816393, 0.0955545595381409, 0.08252966227009892, 0.09304969450458885, 0.09986658822745084, 0.0828655336983502, 0.10173160135746001, 0.09817836470901967, 0.09158514915034174, 0.09945869380608201, 0.093707365822047, 0.08241630280390382, 0.09367195395752788, 0.08629617327824235, 0.09781558318063616, 0.0943862522020936, 0.0852247710339725, 0.09647223949432374, 0.0922172125428915, 0.08784360652789475, 0.08833723925054074, 0.09075604071840644, 0.0902854292653501]
2025-12-03 03:46:50 - fedls - INFO - Namespace(task='sft', fed_alg='fedls', dataset_name='meta-math/MetaMathQA', model_name='huggyllama/llama-7b', split_strategy='iid', alpha=0.5, num_clients=20, num_clients_per_round=2, batch_size=8, max_steps=20, gradient_accumulation_steps=1, lr=5e-05, weight_decay=0.01, epochs=1, num_rounds=200, seed=123, log_file='./log/log.txt', load_in_8bit=False, load_in_4bit=False, use_peft=True, dataset_sample=20000, peft_lora_r=32, peft_lora_alpha=64, seq_len=512, template='alpaca')
2025-12-03 06:23:01 - fedls - INFO - loss data:
2025-12-03 06:23:01 - fedls - INFO - [10.652423799037933, 0.5353987600654364, 0.20440526492893696, 0.18204227946698665, 0.17106562294065952, 0.1634831428527832, 0.1661701027303934, 0.15144814215600488, 0.1483355676755309, 0.15521313063800335, 0.1471282562240958, 0.15365621708333493, 0.1437664333730936, 0.13621876090765, 0.14879534337669612, 0.13917434122413397, 0.1447109332308173, 0.13237207848578691, 0.13460376728326084, 0.14348844140768052, 0.13672474268823862, 0.12684669271111487, 0.1293241787701845, 0.14181273318827153, 0.12967114858329296, 0.13054732587188483, 0.140410734154284, 0.12477658167481422, 0.13423576764762402, 0.12893978077918292, 0.13064002217724918, 0.12962603494524955, 0.12871252428740262, 0.12651080843061208, 0.11843720860779286, 0.12637658901512622, 0.12700845450162887, 0.13482479751110077, 0.12895192932337524, 0.12945084888488056, 0.12702741911634802, 0.12100079655647278, 0.12830257322639227, 0.12812628569081425, 0.12507677506655454, 0.11528841312974691, 0.11545323263853788, 0.12459034696221352, 0.12299352139234543, 0.11920903502032161, 0.10585920326411724, 0.1173129403963685, 0.11412229929119348, 0.12082092631608247, 0.11488803764805197, 0.12382458476349711, 0.11607330869883298, 0.12654019836336375, 0.10814213212579489, 0.11003232542425395, 0.13561553787440062, 0.10949432188645006, 0.10255314018577337, 0.12103894725441933, 0.11796765271574258, 0.12083794046193361, 0.11972595248371364, 0.11213544243946671, 0.12106909323483706, 0.11545805372297764, 0.12033841740339994, 0.1071147272363305, 0.10878920080140234, 0.10168757233768702, 0.10458263996988534, 0.11970940604805946, 0.10824780324473976, 0.11996379997581244, 0.10975650120526552, 0.10891399187967181, 0.10633379416540265, 0.1011058277450502, 0.09481071401387453, 0.09998228754848242, 0.10365008004009724, 0.10205402616411446, 0.10991815961897372, 0.09523331010714173, 0.09750124504789709, 0.10889239609241486, 0.0988714194856584, 0.10514608398079872, 0.10976004227995872, 0.11497673215344549, 0.11026223544031383, 0.10363788120448589, 0.10857434570789337, 0.10075235459953547, 0.11598141863942146, 0.10316729489713908, 0.10046945568174123, 0.10227660005912184, 0.12251543961465358, 0.09758799774572252, 0.10245598182082176, 0.10158645324409007, 0.08364166524261236, 0.09811758249998093, 0.09972706399857997, 0.09649985618889331, 0.09392658267170191, 0.0990238081663847, 0.09606314860284329, 0.10158754596486688, 0.09959893105551601, 0.10096236793324351, 0.10171218300238252, 0.10587837789207696, 0.09161302410066127, 0.10107940500602125, 0.098664812464267, 0.0990044405683875, 0.11271221162751317, 0.09523712219670415, 0.09175076428800821, 0.09596864068880678, 0.09797578258439898, 0.0893863677047193, 0.09357919171452522, 0.09953380394726992, 0.09055990017950535, 0.09621039098128675, 0.09387439591810107, 0.10030057579278946, 0.0977260041050613, 0.10128806019201875, 0.08557289885357022, 0.09375697914510965, 0.0993290807120502, 0.08762395856902003, 0.09982980024069549, 0.0859308375045657, 0.09625568110495805, 0.09272236246615648, 0.09381818678230047, 0.10662493454292415, 0.09016026807948947, 0.1056246624328196, 0.1044982060790062, 0.09599738996475934, 0.09911773977801204, 0.09032893823459745, 0.09683577930554747, 0.10387148689478636, 0.09211096651852131, 0.10403928169980645, 0.0864202357828617, 0.08477857792750002, 0.09069432383403182, 0.0936343202367425, 0.08053845390677453, 0.08458616193383932, 0.0879489267244935, 0.09858513260260224, 0.08925688704475761, 0.08488888181746007, 0.09647348765283822, 0.08929557213559747, 0.09195931553840637, 0.09910805094987155, 0.0946835396811366, 0.0833620044402778, 0.08754097679629921, 0.08354155831038952, 0.08824204104021191, 0.10087931305170059, 0.09362166663631796, 0.08056806651875377, 0.09398055775091052, 0.08103641234338284, 0.09178300257772207, 0.09852602947503328, 0.08131845947355032, 0.10032590245828032, 0.09679540181532503, 0.09005022309720517, 0.09793448392301798, 0.09245035611093044, 0.08074741400778293, 0.09232323244214058, 0.08468396477401256, 0.09638268910348416, 0.09275262067094445, 0.08372460575774313, 0.09460495775565506, 0.0906396464444697, 0.08622151734307408, 0.08642114633694291, 0.08914341181516647, 0.08870082711800933]
2025-12-03 07:44:16 - fedls - INFO - Namespace(task='sft', fed_alg='fedls', dataset_name='meta-math/MetaMathQA', model_name='huggyllama/llama-7b', split_strategy='iid', alpha=0.5, num_clients=20, num_clients_per_round=2, batch_size=8, max_steps=20, gradient_accumulation_steps=1, lr=5e-05, weight_decay=0.01, epochs=1, num_rounds=200, seed=42, log_file='./log/log.txt', load_in_8bit=False, load_in_4bit=False, use_peft=True, dataset_sample=20000, peft_lora_r=32, peft_lora_alpha=64, seq_len=512, template='alpaca')
2025-12-03 10:15:26 - fedls - INFO - loss data:
2025-12-03 10:15:26 - fedls - INFO - [10.572606533765793, 0.5337029047310352, 0.21335463151335715, 0.18384851031005384, 0.17489493414759635, 0.1624973235651851, 0.17378822565078736, 0.16344694327563047, 0.16107604019343852, 0.16090011447668076, 0.1558714734390378, 0.1391399048268795, 0.15219960007816552, 0.14478407502174379, 0.13348217848688365, 0.14455202566459774, 0.14739829152822495, 0.14484284725040197, 0.1443324167281389, 0.14418264236301184, 0.14288155380636453, 0.13523947894573213, 0.13842976819723846, 0.13991022687405347, 0.14672221112996342, 0.1325623856857419, 0.13601285871118307, 0.1299773009493947, 0.12772858049720526, 0.12724903114140035, 0.13368454873561858, 0.1403017345815897, 0.1333596158772707, 0.12960224617272614, 0.13161271829158067, 0.12407823465764523, 0.12914184406399726, 0.13665307238698005, 0.12312471326440573, 0.12350401692092419, 0.12761368416249752, 0.1403723799623549, 0.12486983882263303, 0.12749420944601297, 0.12946878969669343, 0.11639319080859423, 0.12350856829434634, 0.1175280213356018, 0.13123031463474036, 0.12339748218655586, 0.11925725853070616, 0.11777983596548439, 0.11662670765072107, 0.11302042659372091, 0.11153748910874128, 0.12463218085467814, 0.10673832902684807, 0.11414833208546044, 0.11950987558811903, 0.11602912973612547, 0.11857639346271753, 0.1122317323461175, 0.1067925819195807, 0.10902334451675415, 0.11776708401739597, 0.11373718399554492, 0.1124341545626521, 0.11223001256585122, 0.10312413508072496, 0.11563250198960304, 0.11223071552813053, 0.10054281046614051, 0.10917183719575405, 0.11334566865116358, 0.11069030025973917, 0.1104151863604784, 0.11344699710607528, 0.1115062465891242, 0.11095983944833279, 0.1136351466178894, 0.10999007867649198, 0.10901530981063842, 0.11254078298807144, 0.10035401219502091, 0.10807023197412491, 0.10901158284395933, 0.11003237385302782, 0.11213265694677829, 0.0981556536629796, 0.10418739272281527, 0.11314207874238491, 0.11350310677662492, 0.1073158067651093, 0.09338757954537868, 0.10617213044315577, 0.1086178757250309, 0.1110589312389493, 0.0993283923715353, 0.09875621888786554, 0.09558453299105168, 0.10786741198971866, 0.10542354919016361, 0.09493996193632484, 0.10592875815927982, 0.10225459961220622, 0.10701119699515402, 0.09172425121068954, 0.09378969464451076, 0.10215227855369449, 0.09035479836165905, 0.09462714223191143, 0.1025883162394166, 0.08905044365674257, 0.10835247226059437, 0.0946976814419031, 0.1096185271628201, 0.10364648392423988, 0.107102953735739, 0.0945594385266304, 0.10259436620399356, 0.09709204630926252, 0.09673407711088658, 0.09946596836671233, 0.09486705223098398, 0.09595548193901778, 0.09171478226780891, 0.091081677749753, 0.09794369731098414, 0.09171750452369451, 0.09237534506246448, 0.09533750545233488, 0.09308231668546796, 0.09831513557583094, 0.09292769310995937, 0.090634851064533, 0.09137004017829894, 0.10245458437129855, 0.0928997691720724, 0.08907943610101939, 0.09184833290055394, 0.088505423348397, 0.09605700895190239, 0.09766115797683597, 0.09003593940287828, 0.09978303676471115, 0.0904114605858922, 0.10833165384829044, 0.0854953445494175, 0.10015976540744305, 0.09405771242454648, 0.09432780006900429, 0.08844089917838574, 0.0968549874611199, 0.08862911621108652, 0.09786196649074555, 0.09731460632756353, 0.08894898919388652, 0.087517399340868, 0.08476154394447803, 0.09882634012028575, 0.0906837398186326, 0.08284090692177415, 0.09285445474088191, 0.09185508089140057, 0.09181216908618808, 0.10084905792027712, 0.08950076485052705, 0.08814285350963473, 0.08952987305819987, 0.09794831536710263, 0.09006245788186788, 0.09557025413960218, 0.08899251511320472, 0.0923362926580012, 0.08772155400365592, 0.08701016763225197, 0.09110838249325753, 0.1027019583620131, 0.086026465985924, 0.08514380445703865, 0.08367358511313797, 0.08963867947459221, 0.09638773957267405, 0.07912618387490511, 0.08346884576603769, 0.09911317750811577, 0.08291331389918924, 0.08756887866184115, 0.09410679964348673, 0.09868062501773238, 0.08882977776229381, 0.09368693521246314, 0.0901937979273498, 0.09762339191511274, 0.08841607132926584, 0.09432831415906548, 0.08397692972794174, 0.0903023430146277, 0.08497220166027546, 0.08817697204649448]
2025-12-03 10:22:30 - fedls - INFO - Namespace(task='sft', fed_alg='fedls', dataset_name='meta-math/MetaMathQA', model_name='huggyllama/llama-7b', split_strategy='iid', alpha=0.5, num_clients=20, num_clients_per_round=2, batch_size=8, max_steps=20, gradient_accumulation_steps=1, lr=5e-05, weight_decay=0.01, epochs=1, num_rounds=200, seed=123, log_file='./log/log.txt', load_in_8bit=False, load_in_4bit=False, use_peft=True, dataset_sample=20000, peft_lora_r=32, peft_lora_alpha=64, seq_len=512, template='alpaca')
2025-12-03 12:53:24 - fedls - INFO - loss data:
2025-12-03 12:53:24 - fedls - INFO - [10.652423799037933, 0.5354934372007847, 0.20442273728549482, 0.18181042708456516, 0.17093097548931838, 0.16348539777100085, 0.16607334911823274, 0.15140652675181626, 0.14836007691919806, 0.1551942041143775, 0.1470526173710823, 0.1537053592503071, 0.14376814626157283, 0.136200038716197, 0.14880313035100698, 0.13913734536617994, 0.14468958433717488, 0.1323358366265893, 0.13455424439162017, 0.1434504037722945, 0.13673744387924672, 0.1268702380359173, 0.12940542548894882, 0.14188897125422956, 0.12970344899222253, 0.13060696627944707, 0.14040859341621398, 0.12485485207289457, 0.13417963013052941, 0.12889824509620668, 0.13063355460762976, 0.1296430867165327, 0.12874620128422976, 0.12650099564343692, 0.11839284803718328, 0.12638191226869822, 0.12700833436101674, 0.1347945498302579, 0.1290333542972803, 0.12956021204590798, 0.12714897394180297, 0.12101433873176576, 0.1283445443958044, 0.1280199646949768, 0.1251249473541975, 0.11536442656069995, 0.11544272024184465, 0.1245457235723734, 0.1230016952380538, 0.1192307380028069, 0.10584561359137296, 0.11738465428352356, 0.11424759812653065, 0.12079991661012172, 0.11483632288873197, 0.12383083831518887, 0.11606763880699873, 0.12649124953895807, 0.10808858601376414, 0.11007227003574371, 0.1356893450021744, 0.10949421133846043, 0.10248450236395001, 0.12110518291592598, 0.11785341184586287, 0.12086317092180252, 0.11969367191195489, 0.11210937295109033, 0.12098468523472547, 0.11547479145228863, 0.12045600665733218, 0.10709180235862732, 0.10867590103298426, 0.10161027256399394, 0.10448930682614446, 0.11966888280585408, 0.10824313145130873, 0.1199247494339943, 0.10970602743327618, 0.10895577287301421, 0.1064556241966784, 0.10121727893128991, 0.09477308671921492, 0.09988218946382403, 0.10369087103754282, 0.10208940505981445, 0.10993508491665124, 0.09520658859983086, 0.09752101376652718, 0.10889471033588052, 0.09889526972547175, 0.10519335800781845, 0.10974939446896315, 0.11495647681877016, 0.11030907304957509, 0.10365263316780329, 0.10853785192593932, 0.10072234068065881, 0.11603414565324782, 0.10318424282595515, 0.10047559654340148, 0.10220961719751358, 0.1226272327825427, 0.09754754649475217, 0.10249331779778004, 0.10165672348812223, 0.08371247453615069, 0.09808596596121788, 0.09971917988732457, 0.09647593507543206, 0.09396602287888528, 0.09904876714572311, 0.09602604862302541, 0.10151055622845889, 0.0995948350057006, 0.10099543621763588, 0.101621029432863, 0.10578650310635566, 0.0916798695921898, 0.10105844475328923, 0.09881954612210393, 0.09899182561784983, 0.11275453623384238, 0.09519691383466125, 0.09171785097569227, 0.09593896009027958, 0.09798786994069814, 0.08936761831864715, 0.09348529633134603, 0.09949303241446614, 0.09068695930764079, 0.09619555063545704, 0.09397333525121213, 0.10028834147378803, 0.09776918357238173, 0.10130087630823253, 0.08552886173129082, 0.09377376260235906, 0.09940702682361008, 0.08759066415950656, 0.09970969576388597, 0.08599158069118856, 0.09625492868945001, 0.09266730146482588, 0.09375405339524151, 0.1066637153737247, 0.09017494292929769, 0.10566743360832334, 0.10448061572387815, 0.09600456831976772, 0.09913195837289095, 0.09034605696797371, 0.096855977922678, 0.10395973250269891, 0.09220822900533676, 0.10400626230984926, 0.08635117886587977, 0.08468874087557196, 0.0906198282726109, 0.09356357660144568, 0.08056942955590785, 0.0845840610563755, 0.08788936622440816, 0.09856610838323832, 0.08925907369703054, 0.08482564175501467, 0.09639290552586317, 0.08930610828101634, 0.09194857869297265, 0.09909959128126503, 0.09461314734071494, 0.08331619612872601, 0.08760977042838931, 0.08342103101313114, 0.08821019427850843, 0.10094718327745796, 0.09360628388822079, 0.0804447716102004, 0.09404033967293798, 0.08106668228283526, 0.09187346734106541, 0.09843756835907698, 0.08131370330229401, 0.10040846327319741, 0.09678569454699755, 0.09008892858400941, 0.09785355096682906, 0.09237749436870217, 0.08072002083063126, 0.09225784093141556, 0.08466641958802938, 0.0963569057174027, 0.09271473083645106, 0.08374677505344152, 0.09447831362485885, 0.09065953409299254, 0.08618103573098779, 0.08639448201283811, 0.08908442901447416, 0.08868012968450785]
2025-12-03 13:00:12 - fedls - INFO - Namespace(task='sft', fed_alg='fedls', dataset_name='meta-math/MetaMathQA', model_name='huggyllama/llama-7b', split_strategy='iid', alpha=0.5, num_clients=20, num_clients_per_round=2, batch_size=8, max_steps=20, gradient_accumulation_steps=1, lr=5e-05, weight_decay=0.01, epochs=1, num_rounds=200, seed=456, log_file='./log/log.txt', load_in_8bit=False, load_in_4bit=False, use_peft=True, dataset_sample=20000, peft_lora_r=32, peft_lora_alpha=64, seq_len=512, template='alpaca')
2025-12-03 15:32:26 - fedls - INFO - loss data:
2025-12-03 15:32:26 - fedls - INFO - [10.798131334781647, 0.48552267253398895, 0.2116829015314579, 0.1884261928498745, 0.16464480552822353, 0.15386450923979283, 0.16529423967003823, 0.1483507677912712, 0.15040876604616643, 0.15225817896425725, 0.15964553337544202, 0.15527117494493725, 0.134620950743556, 0.15925958696752787, 0.13404735866934062, 0.15040789116173983, 0.13336444273591042, 0.15741843748837708, 0.1400223545730114, 0.15119088999927044, 0.15049804598093033, 0.13862421959638596, 0.14969665128737686, 0.1361063476651907, 0.12310030106455087, 0.13337969947606326, 0.1219905411824584, 0.1309907088056207, 0.1324896976351738, 0.12562252227216958, 0.13288115952163934, 0.1295359691604972, 0.1221564445644617, 0.13015585020184517, 0.12361262701451778, 0.12036119624972344, 0.12727366536855697, 0.12465193569660188, 0.12860630620270969, 0.12239844929426909, 0.11883589327335359, 0.1187651578336954, 0.1142671718262136, 0.12240724917501211, 0.11894634449854494, 0.12913608346134425, 0.1255524750798941, 0.12324638506397605, 0.11376276323571802, 0.10821663858368993, 0.1181324478238821, 0.13114837259054185, 0.10692299902439117, 0.11296514924615622, 0.10654421290382743, 0.11468813335523009, 0.11038169041275978, 0.10284566171467305, 0.11140222698450089, 0.12365976423025131, 0.12276526894420385, 0.12171864919364453, 0.12069733776152133, 0.12532933950424194, 0.12009319793432952, 0.11507301805540919, 0.10102118961513043, 0.1049922957085073, 0.11266000289469957, 0.12280625831335784, 0.10551366675645113, 0.12266734298318624, 0.11516737202182412, 0.11097367396578192, 0.10194973284378647, 0.11251190807670355, 0.10996253229677677, 0.1154309875331819, 0.11534762773662806, 0.11345439422875643, 0.10435516629368066, 0.11367204496636987, 0.10896032825112342, 0.10090254889801145, 0.10955756139010192, 0.10848183836787939, 0.10829956401139498, 0.09997121384367347, 0.09852470308542252, 0.11289530284702778, 0.09669728204607964, 0.08747275937348603, 0.10295105306431651, 0.10754537722095847, 0.10701968586072326, 0.10448901811614633, 0.10512905623763799, 0.09881184911355376, 0.10836865724995731, 0.10830880757421255, 0.10457592327147722, 0.09950808510184289, 0.10857973694801332, 0.10218024412170053, 0.10384315075352787, 0.10828369846567512, 0.1058182304725051, 0.10317442873492837, 0.09936583284288644, 0.09456690214574337, 0.1045526179485023, 0.0938132032752037, 0.09904431947506964, 0.09653981178998947, 0.11242114314809443, 0.10394994597882032, 0.1057951346039772, 0.09013339886441826, 0.0932094980031252, 0.09669266454875469, 0.09103304846212268, 0.09423108240589499, 0.09673355082049966, 0.10231444034725427, 0.10842973580583931, 0.08564633671194315, 0.09353979760780931, 0.09989612083882093, 0.09339746590703726, 0.09819410722702741, 0.09457981605082749, 0.09648933559656143, 0.0877250493504107, 0.09759407695382834, 0.09435019725933672, 0.09295487678609789, 0.09361056732013821, 0.10447365157306193, 0.09700748091563582, 0.08386954478919506, 0.09646308720111847, 0.09888141946867109, 0.09031142415478827, 0.08649062141776084, 0.09524615900591016, 0.08917127689346671, 0.0932071914896369, 0.09682774413377046, 0.09320107735693454, 0.10712569206953049, 0.09800467044115066, 0.08368361638858915, 0.09353227037936448, 0.08858134998008609, 0.09615730904042721, 0.08953509293496609, 0.09534603152424098, 0.09524334948509931, 0.10506775537505747, 0.08089427324011922, 0.09595303703099489, 0.08997031012549997, 0.08837147485464811, 0.08260761098936201, 0.0907870626077056, 0.09148076567798853, 0.09140016492456197, 0.08162722839042544, 0.0974165178835392, 0.08106662835925818, 0.08931253897026181, 0.08431713730096817, 0.09070268226787448, 0.10741515262052417, 0.10324374819174409, 0.0899524750187993, 0.08876266917213797, 0.09040756532922387, 0.09157286416739226, 0.10268852151930333, 0.09319434110075236, 0.09485306926071643, 0.09991825511679053, 0.09743078816682099, 0.08922297107055784, 0.08704386167228222, 0.0873971676453948, 0.09221137305721641, 0.08777071451768279, 0.08143823007121682, 0.0846301001496613, 0.08360902667045593, 0.09044050350785256, 0.09450293919071555, 0.09396717511117458, 0.09224622445181012, 0.09173607379198075, 0.09778024079278111, 0.09940107092261315, 0.10283728158101439]
2025-12-04 04:08:15 - fedls - INFO - Namespace(task='sft', fed_alg='fedls', dataset_name='meta-math/MetaMathQA', model_name='huggyllama/llama-7b', split_strategy='iid', alpha=0.5, num_clients=20, num_clients_per_round=2, batch_size=8, max_steps=20, gradient_accumulation_steps=1, lr=5e-05, weight_decay=0.01, epochs=1, num_rounds=200, seed=42, log_file='./log/log.txt', load_in_8bit=False, load_in_4bit=False, use_peft=True, dataset_sample=20000, peft_lora_r=32, peft_lora_alpha=64, seq_len=512, template='alpaca')
2025-12-04 06:43:40 - fedls - INFO - loss data:
2025-12-04 06:43:40 - fedls - INFO - [10.572606533765793, 0.5337029047310352, 0.21335463151335715, 0.18384851031005384, 0.17489493414759635, 0.1624973235651851, 0.17378822565078736, 0.16344694327563047, 0.16107604019343852, 0.16090011447668076, 0.1558714734390378, 0.1391399048268795, 0.15219960007816552, 0.14478407502174379, 0.13348217848688365, 0.14455202566459774, 0.14739829152822495, 0.14484284725040197, 0.1443324167281389, 0.14418264236301184, 0.14288155380636453, 0.13523947894573213, 0.13842976819723846, 0.13991022687405347, 0.14672221112996342, 0.1325623856857419, 0.13601285871118307, 0.1299773009493947, 0.12772858049720526, 0.12724903114140035, 0.13368454873561858, 0.1403017345815897, 0.1333596158772707, 0.12960224617272614, 0.13161271829158067, 0.12407823465764523, 0.12914184406399726, 0.13665307238698005, 0.12312471326440573, 0.12350401692092419, 0.12761368416249752, 0.1403723799623549, 0.12486983882263303, 0.12749420944601297, 0.12946878969669343, 0.11639319080859423, 0.12350856829434634, 0.1175280213356018, 0.13123031463474036, 0.12339748218655586, 0.11925725853070616, 0.11777983596548439, 0.11662670765072107, 0.11302042659372091, 0.11153748910874128, 0.12463218085467814, 0.10673832902684807, 0.11414833208546044, 0.11950987558811903, 0.11602912973612547, 0.11857639346271753, 0.1122317323461175, 0.1067925819195807, 0.10902334451675415, 0.11776708401739597, 0.11373718399554492, 0.1124341545626521, 0.11223001256585122, 0.10312413508072496, 0.11563250198960304, 0.11223071552813053, 0.10054281046614051, 0.10917183719575405, 0.11334566865116358, 0.11069030025973917, 0.1104151863604784, 0.11344699710607528, 0.1115062465891242, 0.11095983944833279, 0.1136351466178894, 0.10999007867649198, 0.10901530981063842, 0.11254078298807144, 0.10035401219502091, 0.10807023197412491, 0.10901158284395933, 0.11003237385302782, 0.11213265694677829, 0.0981556536629796, 0.10418739272281527, 0.11314207874238491, 0.11350310677662492, 0.1073158067651093, 0.09338757954537868, 0.10617213044315577, 0.1086178757250309, 0.1110589312389493, 0.0993283923715353, 0.09875621888786554, 0.09558453299105168, 0.10786741198971866, 0.10542354919016361, 0.09493996193632484, 0.10592875815927982, 0.10225459961220622, 0.10701119699515402, 0.09172425121068954, 0.09378969464451076, 0.10215227855369449, 0.09035479836165905, 0.09462714223191143, 0.1025883162394166, 0.08905044365674257, 0.10835247226059437, 0.0946976814419031, 0.1096185271628201, 0.10364648392423988, 0.107102953735739, 0.0945594385266304, 0.10259436620399356, 0.09709204630926252, 0.09673407711088658, 0.09946596836671233, 0.09486705223098398, 0.09595548193901778, 0.09171478226780891, 0.091081677749753, 0.09794369731098414, 0.09171750452369451, 0.09237534506246448, 0.09533750545233488, 0.09308231668546796, 0.09831513557583094, 0.09292769310995937, 0.090634851064533, 0.09137004017829894, 0.10245458437129855, 0.0928997691720724, 0.08907943610101939, 0.09184833290055394, 0.088505423348397, 0.09605700895190239, 0.09766115797683597, 0.09003593940287828, 0.09978303676471115, 0.0904114605858922, 0.10833165384829044, 0.0854953445494175, 0.10015976540744305, 0.09405771242454648, 0.09432780006900429, 0.08844089917838574, 0.0968549874611199, 0.08862911621108652, 0.09786196649074555, 0.09731460632756353, 0.08894898919388652, 0.087517399340868, 0.08476154394447803, 0.09882634012028575, 0.0906837398186326, 0.08284090692177415, 0.09285445474088191, 0.09185508089140057, 0.09181216908618808, 0.10084905792027712, 0.08950076485052705, 0.08814285350963473, 0.08952987305819987, 0.09794831536710263, 0.09006245788186788, 0.09557025413960218, 0.08899251511320472, 0.0923362926580012, 0.08772155400365592, 0.08701016763225197, 0.09110838249325753, 0.1027019583620131, 0.086026465985924, 0.08514380445703865, 0.08367358511313797, 0.08963867947459221, 0.09638773957267405, 0.07912618387490511, 0.08346884576603769, 0.09911317750811577, 0.08291331389918924, 0.08756887866184115, 0.09410679964348673, 0.09868062501773238, 0.08882977776229381, 0.09368693521246314, 0.0901937979273498, 0.09762339191511274, 0.08841607132926584, 0.09432831415906548, 0.08397692972794174, 0.0903023430146277, 0.08497220166027546, 0.08817697204649448]
2025-12-04 07:34:23 - fedls - INFO - Namespace(task='sft', fed_alg='fedls', dataset_name='meta-math/MetaMathQA', model_name='huggyllama/llama-7b', split_strategy='iid', alpha=0.5, num_clients=20, num_clients_per_round=2, batch_size=8, max_steps=20, gradient_accumulation_steps=1, lr=5e-05, weight_decay=0.01, epochs=1, num_rounds=200, seed=42, log_file='./log/log.txt', load_in_8bit=False, load_in_4bit=False, use_peft=True, dataset_sample=20000, peft_lora_r=32, peft_lora_alpha=64, seq_len=512, template='alpaca')
2025-12-04 07:45:31 - fedls - INFO - Namespace(task='sft', fed_alg='fedls', dataset_name='meta-math/MetaMathQA', model_name='huggyllama/llama-7b', split_strategy='iid', alpha=0.5, num_clients=20, num_clients_per_round=2, batch_size=8, max_steps=20, gradient_accumulation_steps=1, lr=5e-05, weight_decay=0.01, epochs=1, num_rounds=200, seed=123, log_file='./log/log.txt', load_in_8bit=False, load_in_4bit=False, use_peft=True, dataset_sample=20000, peft_lora_r=32, peft_lora_alpha=64, seq_len=512, template='alpaca')
2025-12-04 10:20:32 - fedls - INFO - loss data:
2025-12-04 10:20:32 - fedls - INFO - [10.652423799037933, 0.5354934372007847, 0.20442273728549482, 0.18181042708456516, 0.17093097548931838, 0.16348539777100085, 0.16607334911823274, 0.15140652675181626, 0.14836007691919806, 0.1551942041143775, 0.1470526173710823, 0.1537053592503071, 0.14376814626157283, 0.136200038716197, 0.14880313035100698, 0.13913734536617994, 0.14468958433717488, 0.1323358366265893, 0.13455424439162017, 0.1434504037722945, 0.13673744387924672, 0.1268702380359173, 0.12940542548894882, 0.14188897125422956, 0.12970344899222253, 0.13060696627944707, 0.14040859341621398, 0.12485485207289457, 0.13417963013052941, 0.12889824509620668, 0.13063355460762976, 0.1296430867165327, 0.12874620128422976, 0.12650099564343692, 0.11839284803718328, 0.12638191226869822, 0.12700833436101674, 0.1347945498302579, 0.1290333542972803, 0.12956021204590798, 0.12714897394180297, 0.12101433873176576, 0.1283445443958044, 0.1280199646949768, 0.1251249473541975, 0.11536442656069995, 0.11544272024184465, 0.1245457235723734, 0.1230016952380538, 0.1192307380028069, 0.10584561359137296, 0.11738465428352356, 0.11424759812653065, 0.12079991661012172, 0.11483632288873197, 0.12383083831518887, 0.11606763880699873, 0.12649124953895807, 0.10808858601376414, 0.11007227003574371, 0.1356893450021744, 0.10949421133846043, 0.10248450236395001, 0.12110518291592598, 0.11785341184586287, 0.12086317092180252, 0.11969367191195489, 0.11210937295109033, 0.12098468523472547, 0.11547479145228863, 0.12045600665733218, 0.10709180235862732, 0.10867590103298426, 0.10161027256399394, 0.10448930682614446, 0.11966888280585408, 0.10824313145130873, 0.1199247494339943, 0.10970602743327618, 0.10895577287301421, 0.1064556241966784, 0.10121727893128991, 0.09477308671921492, 0.09988218946382403, 0.10369087103754282, 0.10208940505981445, 0.10993508491665124, 0.09520658859983086, 0.09752101376652718, 0.10889471033588052, 0.09889526972547175, 0.10519335800781845, 0.10974939446896315, 0.11495647681877016, 0.11030907304957509, 0.10365263316780329, 0.10853785192593932, 0.10072234068065881, 0.11603414565324782, 0.10318424282595515, 0.10047559654340148, 0.10220961719751358, 0.1226272327825427, 0.09754754649475217, 0.10249331779778004, 0.10165672348812223, 0.08371247453615069, 0.09808596596121788, 0.09971917988732457, 0.09647593507543206, 0.09396602287888528, 0.09904876714572311, 0.09602604862302541, 0.10151055622845889, 0.0995948350057006, 0.10099543621763588, 0.101621029432863, 0.10578650310635566, 0.0916798695921898, 0.10105844475328923, 0.09881954612210393, 0.09899182561784983, 0.11275453623384238, 0.09519691383466125, 0.09171785097569227, 0.09593896009027958, 0.09798786994069814, 0.08936761831864715, 0.09348529633134603, 0.09949303241446614, 0.09068695930764079, 0.09619555063545704, 0.09397333525121213, 0.10028834147378803, 0.09776918357238173, 0.10130087630823253, 0.08552886173129082, 0.09377376260235906, 0.09940702682361008, 0.08759066415950656, 0.09970969576388597, 0.08599158069118856, 0.09625492868945001, 0.09266730146482588, 0.09375405339524151, 0.1066637153737247, 0.09017494292929769, 0.10566743360832334, 0.10448061572387815, 0.09600456831976772, 0.09913195837289095, 0.09034605696797371, 0.096855977922678, 0.10395973250269891, 0.09220822900533676, 0.10400626230984926, 0.08635117886587977, 0.08468874087557196, 0.0906198282726109, 0.09356357660144568, 0.08056942955590785, 0.0845840610563755, 0.08788936622440816, 0.09856610838323832, 0.08925907369703054, 0.08482564175501467, 0.09639290552586317, 0.08930610828101634, 0.09194857869297265, 0.09909959128126503, 0.09461314734071494, 0.08331619612872601, 0.08760977042838931, 0.08342103101313114, 0.08821019427850843, 0.10094718327745796, 0.09360628388822079, 0.0804447716102004, 0.09404033967293798, 0.08106668228283526, 0.09187346734106541, 0.09843756835907698, 0.08131370330229401, 0.10040846327319741, 0.09678569454699755, 0.09008892858400941, 0.09785355096682906, 0.09237749436870217, 0.08072002083063126, 0.09225784093141556, 0.08466641958802938, 0.0963569057174027, 0.09271473083645106, 0.08374677505344152, 0.09447831362485885, 0.09065953409299254, 0.08618103573098779, 0.08639448201283811, 0.08908442901447416, 0.08868012968450785]
2025-12-04 13:41:43 - fedls - INFO - Namespace(task='sft', fed_alg='fedls', dataset_name='meta-math/MetaMathQA', model_name='huggyllama/llama-7b', split_strategy='iid', alpha=0.5, num_clients=20, num_clients_per_round=2, batch_size=8, max_steps=20, gradient_accumulation_steps=1, lr=5e-05, weight_decay=0.01, epochs=1, num_rounds=200, seed=123, log_file='./log/log.txt', load_in_8bit=False, load_in_4bit=False, use_peft=True, dataset_sample=20000, peft_lora_r=32, peft_lora_alpha=64, seq_len=512, template='alpaca')
2025-12-04 17:11:14 - fedls - INFO - Namespace(task='sft', fed_alg='fedls', dataset_name='meta-math/MetaMathQA', model_name='huggyllama/llama-7b', split_strategy='iid', alpha=0.5, num_clients=20, num_clients_per_round=2, batch_size=8, max_steps=20, gradient_accumulation_steps=1, lr=5e-05, weight_decay=0.01, epochs=1, num_rounds=200, seed=123, log_file='./log/log.txt', load_in_8bit=False, load_in_4bit=False, use_peft=True, dataset_sample=20000, peft_lora_r=32, peft_lora_alpha=64, seq_len=512, template='alpaca')
2025-12-04 19:44:15 - fedls - INFO - loss data:
2025-12-04 19:44:15 - fedls - INFO - [10.652423799037933, 0.5354934372007847, 0.20442273728549482, 0.18181042708456516, 0.17093097548931838, 0.16348539777100085, 0.16607334911823274, 0.15140652675181626, 0.14836007691919806, 0.1551942041143775, 0.1470526173710823, 0.1537053592503071, 0.14376814626157283, 0.136200038716197, 0.14880313035100698, 0.13913734536617994, 0.14468958433717488, 0.1323358366265893, 0.13455424439162017, 0.1434504037722945, 0.13673744387924672, 0.1268702380359173, 0.12940542548894882, 0.14188897125422956, 0.12970344899222253, 0.13060696627944707, 0.14040859341621398, 0.12485485207289457, 0.13417963013052941, 0.12889824509620668, 0.13063355460762976, 0.1296430867165327, 0.12874620128422976, 0.12650099564343692, 0.11839284803718328, 0.12638191226869822, 0.12700833436101674, 0.1347945498302579, 0.1290333542972803, 0.12956021204590798, 0.12714897394180297, 0.12101433873176576, 0.1283445443958044, 0.1280199646949768, 0.1251249473541975, 0.11536442656069995, 0.11544272024184465, 0.1245457235723734, 0.1230016952380538, 0.1192307380028069, 0.10584561359137296, 0.11738465428352356, 0.11424759812653065, 0.12079991661012172, 0.11483632288873197, 0.12383083831518887, 0.11606763880699873, 0.12649124953895807, 0.10808858601376414, 0.11007227003574371, 0.1356893450021744, 0.10949421133846043, 0.10248450236395001, 0.12110518291592598, 0.11785341184586287, 0.12086317092180252, 0.11969367191195489, 0.11210937295109033, 0.12098468523472547, 0.11547479145228863, 0.12045600665733218, 0.10709180235862732, 0.10867590103298426, 0.10161027256399394, 0.10448930682614446, 0.11966888280585408, 0.10824313145130873, 0.1199247494339943, 0.10970602743327618, 0.10895577287301421, 0.1064556241966784, 0.10121727893128991, 0.09477308671921492, 0.09988218946382403, 0.10369087103754282, 0.10208940505981445, 0.10993508491665124, 0.09520658859983086, 0.09752101376652718, 0.10889471033588052, 0.09889526972547175, 0.10519335800781845, 0.10974939446896315, 0.11495647681877016, 0.11030907304957509, 0.10365263316780329, 0.10853785192593932, 0.10072234068065881, 0.11603414565324782, 0.10318424282595515, 0.10047559654340148, 0.10220961719751358, 0.1226272327825427, 0.09754754649475217, 0.10249331779778004, 0.10165672348812223, 0.08371247453615069, 0.09808596596121788, 0.09971917988732457, 0.09647593507543206, 0.09396602287888528, 0.09904876714572311, 0.09602604862302541, 0.10151055622845889, 0.0995948350057006, 0.10099543621763588, 0.101621029432863, 0.10578650310635566, 0.0916798695921898, 0.10105844475328923, 0.09881954612210393, 0.09899182561784983, 0.11275453623384238, 0.09519691383466125, 0.09171785097569227, 0.09593896009027958, 0.09798786994069814, 0.08936761831864715, 0.09348529633134603, 0.09949303241446614, 0.09068695930764079, 0.09619555063545704, 0.09397333525121213, 0.10028834147378803, 0.09776918357238173, 0.10130087630823253, 0.08552886173129082, 0.09377376260235906, 0.09940702682361008, 0.08759066415950656, 0.09970969576388597, 0.08599158069118856, 0.09625492868945001, 0.09266730146482588, 0.09375405339524151, 0.1066637153737247, 0.09017494292929769, 0.10566743360832334, 0.10448061572387815, 0.09600456831976772, 0.09913195837289095, 0.09034605696797371, 0.096855977922678, 0.10395973250269891, 0.09220822900533676, 0.10400626230984926, 0.08635117886587977, 0.08468874087557196, 0.0906198282726109, 0.09356357660144568, 0.08056942955590785, 0.0845840610563755, 0.08788936622440816, 0.09856610838323832, 0.08925907369703054, 0.08482564175501467, 0.09639290552586317, 0.08930610828101634, 0.09194857869297265, 0.09909959128126503, 0.09461314734071494, 0.08331619612872601, 0.08760977042838931, 0.08342103101313114, 0.08821019427850843, 0.10094718327745796, 0.09360628388822079, 0.0804447716102004, 0.09404033967293798, 0.08106668228283526, 0.09187346734106541, 0.09843756835907698, 0.08131370330229401, 0.10040846327319741, 0.09678569454699755, 0.09008892858400941, 0.09785355096682906, 0.09237749436870217, 0.08072002083063126, 0.09225784093141556, 0.08466641958802938, 0.0963569057174027, 0.09271473083645106, 0.08374677505344152, 0.09447831362485885, 0.09065953409299254, 0.08618103573098779, 0.08639448201283811, 0.08908442901447416, 0.08868012968450785]
2025-12-05 03:21:05 - fedls - INFO - Namespace(task='sft', fed_alg='fedls', dataset_name='meta-math/MetaMathQA', model_name='huggyllama/llama-7b', split_strategy='iid', alpha=0.5, num_clients=20, num_clients_per_round=2, batch_size=8, max_steps=20, gradient_accumulation_steps=1, lr=5e-05, weight_decay=0.01, epochs=1, num_rounds=200, seed=123, log_file='./log/log.txt', load_in_8bit=False, load_in_4bit=False, use_peft=True, dataset_sample=20000, peft_lora_r=32, peft_lora_alpha=64, seq_len=512, template='alpaca')
2025-12-05 06:01:03 - fedls - INFO - loss data:
2025-12-05 06:01:03 - fedls - INFO - [10.652423799037933, 0.5353987600654364, 0.20440526492893696, 0.18204227946698665, 0.17106562294065952, 0.1634831428527832, 0.1661701027303934, 0.15144814215600488, 0.1483355676755309, 0.15521313063800335, 0.1471282562240958, 0.15365621708333493, 0.1437664333730936, 0.13621876090765, 0.14879534337669612, 0.13917434122413397, 0.1447109332308173, 0.13237207848578691, 0.13460376728326084, 0.14348844140768052, 0.1368512211367488, 0.12681956999003888, 0.12938213981688024, 0.1418417815119028, 0.12964513851329684, 0.1305351611226797, 0.14041292779147624, 0.12478882279247044, 0.1341799948364496, 0.1289676159620285, 0.13068757141008974, 0.12960426807403563, 0.12874281350523234, 0.1265214651823044, 0.11842282582074404, 0.12629025112837552, 0.1269971987232566, 0.13487221524119375, 0.12898194519802927, 0.12952664513140916, 0.12709415555000306, 0.12095221541821957, 0.1283498492091894, 0.12810216331854463, 0.12509986497461795, 0.11532762553542852, 0.11544820424169303, 0.12461001165211201, 0.12298138942569495, 0.11919198939576744, 0.1058471322990954, 0.11728497724980116, 0.11418779380619526, 0.12094729114323854, 0.11491837687790393, 0.12387472661212087, 0.11607914064079522, 0.12659452147781847, 0.1081655316054821, 0.1101261442527175, 0.13563803657889367, 0.10951585927978158, 0.102557363640517, 0.12111875638365746, 0.11801737286150454, 0.12083500195294619, 0.11978864800184966, 0.11217311806976796, 0.1210165542550385, 0.11552382875233888, 0.12041062815114856, 0.10711456928402185, 0.10879888702183962, 0.10174210425466299, 0.10463733840733766, 0.11979624237865209, 0.10832264833152294, 0.12003286369144917, 0.10982960108667612, 0.10900933193042875, 0.10647027408704163, 0.10130422683432698, 0.09492532443255186, 0.10003479868173598, 0.10381406154483558, 0.10207942565903066, 0.10988812716677784, 0.09532584501430393, 0.09761913251131774, 0.10897752922028303, 0.09902894617989659, 0.10519371386617421, 0.10978921800851822, 0.11507725659757853, 0.11035131197422743, 0.10371621744707227, 0.10857945764437318, 0.10085816523060204, 0.11607674863189459, 0.10335820624604822, 0.10066150277853012, 0.10238920105621219, 0.12271841336041689, 0.09776456356048584, 0.10269379001110793, 0.10165424114093184, 0.08381368508562445, 0.09836830822750926, 0.09991136975586415, 0.0966657804325223, 0.09410675698891283, 0.09920537080615759, 0.09632498482242227, 0.10171103738248348, 0.09973523272201418, 0.10123069137334824, 0.1018838801421225, 0.10608633467927575, 0.091930091381073, 0.10131928063929081, 0.0988684925250709, 0.09910125378519297, 0.11289617670699953, 0.09543797429651021, 0.09190882761031388, 0.09627277432009577, 0.09812091682106255, 0.08965808199718595, 0.0937613345682621, 0.09973877109587193, 0.09083706242963671, 0.09647888131439686, 0.09421980530023574, 0.1005996790714562, 0.0979934824630618, 0.10155204441398383, 0.0857414965517819, 0.09404754508286714, 0.09955045171082019, 0.087843475677073, 0.10003488836809993, 0.08627175278961657, 0.09646172309294343, 0.09302604421973229, 0.09398826584219933, 0.10688458355143665, 0.09043004680424929, 0.10601545590907335, 0.10475013470277189, 0.09618213148787617, 0.09948627622798084, 0.09065893124789, 0.0972312950529158, 0.1042312141507864, 0.09247135119512677, 0.10442194035276771, 0.08672789772972464, 0.0851535272784531, 0.09113284535706043, 0.09395650597289204, 0.0808300825767219, 0.08502057986333966, 0.08833185071125627, 0.09894343772903086, 0.08953702263534069, 0.08519645873457193, 0.09698631688952447, 0.0896661757491529, 0.09227077104151249, 0.09948876993730664, 0.09500602493062615, 0.08377365684136748, 0.08807340804487467, 0.08401801651343704, 0.0886876279488206, 0.10125149860978126, 0.09404147742316127, 0.08094925154000521, 0.09452385483309628, 0.08144983910024167, 0.09214484859257936, 0.0989205832593143, 0.08171387929469347, 0.10079818982630967, 0.09723285846412183, 0.09054432855919003, 0.09830082785338164, 0.09273993354290724, 0.08122926196083427, 0.09267441015690565, 0.08516777781769633, 0.09674414964392782, 0.09323183549568057, 0.0841430753469467, 0.0951400195248425, 0.09104924807325006, 0.08669618424028158, 0.08693455737084149, 0.08961806362494826, 0.08920230353251099]
2025-12-05 08:25:33 - fedls - INFO - Namespace(task='sft', fed_alg='fedls', dataset_name='meta-math/MetaMathQA', model_name='huggyllama/llama-7b', split_strategy='iid', alpha=0.5, num_clients=20, num_clients_per_round=2, batch_size=8, max_steps=20, gradient_accumulation_steps=1, lr=5e-05, weight_decay=0.01, epochs=1, num_rounds=200, seed=456, log_file='./log/log.txt', load_in_8bit=False, load_in_4bit=False, use_peft=True, dataset_sample=20000, peft_lora_r=32, peft_lora_alpha=64, seq_len=512, template='alpaca')
2025-12-05 08:27:51 - fedls - INFO - Namespace(task='sft', fed_alg='fedls', dataset_name='meta-math/MetaMathQA', model_name='huggyllama/llama-7b', split_strategy='iid', alpha=0.5, num_clients=20, num_clients_per_round=2, batch_size=8, max_steps=20, gradient_accumulation_steps=1, lr=5e-05, weight_decay=0.01, epochs=1, num_rounds=200, seed=123, log_file='./log/log.txt', load_in_8bit=False, load_in_4bit=False, use_peft=True, dataset_sample=20000, peft_lora_r=32, peft_lora_alpha=64, seq_len=512, template='alpaca')
2025-12-05 08:32:09 - fedls - INFO - Namespace(task='sft', fed_alg='fedls', dataset_name='meta-math/MetaMathQA', model_name='huggyllama/llama-7b', split_strategy='iid', alpha=0.5, num_clients=20, num_clients_per_round=2, batch_size=8, max_steps=20, gradient_accumulation_steps=1, lr=5e-05, weight_decay=0.01, epochs=1, num_rounds=200, seed=123, log_file='./log/log.txt', load_in_8bit=False, load_in_4bit=False, use_peft=True, dataset_sample=20000, peft_lora_r=32, peft_lora_alpha=64, seq_len=512, template='alpaca')
2025-12-05 11:08:43 - fedls - INFO - loss data:
2025-12-05 11:08:43 - fedls - INFO - [10.652423799037933, 0.5354934372007847, 0.20442273728549482, 0.18181042708456516, 0.17093097548931838, 0.16348539777100085, 0.16607334911823274, 0.15140652675181626, 0.14836007691919806, 0.1551942041143775, 0.1470526173710823, 0.1537053592503071, 0.14376814626157283, 0.136200038716197, 0.14880313035100698, 0.13913734536617994, 0.14468958433717488, 0.1323358366265893, 0.13455424439162017, 0.1434504037722945, 0.13674827311187981, 0.12683195127174257, 0.12942293826490642, 0.14186740163713693, 0.1296752511523664, 0.13061378747224808, 0.1404352320358157, 0.12480132617056369, 0.13421159982681274, 0.12898832373321056, 0.13067326042801142, 0.12962936758995058, 0.12876622825860978, 0.12660059034824372, 0.1184653913602233, 0.12640852387994528, 0.127057346329093, 0.1348458431661129, 0.12902787094935775, 0.12952825576066973, 0.1271098878234625, 0.12092886194586754, 0.12836410086601974, 0.12811152208596469, 0.12515487000346184, 0.11542282700538636, 0.11545975394546985, 0.1245241992175579, 0.12310543321073056, 0.11929868385195733, 0.1058738823980093, 0.11732868757098913, 0.11422275193035603, 0.12082563545554877, 0.11494282698258758, 0.12388056516647339, 0.11614039503037929, 0.12663571108132599, 0.10822892719879745, 0.11010548528283834, 0.1357110697776079, 0.10951261660084129, 0.10264871055260301, 0.1212319852784276, 0.11798504646867514, 0.12090954883024096, 0.11981642562896014, 0.11228179046884179, 0.12113483669236302, 0.1156226871535182, 0.12051980886608363, 0.10719798281788825, 0.1088263544254005, 0.10181921487674117, 0.10462432913482189, 0.11971970768645405, 0.10835924707353115, 0.12011684402823447, 0.10984568577259779, 0.10904396967962385, 0.1065150043927133, 0.10133092962205409, 0.09506561812013388, 0.10007613357156515, 0.10390173550695181, 0.10214237598702311, 0.10997651591897012, 0.0953933279030025, 0.09769929656758905, 0.10909170852974057, 0.09910489097237588, 0.10529229585081339, 0.10985099133104087, 0.11513780150562525, 0.11050705211237072, 0.10379112986847758, 0.10870884554460644, 0.10083670606836675, 0.11613543741405011, 0.10336213689297438, 0.1006438042037189, 0.10236828653141855, 0.12279556076973677, 0.097821038775146, 0.10270746201276779, 0.1017630255781114, 0.08393285349011421, 0.09835970848798752, 0.0999711774289608, 0.096711556147784, 0.09411473367363216, 0.09928055237978697, 0.09640518473461271, 0.10179110942408442, 0.09986554766073824, 0.10115276612341403, 0.10189757393673063, 0.10603242749348282, 0.09196021035313606, 0.1013848016038537, 0.09899758929386734, 0.09927912000566722, 0.11297069964930415, 0.09551568776369096, 0.09200248783454298, 0.09629186196252704, 0.09823783319443465, 0.08972257422283292, 0.0938021769747138, 0.09977608192712069, 0.09088974287733435, 0.09649203242734075, 0.09410825660452246, 0.10072394348680973, 0.0980117229744792, 0.10160111971199512, 0.08576379101723433, 0.094176634401083, 0.09963710410520435, 0.08800302855670453, 0.10008160937577487, 0.08629798097535968, 0.09656915105879307, 0.09301025522872805, 0.09399358322843909, 0.10691739330068231, 0.09054557643830777, 0.1060635126195848, 0.10478349216282368, 0.09629475083202124, 0.09952449426054955, 0.0907234343700111, 0.09728231476619839, 0.1043238440528512, 0.09267029287293553, 0.10443357191979885, 0.08677305867895485, 0.08519860217347741, 0.09120145691558719, 0.09400964109227061, 0.08101243451237677, 0.08503167228773237, 0.08846088526770472, 0.09896288029849529, 0.08969040159136057, 0.08526755357161164, 0.0969606788828969, 0.08970931945368649, 0.09243455920368433, 0.09954703506082296, 0.09511780887842178, 0.08380358852446079, 0.08813401507213711, 0.08420804888010025, 0.08878400577232243, 0.10129171032458545, 0.09411086020991206, 0.08094948083162307, 0.0945229479111731, 0.08153342623263599, 0.09220984363928436, 0.09891534121707082, 0.08176817847415804, 0.1008114199154079, 0.09719639448449016, 0.09055595556274057, 0.09832537444308401, 0.0928370177745819, 0.0813390993513167, 0.09274048311635852, 0.08522537527605892, 0.0967993825674057, 0.09327072594314814, 0.08418322103098035, 0.09524741685017943, 0.09111373545601964, 0.0867796682752669, 0.08707790877670049, 0.08968025157228113, 0.0892851699143648]
2025-12-06 06:57:39 - fedls - INFO - Namespace(task='sft', fed_alg='fedls', dataset_name='meta-math/MetaMathQA', model_name='huggyllama/llama-7b', split_strategy='iid', alpha=0.5, num_clients=20, num_clients_per_round=2, batch_size=8, max_steps=20, gradient_accumulation_steps=1, lr=5e-05, weight_decay=0.01, epochs=1, num_rounds=200, seed=42, log_file='./log/log.txt', load_in_8bit=False, load_in_4bit=False, use_peft=True, dataset_sample=20000, peft_lora_r=32, peft_lora_alpha=64, seq_len=512, template='alpaca', tau=0.02, ex_style=True)
2025-12-06 06:59:46 - fedls - INFO - Namespace(task='sft', fed_alg='fedls', dataset_name='meta-math/MetaMathQA', model_name='huggyllama/llama-7b', split_strategy='iid', alpha=0.5, num_clients=20, num_clients_per_round=2, batch_size=8, max_steps=20, gradient_accumulation_steps=1, lr=5e-05, weight_decay=0.01, epochs=1, num_rounds=200, seed=42, log_file='./log/log.txt', load_in_8bit=False, load_in_4bit=False, use_peft=True, dataset_sample=20000, peft_lora_r=32, peft_lora_alpha=64, seq_len=512, template='alpaca', tau=0.02, ex_style=True)
2025-12-06 07:07:06 - fedls - INFO - Namespace(task='sft', fed_alg='fedls', dataset_name='meta-math/MetaMathQA', model_name='huggyllama/llama-7b', split_strategy='iid', alpha=0.5, num_clients=20, num_clients_per_round=2, batch_size=8, max_steps=20, gradient_accumulation_steps=1, lr=5e-05, weight_decay=0.01, epochs=1, num_rounds=200, seed=42, log_file='./log/log.txt', load_in_8bit=False, load_in_4bit=False, use_peft=True, dataset_sample=20000, peft_lora_r=32, peft_lora_alpha=64, seq_len=512, template='alpaca', tau=0.02, ex_style=True)
2025-12-06 09:54:15 - fedls - INFO - loss data:
2025-12-06 09:54:15 - fedls - INFO - [10.572606533765793, 0.36542010866105556, 0.18282581884413956, 0.16960991621017457, 0.16610212493687868, 0.15434615928679704, 0.1664053050801158, 0.15606076810508968, 0.15347384102642536, 0.15447182655334474, 0.14999266769737007, 0.13376379385590553, 0.14548847619444133, 0.1389963010326028, 0.1269067905843258, 0.14004448503255845, 0.1410171387717128, 0.14073059502989055, 0.1396762479096651, 0.13919806331396103, 0.13736635465174912, 0.13059867955744264, 0.1344839010387659, 0.1346073631197214, 0.1412584915757179, 0.12618449609726667, 0.13133143447339535, 0.12473292239010333, 0.12426342554390431, 0.12208515219390392, 0.12761249169707298, 0.13639888912439346, 0.12804371863603592, 0.1230683984234929, 0.12455198783427476, 0.11830561300739645, 0.12518771626055242, 0.12937212660908698, 0.11694407612085342, 0.11797959320247173, 0.12250311132520436, 0.1334606376476586, 0.1186719847843051, 0.12192540243268013, 0.12674301229417323, 0.11271084835752845, 0.11396717373281717, 0.11222995817661285, 0.12451982060447335, 0.11710622422397138, 0.11504445755854249, 0.11393837314099073, 0.11252277251332998, 0.1072982476092875, 0.10462743658572435, 0.11798471352085471, 0.10082761850208044, 0.10741871679201723, 0.11235819822177291, 0.10794492121785879, 0.11281249206513166, 0.10564669007435441, 0.09951938819140196, 0.10370866712182761, 0.111883629206568, 0.10777390589937567, 0.10758490664884449, 0.10544435139745473, 0.09689217880368234, 0.11131607592105866, 0.10630009975284338, 0.09319429108873009, 0.10314657306298614, 0.10949592795222998, 0.10619429722428322, 0.1032629046589136, 0.107645826600492, 0.10625960594043135, 0.10515785776078701, 0.10688640763983132, 0.10180309014394878, 0.1038283291272819, 0.10382202370092272, 0.09366250270977616, 0.10160121675580741, 0.10044422587379813, 0.10390631975606084, 0.10402083257213235, 0.09055902101099492, 0.09838514113798738, 0.10796927167102695, 0.10753218978643417, 0.10056771207600831, 0.08310851217247545, 0.09883274333551526, 0.10181324575096369, 0.10468472456559538, 0.09101041583344341, 0.09260072791948915, 0.08754659751430155, 0.09949101181700826, 0.09713242156431079, 0.08690781109035015, 0.09865953270345926, 0.09544961396604776, 0.10180911938659847, 0.08280828846618533, 0.087415777053684, 0.0945559173822403, 0.0811019933782518, 0.08690239666029811, 0.09992051674053073, 0.08155219964683055, 0.10048350980505347, 0.08588538765907289, 0.10371845960617065, 0.09798662131652236, 0.09753674175590277, 0.0841968135908246, 0.09316857615485788, 0.08787175249308347, 0.08915961841121317, 0.09336467841640114, 0.08652075221762061, 0.08747869674116374, 0.08441535551100969, 0.08229756979271768, 0.08912220746278762, 0.08404005393385888, 0.08462228351272642, 0.08602889906615019, 0.08289520116522908, 0.09003521846607328, 0.08584731612354517, 0.08647815166041255, 0.08121766429394484, 0.09620284624397754, 0.08539841752499341, 0.08087174827232957, 0.08223969331011176, 0.0808023595251143, 0.08916150573641062, 0.08949514292180538, 0.07954796245321633, 0.0918580044992268, 0.08355599828064442, 0.10146050304174423, 0.07586487550288439, 0.09155527725815774, 0.0856757435016334, 0.08607442835345865, 0.07758518075570464, 0.09039544202387334, 0.08028936432674527, 0.09169002342969179, 0.09091408969834447, 0.07820048052817583, 0.07821152759715914, 0.07147746337577701, 0.09005994577892124, 0.08271260159090162, 0.07634015600197017, 0.08734190370887518, 0.0812970045953989, 0.08362721828743816, 0.09505785349756479, 0.08003853978589177, 0.0815270404331386, 0.07921487796120345, 0.08813918279483915, 0.07937718844041228, 0.08781001828610897, 0.0780850812792778, 0.08652252582833171, 0.07676769495010376, 0.07706853784620762, 0.08374791834503412, 0.09165850449353456, 0.07468354608863592, 0.07519356268458069, 0.07682012608274817, 0.08302405858412384, 0.08807489294558764, 0.06888949628919364, 0.07643906315788626, 0.08767971880733966, 0.07220055386424065, 0.07948499284684657, 0.08313820268958808, 0.09261618778109551, 0.08209745991043746, 0.08581118239089847, 0.08268326297402381, 0.09078378323465586, 0.08057113578543067, 0.08427134416997434, 0.07353829396888614, 0.08115383125841619, 0.07596706245094537, 0.08260774072259663]
2025-12-06 10:01:27 - fedls - INFO - Namespace(task='sft', fed_alg='fedls', dataset_name='meta-math/MetaMathQA', model_name='huggyllama/llama-7b', split_strategy='iid', alpha=0.5, num_clients=20, num_clients_per_round=2, batch_size=8, max_steps=20, gradient_accumulation_steps=1, lr=5e-05, weight_decay=0.01, epochs=1, num_rounds=200, seed=123, log_file='./log/log.txt', load_in_8bit=False, load_in_4bit=False, use_peft=True, dataset_sample=20000, peft_lora_r=32, peft_lora_alpha=64, seq_len=512, template='alpaca', tau=0.02, ex_style=True)
2025-12-06 12:40:35 - fedls - INFO - loss data:
2025-12-06 12:40:35 - fedls - INFO - [10.652423799037933, 0.3698143092915416, 0.18024169746786356, 0.1692936599254608, 0.1624414574354887, 0.15523672159761193, 0.15826362948864697, 0.14512831177562474, 0.14194395150989295, 0.14957712758332492, 0.14076414294540882, 0.14845179244875908, 0.136620257422328, 0.1312393955886364, 0.14227103572338817, 0.13460085541009903, 0.13998012319207193, 0.1259106772020459, 0.12935391273349522, 0.13747082203626632, 0.13155992943793535, 0.12138832360506058, 0.12451433688402175, 0.13774844873696565, 0.12459561126306654, 0.12436183262616396, 0.13556699305772782, 0.1198862062767148, 0.12773067969828844, 0.1244013223797083, 0.12563640726730227, 0.1239108475856483, 0.12243787050247193, 0.12116231713443995, 0.11097310446202754, 0.12051430027931928, 0.12188832759857178, 0.12987808026373387, 0.1221352431923151, 0.12514272555708886, 0.12210535584017634, 0.116696641407907, 0.12276187576353549, 0.12051855828613042, 0.1204849110916257, 0.10876028742641211, 0.11098004132509232, 0.12113165780901909, 0.11851315191015602, 0.11184206288307905, 0.10171618312597275, 0.11070097479969263, 0.10908398628234864, 0.11409294437617062, 0.10668810335919261, 0.11809797296300531, 0.11054433174431325, 0.12066108491271735, 0.10132819404825569, 0.10419864486902952, 0.13052595686167479, 0.10210436694324017, 0.0966176139190793, 0.11566900778561831, 0.11107190940529107, 0.11787050981074572, 0.11492549600079655, 0.10460471231490373, 0.11559968730434775, 0.10749743757769466, 0.11457173163071274, 0.10054969936609268, 0.10329203456640243, 0.0943739208392799, 0.09882358489558102, 0.11647274773567914, 0.10275860410183668, 0.11400633230805396, 0.10327337142080067, 0.10084312865510583, 0.10186897972598671, 0.09306542174890638, 0.08857332300394774, 0.09257926568388938, 0.09768920051865279, 0.09673269568011164, 0.10312876524403691, 0.08656973680481314, 0.08950441032648088, 0.10314081152901053, 0.09171771770343184, 0.09727803319692611, 0.10488657923415304, 0.10767080970108509, 0.10528584877029061, 0.0974629339762032, 0.10013058735057712, 0.09133614003658294, 0.11036653742194175, 0.0956862410530448, 0.09292643936350942, 0.0950102111324668, 0.11368123721331358, 0.08768135840073228, 0.09638323178514838, 0.0959872636012733, 0.07448302507400512, 0.09003472737967969, 0.09414134025573731, 0.08773433221504093, 0.0850832998752594, 0.09116628458723426, 0.08557394044473768, 0.09635046040639281, 0.0952460023574531, 0.09383779196068645, 0.097827750723809, 0.09674257738515735, 0.08367360765114426, 0.09196336390450596, 0.09273290708661079, 0.09271138422191144, 0.1044618470594287, 0.08851570077240467, 0.08266709856688975, 0.08596880948171019, 0.09243126660585405, 0.08171698004007338, 0.08587264968082309, 0.0923080456443131, 0.08278742507100106, 0.08981616152450442, 0.08706130143254995, 0.09226411441341043, 0.09257101602852344, 0.09493660908192397, 0.07593423798680306, 0.08743716794997453, 0.09345132866874337, 0.07608926901593804, 0.09208268327638508, 0.07844825657084584, 0.0920059504918754, 0.08333667796105146, 0.091704177018255, 0.0987597854807973, 0.0803144857287407, 0.09632830014452337, 0.1019438928924501, 0.09145673774182797, 0.09285848466679454, 0.08268614653497934, 0.08760247742757202, 0.09729345859959722, 0.08223651293665171, 0.09620625143870712, 0.07814791444689034, 0.07603156249970197, 0.07762531284242868, 0.08332766797393559, 0.07095546564087271, 0.0758881613612175, 0.07904343334957957, 0.0898448477499187, 0.08381134420633315, 0.07664136737585067, 0.08747972240671514, 0.08126365384086967, 0.08597970893606544, 0.09123925510793923, 0.08934088973328472, 0.07100671026855707, 0.07820281647145748, 0.07322351718321443, 0.07955616246908903, 0.09354731710627676, 0.08391939336434007, 0.07089910143986344, 0.08044104403816163, 0.07201736206188798, 0.08511902038007975, 0.09403798761777579, 0.06884591588750481, 0.09542206954210997, 0.08617211496457458, 0.08155429419130086, 0.08721891772001983, 0.08747665602713824, 0.06943961586803199, 0.08355631548911333, 0.07425510510802269, 0.09021653328090906, 0.08098304187878966, 0.0740813348442316, 0.08573973830789328, 0.08045021193102002, 0.07771203182637693, 0.07541166869923473, 0.07861202461645006, 0.07971131345257162]
2025-12-06 12:47:37 - fedls - INFO - Namespace(task='sft', fed_alg='fedls', dataset_name='meta-math/MetaMathQA', model_name='huggyllama/llama-7b', split_strategy='iid', alpha=0.5, num_clients=20, num_clients_per_round=2, batch_size=8, max_steps=20, gradient_accumulation_steps=1, lr=5e-05, weight_decay=0.01, epochs=1, num_rounds=200, seed=456, log_file='./log/log.txt', load_in_8bit=False, load_in_4bit=False, use_peft=True, dataset_sample=20000, peft_lora_r=32, peft_lora_alpha=64, seq_len=512, template='alpaca', tau=0.02, ex_style=True)
2025-12-06 15:27:31 - fedls - INFO - loss data:
2025-12-06 15:27:31 - fedls - INFO - [10.798131334781647, 0.35350894629955293, 0.1898437190800905, 0.17609114218503236, 0.15707537364214658, 0.14703579936176536, 0.15751725565642116, 0.1418785648420453, 0.14298277702182532, 0.14690561778843403, 0.15366736836731434, 0.1494273217394948, 0.12905202694237233, 0.15225847400724887, 0.12751725520938634, 0.14595879334956408, 0.12889694180339573, 0.1533412545919418, 0.13548678420484067, 0.14628598690032957, 0.14397871457040312, 0.13378175757825372, 0.14432506654411553, 0.13171751294285058, 0.11771566728129984, 0.12813689075410367, 0.1162026735022664, 0.12724757250398397, 0.1277948621660471, 0.12197109665721655, 0.1282561944797635, 0.12466635536402464, 0.11809824183583259, 0.12363797556608916, 0.11787719940766692, 0.11591027453541755, 0.12246196027845144, 0.12180343940854073, 0.12289468199014664, 0.11765824081376194, 0.11374138593673705, 0.11389098009094596, 0.10706971557810903, 0.119971027597785, 0.11310388855636119, 0.12277367264032363, 0.11962379831820727, 0.11739138532429934, 0.10646738829091192, 0.09989869482815265, 0.11368286218494178, 0.12668459936976434, 0.10092800380662084, 0.10771988667547702, 0.10051523009315133, 0.11009492790326476, 0.10272418204694986, 0.09847428817301988, 0.10653606448322533, 0.11476868260651826, 0.11657156385481357, 0.11576876621693372, 0.11637471588328481, 0.12162776179611684, 0.1144029287621379, 0.11204537199810147, 0.0917038987390697, 0.09922104394063352, 0.10890716603025793, 0.11847684811800718, 0.09684462612494826, 0.11621810868382454, 0.10760865807533264, 0.10165821174159646, 0.09234468545764685, 0.10593827264383435, 0.10390316592529417, 0.11149657499045135, 0.11025372669100761, 0.10673871953040362, 0.09408512217923999, 0.10830841762945057, 0.09908460089936852, 0.09259154414758086, 0.10388916544616222, 0.09831438874825835, 0.10291750868782401, 0.0965914367698133, 0.0933724008500576, 0.10691071916371583, 0.08605396505445242, 0.07629551962018014, 0.09638931518420576, 0.10374842304736376, 0.0983088075183332, 0.09694721335545183, 0.09609080934897066, 0.08992125904187559, 0.10041525848209859, 0.10081437965855003, 0.09746526954695582, 0.09245900604873895, 0.10497972331941127, 0.09171789707615971, 0.09697831338271498, 0.10076315719634295, 0.09931334601715207, 0.09475081907585263, 0.09304599752649664, 0.08732658801600338, 0.09509627977386118, 0.08444717973470689, 0.09531097738072276, 0.08929656529799104, 0.10806872742250562, 0.09373880429193376, 0.09702227758243681, 0.08160470258444548, 0.08551413230597973, 0.09198474762961267, 0.08007061518728734, 0.08739657793194056, 0.0907405992038548, 0.09404826806858183, 0.1021557243540883, 0.08164083566516638, 0.08288638126105069, 0.09541483288630842, 0.08514890531077982, 0.09124253280460834, 0.0868056577630341, 0.08695667237043381, 0.08095846502110363, 0.09075334733352065, 0.08503565909340977, 0.08278514617122709, 0.08688970236107707, 0.100403624586761, 0.08835741272196174, 0.07226763069629669, 0.08752834433689713, 0.09204692365601658, 0.08566419379785657, 0.07791981417685748, 0.08941024346277118, 0.08188152508810162, 0.08108122674748301, 0.08967859763652086, 0.0847193486057222, 0.1048875343054533, 0.08976074168458581, 0.07504235724918544, 0.08512626737356185, 0.08189685149118305, 0.08848588513210416, 0.07696825014427304, 0.08823721949011087, 0.08934554895386099, 0.09884937759488821, 0.07050762777216732, 0.08546910285949708, 0.08229947565123438, 0.07728458810597658, 0.0734854898415506, 0.0823828961700201, 0.08519334923475981, 0.08036639746278525, 0.06983253816142679, 0.0890167842619121, 0.07191290878690779, 0.08151836972683668, 0.07180913710035383, 0.0791151829995215, 0.10049642864614725, 0.09567363932728767, 0.08165712794288993, 0.07542092017829419, 0.08401959156617522, 0.07982362406328321, 0.09539955854415894, 0.08532413998618722, 0.08579873917624355, 0.08919142158702016, 0.09206668334081769, 0.08261613454669714, 0.07580476449802517, 0.07502822671085596, 0.08125590747222305, 0.07715398059226572, 0.07474503903649748, 0.07667947681620717, 0.0730304758064449, 0.07942006662487983, 0.08587708445265889, 0.08701232839375735, 0.08230345575138927, 0.08434241972863674, 0.09212005864828826, 0.09012248488143086, 0.09604004053398967]
2025-12-08 07:37:18 - fedls - INFO - Namespace(task='sft', fed_alg='fedls', dataset_name='meta-math/MetaMathQA', model_name='huggyllama/llama-7b', split_strategy='iid', alpha=0.5, num_clients=20, num_clients_per_round=2, batch_size=8, max_steps=20, gradient_accumulation_steps=1, lr=5e-05, weight_decay=0.01, epochs=1, num_rounds=200, seed=42, log_file='./log/log.txt', load_in_8bit=False, load_in_4bit=False, use_peft=True, dataset_sample=20000, peft_lora_r=32, peft_lora_alpha=64, seq_len=512, template='alpaca', tau=0.02, ex_style=True)
2025-12-08 10:18:48 - fedls - INFO - loss data:
2025-12-08 10:18:48 - fedls - INFO - [10.572606533765793, 0.36542010866105556, 0.18282581884413956, 0.16960991621017457, 0.16610212493687868, 0.15434615928679704, 0.1664053050801158, 0.15606076810508968, 0.15347384102642536, 0.15447182655334474, 0.14999266769737007, 0.13376379385590553, 0.14548847619444133, 0.1389963010326028, 0.1269067905843258, 0.14004448503255845, 0.1410171387717128, 0.14073059502989055, 0.1396762479096651, 0.13919806331396103, 0.13736635465174912, 0.13059867955744264, 0.1344839010387659, 0.1346073631197214, 0.1412584915757179, 0.12618449609726667, 0.13133143447339535, 0.12473292239010333, 0.12426342554390431, 0.12208515219390392, 0.12761249169707298, 0.13639888912439346, 0.12804371863603592, 0.1230683984234929, 0.12455198783427476, 0.11830561300739645, 0.12518771626055242, 0.12937212660908698, 0.11694407612085342, 0.11797959320247173, 0.12250311132520436, 0.1334606376476586, 0.1186719847843051, 0.12192540243268013, 0.12674301229417323, 0.11271084835752845, 0.11396717373281717, 0.11222995817661285, 0.12451982060447335, 0.11710622422397138, 0.11504445755854249, 0.11393837314099073, 0.11252277251332998, 0.1072982476092875, 0.10462743658572435, 0.11798471352085471, 0.10082761850208044, 0.10741871679201723, 0.11235819822177291, 0.10794492121785879, 0.11281249206513166, 0.10564669007435441, 0.09951938819140196, 0.10370866712182761, 0.111883629206568, 0.10777390589937567, 0.10758490664884449, 0.10544435139745473, 0.09689217880368234, 0.11131607592105866, 0.10630009975284338, 0.09319429108873009, 0.10314657306298614, 0.10949592795222998, 0.10619429722428322, 0.1032629046589136, 0.107645826600492, 0.10625960594043135, 0.10515785776078701, 0.10688640763983132, 0.10180309014394878, 0.1038283291272819, 0.10382202370092272, 0.09366250270977616, 0.10160121675580741, 0.10044422587379813, 0.10390631975606084, 0.10402083257213235, 0.09055902101099492, 0.09838514113798738, 0.10796927167102695, 0.10753218978643417, 0.10056771207600831, 0.08310851217247545, 0.09883274333551526, 0.10181324575096369, 0.10468472456559538, 0.09101041583344341, 0.09260072791948915, 0.08754659751430155, 0.09949101181700826, 0.09713242156431079, 0.08690781109035015, 0.09865953270345926, 0.09544961396604776, 0.10180911938659847, 0.08280828846618533, 0.087415777053684, 0.0945559173822403, 0.0811019933782518, 0.08690239666029811, 0.09992051674053073, 0.08155219964683055, 0.10048350980505347, 0.08588538765907289, 0.10371845960617065, 0.09798662131652236, 0.09753674175590277, 0.0841968135908246, 0.09316857615485788, 0.08787175249308347, 0.08915961841121317, 0.09336467841640114, 0.08652075221762061, 0.08747869674116374, 0.08441535551100969, 0.08229756979271768, 0.08912220746278762, 0.08404005393385888, 0.08462228351272642, 0.08602889906615019, 0.08289520116522908, 0.09003521846607328, 0.08584731612354517, 0.08647815166041255, 0.08121766429394484, 0.09620284624397754, 0.08539841752499341, 0.08087174827232957, 0.08223969331011176, 0.0808023595251143, 0.08916150573641062, 0.08949514292180538, 0.07954796245321633, 0.0918580044992268, 0.08355599828064442, 0.10146050304174423, 0.07586487550288439, 0.09155527725815774, 0.0856757435016334, 0.08607442835345865, 0.07758518075570464, 0.09039544202387334, 0.08028936432674527, 0.09169002342969179, 0.09091408969834447, 0.07820048052817583, 0.07821152759715914, 0.07147746337577701, 0.09005994577892124, 0.08271260159090162, 0.07634015600197017, 0.08734190370887518, 0.0812970045953989, 0.08362721828743816, 0.09505785349756479, 0.08003853978589177, 0.0815270404331386, 0.07921487796120345, 0.08813918279483915, 0.07937718844041228, 0.08781001828610897, 0.0780850812792778, 0.08652252582833171, 0.07676769495010376, 0.07706853784620762, 0.08374791834503412, 0.09165850449353456, 0.07468354608863592, 0.07519356268458069, 0.07682012608274817, 0.08302405858412384, 0.08807489294558764, 0.06888949628919364, 0.07643906315788626, 0.08767971880733966, 0.07220055386424065, 0.07948499284684657, 0.08313820268958808, 0.09261618778109551, 0.08209745991043746, 0.08581118239089847, 0.08268326297402381, 0.09078378323465586, 0.08057113578543067, 0.08427134416997434, 0.07353829396888614, 0.08115383125841619, 0.07596706245094537, 0.08260774072259663]
2025-12-08 10:25:52 - fedls - INFO - Namespace(task='sft', fed_alg='fedls', dataset_name='meta-math/MetaMathQA', model_name='huggyllama/llama-7b', split_strategy='iid', alpha=0.5, num_clients=20, num_clients_per_round=2, batch_size=8, max_steps=20, gradient_accumulation_steps=1, lr=5e-05, weight_decay=0.01, epochs=1, num_rounds=200, seed=123, log_file='./log/log.txt', load_in_8bit=False, load_in_4bit=False, use_peft=True, dataset_sample=20000, peft_lora_r=32, peft_lora_alpha=64, seq_len=512, template='alpaca', tau=0.02, ex_style=True)
2025-12-08 13:15:04 - fedls - INFO - loss data:
2025-12-08 13:15:04 - fedls - INFO - [10.652423799037933, 0.3698143092915416, 0.18024169746786356, 0.1692936599254608, 0.1624414574354887, 0.15523672159761193, 0.15826362948864697, 0.14512831177562474, 0.14194395150989295, 0.14957712758332492, 0.14076414294540882, 0.14845179244875908, 0.136620257422328, 0.1312393955886364, 0.14227103572338817, 0.13460085541009903, 0.13998012319207193, 0.1259106772020459, 0.12935391273349522, 0.13747082203626632, 0.13155992943793535, 0.12138832360506058, 0.12451433688402175, 0.13774844873696565, 0.12459561126306654, 0.12436183262616396, 0.13556699305772782, 0.1198862062767148, 0.12773067969828844, 0.1244013223797083, 0.12563640726730227, 0.1239108475856483, 0.12243787050247193, 0.12116231713443995, 0.11097310446202754, 0.12051430027931928, 0.12188832759857178, 0.12987808026373387, 0.1221352431923151, 0.12514272555708886, 0.12210535584017634, 0.116696641407907, 0.12276187576353549, 0.12051855828613042, 0.1204849110916257, 0.10876028742641211, 0.11098004132509232, 0.12113165780901909, 0.11851315191015602, 0.11184206288307905, 0.10171618312597275, 0.11070097479969263, 0.10908398628234864, 0.11409294437617062, 0.10668810335919261, 0.11809797296300531, 0.11054433174431325, 0.12066108491271735, 0.10132819404825569, 0.10419864486902952, 0.13052595686167479, 0.10210436694324017, 0.0966176139190793, 0.11566900778561831, 0.11107190940529107, 0.11787050981074572, 0.11492549600079655, 0.10460471231490373, 0.11559968730434775, 0.10749743757769466, 0.11457173163071274, 0.10054969936609268, 0.10329203456640243, 0.0943739208392799, 0.09882358489558102, 0.11647274773567914, 0.10275860410183668, 0.11400633230805396, 0.10327337142080067, 0.10084312865510583, 0.10186897972598671, 0.09306542174890638, 0.08857332300394774, 0.09257926568388938, 0.09768920051865279, 0.09673269568011164, 0.10312876524403691, 0.08656973680481314, 0.08950441032648088, 0.10314081152901053, 0.09171771770343184, 0.09727803319692611, 0.10488657923415304, 0.10767080970108509, 0.10528584877029061, 0.0974629339762032, 0.10013058735057712, 0.09133614003658294, 0.11036653742194175, 0.0956862410530448, 0.09292643936350942, 0.0950102111324668, 0.11368123721331358, 0.08768135840073228, 0.09638323178514838, 0.0959872636012733, 0.07448302507400512, 0.09003472737967969, 0.09414134025573731, 0.08773433221504093, 0.0850832998752594, 0.09116628458723426, 0.08557394044473768, 0.09635046040639281, 0.0952460023574531, 0.09383779196068645, 0.097827750723809, 0.09674257738515735, 0.08367360765114426, 0.09196336390450596, 0.09273290708661079, 0.09271138422191144, 0.1044618470594287, 0.08851570077240467, 0.08266709856688975, 0.08596880948171019, 0.09243126660585405, 0.08171698004007338, 0.08587264968082309, 0.0923080456443131, 0.08278742507100106, 0.08981616152450442, 0.08706130143254995, 0.09226411441341043, 0.09257101602852344, 0.09493660908192397, 0.07593423798680306, 0.08743716794997453, 0.09345132866874337, 0.07608926901593804, 0.09208268327638508, 0.07844825657084584, 0.0920059504918754, 0.08333667796105146, 0.091704177018255, 0.0987597854807973, 0.0803144857287407, 0.09632830014452337, 0.1019438928924501, 0.09145673774182797, 0.09285848466679454, 0.08268614653497934, 0.08760247742757202, 0.09729345859959722, 0.08223651293665171, 0.09620625143870712, 0.07814791444689034, 0.07603156249970197, 0.07762531284242868, 0.08332766797393559, 0.07095546564087271, 0.0758881613612175, 0.07904343334957957, 0.0898448477499187, 0.08381134420633315, 0.07664136737585067, 0.08747972240671514, 0.08126365384086967, 0.08597970893606544, 0.09123925510793923, 0.08934088973328472, 0.07100671026855707, 0.07820281647145748, 0.07322351718321443, 0.07955616246908903, 0.09354731710627676, 0.08391939336434007, 0.07089910143986344, 0.08044104403816163, 0.07201736206188798, 0.08511902038007975, 0.09403798761777579, 0.06884591588750481, 0.09542206954210997, 0.08617211496457458, 0.08155429419130086, 0.08721891772001983, 0.08747665602713824, 0.06943961586803199, 0.08355631548911333, 0.07425510510802269, 0.09021653328090906, 0.08098304187878966, 0.0740813348442316, 0.08573973830789328, 0.08045021193102002, 0.07771203182637693, 0.07541166869923473, 0.07861202461645006, 0.07971131345257162]
2025-12-08 13:22:07 - fedls - INFO - Namespace(task='sft', fed_alg='fedls', dataset_name='meta-math/MetaMathQA', model_name='huggyllama/llama-7b', split_strategy='iid', alpha=0.5, num_clients=20, num_clients_per_round=2, batch_size=8, max_steps=20, gradient_accumulation_steps=1, lr=5e-05, weight_decay=0.01, epochs=1, num_rounds=200, seed=456, log_file='./log/log.txt', load_in_8bit=False, load_in_4bit=False, use_peft=True, dataset_sample=20000, peft_lora_r=32, peft_lora_alpha=64, seq_len=512, template='alpaca', tau=0.02, ex_style=True)
2025-12-08 16:01:08 - fedls - INFO - loss data:
2025-12-08 16:01:08 - fedls - INFO - [10.798131334781647, 0.35350894629955293, 0.1898437190800905, 0.17609114218503236, 0.15707537364214658, 0.14703579936176536, 0.15751725565642116, 0.1418785648420453, 0.14298277702182532, 0.14690561778843403, 0.15366736836731434, 0.1494273217394948, 0.12905202694237233, 0.15225847400724887, 0.12751725520938634, 0.14595879334956408, 0.12889694180339573, 0.1533412545919418, 0.13548678420484067, 0.14628598690032957, 0.14397871457040312, 0.13378175757825372, 0.14432506654411553, 0.13171751294285058, 0.11771566728129984, 0.12813689075410367, 0.1162026735022664, 0.12724757250398397, 0.1277948621660471, 0.12197109665721655, 0.1282561944797635, 0.12466635536402464, 0.11809824183583259, 0.12363797556608916, 0.11787719940766692, 0.11591027453541755, 0.12246196027845144, 0.12180343940854073, 0.12289468199014664, 0.11765824081376194, 0.11374138593673705, 0.11389098009094596, 0.10706971557810903, 0.119971027597785, 0.11310388855636119, 0.12277367264032363, 0.11962379831820727, 0.11739138532429934, 0.10646738829091192, 0.09989869482815265, 0.11368286218494178, 0.12668459936976434, 0.10092800380662084, 0.10771988667547702, 0.10051523009315133, 0.11009492790326476, 0.10272418204694986, 0.09847428817301988, 0.10653606448322533, 0.11476868260651826, 0.11657156385481357, 0.11576876621693372, 0.11637471588328481, 0.12162776179611684, 0.1144029287621379, 0.11204537199810147, 0.0917038987390697, 0.09922104394063352, 0.10890716603025793, 0.11847684811800718, 0.09684462612494826, 0.11621810868382454, 0.10760865807533264, 0.10165821174159646, 0.09234468545764685, 0.10593827264383435, 0.10390316592529417, 0.11149657499045135, 0.11025372669100761, 0.10673871953040362, 0.09408512217923999, 0.10830841762945057, 0.09908460089936852, 0.09259154414758086, 0.10388916544616222, 0.09831438874825835, 0.10291750868782401, 0.0965914367698133, 0.0933724008500576, 0.10691071916371583, 0.08605396505445242, 0.07629551962018014, 0.09638931518420576, 0.10374842304736376, 0.0983088075183332, 0.09694721335545183, 0.09609080934897066, 0.08992125904187559, 0.10041525848209859, 0.10081437965855003, 0.09746526954695582, 0.09245900604873895, 0.10497972331941127, 0.09171789707615971, 0.09697831338271498, 0.10076315719634295, 0.09931334601715207, 0.09475081907585263, 0.09304599752649664, 0.08732658801600338, 0.09509627977386118, 0.08444717973470689, 0.09531097738072276, 0.08929656529799104, 0.10806872742250562, 0.09373880429193376, 0.09702227758243681, 0.08160470258444548, 0.08551413230597973, 0.09198474762961267, 0.08007061518728734, 0.08739657793194056, 0.0907405992038548, 0.09404826806858183, 0.1021557243540883, 0.08164083566516638, 0.08288638126105069, 0.09541483288630842, 0.08514890531077982, 0.09124253280460834, 0.0868056577630341, 0.08695667237043381, 0.08095846502110363, 0.09075334733352065, 0.08503565909340977, 0.08278514617122709, 0.08688970236107707, 0.100403624586761, 0.08835741272196174, 0.07226763069629669, 0.08752834433689713, 0.09204692365601658, 0.08566419379785657, 0.07791981417685748, 0.08941024346277118, 0.08188152508810162, 0.08108122674748301, 0.08967859763652086, 0.0847193486057222, 0.1048875343054533, 0.08976074168458581, 0.07504235724918544, 0.08512626737356185, 0.08189685149118305, 0.08848588513210416, 0.07696825014427304, 0.08823721949011087, 0.08934554895386099, 0.09884937759488821, 0.07050762777216732, 0.08546910285949708, 0.08229947565123438, 0.07728458810597658, 0.0734854898415506, 0.0823828961700201, 0.08519334923475981, 0.08036639746278525, 0.06983253816142679, 0.0890167842619121, 0.07191290878690779, 0.08151836972683668, 0.07180913710035383, 0.0791151829995215, 0.10049642864614725, 0.09567363932728767, 0.08165712794288993, 0.07542092017829419, 0.08401959156617522, 0.07982362406328321, 0.09539955854415894, 0.08532413998618722, 0.08579873917624355, 0.08919142158702016, 0.09206668334081769, 0.08261613454669714, 0.07580476449802517, 0.07502822671085596, 0.08125590747222305, 0.07715398059226572, 0.07474503903649748, 0.07667947681620717, 0.0730304758064449, 0.07942006662487983, 0.08587708445265889, 0.08701232839375735, 0.08230345575138927, 0.08434241972863674, 0.09212005864828826, 0.09012248488143086, 0.09604004053398967]
