2025-11-05 10:47:09 - fedls - INFO - loss data:
2025-11-05 10:47:09 - fedls - INFO - [17.000569301843644, 0.1159955301671289, 0.005556575645459816, 0.0028952798777027054, 0.002700376181746833, 0.002864499209681526, 0.0031116404337808486, 0.002640099567361176, 0.002805607957998291, 0.0027163984283106405, 0.0027223072946071626, 0.002729378672665916, 0.002779929284588434, 0.002612338770995848, 0.002495402720523998, 0.002579395813518204, 0.002471169116324745, 0.00220468088373309, 0.002153128913778346, 0.002217501761333551, 0.002074472949607298, 0.002000570468953811, 0.0020950783509761095, 0.001845561460504541, 0.0018288562634552362, 0.001833713852101937, 0.0018766014080028983, 0.0015251327356963884, 0.0015693723893491552, 0.001390451872430276, 0.0016265977385046424, 0.001345559897526982, 0.001708832156145945, 0.0016253258603683208, 0.0016588760976446793, 0.0015771654572745318, 0.0017157326634333002, 0.0013349222746910526, 0.0015276232537871693, 0.0015182771341642363, 0.0014177121782267934, 0.0012404541193973273, 0.0013421112540527246, 0.001433545452891849, 0.0011285028696875088, 0.0014196029405866284, 0.0012447911176423077, 0.0014437762278248557, 0.0012517412265879101, 0.0011345859213179208, 0.0012208128209749702, 0.001294609152682824, 0.0011876041004143189, 0.0011262360589171295, 0.0010358005376474467, 0.0010175054161663867, 0.001001166779860796, 0.0011585900017962558, 0.0011370960610292968, 0.001218028702714946, 0.0010774869850138204, 0.000865102242823923, 0.0010347034268306742, 0.0009419508700375446, 0.0009484155294558149, 0.0011436230453909957, 0.000916644255630672, 0.0010200148979492953, 0.0008492233304423281, 0.0008107930965707055, 0.0008809071152427351, 0.0009253384799194464, 0.0007246978245348146, 0.0010459431719937128, 0.0009801983071156429, 0.0006865757283776475, 0.0009581839157362993, 0.0010610702349367785, 0.0009144556508545066, 0.0007950791936309542, 0.0005930279176538988, 0.0008221290926940128, 0.0009521656415017787, 0.0007030824746834697, 0.0007694955762872268, 0.0006617100723815383, 0.000976340949000587, 0.001165039050465566, 0.0005094960529731906, 0.0009152550478574994, 0.000889789546636166, 0.0009556847926432965, 0.0007303907364985207, 0.0007163629863043753, 0.0007368844463144341, 0.0008141341573718818, 0.0004673220503036646, 0.0007753140343083942, 0.0006319558164705086, 0.0009082597847736906, 0.0008501221023834659, 0.0004755073971409729, 0.0005203483703326128, 0.0009994116540838149, 0.0009601135088814772, 0.0006752506253178581, 0.0006104682854584098, 0.0008808338643575553, 0.0006949341403014841, 0.0008876331319697783, 0.0007939993213767593, 0.0008227578806327074, 0.0007369392467808211, 0.0007969796243742167, 0.0007038734464003937, 0.0006153772210382158, 0.0007279594411556899, 0.0007941501405184681, 0.0010198371885053348, 0.000726823444256297, 0.0005591199471382425, 0.0006735716935509118, 0.0006780927265936043, 0.0006182400864418014, 0.0006801451659612212, 0.0006104604174652195, 0.0004879516171740761, 0.0005926800098450258, 0.0004585651187539952, 0.0005789558084870805, 0.00040605934088944196, 0.0006948331928469998, 0.0005224000797170447, 0.0005580035017828777, 0.0006535604408327344, 0.0006469132893926143, 0.0005695064045085019, 0.00040103163009916896, 0.0005626698382457107, 0.00034113915480702415, 0.0005233291181866662, 0.0007451830387481095, 0.0004482329229631432, 0.000641826427045089, 0.0007179096140134788, 0.0006025476605827862, 0.0006053156871075771, 0.0004276967912346663, 0.0006994514624693692, 0.00040008139756082524, 0.000577331767499345, 0.0004687017952392125, 0.00032873494952809776, 0.00039867703146683197, 0.00039230723064065387, 0.000507610083104737, 0.0004757918686891571, 0.00041689575540431183, 0.0005919323294619972, 0.000665756267778761, 0.0005467762986199887, 0.0002477975046303982, 0.00034084269527738796, 0.0004251507028584456, 0.00036343478905109805, 0.0007047187635293994, 0.0002892208822913744, 0.0005335721723895403, 0.0005558113403026255, 0.0004587328403886204, 0.0006458149782247347, 0.00027603590260696367, 0.00041347532827558093, 0.00040569080808836586, 0.00043897673302808473, 0.0005410256469986052, 0.0006897677375036436, 0.0005247799833114186, 0.0006171062302883001, 0.0004212393393800084, 0.0004887595436798619, 0.0004059086579445648, 0.00029854864178560094, 0.0005287530637588134, 0.0004623154889486613, 0.0004283591500552575, 0.0003439062605821164, 0.0002516378724067181, 0.0007403862516184745, 0.0005693009916512893, 0.00035575343249547584, 0.00043917459331623834, 0.0005828922861837782, 0.0006558290180237237, 0.000255540129091969, 0.0003028290745533013, 0.0005548443940369907, 0.0006346754490323292, 0.0006758999612657135, 0.0005539135139315477]
2025-11-06 05:44:52 - fedls - INFO - loss data:
2025-11-06 05:44:52 - fedls - INFO - [16.95547322332859, 0.1712734334403649, 0.004238329728832468, 0.0029468142514815555, 0.0029004719690419734, 0.002810484860674478, 0.0028539189836010335, 0.002777805255027488, 0.002740065177204087, 0.002689382087555714, 0.002756027315626852, 0.0026360295159975067, 0.0027360388950910417, 0.0025711014051921664, 0.002423725789412856, 0.0024662288575200367, 0.002123957866569981, 0.002330151668866165, 0.0023727920430246744, 0.002181086124619469, 0.0020725689886603505, 0.002112114928604569, 0.0018529903783928601, 0.0020725564929307437, 0.0016448933776700867, 0.0018248706401209347, 0.0018844596706912853, 0.0018093655366101303, 0.0016781958969659173, 0.0016730135423131288, 0.001665100402897224, 0.001585992046602769, 0.0012304364714509574, 0.0016334691263182322, 0.0013992354877700563, 0.0014861789386486635, 0.0016066762495029253, 0.0013630596477014478, 0.0012432460600393825, 0.0014820256561506539, 0.0013301633181981743, 0.001226915279403329, 0.0012743714985845147, 0.0014392619861610001, 0.001366885058087064, 0.0014022482038853923, 0.0011188913027581292, 0.001363767566726892, 0.001177498106062558, 0.00098479099033284, 0.0011677467802655881, 0.0011393501559723517, 0.0012277807050850242, 0.0011819422836197191, 0.0011563630010641645, 0.0011240698149777018, 0.0012162733619334176, 0.001249280010961229, 0.0010432967483211542, 0.0010797334003655123, 0.0009670132254541386, 0.0008896937859390163, 0.0010319801174773604, 0.00115523213535198, 0.0012354715108813252, 0.0010782502366055268, 0.0009171526166028343, 0.0006801617114433611, 0.0009789883372832266, 0.0009133991317867185, 0.0009362672906718216, 0.0008274171548691811, 0.0009761454519320977, 0.0009787344708456658, 0.0011467013548099201, 0.0007769540203298674, 0.0009175228631647769, 0.0008552683296329632, 0.0007828613446690725, 0.00097946846162813, 0.0008683502640451479, 0.0009903590113026438, 0.0007942531463413615, 0.0007724528211838333, 0.0007695321681239875, 0.0007499579025534331, 0.0007899141503003193, 0.001064314092764107, 0.0010121613166120369, 0.0006831516064266907, 0.0008387042209506034, 0.0006288753338594688, 0.0007030833507087664, 0.0010717769628172391, 0.0007473123845556984, 0.0006110004389029201, 0.0007010276258370141, 0.0005695234161066764, 0.0006616384350536463, 0.0007247399715197389, 0.0006717941127590166, 0.0008122001368064957, 0.0004814307053493394, 0.0007000159836934472, 0.0009339215730051365, 0.0007191222091933013, 0.00043156326946700577, 0.0007939140395592404, 0.0006617915673814423, 0.0006079007496282429, 0.0006730080456236465, 0.0007540272197275044, 0.0006129110647179914, 0.0006028338072155748, 0.0006784177745430498, 0.0006277361420870875, 0.00078159930963011, 0.0007467266669664241, 0.0007422752196362126, 0.00037728390304891946, 0.0005861338857584997, 0.0008877479318016412, 0.0007815479825239891, 0.0004659024349621177, 0.0005185179145883012, 0.00047861145285423847, 0.0004851748047258297, 0.00027534302525964447, 0.0008423980553288856, 0.0006209479695826303, 0.0005566890361478726, 0.0009140680300788517, 0.0005173979111077643, 0.0006843368601494148, 0.0006126778783254849, 0.0004517073095030355, 0.00045780734017171194, 0.00032428772474304426, 0.0007093926151355845, 0.0005615951760546522, 0.00034819872537354967, 0.00069324047799455, 0.0006752299514801053, 0.0005404638574873389, 0.0006558716701420053, 0.0006440915903340283, 0.0005706197139261349, 0.00033641776426520666, 0.0008497230557395596, 0.0006991932396203992, 0.00044028878596691357, 0.00036429803622013425, 0.0003030217029618143, 0.0006771900168587308, 0.0005683014339410875, 0.0007075109032484762, 0.0005948723169694858, 0.00032992442506838413, 0.00039641774283154517, 0.00019860297895775149, 0.00045513761149322817, 0.0003956149101782103, 0.0007077005694554828, 0.00040801794098115356, 0.00055543487903833, 0.00038520260106906785, 0.0003738277503543941, 0.00022790380510286922, 0.0004438685150375931, 0.0002722569209709036, 0.0003546473375422465, 0.0003400271310965763, 0.0006634091478645132, 0.0002871004340818217, 0.00018251424077107004, 0.000374031313526757, 0.00042176725643230386, 0.0005618101233267226, 0.0005575186664827925, 0.0006065883434303032, 0.00030462497735470604, 0.00044285357107582963, 0.0002877855646602256, 0.0005151473245632587, 0.0005887157004735855, 0.00042202694719435386, 0.0005257837289320832, 0.0005283227142626856, 0.0004150989955064688, 0.00014287304071558538, 0.00033759078773982766, 0.00016228262210802314, 0.00046099189877395473, 0.0006765804392216523, 0.0004409825927382371, 0.0004243813566972676, 0.0005458033823856568, 0.00031107148957403296, 0.0005247757224765337, 0.0008647140959283206]
2025-11-06 13:51:58 - fedls - INFO - loss data:
2025-11-06 13:51:58 - fedls - INFO - [16.941583150625227, 0.14065376129001378, 0.00443372668523807, 0.002951652809861116, 0.0029472112481016667, 0.002567414482473396, 0.0027800288575235755, 0.002676478843204677, 0.0027606646413914863, 0.002794236998306587, 0.0032555451267398897, 0.002651956587214954, 0.0024446038354653866, 0.002624649219796993, 0.0022424156428314745, 0.0025941821746528148, 0.0022163375397212803, 0.0022388517390936613, 0.002092518864083104, 0.002046204214275349, 0.0019872528719133697, 0.0018850937951356173, 0.0019171355714206586, 0.00159349200912402, 0.0020194846787489947, 0.0017311907227849587, 0.0016173162272025365, 0.0015664384969568345, 0.0017405913546099327, 0.0017780224108719267, 0.0015533744597632903, 0.0013265233759739204, 0.001713818433927372, 0.0015841693995753304, 0.0016789005858299788, 0.0014576619141735137, 0.0014471992646576835, 0.001501728149014525, 0.001461327655124478, 0.0014973324592574499, 0.001215466493522399, 0.001199727042694576, 0.0012575748583913081, 0.0011910335524589755, 0.0014492040885670577, 0.0013178412395063789, 0.0011672967375488952, 0.0013324463463504797, 0.0009523743345198454, 0.001177691483462695, 0.0011681355510518186, 0.0014430184426601044, 0.001228553770124563, 0.0010323721033273614, 0.0011396506159144337, 0.001122633627801406, 0.0013441450067148255, 0.0010152814733373817, 0.0007677682281610032, 0.001151415962158353, 0.0008449692697467981, 0.001285287251630507, 0.0010653927169187228, 0.0009709420075523667, 0.0010792822817165871, 0.0009310582526268263, 0.000961934590486635, 0.0012547822392662057, 0.0010612938407575712, 0.0010912895911133092, 0.0009436192682187538, 0.0010160378893488086, 0.0007568722518044523, 0.0005871594786640345, 0.0009846011505942442, 0.0008419022897214745, 0.0007889071206591326, 0.001024516351208149, 0.0009486868016210792, 0.0006186614743455721, 0.0009758784463883784, 0.000697739390670904, 0.0008903146558623121, 0.0009387195597810206, 0.0008014460166123171, 0.0008213858872295533, 0.0008290502722957171, 0.0009780346456864208, 0.0006816040990997863, 0.0006780289937523776, 0.0006701408998651459, 0.0009535768408568401, 0.0005485399394785873, 0.0006750175057391062, 0.000878011472104845, 0.000858520090150705, 0.0006376782470454145, 0.0005714249789889436, 0.0007615306761636021, 0.0007137239313124155, 0.0006059683946659788, 0.0009001546966828755, 0.0006839272240540596, 0.0008554237138014287, 0.0008566657776100328, 0.0007697799468587619, 0.0006386955569723796, 0.0006420364102950771, 0.0004991295665149664, 0.0006899081940900942, 0.0008067447295616148, 0.0006596710435132991, 0.00047365690625156276, 0.0005979974749152461, 0.0007360680240253714, 0.0006059042150809546, 0.0003944538231507977, 0.0007780263212225691, 0.0006872932048054281, 0.0006242113241569313, 0.0007819673400717875, 0.0006654916865045379, 0.0005708877399911216, 0.0005867590063644457, 0.0005436490720967413, 0.0004953201153512054, 0.0008049193592341908, 0.0006813594299273973, 0.000369530618945646, 0.0007436877534473752, 0.0007778319726639893, 0.0006482397457148181, 0.0006100907863583416, 0.0006193452321895165, 0.000473672502221234, 0.0006607813301343413, 0.0004523545180745714, 0.00033541103571224087, 0.0005290483371481968, 0.00045019982379699284, 0.0005034490510297474, 0.0005115043608839188, 0.0005783969695130509, 0.0005369054108086857, 0.000590169839324517, 0.0005108345187750274, 0.0004935149690936669, 0.0005597138954271941, 0.000567087386843923, 0.0004196423230951041, 0.0005686516224614024, 0.0004431565050708741, 0.0005058868369360425, 0.0005256644990595305, 0.0005271016168421738, 0.0004179029286660807, 0.00035472221817371973, 0.000615645166953982, 0.000454278117422291, 0.0004226791641258387, 0.0003893586614481137, 0.00041258450685290884, 0.00040601810728730926, 0.0006568026798731807, 0.00048445348061250116, 0.0005620970156996919, 0.0005045954681463626, 0.0005443358672891918, 0.0007106343771283719, 0.00046319264042722353, 0.0005768075121750371, 0.0004802637599937043, 0.0002861861861902071, 0.00043096625734051486, 0.00030779551591422207, 0.00041118782787634704, 0.0002532238744379356, 0.0006015960554691447, 0.00037240108860032707, 0.00048454174088874424, 0.0005941011980667099, 0.00031829584091838117, 0.0005515781316944412, 0.0003468938885816897, 0.00035674214024083994, 0.00044705002360387883, 0.00028413340426141075, 0.0005338208078228489, 0.0005223371906936335, 0.0004733480087338649, 0.0008466476326020711, 0.0004997718515255655, 0.00031427198055098413, 0.0006007969056668116, 0.0002670690697414102, 0.0006406759667470397, 0.00039004082921110237, 0.0005068056074378547, 0.0003989562989318074, 0.00043531890578378806]
2025-11-15 09:30:45 - fedls - INFO - loss data:
2025-11-15 09:30:45 - fedls - INFO - [17.000569301843644, 0.1159955301671289, 0.005556575645459816, 0.0028952798777027054, 0.002700376181746833, 0.002864499209681526, 0.0031116404337808486, 0.002640099567361176, 0.002805607957998291, 0.0027163984283106405, 0.0027223072946071626, 0.002729378672665916, 0.002779929284588434, 0.002612338770995848, 0.002495402720523998, 0.002579395813518204, 0.002471169116324745, 0.00220468088373309, 0.002153128913778346, 0.002217501761333551, 0.0020748611248563977, 0.0019982322060968726, 0.002102426061173901, 0.0018520417201216333, 0.0018226420688733924, 0.001839831929828506, 0.0018759236190817319, 0.0015181829152425053, 0.0016097770487249364, 0.0014145393750368384, 0.0016208920860663056, 0.0013756191063293956, 0.0016971282748272642, 0.0016302590505802073, 0.0016520530167326796, 0.0015692924287577625, 0.001726733123359736, 0.0013304736636200686, 0.0015258383224136195, 0.0015251267286657821, 0.0014199846045812592, 0.0012524986661446747, 0.0013518822262994943, 0.0014387658462510443, 0.0011200904982615612, 0.001428969359403709, 0.0012558766804431798, 0.0014584581709641497, 0.001251576434879098, 0.0011346169838361674, 0.0012381066575471778, 0.0013429260226985207, 0.0011927999308682046, 0.0010907901894825047, 0.0010445806219649967, 0.0009967530557332793, 0.0010085979087307352, 0.001168712737126043, 0.0011023150427718065, 0.0012420721315720583, 0.0010961468316963874, 0.0008270854290458374, 0.0010365641805947234, 0.0009221095553584747, 0.000952638675335038, 0.0011166342435899423, 0.0009048604559211526, 0.0010234229986963328, 0.0008403872665439849, 0.0008402469880820718, 0.000881556497188285, 0.0009280973368731793, 0.0007303772833438416, 0.0010139654434169643, 0.0009805100187804782, 0.0006933508355359663, 0.000973762427611291, 0.0010856119108211715, 0.0009035442664753646, 0.0008358770008726423, 0.0005577138105991252, 0.0008181585379588796, 0.0009672054256952833, 0.0006839138362010999, 0.0007794934188495972, 0.0006464414565016341, 0.0009930013855409924, 0.0011554923436051467, 0.0005236195431621126, 0.0009226991471223301, 0.0008754760398915095, 0.0009504007830400951, 0.0009226763188053156, 0.0007259974650878576, 0.0006994132859290403, 0.000792604084699633, 0.0005241823736923835, 0.0007205740253084514, 0.0006664139421445726, 0.0009202137387546827, 0.0008490767178955139, 0.0004483285586957209, 0.0005072008166735031, 0.0009476538466969941, 0.0009635536203859374, 0.0006855814448499586, 0.0005858932844148512, 0.0008731612583005699, 0.000693964277388659, 0.0009139839561612461, 0.0007758307024232636, 0.0008106859610052197, 0.0007510363926485296, 0.0007932226480988902, 0.000674035345127777, 0.0006045187046765932, 0.0007371366423740255, 0.0007634909507032717, 0.0010007906468672445, 0.0007170323124228162, 0.0005612109775029239, 0.0006646884376095841, 0.0006675992551208765, 0.0006303116404978937, 0.0006961179305562837, 0.000576894383675608, 0.000491057047565846, 0.0005906169376316938, 0.0004625724414381693, 0.0005578778633662296, 0.0004434754923067885, 0.0006810869907894813, 0.0005135794649504533, 0.0005771813570390804, 0.0006152112506242702, 0.0006312108886504575, 0.0005424056471383665, 0.0003982798611104954, 0.0005364968327739916, 0.00035465633227431685, 0.0005248581605997061, 0.0007332801654683862, 0.0004246598849931615, 0.0006294305568417258, 0.0007096714412455185, 0.0006085111131142185, 0.0006191526845213957, 0.0004009070537904336, 0.0007064305142193916, 0.0004389327870171656, 0.0005896465049886502, 0.0004523846628785577, 0.0002817359182017753, 0.00038007741347882983, 0.00036035957773492553, 0.000535614331670331, 0.0004878766551996705, 0.0003835480981706496, 0.0005678853277913731, 0.0006452644439377764, 0.0005387289167629206, 0.0002854931849356035, 0.0003640562798409519, 0.0004283815306507677, 0.00034140299690079703, 0.0007490443762492305, 0.00026987158150859614, 0.0005145173135588266, 0.0005488760152502437, 0.0004341016087209937, 0.000631848571538285, 0.0002612242953432542, 0.00038540436160019456, 0.0003809455446230458, 0.0004147918708781617, 0.0005077681168131676, 0.000674957848741542, 0.0005052228009731151, 0.000595281294556571, 0.00037984484945354776, 0.00047722697839844844, 0.0003469586615665321, 0.0002892826201787102, 0.0004921701136481715, 0.00045059617280003296, 0.0004151902675175734, 0.0003218119851680967, 0.0002478337386264684, 0.0007137109356563087, 0.0005462674110276566, 0.00033239383089949114, 0.0003684052856215203, 0.0005547478516973569, 0.0006136361628477971, 0.0002357371579591927, 0.0002752054902884993, 0.0005599022656838315, 0.0006376195447273858, 0.0006489714265399016, 0.0005249322563486203]
2025-11-16 11:01:52 - fedls - INFO - loss data:
2025-11-16 11:01:52 - fedls - INFO - [17.000569301843644, 0.1159955301671289, 0.005556575645459816, 0.0028952798777027054, 0.002700376181746833, 0.002864499209681526, 0.0031116404337808486, 0.002640099567361176, 0.002805607957998291, 0.0027163984283106405, 0.0027223072946071626, 0.002729378672665916, 0.002779929284588434, 0.002612338770995848, 0.002495402720523998, 0.002579395813518204, 0.002471169116324745, 0.00220468088373309, 0.002153128913778346, 0.002217501761333551, 0.002074472949607298, 0.002000570468953811, 0.0020950783509761095, 0.001845561460504541, 0.0018288562634552362, 0.001833713852101937, 0.0018766014080028983, 0.0015251327356963884, 0.0015693723893491552, 0.001390451872430276, 0.0016265977385046424, 0.001345559897526982, 0.001708832156145945, 0.0016253258603683208, 0.0016588760976446793, 0.0015771654572745318, 0.0017157326634333002, 0.0013349222746910526, 0.0015276232537871693, 0.0015182771341642363, 0.0014177121782267934, 0.0012404541193973273, 0.0013421112540527246, 0.001433545452891849, 0.0011285028696875088, 0.0014196029405866284, 0.0012447911176423077, 0.0014437762278248557, 0.0012517412265879101, 0.0011345859213179208, 0.0012208128209749702, 0.001294609152682824, 0.0011876041004143189, 0.0011262360589171295, 0.0010358005376474467, 0.0010175054161663867, 0.001001166779860796, 0.0011585900017962558, 0.0011370960610292968, 0.001218028702714946, 0.0010774869850138204, 0.000865102242823923, 0.0010347034268306742, 0.0009419508700375446, 0.0009484155294558149, 0.0011436230453909957, 0.000916644255630672, 0.0010200148979492953, 0.0008492233304423281, 0.0008107930965707055, 0.0008809071152427351, 0.0009253384799194464, 0.0007246978245348146, 0.0010459431719937128, 0.0009801983071156429, 0.0006865757283776475, 0.0009581839157362993, 0.0010610702349367785, 0.0009144556508545066, 0.0007950791936309542, 0.0005930279176538988, 0.0008221290926940128, 0.0009521656415017787, 0.0007030824746834697, 0.0007694955762872268, 0.0006617100723815383, 0.000976340949000587, 0.001165039050465566, 0.0005094960529731906, 0.0009152550478574994, 0.000889789546636166, 0.0009556847926432965, 0.0007303907364985207, 0.0007163629863043753, 0.0007368844463144341, 0.0008141341573718818, 0.0004673220503036646, 0.0007753140343083942, 0.0006294371929016051, 0.0009107904494157993, 0.0008517194824889885, 0.0004758095617944491, 0.0005257004499299, 0.000993470143612285, 0.000959318517743668, 0.0006769933174609833, 0.0006098818132159068, 0.000876878344161014, 0.0006876613646454643, 0.000895427404975635, 0.0007945619604470266, 0.0008215808118620771, 0.0007370606226686505, 0.0007966266428411472, 0.0006975944617806818, 0.0006177318105983431, 0.0007294530613762617, 0.0007978495461429703, 0.0010218365256150718, 0.0007279599142748338, 0.0005578146502557502, 0.0006705410210997798, 0.0006800558879149321, 0.000621887937450083, 0.0006838800789410015, 0.0006103591262217378, 0.00048592194505090445, 0.0005903129911075666, 0.00046301288413133076, 0.0005763708467156903, 0.00040604408900435374, 0.0006919658048445854, 0.0005263059154231087, 0.0005521350960862037, 0.0006597762542696727, 0.0006453905037687946, 0.0005619724728148866, 0.0004041825253352727, 0.0005564307119129807, 0.0003414996243918722, 0.000529872522201913, 0.0007395035651256875, 0.00045578686008411755, 0.0006411766246401385, 0.0007189027083313703, 0.000603763039543992, 0.0006059186248421611, 0.0004340053708801861, 0.0006906786965373612, 0.0003976697195639645, 0.0005824045885674423, 0.00046509559676906066, 0.00032844457950886863, 0.0004050367131412713, 0.0003982880458352156, 0.0005088705889193079, 0.0004752561784471254, 0.0004248862051213109, 0.0005942162025348807, 0.0006670763478837216, 0.0005494858856081919, 0.00023886573455911275, 0.00034527972525211226, 0.000428108880464606, 0.0003657844559256773, 0.0007095168583646227, 0.0002912039891043605, 0.00052910292197339, 0.0005540769413983071, 0.00045832537832666274, 0.0006449146804925476, 0.000276218005865303, 0.00041594741080643873, 0.0004002955580858725, 0.0004353829569708978, 0.0005386311694792311, 0.0006897405149629776, 0.0005197794236664777, 0.0006159940745419589, 0.00042246685975442236, 0.0004879013044273961, 0.00040239510117316967, 0.0003067028999339527, 0.0005354449589958677, 0.00047008427770833805, 0.0004264049553626137, 0.00034076967535838775, 0.0002510058604684673, 0.0007418287981408866, 0.0005659865678353526, 0.0003566243005479919, 0.0004374937801458145, 0.0005831521195659662, 0.00065712123926005, 0.0002523275415342141, 0.00030546484487103953, 0.0005551934639697719, 0.0006353476534854963, 0.0006731643866260129, 0.0005553617114856025]
2025-11-16 15:27:04 - fedls - INFO - loss data:
2025-11-16 15:27:04 - fedls - INFO - [16.95547322332859, 0.1712734334403649, 0.004238329728832468, 0.0029468142514815555, 0.0029004719690419734, 0.002810484860674478, 0.0028539189836010335, 0.002777805255027488, 0.002740065177204087, 0.002689382087555714, 0.002756027315626852, 0.0026360295159975067, 0.0027360388950910417, 0.0025711014051921664, 0.002423725789412856, 0.0024662288575200367, 0.002123957866569981, 0.002330151668866165, 0.0023727920430246744, 0.002181086124619469, 0.0020725689886603505, 0.002112114928604569, 0.0018529903783928601, 0.0020725564929307437, 0.0016448933776700867, 0.0018248706401209347, 0.0018844596706912853, 0.0018093655366101303, 0.0016781958969659173, 0.0016730135423131288, 0.001665100402897224, 0.001585992046602769, 0.0012304364714509574, 0.0016334691263182322, 0.0013992354877700563, 0.0014861789386486635, 0.0016066762495029253, 0.0013630596477014478, 0.0012432460600393825, 0.0014820256561506539, 0.0013301633181981743, 0.001226915279403329, 0.0012743714985845147, 0.0014392619861610001, 0.001366885058087064, 0.0014022482038853923, 0.0011188913027581292, 0.001363767566726892, 0.001177498106062558, 0.00098479099033284, 0.0011677467802655881, 0.0011393501559723517, 0.0012277807050850242, 0.0011819422836197191, 0.0011563630010641645, 0.0011240698149777018, 0.0012162733619334176, 0.001249280010961229, 0.0010432967483211542, 0.0010797334003655123, 0.0009670132254541386, 0.0008896937859390163, 0.0010319801174773604, 0.00115523213535198, 0.0012354715108813252, 0.0010782502366055268, 0.0009171526166028343, 0.0006801617114433611, 0.0009789883372832266, 0.0009133991317867185, 0.0009362672906718216, 0.0008274171548691811, 0.0009761454519320977, 0.0009787344708456658, 0.0011467013548099201, 0.0007769540203298674, 0.0009175228631647769, 0.0008552683296329632, 0.0007828613446690725, 0.00097946846162813, 0.0008683502640451479, 0.0009903590113026438, 0.0007942531463413615, 0.0007724528211838333, 0.0007695321681239875, 0.0007499579025534331, 0.0007899141503003193, 0.001064314092764107, 0.0010121613166120369, 0.0006831516064266907, 0.0008387042209506034, 0.0006288753338594688, 0.0007030833507087664, 0.0010717769628172391, 0.0007473123845556984, 0.0006110004389029201, 0.0007010276258370141, 0.0005695234161066764, 0.0006616384350536463, 0.0007247399715197389, 0.0006717941127590166, 0.0008122001368064957, 0.0004814307053493394, 0.0007000159836934472, 0.0009339215730051365, 0.0007191222091933013, 0.00043156326946700577, 0.0007939140395592404, 0.0006617915673814423, 0.0006079007496282429, 0.0006730080456236465, 0.0007540272197275044, 0.0006129110647179914, 0.0006028338072155748, 0.0006784177745430498, 0.0006277361420870875, 0.00078159930963011, 0.0007467266669664241, 0.0007422752196362126, 0.00037728390304891946, 0.0005861338857584997, 0.0008877479318016412, 0.0007815479825239891, 0.0004659024349621177, 0.0005185179145883012, 0.00047861145285423847, 0.0004851748047258297, 0.00027534302525964447, 0.0008423980553288856, 0.0006209479695826303, 0.0005566890361478726, 0.0009140680300788517, 0.0005173979111077643, 0.0006843368601494148, 0.0006126778783254849, 0.0004517073095030355, 0.00045780734017171194, 0.00032428772474304426, 0.0007093926151355845, 0.0005615951760546522, 0.00034819872537354967, 0.00069324047799455, 0.0006752299514801053, 0.0005404638574873389, 0.0006558716701420053, 0.0006440915903340283, 0.0005706197139261349, 0.00033641776426520666, 0.0008497230557395596, 0.0006991932396203992, 0.00044028878596691357, 0.00036429803622013425, 0.0003030217029618143, 0.0006771900168587308, 0.0005683014339410875, 0.0007075109032484762, 0.0005948723169694858, 0.00032992442506838413, 0.00039641774283154517, 0.00019860297895775149, 0.00045513761149322817, 0.0003956149101782103, 0.0007077005694554828, 0.00040801794098115356, 0.00055543487903833, 0.00038520260106906785, 0.0003738277503543941, 0.00022790380510286922, 0.0004438685150375931, 0.0002722569209709036, 0.0003546473375422465, 0.0003400271310965763, 0.0006634091478645132, 0.0002871004340818217, 0.00018251424077107004, 0.000374031313526757, 0.00042176725643230386, 0.0005618101233267226, 0.0005575186664827925, 0.0006065883434303032, 0.00030462497735470604, 0.00044285357107582963, 0.0002877855646602256, 0.0005151473245632587, 0.0005887157004735855, 0.00042202694719435386, 0.0005257837289320832, 0.0005283227142626856, 0.0004150989955064688, 0.00014287304071558538, 0.00033759078773982766, 0.00016228262210802314, 0.00046099189877395473, 0.0006765804392216523, 0.0004409825927382371, 0.0004243813566972676, 0.0005458033823856568, 0.00031107148957403296, 0.0005247757224765337, 0.0008647140959283206]
2025-11-16 18:09:27 - fedls - INFO - loss data:
2025-11-16 18:09:27 - fedls - INFO - [16.941583150625227, 0.14065376129001378, 0.00443372668523807, 0.002951652809861116, 0.0029472112481016667, 0.002567414482473396, 0.0027800288575235755, 0.002676478843204677, 0.0027606646413914863, 0.002794236998306587, 0.0032555451267398897, 0.002651956587214954, 0.0024446038354653866, 0.002624649219796993, 0.0022424156428314745, 0.0025941821746528148, 0.0022163375397212803, 0.0022388517390936613, 0.002092518864083104, 0.002046204214275349, 0.010165346818394028, 0.42119928655447436, 0.7791930697858334, 0.3524454042315483, 0.3410806085914373, 0.2787330217659474, 0.2741523988544941, 0.26391044817864895, 0.23653017878532412, 0.5421303052455186, 0.6941066369414329, 0.5977491430938244, 0.3824013855308294, 0.1826403161510825, 0.1369237443432212, 0.118678717315197, 0.106507489643991, 0.10089317671954631, 0.13505718801170585, 0.09969371883198619, 0.07925569908693433, 0.07309150034561754, 0.07288563912734389, 0.07206459408625959, 0.0734221950173378, 0.06996139790862799, 0.06662667682394385, 0.06629577474668621, 0.06707379473373294, 0.06050391430035233, 0.05885256817564369, 0.05953498668968678, 0.05571519676595926, 0.052695879433304074, 0.05159180462360382, 0.0483844400383532, 0.04224785957485437, 0.04004601961933076, 0.03573647169396281, 0.033778038481250404, 0.030149011965841056, 0.02845183773897588, 0.02003140323795378, 0.01690288151148707, 0.013919934653677045, 0.012936476164031773, 0.009720948012545704, 0.008266696601640432, 0.007248810539022088, 0.006384100764989853, 0.005563537986017764, 0.005330315104220063, 0.0050681691092904655, 0.004829259408870712, 0.0045039087592158465, 0.004540570743847639, 0.004372454475378618, 0.004546854057116434, 0.004389499744866044, 0.003968911571428179, 0.0037575029709842056, 0.003740411315811798, 0.0036731607862748204, 0.003425683916429989, 0.0033832074026577176, 0.0033831549691967664, 0.003396364126820117, 0.0034838576772017404, 0.0030886444030329583, 0.003249227095511742, 0.003319131411262788, 0.0029866963828681036, 0.003285251406487078, 0.0030979076982475817, 0.003257674199994653, 0.003055705121369101, 0.003099715191638097, 0.003147293595247902, 0.002924372925190255, 0.0029214483860414476, 0.002884324314072728, 0.0029832690837793053, 0.0031842190655879676, 0.002935227699344978, 0.0030087165301665667, 0.0029481057339580726, 0.0030783109512412922, 0.002771840925561264, 0.002923805089085363, 0.0029796560760587455, 0.002886802644934505, 0.002916193162673153, 0.00272878571995534, 0.0030722772731678564, 0.0030960930336732416, 0.002833117119735107, 0.0030014342395588756, 0.0027449220360722393, 0.0028939908341271805, 0.002870500338030979, 0.0029605517454911025, 0.0029280942311743275, 0.0028617132280487566, 0.00299952631467022, 0.002832079617655836, 0.002780780883040279, 0.002773626075941138, 0.0029749691602773964, 0.0027929108269745483, 0.00285463263571728, 0.0029197720083175226, 0.0027567729470320047, 0.0028981534589547662, 0.0027078110724687576, 0.002817524265265092, 0.0027745050494559107, 0.0028636961971642448, 0.002730500651523471, 0.00285835251561366, 0.0029864783922676, 0.0029632475576363503, 0.0028475927509134637, 0.002826103687402792, 0.0027926891983952374, 0.0028504785150289536, 0.0028697144181933252, 0.002740684206946753, 0.0028198200394399463, 0.0026835484110051765, 0.002653535676654428, 0.002927755514974706, 0.0028040889621479435, 0.0028640043921768664, 0.002834114190773107, 0.0028667134116403758, 0.002734187935129739, 0.0027941037289565427, 0.0027339656051481144, 0.002720898258849047, 0.0028057327814167365, 0.0026340404903749002, 0.0025461511802859606, 0.0027113357064081356, 0.0027138429519254713, 0.0028510818025097254, 0.002643791801529005, 0.0026423856092151255, 0.0027504475496243686, 0.0028482615074608476, 0.0026068660488817843, 0.0028128839883720504, 0.002817212330410257, 0.0026387928548501803, 0.0026961738883983346, 0.0026159509376157074, 0.002800580215989612, 0.0028694152337266133, 0.0028851998969912527, 0.0027079026709543545, 0.002710254915291444, 0.002567653948790394, 0.0026267931854818015, 0.0027505266421940177, 0.003030447757919319, 0.0025608634896343574, 0.0027436472708359362, 0.0027176283358130602, 0.002670487685827538, 0.0027602819551248103, 0.002656472186208703, 0.002868549941922538, 0.002723864238942042, 0.0027615124126896262, 0.0027121857972815635, 0.0026968826539814474, 0.002679671291843988, 0.002732657262822613, 0.0027306724397931246, 0.002820414214511402, 0.0026328353502321987]
2025-11-17 07:36:31 - fedls - INFO - loss data:
2025-11-17 07:36:31 - fedls - INFO - [16.941583150625227, 0.14065376129001378, 0.00443372668523807, 0.002951652809861116, 0.0029472112481016667, 0.002567414482473396, 0.0027800288575235755, 0.002676478843204677, 0.0027606646413914863, 0.002794236998306587, 0.0032555451267398897, 0.002651956587214954, 0.0024446038354653866, 0.002624649219796993, 0.0022424156428314745, 0.0025941821746528148, 0.0022163375397212803, 0.0022388517390936613, 0.002092518864083104, 0.002046204214275349, 0.0019901214982382953, 0.0018999536405317485, 0.0019290438867756166, 0.0016069790719484445, 0.0020604934034054168, 0.0017454604676458985, 0.0016600239992840215, 0.0015635527728591115, 0.0017615084696444682, 0.0017748508013028185, 0.0015625332642230207, 0.0012812945056793978, 0.001735135527997045, 0.001542964881809894, 0.001669754732574802, 0.0014816433045780285, 0.0014195652678608895, 0.0014725482717039995, 0.001445813562895637, 0.0015194397034065331, 0.0012181028418126517, 0.0012252537922904593, 0.0012699547987722326, 0.0012274019678443437, 0.0014456851327850017, 0.0012940037493535783, 0.0011713703039276878, 0.0013573917171015638, 0.0010069812025903957, 0.001158545866201166, 0.0011753376576962183, 0.0014615722619055304, 0.0011921568860998378, 0.0010270250582834705, 0.0011602875505559497, 0.0010718170164182085, 0.0013229575754849067, 0.0010095808196638246, 0.0007763447522393108, 0.0011365187157934998, 0.0008390829325435334, 0.0012421130129951054, 0.0011526924863574095, 0.000951497101050336, 0.001134361831645947, 0.000942700069026614, 0.0009908229429129278, 0.0012168403038231189, 0.0010512188957363833, 0.001106826944851491, 0.0009769443520781353, 0.0009897502452076879, 0.0007420298258239199, 0.0006005467065733683, 0.0009809252162995108, 0.0008034895591663372, 0.0007831437136701425, 0.0009970708713808564, 0.0009513496144336387, 0.000654034927538305, 0.0009934813352629134, 0.0006918333327121217, 0.0008524766206392087, 0.000876853448789916, 0.0008309895750244322, 0.0008303977241666872, 0.0008614520449327756, 0.00099232213515279, 0.0006894292266224511, 0.0006758241816442023, 0.000668928443792538, 0.001001056945642631, 0.0005492547286621629, 0.0007184643425944159, 0.0008934573318583716, 0.0008494600233461824, 0.0006047887213185277, 0.0005744566342400503, 0.000771968295748593, 0.000719020378210189, 0.0006377278101354022, 0.0008788485997683892, 0.0006759135695574514, 0.0008460176388325636, 0.0008342801007529487, 0.0007586963934954838, 0.0006308970112968382, 0.0006610507638924901, 0.0004776662697622669, 0.0006481852532488119, 0.0008479420203912013, 0.0006435426861116867, 0.000443233204077842, 0.0006400870371180644, 0.000721304412400059, 0.0006042419485311257, 0.00043625016631949616, 0.0007267164945915283, 0.0006882592594251946, 0.0006671780470242084, 0.0007950676462314732, 0.0005897701532376232, 0.0005513925000514064, 0.0005974025262958094, 0.0005500539278727955, 0.0004945770704580354, 0.0007637486050953157, 0.000652688526588463, 0.00035355070986042847, 0.0007499263702811731, 0.0007635009333171183, 0.0006193840869855194, 0.0005713016889785649, 0.0006263335142648429, 0.0004984156304999488, 0.0006241865480205889, 0.000410617731995444, 0.0003485794973471457, 0.0005189653243633074, 0.0004752879588181713, 0.00048657804940148707, 0.0004619791280447316, 0.0006188845486803985, 0.0005655366097926162, 0.0005704249832433561, 0.0005119531937339162, 0.00046906461402613787, 0.0005950976931103468, 0.0005726167600187182, 0.00040370316298776743, 0.0005401198289291642, 0.00043338247612609846, 0.0004785223845829023, 0.0005484446337959525, 0.0005075028864780506, 0.0004304911314761739, 0.0003756668839855592, 0.0006288750213570893, 0.0004919816852179792, 0.0003965168893955706, 0.0003878672990936139, 0.0003748886700122966, 0.0003702060551631803, 0.0006702038114440257, 0.0005035641146719172, 0.0005017358031182084, 0.0005301073293139779, 0.0005451382170576836, 0.0006662300791049347, 0.00043118514872730884, 0.0005266151050818735, 0.0004471748118930918, 0.00026139190605363184, 0.0004036409856780665, 0.00031346379851129316, 0.0004005485843435963, 0.00024136589976251341, 0.0006258777967332208, 0.0003437203908106312, 0.0004933018511110276, 0.000566865065809452, 0.00029493319502762463, 0.0005362046146728972, 0.0003364085384419013, 0.0003474183359116978, 0.0004324400081941349, 0.0002639004250795552, 0.0004409269576854058, 0.0004059097392541844, 0.0004047598938882402, 0.000821874289522384, 0.00047022824199984827, 0.0003196686472676902, 0.0005390749609659907, 0.0002761333124681187, 0.0006278777265379176, 0.00036906349326955025, 0.0004913773497378316, 0.00038521922408563114, 0.00041510472373147423]
2025-11-19 05:36:58 - fedls - INFO - Namespace(task='sft', fed_alg='fedls', dataset_name='zwhe99/commonsense_170k', model_name='huggyllama/llama-7b', split_strategy='iid', alpha=0.5, num_clients=20, num_clients_per_round=2, batch_size=8, max_steps=20, gradient_accumulation_steps=1, lr=5e-05, epochs=1, num_rounds=200, seed=2024, log_file='./log/log.txt', load_in_8bit=False, load_in_4bit=False, use_peft=True, dataset_sample=20000, peft_lora_r=32, peft_lora_alpha=64, seq_len=512, template='alpaca')
2025-11-19 09:01:29 - fedls - INFO - loss data:
2025-11-19 09:01:29 - fedls - INFO - [17.00063026845455, 0.1158087857416831, 0.005617092095781118, 0.0028999568428844215, 0.0026944374490994964, 0.0028371042455546556, 0.002949282631743699, 0.0026334397261962295, 0.00267548612318933, 0.002721985735115595, 0.0027273000887362286, 0.0027173795911949127, 0.002858442752039991, 0.002566305763320997, 0.002541941613890231, 0.0024910398875363175, 0.0024102761381072924, 0.0021605475441901943, 0.0020467532405746168, 0.0022057906884583645, 0.001996490788587835, 0.0019379125980776735, 0.002014568803133443, 0.0017287271854002028, 0.0017993512985412963, 0.0020722577508422548, 0.002132918796269223, 0.0016551235872611868, 0.0014947468793252484, 0.0014400535957975079, 0.0016604923177510498, 0.001388603506347863, 0.0017124456106103025, 0.0015835917089134454, 0.001529993526492035, 0.00167905438283924, 0.0017146339421742597, 0.001328854436724214, 0.0014981096086557955, 0.00143114379097824, 0.001352185219002422, 0.00123842262182734, 0.0014206078049028292, 0.0013829082919983192, 0.0010738384231444797, 0.0014229444066586438, 0.0012360786473436746, 0.0014322671013360377, 0.0012752226870361484, 0.0011960776530031579, 0.0012451281076209853, 0.0012978524926438697, 0.0012158300494775176, 0.0010746458543508196, 0.0011110655075754039, 0.0010473002894286765, 0.0009913396170304623, 0.001145073196857993, 0.0011555760476767319, 0.0012143842024670446, 0.0010556713408732322, 0.0009524385390250245, 0.001033345615678627, 0.0008797270247669076, 0.0009679699651314877, 0.0011042357262340374, 0.000818910973976017, 0.0009764366481249453, 0.0007476304994270322, 0.0007727163982963247, 0.0008612053457909497, 0.0009438699094971525, 0.0007691156215969385, 0.001065800371725345, 0.0009233733683686297, 0.0007277180022811081, 0.0010051074545117445, 0.0010747002141215489, 0.0009559830585203599, 0.0008314108819831745, 0.0005322215439889533, 0.0008400664241889899, 0.0009652588880271651, 0.0006582974042430578, 0.0007802788865319598, 0.0006179623142088531, 0.0009609602983800869, 0.0011392493805033157, 0.0005131300208176981, 0.0008655437555262324, 0.0008334334710070834, 0.0009734687595482683, 0.0007781408092341735, 0.0006581335544069589, 0.0006938973142041505, 0.0008101586452539777, 0.0004043974862156574, 0.0009110052686992277, 0.0006398257549790287, 0.000876749555573042, 0.0008742527539652655, 0.000435288910057352, 0.0005108497815626833, 0.0009455920846448862, 0.0010355134538258424, 0.0006650171978208163, 0.0005250674224498653, 0.0009456637448693073, 0.0007477984017896233, 0.0008784691242908593, 0.0007962985677295364, 0.0008095699576188054, 0.000771136199364264, 0.0007742860197140544, 0.0007195958810598313, 0.0005276099071579665, 0.000768374056860921, 0.0007299539503037522, 0.0010056932314910227, 0.0007525802328473219, 0.0005906304834752518, 0.0006557364064974536, 0.0007216346509267169, 0.0006264704453315062, 0.0006682749115043407, 0.000567318573303055, 0.00039828289079650857, 0.0006526983425828803, 0.00042313404189826543, 0.0006284320233135076, 0.0004619398911472672, 0.0006776314128273953, 0.0005013275598230393, 0.0005799129871775222, 0.000655828598928565, 0.000723608111638896, 0.0005569215533114402, 0.000338983636413559, 0.0005324638843376306, 0.000430830549885286, 0.0005658997812133748, 0.0007384512872022242, 0.0004889318926757369, 0.000591531823920377, 0.000709729184200114, 0.0006045332922440139, 0.0006045142564289563, 0.0003858110692817718, 0.0007113905106962194, 0.0003897015745906174, 0.000596345508961349, 0.00043657696223817764, 0.00029978955976730506, 0.00040842465684818305, 0.0004241039873477348, 0.00044088911690778334, 0.0004828409621495666, 0.000407652444073392, 0.0005591626998466381, 0.0006204648235325294, 0.0004916680720043586, 0.00027305828527914857, 0.00032786455753921475, 0.0003869500837936357, 0.0003922191795481922, 0.0007173354087399276, 0.0002937386175062784, 0.0005000222414537348, 0.0005377883868277422, 0.00046408553671426487, 0.0006245273514196015, 0.00023234119514654595, 0.00042718707559288307, 0.000525564202212081, 0.00041703250317368654, 0.0005311173578888883, 0.0006709455795089525, 0.0005741857811244699, 0.0006624717831982708, 0.00040527840365029984, 0.0004909869626203544, 0.0003734679581839373, 0.0002970849081975757, 0.0004903233768231985, 0.0004293126416314408, 0.00038428476682383916, 0.00032216896202044156, 0.0002454144499893118, 0.0006894467853044261, 0.0005832616548104852, 0.0003768953198687086, 0.00042297355544178576, 0.0006005782851616459, 0.0006518957793559821, 0.0002362952952807973, 0.0003482072893461918, 0.00048363941106117637, 0.0006454203727344066, 0.0006334080576380074, 0.0005552618369165429]
2025-11-19 09:14:42 - fedls - INFO - Namespace(task='sft', fed_alg='fedls', dataset_name='zwhe99/commonsense_170k', model_name='huggyllama/llama-7b', split_strategy='iid', alpha=0.5, num_clients=20, num_clients_per_round=2, batch_size=8, max_steps=20, gradient_accumulation_steps=1, lr=5e-05, epochs=1, num_rounds=200, seed=2025, log_file='./log/log.txt', load_in_8bit=False, load_in_4bit=False, use_peft=True, dataset_sample=20000, peft_lora_r=32, peft_lora_alpha=64, seq_len=512, template='alpaca')
2025-11-19 12:37:35 - fedls - INFO - loss data:
2025-11-19 12:37:35 - fedls - INFO - [16.9547738134861, 0.1710180066525936, 0.004334299109177664, 0.0029519258008804173, 0.0027721803227905182, 0.002747743416693993, 0.0027925419912207873, 0.0027454849827336144, 0.0027237176400376484, 0.0026729298959253358, 0.0027522181946551426, 0.0026330337626859547, 0.002768360613845289, 0.002785708851297386, 0.00277964714623522, 0.003041037893854082, 0.0024494429962942377, 0.0026522512576775624, 0.0026176990970270706, 0.0024661939969519153, 0.00240485823887866, 0.002327755431178957, 0.0021980509540298955, 0.0023087832392775453, 0.0020192009236779996, 0.0022031572058040182, 0.0021929156515398066, 0.002153155340056401, 0.0019004990841494872, 0.001934933624579571, 0.0018639193818671628, 0.0018022975535131993, 0.0013748603756539523, 0.001813581660098862, 0.0015649776440113782, 0.0016276460155495442, 0.001844292626628885, 0.0015191137499641627, 0.0014218791380699257, 0.0015911813403363339, 0.0015387956009362824, 0.0013935272399976384, 0.0014880531070957659, 0.0014934304752387106, 0.0014654984814114868, 0.0014686679212900346, 0.0011843456130009144, 0.0015250713964633177, 0.0012677618013185565, 0.0010529146802582545, 0.0013205898430896923, 0.0011696198343997821, 0.0012333984387623786, 0.0013077146155410445, 0.0011568026697204915, 0.0011312307902699103, 0.0012880748687166487, 0.0014071807920117863, 0.001183951142957085, 0.001134435008316359, 0.0009936899416061352, 0.0009123413349698239, 0.0010995591408573093, 0.001187823426153045, 0.0012693138822214677, 0.0011142858915263788, 0.0009680352651230351, 0.0007603154674143298, 0.0010148096974262446, 0.0010056881692435127, 0.000999308217797079, 0.0008814224494926748, 0.0010362279346736614, 0.0010568453515588771, 0.0011973957181908189, 0.0009078621933440445, 0.0009660796778916847, 0.0009053902638697763, 0.0008563811654312304, 0.001086289744671376, 0.0008176068101874989, 0.0009674604085375903, 0.0008838308371196035, 0.0008243345095252153, 0.0008384551611925417, 0.0007610947787725308, 0.0009569896570610581, 0.0010928861505817623, 0.0010376189718954265, 0.0007690983477004921, 0.0008533035037544323, 0.0006883997457407531, 0.0007354225629569555, 0.0010432229488287702, 0.00078953131360322, 0.0006343437973441723, 0.0006914281863373618, 0.0006900816762936302, 0.0006194363080794574, 0.0007853018633795728, 0.0007291839115168841, 0.0008981479768408462, 0.0005702826962533436, 0.000763445329539536, 0.001045388432339678, 0.000773775907146046, 0.0004344089973301379, 0.0008393151497784856, 0.0007000925690590521, 0.000780176129683241, 0.0008267815501767473, 0.0007494732711165852, 0.0006570655363702827, 0.0005626655787182244, 0.0006884882516487779, 0.0006314959518022079, 0.0007518823338614311, 0.000793005643208744, 0.0008454240031824157, 0.0004796178433480236, 0.0006895172431768514, 0.0008696492291164759, 0.0008160449596289255, 0.0006102392691900605, 0.0005752848936936061, 0.0005681846246716304, 0.0005205312762882386, 0.0003044929534326002, 0.0008745677117531159, 0.0006569593437234289, 0.0005923318405621103, 0.000993195755745546, 0.0006510809314022481, 0.0006366651191910932, 0.0007329622309953266, 0.0005165847122043487, 0.0005119804690366437, 0.0004548795944629091, 0.0006659198736088002, 0.0005431234760862935, 0.000364412777025791, 0.0007167092007193787, 0.0006728379062906243, 0.0005933398031629622, 0.0006885509857056604, 0.0006430757726548109, 0.000528233062959771, 0.0003687221109885286, 0.000938405772922124, 0.0006996646707875698, 0.000512667033899561, 0.000475454889442517, 0.00031875230349669436, 0.0006528332147354377, 0.0005699434701000427, 0.0007554422740668088, 0.0005456924071268077, 0.0003744939637272182, 0.0003990495083257883, 0.0002124038119063698, 0.0005193502808310768, 0.0003724943064526087, 0.0006515714274428319, 0.0004536209531579516, 0.0006180039729542841, 0.0003608996870070769, 0.0003735310824595217, 0.00027223489518064526, 0.0004468355439485094, 0.00022169809947172328, 0.00029457947248374695, 0.00032640810148905076, 0.000666747725267669, 0.0003338329115990746, 0.00018152955814230154, 0.0003667914084530821, 0.0004083192408359082, 0.0005192047493437712, 0.0006422728868074046, 0.0007608262489156914, 0.0003403701524348435, 0.0005643041994630949, 0.000263359946188757, 0.0005163544149922927, 0.0006546336755718585, 0.00041835442881392736, 0.000668865747604741, 0.0005451253788464782, 0.000475369180708185, 0.00012227875419057455, 0.0003530418952436776, 0.00023068767908398515, 0.000580830273815991, 0.0006457949898276638, 0.0004428608975103998, 0.0004611779965671303, 0.000533109013167632, 0.00027162627942516336, 0.0005577585913556504, 0.0009626751863038407]
2025-11-20 02:29:06 - fedls - INFO - Namespace(task='sft', fed_alg='fedls', dataset_name='zwhe99/commonsense_170k', model_name='huggyllama/llama-7b', split_strategy='iid', alpha=0.5, num_clients=20, num_clients_per_round=2, batch_size=8, max_steps=20, gradient_accumulation_steps=1, lr=5e-05, epochs=1, num_rounds=200, seed=2025, log_file='./log/log.txt', load_in_8bit=False, load_in_4bit=False, use_peft=True, dataset_sample=20000, peft_lora_r=32, peft_lora_alpha=64, seq_len=512, template='alpaca')
2025-11-20 02:29:17 - fedls - INFO - Namespace(task='sft', fed_alg='fedls', dataset_name='zwhe99/commonsense_170k', model_name='huggyllama/llama-7b', split_strategy='iid', alpha=0.5, num_clients=20, num_clients_per_round=2, batch_size=8, max_steps=20, gradient_accumulation_steps=1, lr=5e-05, epochs=1, num_rounds=200, seed=2025, log_file='./log/log.txt', load_in_8bit=False, load_in_4bit=False, use_peft=True, dataset_sample=20000, peft_lora_r=32, peft_lora_alpha=64, seq_len=512, template='alpaca')
2025-11-20 02:30:47 - fedls - INFO - Namespace(task='sft', fed_alg='fedls', dataset_name='zwhe99/commonsense_170k', model_name='huggyllama/llama-7b', split_strategy='iid', alpha=0.5, num_clients=20, num_clients_per_round=4, batch_size=8, max_steps=20, gradient_accumulation_steps=1, lr=5e-05, epochs=1, num_rounds=200, seed=2025, log_file='./log/log.txt', load_in_8bit=False, load_in_4bit=False, use_peft=True, dataset_sample=20000, peft_lora_r=32, peft_lora_alpha=64, seq_len=512, template='alpaca')
2025-11-20 02:31:01 - fedls - INFO - Namespace(task='sft', fed_alg='fedls', dataset_name='zwhe99/commonsense_170k', model_name='huggyllama/llama-7b', split_strategy='iid', alpha=0.5, num_clients=20, num_clients_per_round=4, batch_size=8, max_steps=20, gradient_accumulation_steps=1, lr=5e-05, epochs=1, num_rounds=200, seed=2025, log_file='./log/log.txt', load_in_8bit=False, load_in_4bit=False, use_peft=True, dataset_sample=20000, peft_lora_r=32, peft_lora_alpha=64, seq_len=512, template='alpaca')
2025-11-20 08:46:08 - fedls - INFO - loss data:
2025-11-20 08:46:08 - fedls - INFO - [16.92405503690243, 0.1484176499361638, 0.004262490988185163, 0.0030399151888559576, 0.0028292893563047986, 0.002746376510185655, 0.002793493440549355, 0.0026762634108308705, 0.002682256275147665, 0.0027108498848974704, 0.002690372291544918, 0.0026443603725056167, 0.0026376896508736535, 0.0025533979511237702, 0.0025325642971438357, 0.0024901933007640763, 0.002371399643016048, 0.002401794590696227, 0.0021555512386839835, 0.0021326124639017507, 0.0019930044574721253, 0.0020239796256646516, 0.0020050194223586006, 0.0019239331239077728, 0.0018623222793394234, 0.001731532407939085, 0.0017999928859353531, 0.0016012757281714586, 0.0016362379607016918, 0.0015487229204154574, 0.0016318523961672327, 0.0016327939239999976, 0.0013603639894427034, 0.0014235526792617747, 0.0013207139971200378, 0.001367028721870156, 0.0014378544139617587, 0.0012707103745924543, 0.0013004342441490734, 0.0013619488483527676, 0.0013316052500158548, 0.0011823337950772838, 0.0011967780459599454, 0.0012993705002372735, 0.0013720492032007314, 0.0012182557748928956, 0.0011150234889555576, 0.0011594170598073106, 0.0011520083660798263, 0.0011310609404972638, 0.0010438081006213906, 0.0010588956880383193, 0.0011751476689823904, 0.0011498366729938425, 0.001075376502058134, 0.0011155109579704004, 0.0010992285888278275, 0.0011300380002467135, 0.0009056140797838452, 0.0009603796928786324, 0.000844329045185077, 0.000919176547358802, 0.000988560808400507, 0.0009372202663143979, 0.0009810936806388783, 0.0009841658204550185, 0.0008406976030755686, 0.0008195832937417436, 0.0009165558297354437, 0.0007612507266230751, 0.000833433973684805, 0.0007457439013251133, 0.0008733412412766484, 0.0008964739860402916, 0.0008874283294971974, 0.0006663879210464074, 0.0007810611391278144, 0.0007448067247992186, 0.0007135458984294018, 0.0008270187513289784, 0.0009199475788932432, 0.0007326625570044597, 0.0008248197525063005, 0.0006451351230452929, 0.0006036677405290902, 0.0006095853504803017, 0.0006631974577885557, 0.0007998114343820362, 0.000731082721358689, 0.0006830065379745064, 0.0006508350466219781, 0.0006030394647268622, 0.0005927937992396437, 0.0007122014928654608, 0.0006963031021086862, 0.0005662263031695147, 0.0005706510446543689, 0.0005577862288305369, 0.0005330917715355099, 0.0006010780001417971, 0.0005979406380106412, 0.0005568060855694057, 0.0005760896721085373, 0.0005490491337923232, 0.00047658712360885145, 0.0005010206525184913, 0.00040896272652730654, 0.0007264969707421187, 0.00036880924524211877, 0.0005096646355127632, 0.00041492900146522516, 0.0006333069177230754, 0.0003864126714120175, 0.00042840111339899074, 0.0003903977428933558, 0.00042345475067691036, 0.0005864892360165185, 0.0007045409134434522, 0.0004352133804729874, 0.000409140525937346, 0.0003525213794915771, 0.0007542732055867418, 0.00047309994261297557, 0.0004671972170513072, 0.00041097222555208646, 0.0002804693973587291, 0.00038707034310903055, 0.0004304091898347906, 0.000520255464590491, 0.00032016791406022096, 0.0003349108840666304, 0.0004394498274223224, 0.00032129917761380966, 0.000304080054604583, 0.0005127853799592685, 0.00032893661352204615, 0.00045566953204456695, 0.00023394983861919628, 0.0002808353088639137, 0.0003417251431045543, 0.0003583911120585981, 0.0004520426930838539, 0.00040076406363596104, 0.00041144651000024623, 0.00037959620856895524, 0.0002898229958191223, 0.0002465454764319475, 0.00023780639983073115, 0.0003494802722741497, 0.00039843329602433635, 0.00021429817312821345, 0.0003383062618979693, 0.00035362869803634567, 0.00031300714875328597, 0.0003482769739861169, 0.0004543343848581572, 0.0002439061118863606, 0.00017220988040094197, 0.0002445836329371787, 0.00017571488185552653, 0.0003273283237973601, 0.00029819485041002734, 0.0002746585129287382, 0.00035342669464881736, 0.00030872736156766227, 0.0002207522200833978, 0.00027604804547110007, 0.0002036233814990851, 0.00029518781847599486, 0.00019860656234129694, 0.00023116532180580406, 0.00043801540629999635, 0.00026362328047326857, 0.00023080127123051856, 0.00026266690809180205, 0.00014994593840071959, 0.0002791094057585042, 0.0002126312395589025, 0.00026633354606104827, 0.0002591517765196727, 0.0002690735496940988, 0.00025397417723951323, 0.00023291930541518015, 0.0003245416251772326, 0.00024950750631944627, 0.00028848428032688387, 0.00025851510062864237, 0.0003341329669460436, 0.00022052370098037957, 0.00019948236501790006, 0.00028303043320789814, 0.0002451250960746165, 0.0002174730532999547, 0.0003137611237605143, 0.00035078076674466274, 0.000262863660425694, 0.0003095391325686591, 0.0002480486732196141, 0.000297211828812749, 0.00036667111730963596]
2025-11-21 08:37:12 - fedls - INFO - Namespace(task='sft', fed_alg='fedls', dataset_name='zwhe99/commonsense_170k', model_name='huggyllama/llama-7b', split_strategy='iid', alpha=0.5, num_clients=20, num_clients_per_round=2, batch_size=8, max_steps=20, gradient_accumulation_steps=1, lr=5e-05, epochs=1, num_rounds=200, seed=2025, log_file='./log/log.txt', load_in_8bit=False, load_in_4bit=False, use_peft=True, dataset_sample=20000, peft_lora_r=32, peft_lora_alpha=64, seq_len=512, template='alpaca')
2025-11-21 08:40:26 - fedls - INFO - Namespace(task='sft', fed_alg='fedls', dataset_name='zwhe99/commonsense_170k', model_name='huggyllama/llama-7b', split_strategy='iid', alpha=0.5, num_clients=20, num_clients_per_round=2, batch_size=8, max_steps=20, gradient_accumulation_steps=1, lr=5e-05, epochs=1, num_rounds=200, seed=2025, log_file='./log/log.txt', load_in_8bit=False, load_in_4bit=False, use_peft=True, dataset_sample=20000, peft_lora_r=32, peft_lora_alpha=64, seq_len=512, template='alpaca')
2025-11-21 11:16:35 - fedls - INFO - loss data:
2025-11-21 11:16:35 - fedls - INFO - [16.96341131031513, 0.1737954544136301, 0.006210028706118465, 0.004761578078614548, 0.004631717212032527, 0.004479322815313935, 0.004486747528426349, 0.004409965552622452, 0.004318295890698209, 0.004214130691252649, 0.004234619386261329, 0.004065152385737747, 0.0041906484111677855, 0.004015488747972995, 0.003990652720676735, 0.0044458468677476045, 0.003564290126087144, 0.003719965333584696, 0.003777900122804567, 0.0035417581733781845, 0.0033124645182397213, 0.0034054886491503567, 0.0030723855190444736, 0.0033108593052020296, 0.002866766386432573, 0.003257364715682343, 0.0031247687933500857, 0.0029897225671447814, 0.002767188980942592, 0.0027861609298270194, 0.0027493453555507584, 0.0026377917325589805, 0.0022917000052984802, 0.00263500984874554, 0.0024116064829286187, 0.002500081469770521, 0.00266940362052992, 0.002379357535392046, 0.0022678214416373523, 0.0024481661559548227, 0.0024369525141082708, 0.002207291626837105, 0.0023827448138035836, 0.002380012121284381, 0.0023535900370916353, 0.002317690019845031, 0.0020804917818168177, 0.0022967941011302175, 0.002119256016158033, 0.0018611099949339405, 0.0021079180092783644, 0.0019919205631595107, 0.0021164583828067406, 0.002136530092684552, 0.002037702448433265, 0.0019944512692745774, 0.0020834959475905636, 0.0022090372192906218, 0.00192262025520904, 0.0019350765855051578, 0.0017685569764580578, 0.0017196376575157046, 0.0017990843392908574, 0.0019630941373179668, 0.002032930175482761, 0.001863342840806581, 0.0017185416101710871, 0.0015145722034503705, 0.0017495703126769514, 0.0017562026157975199, 0.0017640191901591607, 0.0016489725079736673, 0.0018435997946653516, 0.0018343848001677542, 0.0019775057764491065, 0.0016469680587761102, 0.0017654714843956753, 0.0017105127801187337, 0.0015753470914205536, 0.0018478764483006672, 0.0015387357561849058, 0.0016467947192722932, 0.0015237699772114865, 0.0014932711361325345, 0.0014936021849280222, 0.0014816529743256978, 0.0016083464070106857, 0.0017549845826579258, 0.0016312302846927195, 0.001416367181809619, 0.0015689567066146993, 0.0013339328943402506, 0.0014037188811926171, 0.0017004032371914946, 0.001459136801713612, 0.0012838725102483294, 0.0013627196531160735, 0.0013335972194909117, 0.0012655149737838655, 0.0014926519215805456, 0.001293782566790469, 0.0014655835882877001, 0.0011517900187755004, 0.001358170891762711, 0.001547616302559618, 0.0013933318230556326, 0.0010388995360699482, 0.0014147159003186972, 0.0013466585762216708, 0.0013155704480595886, 0.0013275640347274022, 0.0013501682071364485, 0.0012062656023772433, 0.0011545926856342704, 0.0012575512650073507, 0.0012310274891206064, 0.001461298606591299, 0.001378771937743295, 0.0014377913714270106, 0.0009727684926474466, 0.0010826920086401514, 0.0013665933351148852, 0.0012736512391711586, 0.0009963041899027302, 0.0009867662469332573, 0.0009665613957622553, 0.001048404665198177, 0.0007744731192360632, 0.0013560681596572976, 0.001123352677677758, 0.0011105711906566284, 0.0014469752473814878, 0.0010450610468978993, 0.0011566851710085758, 0.0011374290159437807, 0.000980830506887287, 0.0009498411272943486, 0.0008872009078913834, 0.0011829441798909101, 0.0010276517823513132, 0.0007319706841371954, 0.0010823670832905917, 0.001064342891186243, 0.0009548999332764652, 0.001070167702710023, 0.0009760752443980891, 0.0008649115625303239, 0.0007263236235303338, 0.0012822377015254461, 0.0010636248713126405, 0.0008885475239367224, 0.0007808032634784468, 0.0006414659452275373, 0.0010734568648331335, 0.0009273526069591754, 0.0010987502697389572, 0.0009046264902281109, 0.0007406053700833581, 0.0007252110604895278, 0.000572331986768404, 0.0008185663376934826, 0.000649341952521354, 0.0009545218526909593, 0.000703557618544437, 0.0008350039948709309, 0.0006286500080022961, 0.0006601895824132953, 0.0005859377517481335, 0.0006762938457541168, 0.0005402795053669252, 0.0005638704453303945, 0.0006452990171965211, 0.000960636408854043, 0.0006188650972035249, 0.00045633852205355656, 0.0006735344417393208, 0.0006633234253968113, 0.0007132064012694173, 0.0008420184065471403, 0.0010051309051050338, 0.0005467156046506716, 0.0007261366972670658, 0.0004919028884614818, 0.0008216428319428814, 0.0008823522635793779, 0.0007002912494499469, 0.0008001015761692543, 0.0007408575980662136, 0.0006542882179928711, 0.00031634593287890313, 0.0005743561549024889, 0.0004699052413343452, 0.0006811890689277789, 0.0008073041615716647, 0.0006848070865089539, 0.0007045196412946098, 0.0007290576682862592, 0.0005170538093807409, 0.0008322937428602017, 0.0010717326225858415]
2025-11-22 17:33:54 - fedls - INFO - Namespace(task='sft', fed_alg='fedls', dataset_name='zwhe99/commonsense_170k', model_name='huggyllama/llama-7b', split_strategy='iid', alpha=0.5, num_clients=20, num_clients_per_round=2, batch_size=8, max_steps=20, gradient_accumulation_steps=1, lr=5e-05, weight_decay=0.01, epochs=1, num_rounds=200, seed=42, log_file='./log/log.txt', load_in_8bit=False, load_in_4bit=False, use_peft=True, dataset_sample=20000, peft_lora_r=32, peft_lora_alpha=64, seq_len=512, template='alpaca')
2025-11-22 20:07:01 - fedls - INFO - loss data:
2025-11-22 20:07:01 - fedls - INFO - [16.91586830615997, 0.13132041450589896, 0.0046301745984237645, 0.002919354668119922, 0.0028093211440136656, 0.0026896120340097695, 0.0027718769968487324, 0.0026927915023406968, 0.00286191618652083, 0.002775944635504857, 0.00268790602858644, 0.0027221337222727016, 0.002628504580934532, 0.0026565677893813696, 0.0024082211341010405, 0.002485171350417659, 0.002398450826876797, 0.0023564059316413476, 0.0022781712730647998, 0.0022045982710551474, 0.002099288311728742, 0.001961398581624962, 0.0017372865055222063, 0.002142329204070847, 0.001578045463975286, 0.0017101949575589969, 0.0016645562980556862, 0.0018887638332671485, 0.0016736666846554726, 0.0016237566858762875, 0.0016095761704491452, 0.0015774236104334704, 0.0015687077670008876, 0.0015588871130603364, 0.0014677416747872485, 0.0013396537367952987, 0.001272715681261616, 0.0013102339536999353, 0.001394149798579747, 0.0016233193142397794, 0.001213248720159754, 0.001355827919906005, 0.0012677371574682183, 0.0013590860566182529, 0.0015243283531162887, 0.0012656892631639494, 0.0013980644598632352, 0.0010118693309777882, 0.0014450251142989145, 0.0012232556204253343, 0.001190046856936533, 0.0013245820548036134, 0.0009713617126180906, 0.001196790200265241, 0.001288233566810959, 0.0010162984179260095, 0.001174165181146236, 0.0011524344605277292, 0.0012356973722489782, 0.0009442344395210966, 0.001308922006865032, 0.0011188006999873323, 0.0011382920675714558, 0.0011034425515390467, 0.001236312961555086, 0.0008291040387121029, 0.0011837164969620063, 0.001001240688492544, 0.0009113685286138207, 0.0010528402848649422, 0.000757874573537265, 0.0010065761533041952, 0.00107688374537247, 0.0009058974488652894, 0.001089422019504127, 0.0010769401953439227, 0.001098088501021266, 0.0008612629015260608, 0.0008638688849714527, 0.0008034949750253873, 0.0008020145313821559, 0.0010530600426136515, 0.0008477842842694372, 0.0009393396370796836, 0.000773735811617371, 0.0009554032740197727, 0.0011033694723664666, 0.0007201854279628606, 0.0005718052866541257, 0.0008821721728963893, 0.0008949798998401093, 0.0008308079035714399, 0.00076960081805737, 0.0006067918559892859, 0.000852202068472252, 0.0007051567936287029, 0.0008479079006065149, 0.0005901621225348208, 0.0007290566912615758, 0.0005640183641844488, 0.000781437908699445, 0.0008918523916236154, 0.0007082081644512073, 0.0007795785334565152, 0.0006097769045481982, 0.0007247697860293556, 0.0006065734128242184, 0.0006617736034058907, 0.0006430894252844154, 0.0005667340232321295, 0.0006605108835060491, 0.0007965294209498098, 0.0006286044217176823, 0.0007155061191042478, 0.0006134012578513648, 0.0007673778408388898, 0.0007431521204125602, 0.0007765212477806926, 0.0005235987458036106, 0.0006277384938584874, 0.000759503796257377, 0.0004258821591974993, 0.0003780914102890165, 0.0005345560418845707, 0.0006665436987418616, 0.0006297900734580253, 0.0004649715829145862, 0.0005245425629937017, 0.0007585840867022853, 0.0004198296925551404, 0.0004920778529026393, 0.00042244328976721586, 0.0008941971598460442, 0.00032083842706924774, 0.0007151480659103981, 0.000261597142446135, 0.0007052624510038186, 0.0005355729908842477, 0.0007224323578611802, 0.000468985530324062, 0.0003998818191121245, 0.0005767448396909458, 0.0004855451727507898, 0.0004742377135244169, 0.0006672944529327651, 0.00040695115199014255, 0.0008103146059056599, 0.00039103653434722216, 0.0004842959578127193, 0.0003875317148185786, 0.0004738223406263842, 0.00032695601305476885, 0.00035541276789672336, 0.0002437449971125716, 0.0004860390272995119, 0.0005440050528306983, 0.0004348695216435772, 0.0004279043233225366, 0.00031314188480564554, 0.000843644259617804, 0.00033224932686835016, 0.0005351885793345446, 0.0005173764655410195, 0.00040382543104442445, 0.0006300731016949612, 0.0005320862529060832, 0.0005466486923069169, 0.0005472771351605843, 0.0003412395733903395, 0.0006094336382375332, 0.0003860286849317163, 0.0003107684852921011, 0.00043160099953638565, 0.0006665415971156107, 0.000340796511136432, 0.00047037080313430126, 0.00042230335056956395, 0.0004221503296832907, 0.00033770950725511286, 0.0003512058586579769, 0.0005313542568728735, 0.0003306200564395567, 0.000484060940971176, 0.0003136711987167473, 0.0004035271977215871, 0.00042590109766251774, 0.00042425134739687564, 0.0005636693842006934, 0.0005335539196607897, 0.0004781849744972533, 0.00043672301932247133, 0.00045374350262363807, 0.000551631944881592, 0.0005528818286848036, 0.00032465014617173433, 0.00040513352801099247, 0.00029255660664375684, 0.00034537040379518653, 0.00034603237091346273, 0.0006705663426259889]
2025-11-22 20:11:25 - fedls - INFO - Namespace(task='sft', fed_alg='fedls', dataset_name='zwhe99/commonsense_170k', model_name='huggyllama/llama-7b', split_strategy='iid', alpha=0.5, num_clients=20, num_clients_per_round=2, batch_size=8, max_steps=20, gradient_accumulation_steps=1, lr=5e-05, weight_decay=0.01, epochs=1, num_rounds=200, seed=123, log_file='./log/log.txt', load_in_8bit=False, load_in_4bit=False, use_peft=True, dataset_sample=20000, peft_lora_r=32, peft_lora_alpha=64, seq_len=512, template='alpaca')
2025-11-22 22:46:32 - fedls - INFO - loss data:
2025-11-22 22:46:32 - fedls - INFO - [17.044555696845055, 0.14326822775183246, 0.006550502171739936, 0.003101621550740674, 0.0028322161204414444, 0.0027604982897173613, 0.002773573499871418, 0.0027622056339168923, 0.0025995788542786612, 0.0028626875893678514, 0.0026777797989780087, 0.0026770419848617163, 0.0027093716664239762, 0.0026668421778595075, 0.0025986482767621057, 0.002558172357385047, 0.0023884475813247263, 0.0023735205322736874, 0.0024239878490334376, 0.0023010371573036533, 0.0020905033074086533, 0.0020831589608860668, 0.0020767430454725396, 0.002089907054323703, 0.00204541327257175, 0.0018231836147606373, 0.0017401439166860656, 0.0016751800721976906, 0.0018712273798882962, 0.001663632162672002, 0.0015971310931490734, 0.0016398762047174387, 0.0016006128833396362, 0.0014735076772922184, 0.00122099592408631, 0.0015054185132612474, 0.001620720851497026, 0.0015500803223403637, 0.0013924418395617976, 0.0015356590709416197, 0.0015128980994632002, 0.0013592065726697909, 0.001252743205986917, 0.001329235273442464, 0.0015579776343656703, 0.001426394167356193, 0.0010293061187439888, 0.0014251298476665396, 0.0011222657245525624, 0.001129707141444669, 0.0011194374139449792, 0.0015249088999553352, 0.001077469410302001, 0.0012035132309392792, 0.0011476114352262812, 0.0011436743636295433, 0.0010817092723300447, 0.0012216025606903713, 0.0010441493166581496, 0.0011659584917651953, 0.0012472268339479343, 0.0008980314889413421, 0.0009893394727441772, 0.0011974485280006773, 0.0009541443789203186, 0.0013137856487446698, 0.0011836614190542604, 0.0009138959857864393, 0.0010713795618357835, 0.0008509836579833063, 0.0009808049844650668, 0.0011918699936586561, 0.0011776611301684168, 0.0009203445210005156, 0.0009373628548928537, 0.000986829537214362, 0.0011265010813076514, 0.001018918654153822, 0.0011085623125836718, 0.00084294324478833, 0.0007987579563632607, 0.0007863728244956291, 0.0006587459180991573, 0.000640729928750261, 0.0008639008621230459, 0.0012682403707003687, 0.0009530645089398604, 0.0007046724304018426, 0.00070606727294944, 0.0008923879004214541, 0.0007337193920648133, 0.0006429012674743717, 0.0008599119322752814, 0.0009367128260237222, 0.0009422890547284623, 0.0008757815998251317, 0.000717836500643898, 0.0008420335918344791, 0.00115514849394458, 0.0007306171375603299, 0.0006036314477569249, 0.0005840108655775112, 0.0005842983135607938, 0.0006508889210408598, 0.0010069872015947114, 0.0008534978976967977, 0.000702923984863446, 0.000707035107370757, 0.0007360353133663011, 0.0005606833956335322, 0.0005981891225928849, 0.0006262253276872798, 0.0006090910571856512, 0.0011645514630345133, 0.0007466688229214924, 0.0006856854633042531, 0.0006573698044121557, 0.0006607854815229075, 0.0006897371337345248, 0.0008627294833331689, 0.0006137577209301525, 0.0007058193910324917, 0.0008033115640955657, 0.0006551539707288611, 0.0006429258098251012, 0.0005112460983582423, 0.0005839743650540186, 0.0007889777677974052, 0.0006144686873085447, 0.0006645286140610551, 0.0006341622197396646, 0.0005774753052264714, 0.0003772585907427129, 0.0003446526824575358, 0.0008243733288509248, 0.0005665735701541053, 0.00047383039172927966, 0.00046825666931908926, 0.000778002972140257, 0.00043891147649901543, 0.00047038613402037297, 0.0006096431076912268, 0.0006514109172940152, 0.0005504727205561721, 0.0008935901696304426, 0.0005181778994483466, 0.0005919714787978592, 0.00042645487693562247, 0.0009740223320477525, 0.000713812942194636, 0.00047842113444858115, 0.0005338433166798495, 0.0006375377402491722, 0.0005673341489455197, 0.0004588964632148418, 0.0005435846635464259, 0.00039647147384584973, 0.0006153000809717923, 0.0005257142710433982, 0.0007376945560736203, 0.0006276899775457423, 0.0005404336050105485, 0.0004348597647322094, 0.0006512500704047852, 0.0008859929726895644, 0.0005493665934409364, 0.0006693361426414412, 0.0005316856405897852, 0.0006101575391994629, 0.0003827133564300311, 0.0007038084267151135, 0.0004958067403094901, 0.00043095637236092446, 0.0003011444683579612, 0.0004628508517953378, 0.0006120258583905524, 0.0004629623719438314, 0.00046093701500922175, 0.000463705092715827, 0.00042119946201637506, 0.00042655516213017106, 0.0006710100029010846, 0.00035709945491362304, 0.0005048438188168802, 0.00042311617737595953, 0.0006776881917630817, 0.0006586711622730946, 0.0006042759678052789, 0.0004724628749954718, 0.0006637236377628142, 0.0002611218367974289, 0.0006179584072469879, 0.00048119128643975273, 0.00045127939047233666, 0.00020635710144460974, 0.000571195181441908, 0.0004444970665872461, 0.00042539084413419916, 0.0004939944163197651, 0.00047824592625147485]
2025-11-22 22:51:07 - fedls - INFO - Namespace(task='sft', fed_alg='fedls', dataset_name='zwhe99/commonsense_170k', model_name='huggyllama/llama-7b', split_strategy='iid', alpha=0.5, num_clients=20, num_clients_per_round=2, batch_size=8, max_steps=20, gradient_accumulation_steps=1, lr=5e-05, weight_decay=0.01, epochs=1, num_rounds=200, seed=456, log_file='./log/log.txt', load_in_8bit=False, load_in_4bit=False, use_peft=True, dataset_sample=20000, peft_lora_r=32, peft_lora_alpha=64, seq_len=512, template='alpaca')
2025-11-23 01:24:05 - fedls - INFO - loss data:
2025-11-23 01:24:05 - fedls - INFO - [16.72872285246849, 0.14199151266366244, 0.005084885621909053, 0.002987034840043634, 0.0026396430563181642, 0.0027629751217318702, 0.0026922826626105236, 0.002815444939187728, 0.002761919627664611, 0.0027614273392828183, 0.0026607488776789977, 0.002744392363820225, 0.0025345426867716013, 0.002700292065856047, 0.0028746340307407078, 0.0027899659675313156, 0.002557426723069511, 0.0026675023051211614, 0.0023211332358187065, 0.0025534513086313384, 0.0023404562030918895, 0.00218694067443721, 0.0020496513825492, 0.0020232247770763934, 0.0022077875735703857, 0.0019197794681531377, 0.0018383954775345046, 0.0020165953232208268, 0.0017764422336767893, 0.0016656866719131358, 0.0018017093156231568, 0.0016027197569201234, 0.001547655042668339, 0.001434331706695957, 0.0014272140658249555, 0.0015854385113925674, 0.0013709422812098638, 0.0017652559217822272, 0.0014274013941758313, 0.0013926122250268237, 0.0013732349405472634, 0.0016168435387953648, 0.0013991520183481041, 0.0013319054509338458, 0.0012533188601082657, 0.0013581122126197442, 0.0013982459604449105, 0.001194433123237104, 0.001248483525523625, 0.0012777227777405642, 0.0014276910453190795, 0.001256077488869778, 0.0009989534151827683, 0.0010849887319636764, 0.0011084133169788402, 0.0011918674390472006, 0.0009484428273026425, 0.0011837457193905722, 0.0009530216205348552, 0.0008486535549309338, 0.0012222249567457764, 0.001228491016445332, 0.0011257102676609065, 0.0011357992992998335, 0.0010687717240216443, 0.001146526493539568, 0.0007291001614248671, 0.0008844275567753357, 0.001381180842327012, 0.0010849771733774105, 0.0011255547506152652, 0.001046528568258509, 0.0009690884480733075, 0.0010949690260531498, 0.0011955821944866331, 0.0007360903766311822, 0.000955373144006444, 0.0009192857021844247, 0.001028262328782148, 0.0010149900741453165, 0.0007452615522197448, 0.0008516022591720684, 0.0006892012002936098, 0.0007479444429122849, 0.0010049392401015212, 0.0004995104245608672, 0.0011455169277724054, 0.0008878506274413666, 0.0006519806361211522, 0.0008728678329134709, 0.0006503540445919498, 0.00040000565277296116, 0.0008575294270485756, 0.0009354234154670849, 0.0008755870438108104, 0.0007330459573040571, 0.0006152908794774703, 0.0006063091369469476, 0.0007659680016331549, 0.0007686129782086936, 0.0008186484393263526, 0.0007720930486357247, 0.0010521230500671664, 0.0010212340272119035, 0.0006604822343433625, 0.0005864293169906888, 0.0009262404460969264, 0.0007755405109492131, 0.0005820542301989917, 0.0007759727798656968, 0.000533491832720756, 0.00053728731281808, 0.0008378555313811375, 0.0006606543424140909, 0.0011482698546387837, 0.0007077992692757107, 0.000645120675153521, 0.0005439486081741052, 0.0006146062061816338, 0.0007112784171113163, 0.00038819681908535135, 0.0010725626705607285, 0.0006226030953257577, 0.0006852282838735845, 0.0007860050958697684, 0.00047166015565380803, 0.0006100064808379102, 0.0006879790079892701, 0.0006700728261421318, 0.0007735763025266351, 0.0006023638506121642, 0.0006627242577451397, 0.0007152365786168957, 0.0008673884172822, 0.0006245877508263219, 0.00047134657561400675, 0.00047751633742336707, 0.0008596762663273694, 0.0009119739115476478, 0.000523417243334734, 0.0006163027117963793, 0.0008422521343163681, 0.0005447052011277265, 0.0003967416986597527, 0.0005658702707933116, 0.0004984995434369921, 0.0006943196253587303, 0.0010311207054655824, 0.0004609837133102701, 0.000610800152480806, 0.0005911299649369539, 0.0006892531253470224, 0.0004229473093573688, 0.0003216005208969364, 0.0006954191304430424, 0.0004937497786158928, 0.0004202088094189093, 0.0006554433270821392, 0.00038922369938063637, 0.0005231475215396131, 0.000620934327616851, 0.0004650250901704567, 0.0005417643664259232, 0.0004595000971676199, 0.0005917122607797864, 0.0003331320804363713, 0.0004763232899222203, 0.0005133942933753133, 0.0009347212092507106, 0.0003197904839566945, 0.0007260927831566732, 0.000488380057959148, 0.0005801631935810292, 0.000677987070753261, 0.0005748629067511502, 0.00045590607383019235, 0.0004269565890581362, 0.0005037264226302795, 0.00030856073744871536, 0.0006866162468668335, 0.0007181625985822393, 0.0006035354133928194, 0.0003528431262338927, 0.0008886010278047252, 0.0006420237759130031, 0.00048149847134482116, 0.0005444453870950383, 0.0003925985613022931, 0.0003107328590203906, 0.0003494995151868352, 0.0004708424277396261, 0.0005115768834684786, 0.0004406148020279943, 0.00041699874620917395, 0.00046840272193549026, 0.00034817533603472836, 0.00035731785533243965, 0.0004870526383911056, 0.0005895711123912406, 0.0005421740098881855]
2025-11-29 05:16:38 - fedls - INFO - Namespace(task='sft', fed_alg='fedls', dataset_name='zwhe99/commonsense_170k', model_name='huggyllama/llama-7b', split_strategy='iid', alpha=0.5, num_clients=20, num_clients_per_round=2, batch_size=8, max_steps=20, gradient_accumulation_steps=1, lr=5e-05, weight_decay=0.01, epochs=1, num_rounds=200, seed=42, log_file='./log/log.txt', load_in_8bit=False, load_in_4bit=False, use_peft=True, dataset_sample=20000, peft_lora_r=32, peft_lora_alpha=64, seq_len=512, template='alpaca')
2025-11-29 06:14:46 - fedls - INFO - Namespace(task='sft', fed_alg='fedls', dataset_name='zwhe99/commonsense_170k', model_name='huggyllama/llama-7b', split_strategy='iid', alpha=0.5, num_clients=20, num_clients_per_round=2, batch_size=8, max_steps=20, gradient_accumulation_steps=1, lr=5e-05, weight_decay=0.01, epochs=1, num_rounds=200, seed=42, log_file='./log/log.txt', load_in_8bit=False, load_in_4bit=False, use_peft=True, dataset_sample=20000, peft_lora_r=32, peft_lora_alpha=64, seq_len=512, template='alpaca')
2025-11-29 09:07:00 - fedls - INFO - Namespace(task='sft', fed_alg='fedls', dataset_name='zwhe99/commonsense_170k', model_name='huggyllama/llama-7b', split_strategy='iid', alpha=0.5, num_clients=20, num_clients_per_round=2, batch_size=8, max_steps=20, gradient_accumulation_steps=1, lr=5e-05, weight_decay=0.01, epochs=1, num_rounds=200, seed=42, log_file='./log/log.txt', load_in_8bit=False, load_in_4bit=False, use_peft=True, dataset_sample=20000, peft_lora_r=32, peft_lora_alpha=64, seq_len=512, template='alpaca')
2025-11-29 09:16:53 - fedls - INFO - Namespace(task='sft', fed_alg='fedls', dataset_name='zwhe99/commonsense_170k', model_name='huggyllama/llama-7b', split_strategy='iid', alpha=0.5, num_clients=20, num_clients_per_round=2, batch_size=8, max_steps=20, gradient_accumulation_steps=1, lr=5e-05, weight_decay=0.01, epochs=1, num_rounds=200, seed=42, log_file='./log/log.txt', load_in_8bit=False, load_in_4bit=False, use_peft=True, dataset_sample=20000, peft_lora_r=32, peft_lora_alpha=64, seq_len=512, template='alpaca')
2025-11-29 09:19:50 - fedls - INFO - Namespace(task='sft', fed_alg='fedls', dataset_name='zwhe99/commonsense_170k', model_name='huggyllama/llama-7b', split_strategy='iid', alpha=0.5, num_clients=20, num_clients_per_round=2, batch_size=8, max_steps=20, gradient_accumulation_steps=1, lr=5e-05, weight_decay=0.01, epochs=1, num_rounds=200, seed=42, log_file='./log/log.txt', load_in_8bit=False, load_in_4bit=False, use_peft=True, dataset_sample=20000, peft_lora_r=32, peft_lora_alpha=64, seq_len=512, template='alpaca')
2025-11-29 11:54:37 - fedls - INFO - loss data:
2025-11-29 11:54:37 - fedls - INFO - [16.91586830615997, 0.13169189693871886, 0.004695186397293582, 0.002879747643601149, 0.0028385848796460777, 0.0026770535914693028, 0.0027764307975303385, 0.0027701452403562144, 0.0028883528109872715, 0.0027573611994739624, 0.0029318409389816223, 0.002722254963009618, 0.0026371383341029287, 0.002694931780570187, 0.002377019778941758, 0.00247556515969336, 0.00241026928415522, 0.0023440932855010033, 0.002375087811378762, 0.0022746020869817583, 0.002101354730257299, 0.0020349102967884393, 0.0017416054528439418, 0.0020893792097922415, 0.0016246923682047055, 0.0017572940556419782, 0.001713470216782298, 0.0018516240772441961, 0.001626099988061469, 0.001609827244828921, 0.0016521626224857756, 0.0015920089303108399, 0.0015619226949638687, 0.0016207595435844269, 0.0014150297007290646, 0.0013900314224883914, 0.0013642990321386605, 0.0012417263227689546, 0.0013727491648751313, 0.0016277196409646422, 0.001240872199559817, 0.0013595885910035576, 0.0012780836685124088, 0.001386372562410543, 0.0014271821812144479, 0.0012468027856812115, 0.001374252665664244, 0.0009745882354764035, 0.0015188521261734421, 0.0012340046869212529, 0.0012207578925881534, 0.0013783019141555995, 0.000913835004757857, 0.0012142503925133496, 0.0012939685795572585, 0.0010369449035351865, 0.001117088591126958, 0.0011974483386438806, 0.0012229310681505013, 0.0008413531069891178, 0.0013070894883639994, 0.0010711465878557648, 0.0011154798934512656, 0.001055619314138312, 0.0011265970912063493, 0.0008008870003322954, 0.0011766961972170973, 0.0010536535337450914, 0.0008676344394189072, 0.001086900968948612, 0.0008272471439340733, 0.0009947861144610215, 0.0011028687087673461, 0.0009122931285673985, 0.0011058627809688915, 0.0010088489008012401, 0.001068202961687348, 0.0008130377333145588, 0.0008274454246929963, 0.0007797802310960833, 0.000787871510237892, 0.0010405200482637156, 0.0007665906987313065, 0.0009008204815472709, 0.000751461457730329, 0.000928965446564689, 0.0011038572776669753, 0.0005903557575038576, 0.0005559876250117668, 0.0009617527059617714, 0.0008851093405610299, 0.0007939099085888302, 0.0008035421248223429, 0.0005969276278847246, 0.0008159176027220383, 0.0007671955454497947, 0.0008299386258840968, 0.0005630118776025483, 0.0007383321074939886, 0.0006203162310157495, 0.0008136650127198664, 0.0008141729749468141, 0.0006654891610196501, 0.0007830998192730476, 0.0006107173730470095, 0.0007498014219891047, 0.0006732851757078606, 0.0006019632032803202, 0.0006914726303875795, 0.0006095550364534575, 0.0006713517891967058, 0.0007911716331364005, 0.0005865167211595689, 0.0006596820137474424, 0.0005846811648325457, 0.0007993022194568766, 0.0007438077176630032, 0.0008126809396799217, 0.0005570669124608685, 0.0006336552898574155, 0.0007320067796626972, 0.0004284898951027571, 0.0003386535171102878, 0.0005933219266353263, 0.0006115998646123444, 0.0006737496314258351, 0.0004470360715913557, 0.0005043573726652539, 0.0007709803354828182, 0.0004475582591339844, 0.0004290188657478211, 0.000442810278059369, 0.0008472696217495467, 0.00038041522661842465, 0.000682639279830255, 0.0003418485895508638, 0.0006958687284168263, 0.0005346490169131357, 0.0007427465868204309, 0.00048222174627881036, 0.0004235251702993992, 0.0005025967991059588, 0.0005720203886539821, 0.0005033528146555, 0.0006575448924877492, 0.00040427044585840123, 0.0008204899095289875, 0.00041622296312198164, 0.00046424512306657566, 0.00041354803843205443, 0.0004755684369342816, 0.0003644905173132429, 0.00032940640940068986, 0.00030367123085852656, 0.0004039006683058233, 0.0006266575553297571, 0.0004000761688644161, 0.0003985722044035356, 0.00034764733945849005, 0.0008685953323492868, 0.00031699950303618605, 0.00053667026606945, 0.0004718813312024395, 0.0003643110930624971, 0.0006121049031776238, 0.0005479393158566382, 0.0006499811975800185, 0.00060489638318586, 0.0003416350369320753, 0.0006461623447762577, 0.00034358335936985896, 0.000295320282054945, 0.00041852378640214736, 0.0005726114047320153, 0.0003892183438438224, 0.0004471207418191625, 0.0003485705138018602, 0.0004099775602526279, 0.0003701258574324129, 0.00031100834340804797, 0.0005333973866527231, 0.00033915439615839205, 0.000485200797561447, 0.0002805560344825153, 0.00044156251651088495, 0.0003896647456713254, 0.00039053803762953974, 0.0005311262058739885, 0.0006156949086403074, 0.00042929965032953985, 0.0004645333235657745, 0.0004900618040892368, 0.0005528633197627641, 0.0005573139193984389, 0.0003239402168446759, 0.00045673097570215755, 0.00022371534074068223, 0.000337800194091642, 0.00030791927760560607, 0.0006773212646521643]
2025-12-01 12:02:05 - fedls - INFO - Namespace(task='sft', fed_alg='fedls', dataset_name='zwhe99/commonsense_170k', model_name='huggyllama/llama-7b', split_strategy='iid', alpha=0.5, num_clients=20, num_clients_per_round=2, batch_size=8, max_steps=20, gradient_accumulation_steps=1, lr=5e-05, weight_decay=0.01, epochs=1, num_rounds=200, seed=42, log_file='./log/log.txt', load_in_8bit=False, load_in_4bit=False, use_peft=True, dataset_sample=20000, peft_lora_r=32, peft_lora_alpha=64, seq_len=512, template='alpaca')
2025-12-01 12:02:42 - fedls - INFO - Namespace(task='sft', fed_alg='fedls', dataset_name='zwhe99/commonsense_170k', model_name='huggyllama/llama-7b', split_strategy='iid', alpha=0.5, num_clients=20, num_clients_per_round=2, batch_size=8, max_steps=20, gradient_accumulation_steps=1, lr=5e-05, weight_decay=0.01, epochs=1, num_rounds=200, seed=42, log_file='./log/log.txt', load_in_8bit=False, load_in_4bit=False, use_peft=True, dataset_sample=20000, peft_lora_r=32, peft_lora_alpha=64, seq_len=512, template='alpaca')
2025-12-01 14:35:16 - fedls - INFO - loss data:
2025-12-01 14:35:16 - fedls - INFO - [16.91586830615997, 0.13132041450589896, 0.0046301745984237645, 0.002919354668119922, 0.0028093211440136656, 0.0026896120340097695, 0.0027718769968487324, 0.0026927915023406968, 0.00286191618652083, 0.002775944635504857, 0.00268790602858644, 0.0027221337222727016, 0.002628504580934532, 0.0026565677893813696, 0.0024082211341010405, 0.002485171350417659, 0.002398450826876797, 0.0023564059316413476, 0.0022781712730647998, 0.0022045982710551474, 0.0021121853395015934, 0.0019634108961327, 0.0017427210637833922, 0.0021548808552324774, 0.0015779585999553094, 0.0017172806918097196, 0.0016641407943097874, 0.0018679510467336513, 0.001671623589936644, 0.0016190922193345613, 0.0016120445798151195, 0.001552120667111012, 0.0015624260311597026, 0.001540949542686576, 0.0014722583218826912, 0.0013414015957096126, 0.001268056297703879, 0.0013393208508205134, 0.0013964484111056662, 0.001637179171666503, 0.0012014569983875845, 0.0013812848657835275, 0.0012618845568795223, 0.0013642168196383864, 0.00150700598169351, 0.0012809696803742555, 0.0013952726483694277, 0.001030029739558813, 0.0014907570262948865, 0.0011925656697712838, 0.0011677928716380848, 0.001349990403832635, 0.0009837227034040553, 0.0012013582827421487, 0.0012750057354423915, 0.0010234009441774106, 0.0011751838217605838, 0.0011664843066682806, 0.001233656755903212, 0.0009359796433273005, 0.0013280622701131507, 0.0011006813703716032, 0.001099203022204165, 0.0010864111784030684, 0.0011868331319419667, 0.0008027767331441283, 0.0011497674066049512, 0.0010228184912193683, 0.0009157304831205692, 0.001021395387579105, 0.0007548838299044292, 0.0010207961318883462, 0.0010695379945900641, 0.0008877710866727284, 0.0011230758213059745, 0.0010714477230067132, 0.0010880137102503794, 0.0008454968070509494, 0.000877708945699851, 0.0007956475756145664, 0.0008032745106902439, 0.001068879317608662, 0.0008125619699967501, 0.0009235263765731361, 0.0007768723596200289, 0.0009372861564770574, 0.0010981520950736011, 0.000693529544514604, 0.0005649365913541261, 0.0008751772322966645, 0.0008695223132235697, 0.0008474988982470678, 0.0007711046868280391, 0.0006107417425027962, 0.0008463803174890927, 0.000724833843196393, 0.0008683409300829226, 0.0006068647939628136, 0.000738109401663678, 0.0005445303870146745, 0.0007808173263128993, 0.0009048010801734562, 0.0006796997233777802, 0.0007625016113706806, 0.0006002294650897966, 0.0007187463851551001, 0.0006221785083653231, 0.0006912228916917229, 0.0006359122908634162, 0.0005699891933090839, 0.0006512183912946057, 0.0007919319379652734, 0.0006200393000654003, 0.0007134715126539959, 0.0006205759018030222, 0.0007745840037387097, 0.0007530169878918968, 0.0007736776582078164, 0.0005277132091578095, 0.0006192843843791707, 0.000746952561917169, 0.00037952588545522305, 0.0003979163653411888, 0.0005572856189928644, 0.0006786517163618555, 0.0006752015430606662, 0.00046202082892250474, 0.0004831719657204303, 0.0007433697905184999, 0.0004250514899467817, 0.0005058927804839186, 0.00041598809729066484, 0.0008744549925722823, 0.00034108731397282095, 0.0006982573204368236, 0.00027465256446248534, 0.0007078518632511078, 0.0005660262141191196, 0.0007056239428493427, 0.0004886139530299261, 0.0004157421508125481, 0.0005777045180366258, 0.0004808015650269226, 0.0004594520022237702, 0.0006634857371409453, 0.00043207712136563716, 0.000807696049309925, 0.00043099710198930553, 0.00048767201177497556, 0.0003632314153492189, 0.00045705469296422054, 0.00032198644390746267, 0.00034912928709900375, 0.00023496288243904929, 0.0004964082783843083, 0.0005507684274761004, 0.0004512078185427981, 0.00041304537749624614, 0.00031162360409098255, 0.000824005147802609, 0.00034175599918171427, 0.0005587857273724239, 0.0004696623971426561, 0.00039018760483031654, 0.000565409390799232, 0.0005268788308171679, 0.0005662564134922832, 0.0005529363845994339, 0.00037942658423162356, 0.0005998273943419008, 0.000346593044457677, 0.00031288518325709445, 0.0004126283650521145, 0.0006688170157076456, 0.0003347473736312167, 0.0004931915108159046, 0.0004290300617640242, 0.00040780334897476677, 0.0003104220279510628, 0.00033329414460467886, 0.0005567841469087398, 0.00034132279752157045, 0.00046783856630554514, 0.0003239736532805182, 0.0004134749299225859, 0.00041140042372944663, 0.00040687128066565494, 0.0005634833949898166, 0.0005198195970820053, 0.00048642835447481047, 0.0004226416828828405, 0.0004316638914815485, 0.0005282919616320214, 0.000536981432628636, 0.0003583956893635332, 0.0004132463845962775, 0.00031280071303285695, 0.00035593652174270574, 0.000343431713775999, 0.0006738753191257274]
2025-12-01 14:39:49 - fedls - INFO - Namespace(task='sft', fed_alg='fedls', dataset_name='zwhe99/commonsense_170k', model_name='huggyllama/llama-7b', split_strategy='iid', alpha=0.5, num_clients=20, num_clients_per_round=2, batch_size=8, max_steps=20, gradient_accumulation_steps=1, lr=5e-05, weight_decay=0.01, epochs=1, num_rounds=200, seed=123, log_file='./log/log.txt', load_in_8bit=False, load_in_4bit=False, use_peft=True, dataset_sample=20000, peft_lora_r=32, peft_lora_alpha=64, seq_len=512, template='alpaca')
2025-12-01 17:10:39 - fedls - INFO - loss data:
2025-12-01 17:10:39 - fedls - INFO - [17.044555696845055, 0.14326822775183246, 0.006550502171739936, 0.003101621550740674, 0.0028322161204414444, 0.0027604982897173613, 0.002773573499871418, 0.0027622056339168923, 0.0025995788542786612, 0.0028626875893678514, 0.0026777797989780087, 0.0026770419848617163, 0.0027093716664239762, 0.0026668421778595075, 0.0025986482767621057, 0.002558172357385047, 0.0023884475813247263, 0.0023735205322736874, 0.0024239878490334376, 0.0023010371573036533, 0.0020982816291507333, 0.0020887005812255666, 0.0020733778655994684, 0.002095621585613117, 0.002036028460133821, 0.0018111026511178352, 0.0017291692740400322, 0.0016750749433413147, 0.001877327160036657, 0.0016775367970694789, 0.0016187429922865705, 0.0016416239974205381, 0.0016150969291629735, 0.0014674840698717163, 0.001223885643412359, 0.0015014363380032592, 0.0016242608428001404, 0.0015623572006006727, 0.0013814171717967836, 0.0015324510459322482, 0.001511317799304379, 0.0013546500202210154, 0.001238596327311825, 0.0013108695617120246, 0.001608057163321064, 0.0014329123951029032, 0.001037406324667245, 0.0014354401118907845, 0.001113569394510705, 0.0011520482032210564, 0.0011147731633172953, 0.0015351913159975085, 0.0010792422806844117, 0.0011974303524766583, 0.0011260269879130647, 0.0011505894482979784, 0.0010739130422734889, 0.001220771958469413, 0.0010294412131770514, 0.00114337632257957, 0.0012674538091232534, 0.0009018967262818477, 0.001020947137840267, 0.001194856961228652, 0.0009342226787339314, 0.00132393296698865, 0.0011941476579522712, 0.0009039462680448196, 0.00109225547312235, 0.0008285671410703799, 0.0009584196468495065, 0.0011616755133218248, 0.0011884672114319983, 0.0008992345490696607, 0.0009221264903317205, 0.0009728353672471713, 0.001144436900722212, 0.0010290581712979474, 0.0011505867318192032, 0.0008261552666226635, 0.0007710978326940677, 0.0008188397834601347, 0.0006347414010633655, 0.0006522519151076268, 0.0008981294021396024, 0.0012837327879424267, 0.0009411858813109575, 0.0007351555223067407, 0.0007040373263407674, 0.0009327785030109226, 0.00074655468988567, 0.0006481322639046994, 0.0008795875981377321, 0.0009541962236653489, 0.0009158757959085051, 0.0008612989020548411, 0.0007288831573532661, 0.0008493371738040878, 0.0011685844758176245, 0.000734688089141855, 0.000620504168819025, 0.0005720520759950887, 0.0005591567390183627, 0.0006405342884136189, 0.0010340428508470723, 0.0008919645764763119, 0.0007088193931849673, 0.0006741249453625642, 0.0007333423337058775, 0.0005611619719275041, 0.0006031449909642105, 0.0006201349745424522, 0.0006521902932490776, 0.0011929593899822066, 0.00073933328530984, 0.0006498628181816457, 0.0006617274086238468, 0.0006541381701936188, 0.000692370338310866, 0.0008586876358549489, 0.0006097836917888344, 0.0007078593232563435, 0.0008218398390454241, 0.0006269329318456584, 0.0006492793454071944, 0.0005137976815603907, 0.0005810577295505936, 0.0007984975571162067, 0.0006216153436980676, 0.000663278650608845, 0.0006330441553473066, 0.0005471423699418664, 0.00037492789545012783, 0.00034006241432393836, 0.0007902195231736187, 0.0005676327367837075, 0.00043758973051808423, 0.000465288941450126, 0.0007708677281016207, 0.0004492087254220678, 0.00048166147823849317, 0.0006117798051036516, 0.0006538216967101107, 0.0005365664519331403, 0.0008831365494870625, 0.0005328113445784765, 0.0005750831474415463, 0.00040988633172673873, 0.0009760024003526268, 0.0006941593233023013, 0.0004766377470332372, 0.0005113119742873095, 0.0006543754202539276, 0.0005681801900209392, 0.00048471632630935345, 0.0005430780649476219, 0.00034734662908704196, 0.0006335338568078441, 0.0005019769502041527, 0.0007291131466899969, 0.0006253652729355963, 0.0005345863925640515, 0.0004345181559301636, 0.00064752636724279, 0.0008564766018935189, 0.0005654294022178874, 0.0006534932398608362, 0.0004990261718376132, 0.0005831466150993947, 0.0003857537216390483, 0.0006832857413428429, 0.0005133120042046357, 0.00042397552761030965, 0.00028832838688686024, 0.0004526976686065609, 0.0005841762350883074, 0.00045695753372001493, 0.0004400143325483441, 0.0004757213438779217, 0.00041800424360189937, 0.000423712387487285, 0.0006631420919518405, 0.00035036096123235443, 0.0005242915798135073, 0.0004192762014554319, 0.0006917843916426136, 0.0006577714624768304, 0.0006129419635158228, 0.0004954264916023021, 0.0006602702439522546, 0.00027268488856861954, 0.0006195074701963677, 0.0005009745623965501, 0.0004110623744509212, 0.00020495418710879675, 0.0005552765925358472, 0.0004316087534448343, 0.0004520540279827401, 0.0004695074696428492, 0.00045245176861499206]
2025-12-01 17:15:05 - fedls - INFO - Namespace(task='sft', fed_alg='fedls', dataset_name='zwhe99/commonsense_170k', model_name='huggyllama/llama-7b', split_strategy='iid', alpha=0.5, num_clients=20, num_clients_per_round=2, batch_size=8, max_steps=20, gradient_accumulation_steps=1, lr=5e-05, weight_decay=0.01, epochs=1, num_rounds=200, seed=456, log_file='./log/log.txt', load_in_8bit=False, load_in_4bit=False, use_peft=True, dataset_sample=20000, peft_lora_r=32, peft_lora_alpha=64, seq_len=512, template='alpaca')
2025-12-01 19:46:54 - fedls - INFO - loss data:
2025-12-01 19:46:54 - fedls - INFO - [16.72872285246849, 0.14199151266366244, 0.005084885621909053, 0.002987034840043634, 0.0026396430563181642, 0.0027629751217318702, 0.0026922826626105236, 0.002815444939187728, 0.002761919627664611, 0.0027614273392828183, 0.0026607488776789977, 0.002744392363820225, 0.0025345426867716013, 0.002700292065856047, 0.0028746340307407078, 0.0027899659675313156, 0.002557426723069511, 0.0026675023051211614, 0.0023211332358187065, 0.0025534513086313384, 0.0023518317495472727, 0.0021789685153635217, 0.002043665017117746, 0.002030178664426785, 0.0022004962025675926, 0.0019117986303172074, 0.0018408581527182832, 0.0020105964358663186, 0.001766726037749322, 0.0016695212922058999, 0.0018337980785872788, 0.001590171769930748, 0.0015929396293358877, 0.001409164734650403, 0.001469523490550273, 0.0016356386287952774, 0.001421466483589029, 0.0017565742666192819, 0.0014552203676430507, 0.0013576839017332533, 0.0013947068684501574, 0.0015973050081811379, 0.0013777576776192292, 0.0013683434975973797, 0.0013206573552452029, 0.0013987186815938913, 0.0013670452717633452, 0.0011843842463349573, 0.0012009287564069381, 0.0012960736825334608, 0.0014593510190024973, 0.0012516481292550452, 0.0010447978573211003, 0.0010759256112578442, 0.0010875349667912814, 0.0012112218762922566, 0.000991653715755092, 0.001204459737346042, 0.0009451379484744393, 0.0008517970418324694, 0.0012850212230659961, 0.0011505796374876808, 0.0011613441132794834, 0.0011277071862423327, 0.0011290457456198054, 0.001146284227797878, 0.0007282452228537295, 0.0008507520817147452, 0.001299671381184453, 0.0010923981069936419, 0.001149391864964855, 0.0010024331179010915, 0.000977250725736667, 0.0010518818920900231, 0.0011876857810420916, 0.0007220310574666655, 0.0009826818451983855, 0.0008606746456280233, 0.00102536239719484, 0.0010389379516709597, 0.0007844584613849292, 0.0008532870415365323, 0.0006464477884946973, 0.0007597990064027726, 0.0010208071232227667, 0.0004922106495541811, 0.0011677031062504283, 0.0009149778310529656, 0.0006170902050143922, 0.0008976170036476105, 0.000618340929486294, 0.00043203613240621057, 0.0008738073832319059, 0.0008957598338383832, 0.0008941566138673807, 0.0007750491138722281, 0.0006035503519342456, 0.0005643488118039386, 0.0007605950684137497, 0.0007940648720250465, 0.0008189990956452675, 0.0007403300744044828, 0.001045228181192215, 0.0010241382027743385, 0.0006982504162806436, 0.0006194520805365756, 0.0008889409373296076, 0.000783260984280787, 0.0005724139999074395, 0.0007822723973731627, 0.0005329836511464237, 0.0005604801162462536, 0.000874840233109353, 0.0006372191018499506, 0.0011276228398855892, 0.0007119776134459244, 0.0006748260672793549, 0.0005395758432314324, 0.0006604528745810967, 0.0006904985587425471, 0.0003683207337417116, 0.0010627579534684627, 0.000595256443375547, 0.0006909034585987683, 0.0008197063334591803, 0.0004857026954596222, 0.0006182191105835955, 0.0006393521410018365, 0.0006633323650476087, 0.000802641081099864, 0.0005959834565146594, 0.0006936477763247239, 0.00071675591955227, 0.0008954239367994887, 0.0006163731109609216, 0.00044538169518091306, 0.00045810475844518803, 0.0008769725350248336, 0.0009133809400964309, 0.0005186253568354004, 0.000623316350447567, 0.0008526938453542243, 0.0005569288256992877, 0.00038599798363065925, 0.0005255522240986465, 0.0005184078135243908, 0.0007370235791768209, 0.0010741263727140904, 0.00049363411790182, 0.0006023127013804697, 0.0006196927407245312, 0.0007091473527452763, 0.0004468891473607073, 0.00034155948296756835, 0.0006837510608875164, 0.0005066301069973633, 0.00042731811213343464, 0.0006680728613446263, 0.00036951185666111996, 0.0005421643012596178, 0.0006215992597844889, 0.0004610341789884842, 0.0005160501239970472, 0.0005036823833961535, 0.000588110197259084, 0.00035032586545185045, 0.0004759287799060985, 0.0004974504264282587, 0.0009364370836010494, 0.0003221510947923889, 0.0006980924533081633, 0.00047034393592184644, 0.0005642822467507358, 0.0006585888092445202, 0.0006252166141848647, 0.00043640088299525817, 0.00044788282461922786, 0.000498882067086015, 0.00032887811197497286, 0.0006857064829318915, 0.0007277982855384835, 0.0006088119583864682, 0.0003487946914674467, 0.0009304115407644531, 0.0006373668258675025, 0.00047912570596508886, 0.0005147278267941147, 0.0003981695640277394, 0.0003113088137752129, 0.0003683995927758588, 0.00045851994721033405, 0.000523151105778652, 0.0004194338964225608, 0.0004420301052505238, 0.0004459256203517725, 0.0003368417011643032, 0.0003509286360213082, 0.000499074518938869, 0.0005766144428207554, 0.0004974203826350277]
2025-12-02 02:45:45 - fedls - INFO - Namespace(task='sft', fed_alg='fedls', dataset_name='zwhe99/commonsense_170k', model_name='huggyllama/llama-7b', split_strategy='iid', alpha=0.5, num_clients=20, num_clients_per_round=2, batch_size=8, max_steps=20, gradient_accumulation_steps=1, lr=5e-05, weight_decay=0.01, epochs=1, num_rounds=200, seed=42, log_file='./log/log.txt', load_in_8bit=False, load_in_4bit=False, use_peft=True, dataset_sample=20000, peft_lora_r=32, peft_lora_alpha=64, seq_len=512, template='alpaca')
2025-12-02 05:20:17 - fedls - INFO - loss data:
2025-12-02 05:20:17 - fedls - INFO - [16.91586830615997, 0.13169189693871886, 0.004695186397293582, 0.002879747643601149, 0.0028385848796460777, 0.0026770535914693028, 0.0027764307975303385, 0.0027701452403562144, 0.0028883528109872715, 0.0027573611994739624, 0.0029318409389816223, 0.002722254963009618, 0.0026371383341029287, 0.002694931780570187, 0.002377019778941758, 0.00247556515969336, 0.00241026928415522, 0.0023440932855010033, 0.002375087811378762, 0.0022746020869817583, 0.0020957099797669796, 0.0020334640896180643, 0.0017617907753447071, 0.0021029015217209233, 0.0016248775988060515, 0.0017289342416916041, 0.0017281266809732188, 0.00186232055129949, 0.0016245613907813095, 0.0016081811918411404, 0.0016551179971429518, 0.0015966134262271226, 0.001545354665722698, 0.0016039382688177283, 0.001416933308064472, 0.0013480488552886527, 0.001356856382335536, 0.0012847770340158604, 0.0014170218208164442, 0.0015476739667064977, 0.0012570621933264193, 0.0013303399289725348, 0.0012586762215505587, 0.0014396762082469648, 0.0014015749824466185, 0.0012461814774724189, 0.001394596114914748, 0.0009691253304481505, 0.0015331110153056215, 0.0011971028106927406, 0.0011964196517510574, 0.001300808419182431, 0.0009224078652550815, 0.001243503560181125, 0.0013032209551965934, 0.0010025001858593894, 0.0012052418962412046, 0.0012363470152195076, 0.0012141153230913913, 0.0008548037766558992, 0.0013317134598764824, 0.0009729631634399994, 0.0010335493279853836, 0.0010543043848883827, 0.0011765612958697601, 0.000798976662736095, 0.0011839295733807377, 0.001031858366150118, 0.000888425238781565, 0.0011519613755808676, 0.0008426029500697041, 0.0010103591624101682, 0.0010951943517284236, 0.0008887119553037337, 0.001131647111105849, 0.0010764506785562846, 0.0010903833401243901, 0.0008319384858623379, 0.0009124227515712846, 0.0008005829286958033, 0.000839514567041988, 0.0010633752495778025, 0.0007758951405776315, 0.0009541941090901674, 0.0007882149433498854, 0.0009681186627858551, 0.001129764039069414, 0.0006335934263915988, 0.0006637317185777647, 0.0009221504130437097, 0.0008812060912532615, 0.0008241943048687972, 0.0007611861580244294, 0.0006176019489430474, 0.0008015396383598272, 0.0007262389560310112, 0.0008861032617460296, 0.0006081164776333026, 0.0007567882395051128, 0.0006173785856844916, 0.0007857392483856529, 0.0008395592177521394, 0.0006826064264714659, 0.0007824502863968518, 0.0006230338248315094, 0.0007952339452458546, 0.0006631145974097309, 0.000632514852713939, 0.0006234116272025858, 0.0006273685981796006, 0.0006588139546465754, 0.000751019356857796, 0.0005969026326056337, 0.0006908435680998082, 0.0005699029563857039, 0.0007858334790398658, 0.0007534639837103896, 0.000761933558533201, 0.0005590938997556804, 0.000684197412033427, 0.000761911781728486, 0.0003898583256386701, 0.0003946122669731267, 0.0006303630934780813, 0.0005981018161492103, 0.0006638379038463426, 0.00047645192880736427, 0.0005143721520198597, 0.0007624291979482223, 0.00044357561939705197, 0.00047943057832071644, 0.0004488995419933417, 0.0009062070791401311, 0.000372713385240786, 0.0006756643206244917, 0.00028430576812752404, 0.0007825562498965156, 0.0005250801046031484, 0.000742995526343293, 0.0005149385540789808, 0.00043473113003074105, 0.0005328055149220745, 0.0005304731819251174, 0.0005132606505867443, 0.0006832642809058598, 0.00042153470451467, 0.0007578982257200551, 0.0004404657589020644, 0.00048015209990808215, 0.0004624464936568984, 0.0005101852228108327, 0.00043437319592385396, 0.0003104145662064184, 0.00031980345041802136, 0.0004379413650951847, 0.0006044844979157915, 0.00047461881933941186, 0.000402183534561118, 0.00036136917469775653, 0.0008611493414264259, 0.0002858455738419252, 0.00047718789633108825, 0.0004418792926230708, 0.0004300648368143811, 0.0006231287232367321, 0.0005366660884419616, 0.0006309558229645517, 0.0005957885768850702, 0.00033046761084278844, 0.0005602216686384053, 0.00032823656517280144, 0.00029075014416548586, 0.00042342317525481123, 0.0005899831594206262, 0.0003612756475718015, 0.0004655335332017785, 0.00040458621160723853, 0.00042463139878918805, 0.0003257594670458275, 0.00034781213975634275, 0.0005238907416696747, 0.00035726044375223865, 0.0004811310868490182, 0.0002672857493735137, 0.00045410604346898256, 0.00039836884114947675, 0.00044372903211069574, 0.0005820540488798542, 0.0005596893961865134, 0.00046227242894474334, 0.0004533854014823646, 0.0004633845267449033, 0.0005204410370652113, 0.000502571700280896, 0.0003067844985935153, 0.0005133106273660815, 0.0002509604038607449, 0.0003450770483937049, 0.00032762404268851244, 0.0007112203692940966]
2025-12-02 05:24:52 - fedls - INFO - Namespace(task='sft', fed_alg='fedls', dataset_name='zwhe99/commonsense_170k', model_name='huggyllama/llama-7b', split_strategy='iid', alpha=0.5, num_clients=20, num_clients_per_round=2, batch_size=8, max_steps=20, gradient_accumulation_steps=1, lr=5e-05, weight_decay=0.01, epochs=1, num_rounds=200, seed=123, log_file='./log/log.txt', load_in_8bit=False, load_in_4bit=False, use_peft=True, dataset_sample=20000, peft_lora_r=32, peft_lora_alpha=64, seq_len=512, template='alpaca')
2025-12-02 08:02:46 - fedls - INFO - loss data:
2025-12-02 08:02:46 - fedls - INFO - [17.044555696845055, 0.14300347097450866, 0.0063456508563831445, 0.003146530766389333, 0.0028273192496271805, 0.002777981257531792, 0.0027786122489487754, 0.0027669565490214152, 0.002605697081889957, 0.002858523622853682, 0.0026822906074812636, 0.002677526092156768, 0.0027424015599535776, 0.002705275366315618, 0.0026789927098434417, 0.0027074076875578616, 0.002588000654941425, 0.002517891232855618, 0.0025673429016023876, 0.0024087843281449754, 0.0021867370378458872, 0.002157559859915637, 0.00214666465180926, 0.00216810862038983, 0.002225230186013505, 0.0019114506780169905, 0.0018375109211774543, 0.0018888504739152266, 0.0020385109033668413, 0.0017886938992887735, 0.001716036348079797, 0.001835826905153226, 0.0017186908022267743, 0.0015620128026057499, 0.0013370672539167571, 0.0015749237980344332, 0.0017293452401645482, 0.001632245074142702, 0.0014930014302080962, 0.001584476743300911, 0.0015232043748255818, 0.001354488368087914, 0.0012457318713131826, 0.0013281253966852093, 0.0015214699553325773, 0.0013905851534218527, 0.001087992501197732, 0.0014469653578998987, 0.0012069066735421075, 0.001189377664923086, 0.0011855067554279231, 0.0016286333950120023, 0.0011550911654921946, 0.0012712163515971042, 0.0011738162253095651, 0.001246854436067224, 0.0010500510745259817, 0.0011934612259210553, 0.0010485558756045065, 0.0011907403364602941, 0.0012232690467499196, 0.0009678681948571466, 0.0010278671028572718, 0.0011903172427992104, 0.0009243779339158209, 0.0014895560445438603, 0.0012176763280876911, 0.0009747709376824788, 0.0010860544367460533, 0.0008870817620845628, 0.000950993574315362, 0.0010831396826233685, 0.0011703877811669373, 0.0009684328608273062, 0.0010083267636218807, 0.001026792989068781, 0.00120516604729346, 0.0010102375872520497, 0.0010889495995797915, 0.0009292408158216858, 0.0009054943515366176, 0.0008029136444747565, 0.0006931852020898077, 0.0006665024634912697, 0.0009160105141745589, 0.001273062999462127, 0.0009693440504634054, 0.000804672832146025, 0.0006768651348465938, 0.000871862553867686, 0.0006836392541117675, 0.0006326667474240821, 0.0009082157049761008, 0.00100331499324966, 0.0008838645739160711, 0.0008260237827471429, 0.0007821567219252756, 0.0008528325011866399, 0.0011344197991093098, 0.0007717600870819297, 0.0006203070602168737, 0.0005707610309855227, 0.0006451924204156968, 0.0007043376797810196, 0.0010188339581418404, 0.0007596135139465332, 0.0007506532135266753, 0.0007233767970319604, 0.0007128950887818064, 0.0005359678960303426, 0.0005927584670644137, 0.0006775014655431733, 0.0006764502346413792, 0.0011152556764045586, 0.0007232518188175163, 0.0006582962932043302, 0.0006994412424774054, 0.0005984518655168358, 0.0007615935943704244, 0.0008533509978406073, 0.0006257196844671852, 0.0006577266214208066, 0.0008068052263752179, 0.0007123345490981592, 0.0007545950546955283, 0.0004895140380540397, 0.000577922919728735, 0.0008340770668837649, 0.0006366140811223885, 0.0007365769850366632, 0.0005945529787823034, 0.000573529219309421, 0.00039236840716512235, 0.00043982407610769774, 0.0007587291982929401, 0.0005747808562773571, 0.0005086273310553225, 0.0004707724556510584, 0.0008106442089683696, 0.00046322672585574765, 0.0005018546362407506, 0.0006218157590637929, 0.0006406174574749457, 0.0005135424666605104, 0.0009003072703308134, 0.0005300008284848445, 0.000583917941457912, 0.00044465093853887085, 0.000956721404122618, 0.000633484671379847, 0.0005663830318553664, 0.0004601847565936623, 0.0006458422442847222, 0.0005400565751415342, 0.0004928900265895209, 0.0005732079803692613, 0.0004552877893729601, 0.0006223914051588508, 0.0004617995763283034, 0.0008227298375913961, 0.0006969748971187074, 0.000609079273772295, 0.00044871813011013726, 0.000607238631846485, 0.0008701760598341934, 0.0005735525216095993, 0.0006545318360167585, 0.0005263156900809918, 0.0006027695368402419, 0.0003665935436856671, 0.0006731942489750509, 0.0005000535397698513, 0.00042859942336690435, 0.00028423068220035925, 0.000428067618076966, 0.0005462314002215862, 0.0005526601927385855, 0.000412418632868139, 0.0003979877240453788, 0.00039874286339909305, 0.00039705104258018763, 0.0005744922048677381, 0.0003264210555016689, 0.00047701704681912815, 0.0003727966863380061, 0.000664678929274487, 0.0006152219685645832, 0.0005804240029078755, 0.0004731743575348446, 0.0006392609252088733, 0.00033905367113220566, 0.0006379220940743835, 0.0004452289556866162, 0.0004592678742938005, 0.0002135577275112155, 0.0005084710018763872, 0.00045217162930839545, 0.0004266371998596696, 0.0004252625534718391, 0.0004960313352512458]
2025-12-02 08:07:18 - fedls - INFO - Namespace(task='sft', fed_alg='fedls', dataset_name='zwhe99/commonsense_170k', model_name='huggyllama/llama-7b', split_strategy='iid', alpha=0.5, num_clients=20, num_clients_per_round=2, batch_size=8, max_steps=20, gradient_accumulation_steps=1, lr=5e-05, weight_decay=0.01, epochs=1, num_rounds=200, seed=456, log_file='./log/log.txt', load_in_8bit=False, load_in_4bit=False, use_peft=True, dataset_sample=20000, peft_lora_r=32, peft_lora_alpha=64, seq_len=512, template='alpaca')
2025-12-02 10:41:52 - fedls - INFO - loss data:
2025-12-02 10:41:52 - fedls - INFO - [16.72872285246849, 0.1422994690015912, 0.005197124331607484, 0.0030212394485715777, 0.002644495700951666, 0.002764778159325942, 0.002971627184888348, 0.0027986130327917634, 0.0027666481881169604, 0.0027646275964798408, 0.0026400495029520244, 0.002733872627140954, 0.0025292475067544727, 0.002696680577355437, 0.002767733734799549, 0.0027055936981923876, 0.0024127825570758434, 0.0026073848217492922, 0.0022782267187722027, 0.002465562522411346, 0.002209651819430292, 0.002076628542272374, 0.001924351276829839, 0.0019016818507225253, 0.0021074821808724662, 0.001839733897941187, 0.0019041488551010842, 0.001853398272942286, 0.0018394835249637255, 0.0016178651290829293, 0.0017313677119091151, 0.0015886659690295345, 0.0015152776672039182, 0.001465832011308521, 0.0012538454024252133, 0.0015075331659318181, 0.0013215131300967186, 0.0017214632534887642, 0.0013228735260781832, 0.0013796018138236832, 0.0013886188622564077, 0.0016204010134970304, 0.0013842753745848314, 0.001305841563589638, 0.001258155126561178, 0.001362908743612934, 0.001273438199496013, 0.0011361227863744714, 0.001214979867108923, 0.0012341218465735438, 0.0014497093805402983, 0.0011917672902200136, 0.001073604082375823, 0.0010589911798888352, 0.0011247839949646732, 0.001197370841691736, 0.0009648920604377054, 0.0011804450612544315, 0.0009479283075961575, 0.0008800773633993232, 0.0013309376814504502, 0.0012113450146898686, 0.0010962742322590201, 0.001113124378025532, 0.0010815064058988357, 0.0011371207281626993, 0.0007736347272384592, 0.0007719943001575303, 0.001265036191443869, 0.0010989154216076713, 0.001174610217276495, 0.0010068087234685664, 0.0009673354472397478, 0.0010433919340357535, 0.0011588935120016687, 0.0007172059653385076, 0.0009312572041380917, 0.0009297458179389651, 0.0009852443288764336, 0.0009968364152882713, 0.00081313258224327, 0.000870682804088574, 0.000618270116410713, 0.0007072232108612297, 0.0009979147791000288, 0.0005237153120106087, 0.0011781291319493902, 0.0008829661417621537, 0.0006589599325707241, 0.0008212480117435917, 0.0005726999231228547, 0.00043058139672211835, 0.0008281091843855392, 0.0009198457627007882, 0.0008557665064017784, 0.0007212838535451739, 0.000618889864472294, 0.000638518212872441, 0.0007688636315378971, 0.0007814125039658393, 0.0008439282464678399, 0.0007046547431855288, 0.0010742249856775742, 0.0010166558906348655, 0.0006630471295466123, 0.0005635237116621283, 0.000829688361409353, 0.0008222244017815683, 0.0005173602067770843, 0.0007453352440279559, 0.0005674573591932131, 0.0005178705727757916, 0.0008133985341373772, 0.0006635782559442305, 0.0011474855929918702, 0.0006876672945963947, 0.0006433806133372855, 0.00046876607693775436, 0.0006736417263709882, 0.0006696947262753383, 0.0003883075942667347, 0.0010005084540352983, 0.0005903208626023115, 0.0007273474793692003, 0.0008063220782787539, 0.0004892228388598596, 0.0006279481303863577, 0.0006678010673567768, 0.0006602954464142386, 0.0007593071442897781, 0.0006154713653813814, 0.0006591987935735232, 0.0006902155004354426, 0.0008566474189137807, 0.0006992079398969509, 0.00042845785187637373, 0.0004997070197532594, 0.0008215492491217447, 0.0008965612383008193, 0.0004976834301032796, 0.0006535058127155935, 0.0008652164021441422, 0.0005371025341446512, 0.00042027988874906443, 0.00047792879981898293, 0.0005360463373108359, 0.0006477677064140152, 0.0009385570053382253, 0.00047783773825358364, 0.0006095413734328759, 0.0006057775497993134, 0.0006376094543838918, 0.00038863976376433127, 0.0003304403346874096, 0.0006937049176485744, 0.0004622939642331403, 0.0004720599212305387, 0.0006355642955895747, 0.000319580678251441, 0.0005200825284418897, 0.0006573032302412685, 0.0004890200592740257, 0.0005240194244379382, 0.0004559614340450935, 0.0005351005937882292, 0.0003212744546885915, 0.00042700945813294315, 0.00038244891783278945, 0.0009346386026436448, 0.0002974921713303047, 0.000703860285011615, 0.0004553926811240672, 0.0006434175639469686, 0.0006799283330337857, 0.0006187576368120063, 0.00040055819833924035, 0.0003796041997020438, 0.000540919068544099, 0.00031397214970070304, 0.0007055029349430697, 0.0007706197286324822, 0.0006011847449599373, 0.0003537813720868144, 0.0009021319288763153, 0.0006252717535971897, 0.00045153654489240577, 0.0004898071358752532, 0.0004378027899292647, 0.0003631419034945793, 0.00041300757443423207, 0.00046807024300505874, 0.0004806321420346649, 0.0004729777746661057, 0.0004416541650698491, 0.0005224520439014668, 0.00034307960645492126, 0.00037487659308226283, 0.0005187132508808646, 0.000528356722099943, 0.0005498521829167657]
2025-12-02 12:07:07 - fedls - INFO - Namespace(task='sft', fed_alg='fedls', dataset_name='zwhe99/commonsense_170k', model_name='huggyllama/llama-7b', split_strategy='iid', alpha=0.5, num_clients=20, num_clients_per_round=2, batch_size=8, max_steps=20, gradient_accumulation_steps=1, lr=5e-05, weight_decay=0.01, epochs=1, num_rounds=200, seed=123, log_file='./log/log.txt', load_in_8bit=False, load_in_4bit=False, use_peft=True, dataset_sample=20000, peft_lora_r=32, peft_lora_alpha=64, seq_len=512, template='alpaca')
2025-12-02 14:44:22 - fedls - INFO - loss data:
2025-12-02 14:44:22 - fedls - INFO - [17.044555696845055, 0.14300347097450866, 0.0063456508563831445, 0.003146530766389333, 0.0028273192496271805, 0.002777981257531792, 0.0027786122489487754, 0.0027669565490214152, 0.002605697081889957, 0.002858523622853682, 0.0026822906074812636, 0.002677526092156768, 0.0027424015599535776, 0.002705275366315618, 0.0026789927098434417, 0.0027074076875578616, 0.002588000654941425, 0.002517891232855618, 0.0025673429016023876, 0.0024087843281449754, 0.0021894823701586576, 0.0021582145243883135, 0.0021523637260543182, 0.0021672742441296577, 0.002216077092452906, 0.001907839672639966, 0.0018250493754749185, 0.0018945729854749516, 0.002049301782972179, 0.001793660294788424, 0.001706840425322298, 0.0018316566449357197, 0.001713423310138751, 0.001558108750759857, 0.001348152137506986, 0.0015727670470369048, 0.0017299090373853688, 0.0016382633097236977, 0.0014918541986844503, 0.0015640182071365416, 0.0015103043420822359, 0.0013553988428611774, 0.0013361122269998304, 0.0013478911554557272, 0.0015143885750148911, 0.0014314488609670662, 0.0010674887533241417, 0.0014313030402263393, 0.001209364640817512, 0.0012085227870556991, 0.0011843019357911542, 0.001623142749303952, 0.001184134909999557, 0.00127151641609089, 0.0011404555660192272, 0.0012655651375098388, 0.001028744004179316, 0.0011956324386119376, 0.0010593955616059248, 0.0012049467732140329, 0.0012708247661066705, 0.000993233848384989, 0.001024861284349754, 0.0011719144937160308, 0.0009074972756934585, 0.0014886845146975247, 0.0012218769334140234, 0.0009604566905181855, 0.0010953016266284977, 0.000873367300391692, 0.0009206002218888898, 0.0011818344402854564, 0.001228305248514516, 0.0009698222456790973, 0.001004523843585048, 0.00104340049529128, 0.0012146291610406479, 0.0010202692308666885, 0.001106803584480076, 0.0009557345696521225, 0.0009193121371936287, 0.0007949772287247469, 0.000699794469801418, 0.0007021359700956964, 0.000922401308798726, 0.001271793172782054, 0.0009944479919795413, 0.0008310980651003775, 0.0007031617510165234, 0.0009128292499553936, 0.0006606291487514682, 0.0006761088464372733, 0.0009130845839081303, 0.0009748947331900126, 0.0009512108330454794, 0.0008051645258547069, 0.0007838662407266383, 0.0008737092723094975, 0.0011462561307780561, 0.000765819438311155, 0.0006297152574916253, 0.0006121817316852684, 0.0006143561816315923, 0.0007095536381712009, 0.0010681411109544569, 0.0007973216686878004, 0.0008193731542633032, 0.0007285794872586848, 0.0007443101964781818, 0.00053197640208964, 0.0005681158640982176, 0.00071169624598042, 0.0006647017931754816, 0.0012368773102934937, 0.0007639955212653149, 0.000696261506072915, 0.0006616232898522868, 0.0006129658535655835, 0.0007612497682202956, 0.0008374114802791155, 0.0006171475483824906, 0.0006441305960834143, 0.0008494737882529079, 0.0007384885175270028, 0.0007269248928423622, 0.0005127722860379435, 0.000610386825110254, 0.0008696674850853014, 0.0006603344370887498, 0.0007102225876224112, 0.000575952279541525, 0.0005711902776056377, 0.000410828318251788, 0.00040959284815471624, 0.000753724447673676, 0.0006012594101775903, 0.000494169742705708, 0.0005342009449577744, 0.0007464061747725736, 0.0004480959928514494, 0.0005519692015695909, 0.0006325707733594755, 0.0006774797370553643, 0.0005171878862824997, 0.0008862015155500558, 0.0005555354497573717, 0.0005966665382857173, 0.00044325026633487143, 0.0009861928271220678, 0.0006300336674939899, 0.0005634406963508809, 0.0004816859774791737, 0.0006560374133186997, 0.0005151069687372, 0.0005135232249358524, 0.0005712683168894728, 0.0004313593852202757, 0.0006184464779835253, 0.00042719877120589445, 0.0007997316314231284, 0.0006800593516800291, 0.0006004945377981129, 0.0004867333917218275, 0.0006118623992051653, 0.0008983567450741248, 0.0005423858493259104, 0.0006571100245309936, 0.0004961008879263318, 0.0006286276153105064, 0.00037715186023206114, 0.0006952592840207217, 0.0004939291706136828, 0.00041881614124577026, 0.0002685550171918294, 0.000454319437187678, 0.0005615896363678984, 0.0005016948308821156, 0.00040223311293630104, 0.0004230404908525998, 0.000412282133811459, 0.0004440677478783073, 0.000597731560566217, 0.000284206978074053, 0.00043096856032889266, 0.00036488295889967046, 0.0006492829583976344, 0.000633310653040553, 0.0006243319462328144, 0.0004276953606336065, 0.000617753045344216, 0.0003647938554991015, 0.0006420291315180292, 0.00042616200249767644, 0.0004404024028190179, 0.0002478748950352383, 0.00048440789944379506, 0.00045485543781182964, 0.0003966057516890942, 0.00042677770065893125, 0.00048580438342469277]
2025-12-03 03:45:44 - fedls - INFO - Namespace(task='sft', fed_alg='fedls', dataset_name='zwhe99/commonsense_170k', model_name='huggyllama/llama-7b', split_strategy='iid', alpha=0.5, num_clients=20, num_clients_per_round=2, batch_size=8, max_steps=20, gradient_accumulation_steps=1, lr=5e-05, weight_decay=0.01, epochs=1, num_rounds=200, seed=456, log_file='./log/log.txt', load_in_8bit=False, load_in_4bit=False, use_peft=True, dataset_sample=20000, peft_lora_r=32, peft_lora_alpha=64, seq_len=512, template='alpaca')
2025-12-03 06:20:54 - fedls - INFO - loss data:
2025-12-03 06:20:54 - fedls - INFO - [16.72872285246849, 0.1422994690015912, 0.005197124331607484, 0.0030212394485715777, 0.002644495700951666, 0.002764778159325942, 0.002971627184888348, 0.0027986130327917634, 0.0027666481881169604, 0.0027646275964798408, 0.0026400495029520244, 0.002733872627140954, 0.0025292475067544727, 0.002696680577355437, 0.002767733734799549, 0.0027055936981923876, 0.0024127825570758434, 0.0026073848217492922, 0.0022782267187722027, 0.002465562522411346, 0.0022036170441424472, 0.002072468720143661, 0.0019282552661024966, 0.0018658089422388, 0.0021057564357761295, 0.001837394777976442, 0.001894129997526761, 0.0018462336796801538, 0.0018587962207675447, 0.0016120020882226527, 0.001713939839100931, 0.0015705206882557833, 0.0015363705722847953, 0.0014800570905208587, 0.0012622735095646931, 0.00149760412350588, 0.0013400975716649556, 0.001699261142493924, 0.0013235511374659835, 0.0014011626328283453, 0.0014059633162105457, 0.001668373931897804, 0.0014153720054309814, 0.0012679429517447717, 0.001259253694297513, 0.0013153296458767727, 0.0012574732965731526, 0.0011619522612818399, 0.001222225103083474, 0.001226606170530431, 0.0014366837862326066, 0.001187600824778201, 0.0010927411291049792, 0.0010003519377278281, 0.0011438911325967638, 0.0011635843307885806, 0.0009439750991077745, 0.0012024522096908186, 0.000941574096941622, 0.0008621504915936385, 0.0013262812601169572, 0.0011907201869689743, 0.0011186845295014791, 0.001069912997627398, 0.001121270233488758, 0.0011164968404045795, 0.0007585367706269608, 0.0007888621445090394, 0.001264581481973437, 0.001077765448280843, 0.0012224655571117181, 0.0010411940478661564, 0.0009659991406806512, 0.0010583337878415477, 0.0011486032886750762, 0.0007303862061235123, 0.0009466086210522917, 0.0010094343603668677, 0.0010039281448371183, 0.0010145783326152014, 0.0008299651856759737, 0.0009037238563905704, 0.0006431318521208596, 0.0007006543855709424, 0.0009855853936187485, 0.0005257842592982342, 0.0011947196741971312, 0.0008476271791550971, 0.0006481342311417393, 0.0008494271311974444, 0.000573527711458155, 0.00044017052105118634, 0.0009117617995798356, 0.0008925706328682282, 0.0008379889442949206, 0.0007927361795736943, 0.0006006796432302508, 0.0006824969953413528, 0.0007488390953767521, 0.0007981940381796449, 0.0008025737392017618, 0.0007168181389715755, 0.0010622863777825843, 0.0010378726434282725, 0.0006459851351792167, 0.0005802844152640318, 0.0008599574568506795, 0.0008070931402471616, 0.0005396788792495499, 0.0007460043671926542, 0.0005767395819475496, 0.0005580295371146349, 0.0007948897637106711, 0.0006393217913228, 0.001210828083276283, 0.0007101571203747882, 0.0006629353384596469, 0.0004936978984915186, 0.0007040193610009736, 0.0007484703497539158, 0.00041494525153211724, 0.0010163629657654384, 0.0006243814165827644, 0.0006943580148799811, 0.0008240055838541593, 0.0004696285641784925, 0.0006602458508496057, 0.0007107273846713724, 0.0006551543776367908, 0.0007852875726712227, 0.0006325985317744198, 0.0006560422169059165, 0.0007256882095134642, 0.0008588858085204266, 0.0006960750377857038, 0.00045079541628183505, 0.0005320666210991476, 0.0008396965680731227, 0.0008952361041792755, 0.0005224544114753372, 0.0006185902729157534, 0.0008374730978175648, 0.0005298488153130165, 0.0003864889480155398, 0.0004718366411907482, 0.000517137262477263, 0.000643871584156841, 0.0009759528022186715, 0.00046266973172350847, 0.000606139598937716, 0.0005716511253922363, 0.000693727732800653, 0.0004206316385989339, 0.00032481319826729307, 0.0007291995347259217, 0.0004558053572736753, 0.00047352620192668836, 0.0006712912877105736, 0.00036202356761805277, 0.0005082324211684863, 0.0006197155189056503, 0.00046391781794454803, 0.0005305052242874809, 0.0004560263259008934, 0.00046795135240245144, 0.00031322264625259776, 0.00048271609276753227, 0.0003601656192586233, 0.0009238112598950465, 0.00030413188625288967, 0.0007022476493830255, 0.0004592544373053897, 0.00063575632661923, 0.0007213011434714645, 0.0006145471351828747, 0.0003829262363979069, 0.00040051925625448346, 0.0005341949906323862, 0.0003165570864325673, 0.0007256544536630826, 0.0007490510071193057, 0.0005784246491543854, 0.00035091618656224455, 0.0009115829570305323, 0.0006183903477676722, 0.0004519019601730179, 0.00046768296549544176, 0.00038575250255235005, 0.0003225905176350352, 0.00043091511395232374, 0.00044292979707734044, 0.0004500275522332231, 0.00047097022127218224, 0.0004132202782557215, 0.0005031907713373585, 0.0003604197579306856, 0.00038742671952149974, 0.0004987610140460674, 0.0005320708094814109, 0.0005105641037062014]
2025-12-03 08:14:26 - fedls - INFO - Namespace(task='sft', fed_alg='fedls', dataset_name='zwhe99/commonsense_170k', model_name='huggyllama/llama-7b', split_strategy='iid', alpha=0.5, num_clients=20, num_clients_per_round=2, batch_size=8, max_steps=20, gradient_accumulation_steps=1, lr=5e-05, weight_decay=0.01, epochs=1, num_rounds=200, seed=456, log_file='./log/log.txt', load_in_8bit=False, load_in_4bit=False, use_peft=True, dataset_sample=20000, peft_lora_r=32, peft_lora_alpha=64, seq_len=512, template='alpaca')
2025-12-03 10:49:17 - fedls - INFO - loss data:
2025-12-03 10:49:17 - fedls - INFO - [16.72872285246849, 0.1422994690015912, 0.005197124331607484, 0.0030212394485715777, 0.002644495700951666, 0.002764778159325942, 0.002971627184888348, 0.0027986130327917634, 0.0027666481881169604, 0.0027646275964798408, 0.0026400495029520244, 0.002733872627140954, 0.0025292475067544727, 0.002696680577355437, 0.002767733734799549, 0.0027055936981923876, 0.0024127825570758434, 0.0026073848217492922, 0.0022782267187722027, 0.002465562522411346, 0.0022098857123637574, 0.0020792849943973126, 0.0019177191585185937, 0.001883091549098026, 0.002105733036296442, 0.00183986507327063, 0.0019043679130845703, 0.0018385530333034693, 0.0018611821782542393, 0.0016187716901185922, 0.0017201506314449943, 0.001557342261367012, 0.0015256124141160398, 0.0014804655584157445, 0.0012499854616180527, 0.001481475363834761, 0.0012974417702935172, 0.001748383179801749, 0.0013146499455615412, 0.0013807162271405105, 0.001388178635534132, 0.0016247512779955287, 0.0013832380245730747, 0.0012806837130483473, 0.0012326216521614695, 0.0013599191581306514, 0.001244038618824561, 0.0011403518758015705, 0.0012055517745466204, 0.0012456776159524452, 0.0014582248033548238, 0.0011736339754861546, 0.0011148899474392238, 0.0009883505961624905, 0.0011148875066282924, 0.0011695686625898816, 0.0009771859607099031, 0.0012219743617606581, 0.000910874399869499, 0.0008777988386100333, 0.0013449734678033566, 0.001187022365775192, 0.001099850860191509, 0.00109614559187321, 0.0010601942165521904, 0.0011187378968315898, 0.0007834114866909659, 0.0007904048316504486, 0.001199379107220011, 0.0010529813302127878, 0.001164966227588593, 0.0010342994977690979, 0.0009439845161978155, 0.0010666972615581472, 0.0011541954019776313, 0.0007278113016582211, 0.0009628600573705626, 0.0009420015952855465, 0.0010027901781541003, 0.001013923178652476, 0.0008089438226306811, 0.0008939642690165782, 0.0006222338868610677, 0.0006777547284002594, 0.0010538522537217431, 0.0005099082625292795, 0.001176279019011872, 0.0008524714345185203, 0.0006459341990648681, 0.0008502546585987148, 0.0006037835632014321, 0.0004367276881566795, 0.0008246994548244402, 0.0009010109646624187, 0.0008874719649611507, 0.0007900698298271891, 0.0006670726459333309, 0.0006522434202452132, 0.0007464940175395896, 0.00076947951438342, 0.0008996598618978169, 0.0007622215981427871, 0.001044825797271187, 0.0010149324429221452, 0.000675020509515889, 0.0005635326292576792, 0.0008341480304807191, 0.0007929682946269168, 0.0005582101036452514, 0.0007485201819690702, 0.0006225908753549447, 0.0005003422003937886, 0.0008413560867211345, 0.0006736902822467528, 0.0011368346407834907, 0.0006971782698201423, 0.0006982285804042476, 0.0004800847531441832, 0.0006684715041956224, 0.0007450911234627711, 0.0003838950532326635, 0.00101956616363168, 0.0005846906129136186, 0.000757879254706495, 0.0008370849438506411, 0.0004660210270230891, 0.0006397151225428388, 0.0006985517706198153, 0.0006760885155017605, 0.0007437511747411917, 0.0006204061244716285, 0.0006717037962971518, 0.0006924233884092245, 0.0008323070889673545, 0.0007349329846874752, 0.00043840874336638076, 0.0005052552969118552, 0.0008281756070573466, 0.0008850275933127705, 0.0004979463637937442, 0.0006768613554868352, 0.0008611656541688717, 0.0005639726224217157, 0.0003911558225354383, 0.0005409034343756502, 0.0005263786146315397, 0.0005912198310625172, 0.000936474185436964, 0.000429523635057194, 0.0006029104936715157, 0.0005313795676556765, 0.000694367888229408, 0.00039591555669176164, 0.00033529173348370025, 0.0007015714766112069, 0.0004788617183976385, 0.0004757611457762323, 0.0006117907634234143, 0.00034930077713397624, 0.0004928307945533561, 0.0006803861125035838, 0.000474575618613926, 0.00048675967930194024, 0.0004258573113929742, 0.0005248688068604679, 0.00034330350492837167, 0.000460964812941711, 0.00040096392232271685, 0.000962654058548651, 0.00027868553474945655, 0.0006490994847581533, 0.0004283824106209977, 0.0006737636577327066, 0.0006774836560737186, 0.0006299514502643433, 0.00039767610544458873, 0.00037492870162054716, 0.0005238240378844239, 0.0003622288955966724, 0.0006817665051357836, 0.000717031349086028, 0.0005419939751163839, 0.0003149555667846471, 0.0008883762374580328, 0.0005763109399140376, 0.0004476582028701159, 0.0004620176884372995, 0.00041260989642069037, 0.00035660978921896457, 0.0003854909365372805, 0.0004401876607289523, 0.0004638175694253732, 0.00044256866467549114, 0.00042028241462048753, 0.0005554192516456168, 0.00037506296932861, 0.0003729578969910108, 0.0004659249242649821, 0.0005034760658531922, 0.0005233621971228787]
2025-12-07 03:26:29 - fedls - INFO - Namespace(task='sft', fed_alg='fedls', dataset_name='zwhe99/commonsense_170k', model_name='huggyllama/llama-7b', split_strategy='iid', alpha=0.5, num_clients=20, num_clients_per_round=2, batch_size=8, max_steps=20, gradient_accumulation_steps=1, lr=5e-05, weight_decay=0.01, epochs=1, num_rounds=200, seed=42, log_file='./log/log.txt', load_in_8bit=False, load_in_4bit=False, use_peft=True, dataset_sample=20000, peft_lora_r=32, peft_lora_alpha=64, seq_len=512, template='alpaca', tau=0.02, ex_style=True)
2025-12-07 06:09:55 - fedls - INFO - loss data:
2025-12-07 06:09:55 - fedls - INFO - [16.91586830615997, 0.06588549470761791, 0.0029467682732502, 0.0027929669595323503, 0.0027511275198776274, 0.002772520176949911, 0.0027368819777620953, 0.002716853964375332, 0.002843576506711543, 0.002748278569197282, 0.0026651092804968355, 0.0025839994108537213, 0.0023945457302033905, 0.0024142711044987664, 0.0020640119473682716, 0.0022941464150790123, 0.0019181798212230205, 0.0021644338936312123, 0.0019498198744258843, 0.0017922145620104858, 0.0017416109287296422, 0.0017953062844753731, 0.001410684597794898, 0.0018594062537886204, 0.0012650344153371407, 0.0013376930954109411, 0.0015242883964674547, 0.0017138798866653815, 0.0014886126227793284, 0.001573975045903353, 0.0015012475960247684, 0.0013625167401187354, 0.0013605014060885877, 0.0014760371588636188, 0.00131379425401974, 0.0013062882491794879, 0.001174416172580095, 0.0011678124268655666, 0.001327179364307085, 0.0015666391474951525, 0.0011544540171598782, 0.0011560987288248726, 0.001189939655341732, 0.001250752377018216, 0.0013512874276784713, 0.0013160459755454212, 0.001355417977538309, 0.0008945778663473902, 0.0014899020559823839, 0.0012026106203848032, 0.0012058201376930811, 0.0012554040367831476, 0.0009571500879246742, 0.0011793151132224013, 0.0011606457926063738, 0.0009532470610793097, 0.0010761423654912505, 0.0010897903426666743, 0.0010857967934498447, 0.0009250574467841943, 0.0010584667794319102, 0.0009660608966441941, 0.000944208287364745, 0.0009448961631278507, 0.0010131746879778803, 0.0007520689805460279, 0.0010945897327474085, 0.0010069328552162913, 0.000872741578575642, 0.000928201374154014, 0.000684483326267582, 0.0008628374202999112, 0.000985811197460862, 0.0009032966661834507, 0.0010610658900986891, 0.0009543943107928499, 0.0009795776319151627, 0.0007713886981946417, 0.0007954706954478752, 0.000745906239717442, 0.0008191031936803483, 0.0010229409261228283, 0.0007474920244931126, 0.0009430797752429499, 0.0007826268726603303, 0.0008140798805470695, 0.0010633490841428284, 0.0005695609894246445, 0.0006172609939710582, 0.0008461105446713191, 0.0008464439042654703, 0.0008735222478208016, 0.0007162680481656025, 0.0004959260778150565, 0.0006309918136821579, 0.0006317486288025976, 0.0007220113754556224, 0.0005137310816849094, 0.0006361743321576796, 0.0005761054791491915, 0.000824949926118279, 0.0007633367167727556, 0.000545030715898065, 0.0006821674896855257, 0.0005799874742479006, 0.0006664005431957776, 0.0006244877768494916, 0.0005817715109969867, 0.00047342616851437925, 0.00048617727370583454, 0.0006980381007451798, 0.0007855451372961397, 0.0005151472234729227, 0.0006696901377495123, 0.0005346898053176119, 0.0007002538239248679, 0.0006841791655460838, 0.000704800058656474, 0.0004009482010587817, 0.0005183715995144666, 0.0006093023263986197, 0.0003666528632834343, 0.0005302925031912764, 0.0005207835616715783, 0.0006147394642255222, 0.0005168545519836698, 0.0004563063270211387, 0.0005461788481113672, 0.0006640858931859839, 0.00034966769247830594, 0.00048128225080290576, 0.00038301432700791336, 0.0006780927371551115, 0.0003150213469780283, 0.000619582945273578, 0.0002726968922161177, 0.000722154972311273, 0.00038885253438820656, 0.0005767947577851374, 0.0005254627089016139, 0.0003150790119377689, 0.0006168547785819101, 0.0005361967894657483, 0.0004751987895929233, 0.0005532674626920198, 0.00041071921752973135, 0.0006303842846591579, 0.0003825049618626508, 0.00039349136205828476, 0.0003173864727273212, 0.0003973201099199741, 0.0002258152303170391, 0.00029321487240281386, 0.00015775142240812557, 0.0004000350987482193, 0.00046287108023364, 0.00037317984840115056, 0.0003589835705668065, 0.0002450877534869278, 0.0008032645273118533, 0.00028423093547331747, 0.0004107187972024917, 0.000401744648441138, 0.00032815623095814315, 0.0005486676850409821, 0.0005644633973361124, 0.0005166050721811643, 0.00044548582437755615, 0.00020579865646368488, 0.00046977709066027274, 0.00017703046350447948, 0.0002451935293890983, 0.0004828155248162602, 0.0005549798443553299, 0.0002283872229440931, 0.00034655635319040816, 0.0004560286932246527, 0.0003241661041840871, 0.00031020057923569766, 0.0002630425023312455, 0.00047490540079024867, 0.00026380335598048533, 0.0006007795013772466, 0.00020884741921349816, 0.0003612300798579327, 0.0003798549112929095, 0.00031563232114422134, 0.000475211673983722, 0.0004341822495632641, 0.00041395093808773705, 0.00043604750066492673, 0.000507436382713422, 0.00046817135250876163, 0.0004988943919443044, 0.000295889812821315, 0.00027139484504914437, 0.00022436535896872554, 0.0001364280966527076, 0.00028795399463206196, 0.0006860933111624945]
2025-12-07 06:14:29 - fedls - INFO - Namespace(task='sft', fed_alg='fedls', dataset_name='zwhe99/commonsense_170k', model_name='huggyllama/llama-7b', split_strategy='iid', alpha=0.5, num_clients=20, num_clients_per_round=2, batch_size=8, max_steps=20, gradient_accumulation_steps=1, lr=5e-05, weight_decay=0.01, epochs=1, num_rounds=200, seed=123, log_file='./log/log.txt', load_in_8bit=False, load_in_4bit=False, use_peft=True, dataset_sample=20000, peft_lora_r=32, peft_lora_alpha=64, seq_len=512, template='alpaca', tau=0.02, ex_style=True)
2025-12-07 08:59:08 - fedls - INFO - loss data:
2025-12-07 08:59:08 - fedls - INFO - [17.044555696845055, 0.07930572690092959, 0.003302995831472799, 0.0031228973210090773, 0.002743675175588578, 0.0027452418347820636, 0.002753654774278402, 0.0027619007800240066, 0.0026044056576211005, 0.002854444133117795, 0.00265880998049397, 0.002591124488390051, 0.002567289714352228, 0.0023992313421331347, 0.002291884462465532, 0.0023376985045615584, 0.0022478192637208853, 0.0023294608370633798, 0.0022462167340563614, 0.001986862809280865, 0.0018525736610172316, 0.0017901910556247457, 0.0017123869285569525, 0.0018387304109637626, 0.0017556743245222604, 0.001594701813883148, 0.0015523388261499348, 0.0015382622870674823, 0.001630385286989622, 0.0014803793164901435, 0.001516498746786965, 0.0015776029984408526, 0.0013103567449434194, 0.0012680340732913464, 0.0010959196091789637, 0.0014334448038425761, 0.0015950704102579037, 0.0013493872225808444, 0.0012134411939769053, 0.0013742228409682866, 0.0014328219025628642, 0.0012835911220463458, 0.0012255844118044478, 0.0012168458124506287, 0.0013126236295647685, 0.0012759367047692647, 0.0009955457423984626, 0.0013899532457799068, 0.0010097634054545778, 0.0009760395836565294, 0.0010591370997644844, 0.0014473387873294996, 0.0010853113959456095, 0.0011405443388866842, 0.0010770460319690755, 0.0010737646889538155, 0.0009230116727849235, 0.0010764019236376042, 0.0010377836206316715, 0.0009781460277736187, 0.0010415496376481315, 0.0007500985620936262, 0.0009141152956090083, 0.0011317435730234138, 0.0007847022654459579, 0.001362920383689925, 0.0010263587420922702, 0.0007658446413643105, 0.001005191282456508, 0.0007549446166194684, 0.0008786057138422621, 0.0009888882374980313, 0.0010824535824212945, 0.0008738151329453104, 0.0008938361299442477, 0.0009769350621354534, 0.0010756738462077919, 0.0010109451448442996, 0.0010123663952981586, 0.0007790112581460562, 0.0008168004869730794, 0.0006995983987508226, 0.0005823183269058063, 0.000690203109934373, 0.0007138406140256848, 0.0011765677896619308, 0.0009233691294866731, 0.000708535358444351, 0.00067880764140682, 0.0008632002807644312, 0.0006143891097508459, 0.000706118548100676, 0.0007802086791798502, 0.0008495313389175862, 0.0008748256034778024, 0.0008698945049673058, 0.0006358628728776239, 0.0007295021669051494, 0.000986153859685146, 0.0006199138324063825, 0.0004646014743229898, 0.0004842473997086927, 0.0005983175542951357, 0.0006584032089449465, 0.0010433118199443927, 0.000690499834036018, 0.0006782583052199697, 0.000676432409818517, 0.0006037826306851457, 0.0004365288885310292, 0.0005313433273840928, 0.0005305970180870645, 0.0005643631055136211, 0.0010168042883151429, 0.0006988600011027301, 0.0005171327017819749, 0.0006193036801050766, 0.000520153394393219, 0.0006632522672134656, 0.000766554461006308, 0.0006727464058712939, 0.0006589759130747552, 0.000591409169749113, 0.0006884015171635838, 0.000607516400714303, 0.0004449533396154948, 0.0005172813020635659, 0.0006677108373878582, 0.0005319325181062595, 0.0005244775960363768, 0.0006087108961992272, 0.00046399272389407997, 0.0005021252974472645, 0.00041432940114987104, 0.0008017959736378089, 0.0004316979979421376, 0.0003809817485034728, 0.0004009986985749947, 0.00082643217548366, 0.0003496321512045597, 0.0005411150903341877, 0.0005485658935754145, 0.000759863499729363, 0.00040446491318562043, 0.0008501613523549168, 0.0005266630611004075, 0.0006074129373018877, 0.0003925838486907196, 0.0009048023329114585, 0.000505537479693885, 0.00047754420679666507, 0.00044770975587198335, 0.0005387450464809263, 0.0005107466096205826, 0.00039777181733597895, 0.0004799528351895788, 0.0004110768924306285, 0.0005262666035150687, 0.0003795749899495604, 0.0006714728275369452, 0.0005019337076873852, 0.00035739411453050707, 0.0003913548691514279, 0.0005243982381671231, 0.0007923500043489184, 0.00039895987454201536, 0.0005432090920180598, 0.0005240697578756226, 0.0005001685742172413, 0.0002789217182112225, 0.0006169179228777467, 0.00036878871180761057, 0.00030198333866451323, 0.00021847294552514997, 0.00037563740845030224, 0.0004331506887751857, 0.0004139781649087126, 0.00036906742145674797, 0.0002703686932875371, 0.0003771777487827421, 0.0004679545479120861, 0.0005219606185505654, 0.0002159821817571128, 0.0003771163043381875, 0.0002878650174139352, 0.0004623380701474389, 0.0004953447943591982, 0.0004886519557828706, 0.0003284670050277327, 0.0006263546257741837, 0.0002561389234301714, 0.0005525404102172614, 0.0004459839376011132, 0.00030204628575916106, 0.00015408890430421705, 0.00042446073185828934, 0.0003448672243962392, 0.00029443448138977146, 0.0003223970230806117, 0.0003482068790390258]
2025-12-07 09:03:59 - fedls - INFO - Namespace(task='sft', fed_alg='fedls', dataset_name='zwhe99/commonsense_170k', model_name='huggyllama/llama-7b', split_strategy='iid', alpha=0.5, num_clients=20, num_clients_per_round=2, batch_size=8, max_steps=20, gradient_accumulation_steps=1, lr=5e-05, weight_decay=0.01, epochs=1, num_rounds=200, seed=456, log_file='./log/log.txt', load_in_8bit=False, load_in_4bit=False, use_peft=True, dataset_sample=20000, peft_lora_r=32, peft_lora_alpha=64, seq_len=512, template='alpaca', tau=0.02, ex_style=True)
2025-12-07 11:57:58 - fedls - INFO - loss data:
2025-12-07 11:57:58 - fedls - INFO - [16.72872285246849, 0.07499458550591953, 0.003173513695946895, 0.0027956707694102075, 0.002617889901739545, 0.002714598897728138, 0.002669576794141903, 0.0028008527646306903, 0.0027474685251945626, 0.00280680613941513, 0.0026394328771857543, 0.002738379826769233, 0.002429769904119894, 0.0025235948647605254, 0.0025723577971803026, 0.0025120699137914926, 0.0021830452911672186, 0.0022061550887883643, 0.0019072980736382307, 0.0019504843709000851, 0.0017971583649341483, 0.001765897589211818, 0.0017218998822499999, 0.001552058393281186, 0.0015804523987753782, 0.0015760307403979825, 0.0016558675866690463, 0.0015090700893779286, 0.0014078749518375844, 0.0014004643169755584, 0.001480017413268797, 0.0013081513119686861, 0.0015141434516408481, 0.0012040878398693166, 0.0010999022821124526, 0.00132898440133431, 0.0011149878802825697, 0.0015590622642775998, 0.001155131222185446, 0.0011931609122257214, 0.0012558434937091079, 0.0014289505110355095, 0.0011349986256391277, 0.0012230047286720946, 0.0010805029101902618, 0.0012006985743937548, 0.0011705380638886709, 0.0010479236845640117, 0.001084481272391713, 0.0010389177694378304, 0.0012831231804739218, 0.0010305119667464169, 0.0009678587810412864, 0.0009898725659695628, 0.0009546756819872826, 0.0010741282942035469, 0.0009479731533701852, 0.0009881111604045146, 0.0008377294317597261, 0.0007867619533499237, 0.0011281679360763519, 0.0011306541582598584, 0.0010845063399756328, 0.0009616450126486598, 0.0010067553725093604, 0.0010190400244027842, 0.0007120542389202455, 0.0008892235993926079, 0.0011770939578354955, 0.001111844344632118, 0.0010547476860665482, 0.0009050531216416857, 0.000858837279247382, 0.0009681320542767935, 0.0010484092515980592, 0.0005918263423154713, 0.0008455302394395404, 0.0009039289430802455, 0.0009944233588612406, 0.0008381791393276217, 0.0007002659986255821, 0.0007777868214361661, 0.0005868076594765625, 0.0006661505869487883, 0.0008761758078890125, 0.0004582279368833042, 0.0008877153351818379, 0.0008818447586236289, 0.0006860086591132131, 0.0009150798677637795, 0.0006217393139422711, 0.0003214581509382697, 0.0008005603070614598, 0.0009139730352217157, 0.0007743079977672096, 0.0006283448848535046, 0.000543013284107019, 0.0005833304524003324, 0.0006863512126983551, 0.0007170586642587296, 0.0007530070343818806, 0.0006212744182903407, 0.0009991632425226272, 0.0009672041247540618, 0.0005381444761042075, 0.0005730361092901148, 0.0007634847165718384, 0.0007260095470883243, 0.0004798959658728563, 0.0006643387898293441, 0.0004606555364489395, 0.0004763513460602553, 0.0008969331938715186, 0.0005829467678040601, 0.0010366244483520858, 0.0006435471677832538, 0.0005676752404724539, 0.0005459321711896337, 0.0004945639858760842, 0.0006837641870788501, 0.00024532972493602757, 0.0008934594782431305, 0.0005451620530948275, 0.0007613168406805926, 0.0007458511941877076, 0.0004123735789107741, 0.0004981765939646721, 0.0007692205742614533, 0.0006556810420988768, 0.0006725139439140548, 0.00052970001365793, 0.0005153400511744621, 0.0006426277929108438, 0.0007143475196699002, 0.0005968396754497008, 0.00040256767445043804, 0.000495044911781406, 0.0008852201538047666, 0.0008692327587596083, 0.0004205517936952674, 0.000550656419727602, 0.0007079204980072972, 0.000416861028816129, 0.0003235557502364372, 0.00041410429596453466, 0.000539938988947597, 0.0005402339306442627, 0.0008055384635554219, 0.0004046668590262925, 0.0007292725217780572, 0.0005017170550672746, 0.0004988351651718404, 0.00034582139047643066, 0.0002930819881839852, 0.0006323303980707351, 0.0004003932352134143, 0.00045871130217278733, 0.0005812263437292131, 0.00026750236581847276, 0.0003666484273139759, 0.0005685473764344806, 0.0004019508332135047, 0.00030513112865264706, 0.0004108695011268537, 0.00031964832982112057, 0.00024329504985303173, 0.00039127196123729386, 0.00021011201698115656, 0.0007550408620602411, 0.00027273921501205225, 0.0005389051019733416, 0.0002879593656302859, 0.0004284555897243081, 0.0006450390943200546, 0.0004544262294814416, 0.00032011063770482907, 0.0003214057190518815, 0.0004821765868257444, 0.0002260082526674978, 0.0006978860694744071, 0.0005380030665321555, 0.0003458242630756559, 0.00029465774876484834, 0.0006850161578540792, 0.0005457777258243368, 0.00035028341384872873, 0.0001908031697325896, 0.00024000949621267863, 0.00025922823042208166, 0.0003240962850838969, 0.00031613397006822195, 0.0003266764319278081, 0.00042734820765417676, 0.0003517065499522687, 0.0003873281870937717, 0.00023201651394515467, 0.0002815207749961246, 0.00047575881670240965, 0.0004408501750845062, 0.0004958825222331597]
2025-12-14 07:44:55 - fedls - INFO - Namespace(task='sft', fed_alg='fedls', dataset_name='zwhe99/commonsense_170k', model_name='huggyllama/llama-7b', split_strategy='iid', alpha=0.5, num_clients=20, num_clients_per_round=2, batch_size=8, max_steps=20, gradient_accumulation_steps=1, lr=5e-05, weight_decay=0.01, epochs=1, num_rounds=200, seed=42, log_file='./log/log.txt', load_in_8bit=False, load_in_4bit=False, use_peft=True, dataset_sample=20000, peft_lora_r=32, peft_lora_alpha=64, seq_len=512, template='alpaca', tau=0.02, ex_style=True)
2025-12-14 07:45:19 - fedls - INFO - Namespace(task='sft', fed_alg='fedls', dataset_name='zwhe99/commonsense_170k', model_name='huggyllama/llama-7b', split_strategy='iid', alpha=0.5, num_clients=20, num_clients_per_round=2, batch_size=8, max_steps=20, gradient_accumulation_steps=1, lr=5e-05, weight_decay=0.01, epochs=1, num_rounds=200, seed=42, log_file='./log/log.txt', load_in_8bit=False, load_in_4bit=False, use_peft=True, dataset_sample=20000, peft_lora_r=32, peft_lora_alpha=64, seq_len=512, template='alpaca', tau=0.03, ex_style=False)
2025-12-14 07:45:36 - fedls - INFO - Namespace(task='sft', fed_alg='fedls', dataset_name='zwhe99/commonsense_170k', model_name='huggyllama/llama-7b', split_strategy='iid', alpha=0.5, num_clients=20, num_clients_per_round=2, batch_size=8, max_steps=20, gradient_accumulation_steps=1, lr=5e-05, weight_decay=0.01, epochs=1, num_rounds=200, seed=42, log_file='./log/log.txt', load_in_8bit=False, load_in_4bit=False, use_peft=True, dataset_sample=20000, peft_lora_r=32, peft_lora_alpha=64, seq_len=512, template='alpaca', tau=0.04, ex_style=False)
2025-12-14 07:46:07 - fedls - INFO - Namespace(task='sft', fed_alg='fedls', dataset_name='zwhe99/commonsense_170k', model_name='huggyllama/llama-7b', split_strategy='iid', alpha=0.5, num_clients=20, num_clients_per_round=2, batch_size=8, max_steps=20, gradient_accumulation_steps=1, lr=5e-05, weight_decay=0.01, epochs=1, num_rounds=200, seed=42, log_file='./log/log.txt', load_in_8bit=False, load_in_4bit=False, use_peft=True, dataset_sample=20000, peft_lora_r=32, peft_lora_alpha=64, seq_len=512, template='alpaca', tau=0.05, ex_style=False)
2025-12-14 07:46:30 - fedls - INFO - Namespace(task='sft', fed_alg='fedls', dataset_name='zwhe99/commonsense_170k', model_name='huggyllama/llama-7b', split_strategy='iid', alpha=0.5, num_clients=20, num_clients_per_round=2, batch_size=8, max_steps=20, gradient_accumulation_steps=1, lr=5e-05, weight_decay=0.01, epochs=1, num_rounds=200, seed=42, log_file='./log/log.txt', load_in_8bit=False, load_in_4bit=False, use_peft=True, dataset_sample=20000, peft_lora_r=32, peft_lora_alpha=64, seq_len=512, template='alpaca', tau=0.06, ex_style=False)
2025-12-14 07:46:53 - fedls - INFO - Namespace(task='sft', fed_alg='fedls', dataset_name='zwhe99/commonsense_170k', model_name='huggyllama/llama-7b', split_strategy='iid', alpha=0.5, num_clients=20, num_clients_per_round=2, batch_size=8, max_steps=20, gradient_accumulation_steps=1, lr=5e-05, weight_decay=0.01, epochs=1, num_rounds=200, seed=42, log_file='./log/log.txt', load_in_8bit=False, load_in_4bit=False, use_peft=True, dataset_sample=20000, peft_lora_r=32, peft_lora_alpha=64, seq_len=512, template='alpaca', tau=0.07, ex_style=False)
2025-12-14 10:15:59 - fedls - INFO - loss data:
2025-12-14 10:15:59 - fedls - INFO - [16.91586830615997, 0.13132041450589896, 0.0046301745984237645, 0.002919354668119922, 0.0028093211440136656, 0.0026896120340097695, 0.0027718769968487324, 0.0026927915023406968, 0.00286191618652083, 0.002775944635504857, 0.00268790602858644, 0.0027221337222727016, 0.002628504580934532, 0.0026565677893813696, 0.0024082211341010405, 0.002485171350417659, 0.002398450826876797, 0.0023564059316413476, 0.0022781712730647998, 0.0022045982710551474, 0.002105933101847768, 0.0019594272307585925, 0.0017305936984485016, 0.0021633052150718864, 0.0015861364496231544, 0.0017252978053875266, 0.0016757423130911776, 0.001857179682701826, 0.0016787386601208709, 0.0016326960991136729, 0.0016123361841891893, 0.0015666208732000087, 0.0015843115586903877, 0.0015461885144759436, 0.0014866399666061624, 0.001326178370800335, 0.0012902979840873742, 0.0013174654050089885, 0.0013871313582058064, 0.0015943214544677175, 0.0011948167033551727, 0.0013711793104448588, 0.0012649835254705977, 0.0013605793814349455, 0.0015551158910966478, 0.0013040541780355852, 0.0014268650862504727, 0.0010598621593089774, 0.0014396805654541822, 0.001247736626828555, 0.0012139098114857915, 0.0013616213298519144, 0.0009838246340223122, 0.0012211248971652823, 0.001288767982259742, 0.00103889070560399, 0.0011636488496151289, 0.0011683808581437916, 0.0012429454196535516, 0.0009623271454984206, 0.001272343535674736, 0.001092879966563487, 0.0011286320845101728, 0.0011112923304608558, 0.0012088405223039445, 0.0008262382460088703, 0.0011843189276987687, 0.001020485314074904, 0.000925323712590398, 0.0010233141376374988, 0.0007713592445725225, 0.0010066128252219642, 0.0010871619129829923, 0.0008978534808193217, 0.001118096577192773, 0.001098661380547128, 0.0010858486330107553, 0.000850320657264092, 0.0008901854966552492, 0.0008060179148742464, 0.0008015131509637285, 0.0010600687812257093, 0.000778340841861791, 0.0009614368571419618, 0.0008125796358399383, 0.0009446111534998636, 0.001106141888158163, 0.0006860278444946744, 0.0005543911659970035, 0.0008819845686957705, 0.000895593516088411, 0.0008324445034304517, 0.0007568596840428655, 0.0006375289783136396, 0.0008306345482196776, 0.0007074747369188117, 0.0008709413949873125, 0.0005906167021294095, 0.000754538248793324, 0.0005366172109916078, 0.0008192861698717024, 0.0009032881991970498, 0.0007042025793907668, 0.0007831875412648515, 0.0005919525207673359, 0.0007323265709601401, 0.0006181322218253626, 0.000671826532106934, 0.0006420565003736556, 0.0005782912721770117, 0.000704754571927424, 0.0007666693551072966, 0.0006370094361045631, 0.0007238052844968478, 0.000623438153479583, 0.0007582269661725149, 0.0007588145397676271, 0.0007882876277108153, 0.0005584593267485617, 0.0006361783528063825, 0.0007697513496850661, 0.0004052981888889917, 0.0003805120642255133, 0.000562505412790415, 0.0006768621764877026, 0.0006544578158695913, 0.00044407160339687834, 0.0005299478463030027, 0.0007645183255135634, 0.0004196128540911559, 0.0005003770233201975, 0.00043294408977772035, 0.0008612720759856529, 0.0003401003112458057, 0.0006935625983714999, 0.0002756978841034652, 0.0007355037343245385, 0.0005471201986438246, 0.000682351731302333, 0.00044051053405382847, 0.00039722971146147754, 0.0005616763985926809, 0.0004681237116528791, 0.0004979110928957197, 0.0006956941577300312, 0.00041039231484774064, 0.0008092898142649575, 0.00039006517075677036, 0.000500134071978664, 0.00038740771364018654, 0.0004791693286847476, 0.000320182151381232, 0.00033636374097341105, 0.0002719579505594538, 0.0005364148378760092, 0.000529332877943034, 0.00042980247177411, 0.00044132878210234594, 0.000318258006132055, 0.0008421736830825921, 0.0003274110058328006, 0.0005431844853262646, 0.0004745079541294217, 0.00042382910214655567, 0.0005944823112031372, 0.0005454089271665907, 0.0005365513178162473, 0.0005382547172985142, 0.00032921055162660195, 0.0005984600020383368, 0.0003724414474390869, 0.0002852555971912807, 0.0004153295415790126, 0.0006988871220528381, 0.00031686136704820453, 0.0004660549045297557, 0.00039940894332630706, 0.0004176343001006444, 0.0003184419160334073, 0.00037487700604401655, 0.0005212028872051633, 0.0003105667723446004, 0.00046720620468931884, 0.0003333929212658404, 0.0003901392872478482, 0.0004153535924956486, 0.000422789098490739, 0.0005080795817775652, 0.0004885323563939892, 0.00048276150940864684, 0.00044624442185750015, 0.000438104002023465, 0.0004915243272307634, 0.0005367675856177811, 0.00031095796471163344, 0.00040969998481159563, 0.00027133313604394966, 0.00031523233778329995, 0.00032633023093353586, 0.0006712235800023336]
2025-12-14 10:16:02 - fedls - INFO - loss data:
2025-12-14 10:16:02 - fedls - INFO - [16.91586830615997, 0.13132041450589896, 0.0046301745984237645, 0.002919354668119922, 0.0028093211440136656, 0.0026896120340097695, 0.0027718769968487324, 0.0026927915023406968, 0.00286191618652083, 0.002775944635504857, 0.00268790602858644, 0.0027221337222727016, 0.002628504580934532, 0.0026565677893813696, 0.0024082211341010405, 0.002485171350417659, 0.002398450826876797, 0.0023564059316413476, 0.0022781712730647998, 0.0022045982710551474, 0.002112767263315618, 0.0019652250819490293, 0.0017502074260846712, 0.002154206538398285, 0.0015738619600597302, 0.0017382730460667518, 0.0016778028235421515, 0.0018733340431936086, 0.001677900436334312, 0.0016166291854460722, 0.0016140339139383286, 0.001558993972139433, 0.0015705488971434534, 0.0015495422543608584, 0.0014813624275120674, 0.001321745049790479, 0.001266471639246447, 0.0013368354411795735, 0.0013932427144027317, 0.0016167606503586286, 0.0012145152810262515, 0.0013693620923731942, 0.0012744823317916599, 0.0013656975810590667, 0.0015497943404625403, 0.001266390847740695, 0.001397250847730902, 0.001057231165759731, 0.0014841598829661961, 0.0012103329667297658, 0.0011832975778816035, 0.001350380398798734, 0.000983787861878227, 0.0012350233775578088, 0.0012807535753381672, 0.0010252591499011034, 0.001183570915600285, 0.0011644227142824093, 0.001230050548838335, 0.0009620548167731613, 0.0013259336534247267, 0.0010984160639054608, 0.0011450975798652507, 0.0010991323015332455, 0.0011983646574662999, 0.000805086332547944, 0.0011933684920222732, 0.0010212065963060013, 0.0009362712809434015, 0.0010362151104345687, 0.000768440259162162, 0.001008058745719609, 0.0010893627471887158, 0.000898163338752056, 0.0011122262163553386, 0.001079679837948788, 0.0010770887052785837, 0.0008359965853742324, 0.0008633264072159364, 0.0008139333480357892, 0.0007871510839322582, 0.0011012159862730186, 0.0008188618783606217, 0.0009698225216197897, 0.0007802049904967135, 0.0009764519774762447, 0.0010975464727380315, 0.0006983539858993026, 0.0005893017504604358, 0.0008990085599634768, 0.0008909606470297148, 0.0008238498323180465, 0.0007766870245177415, 0.0006268237600124849, 0.0008388472458136676, 0.0007158580729083042, 0.0008594378093221167, 0.0006178291760534193, 0.0007187053205143457, 0.0005527036752027925, 0.0008283166207320391, 0.0009182637007825178, 0.0006924538331531949, 0.0007588509256493126, 0.0006299658014086162, 0.0007288037417310988, 0.000645876389262412, 0.0006863425833216752, 0.0006664663908850343, 0.0005825944304888252, 0.0006612210049979694, 0.0008028646811908402, 0.0006128344495209603, 0.0007140897192130069, 0.0006328916086204117, 0.0007808226166162058, 0.0007649357378795684, 0.0007669273571082158, 0.0005300598319081473, 0.0006428103516554984, 0.0007830334247159954, 0.00040291422044447245, 0.0004070273228762744, 0.0005500711662762114, 0.0006873422120179384, 0.0006671076535212705, 0.0004533859158073028, 0.0005133084014914858, 0.0007404545842973676, 0.0004242577816967241, 0.000510957774815779, 0.0004202546359124426, 0.0008778569281048476, 0.0003430631265700868, 0.0006806592112752695, 0.00027845160948345435, 0.0007336896824881479, 0.0005508348260264029, 0.0007150282581733336, 0.000480724273757005, 0.00042003624953395046, 0.000612017895673489, 0.0004859619749367994, 0.0005068339298873071, 0.0006700943858049868, 0.00042229923730019436, 0.000810903843989763, 0.0004114406473945564, 0.0004957741101179636, 0.00037600507051820385, 0.0004597083346027375, 0.00032842301450273224, 0.0003577088832457775, 0.00024169500500192953, 0.00047692240603112166, 0.0005419982822132852, 0.0004307216058691665, 0.0004351759010774003, 0.0003131506905390324, 0.0008151837525076644, 0.00029882497051403334, 0.0005517411789298876, 0.00045244991337085595, 0.0003901340109109697, 0.0006197262684850102, 0.000527977126114365, 0.00056297358013353, 0.0005293715299274027, 0.0003401132997851164, 0.0005859511676476359, 0.00039730543362566096, 0.000307159371425314, 0.0004326693549046468, 0.0006771689746301491, 0.00032723753704431144, 0.0004812513485603631, 0.0003996310595994146, 0.00040145340674371257, 0.0003041492863872008, 0.0003433206554177559, 0.0005211331731857172, 0.0003351373675172908, 0.0004896141488302419, 0.00029339608510099425, 0.0003722355822446843, 0.0004043563224342961, 0.00040980252861118056, 0.0005231719905509635, 0.0005084577425009229, 0.0004808376059941111, 0.00039603874002978043, 0.0004411707032090817, 0.0005044347917873892, 0.0005437614779339129, 0.00033059344699495343, 0.0003928806095927939, 0.00026631795259390856, 0.0003264746081811154, 0.00034015257991200083, 0.0006338706505175651]
2025-12-14 10:16:08 - fedls - INFO - loss data:
2025-12-14 10:16:08 - fedls - INFO - [16.91586830615997, 0.13132041450589896, 0.0046301745984237645, 0.002919354668119922, 0.0028093211440136656, 0.0026896120340097695, 0.0027718769968487324, 0.0026927915023406968, 0.00286191618652083, 0.002775944635504857, 0.00268790602858644, 0.0027221337222727016, 0.002628504580934532, 0.0026565677893813696, 0.0024082211341010405, 0.002485171350417659, 0.002398450826876797, 0.0023564059316413476, 0.0022781712730647998, 0.0022045982710551474, 0.0021045989604317585, 0.001972841144015547, 0.0017467738172854295, 0.0021561682151514105, 0.0015852185322728473, 0.0017162624921184032, 0.00167651021911297, 0.0018548375170212238, 0.001692055533931125, 0.0016300465082167647, 0.0016154692231793886, 0.0015602740622853162, 0.0015423245407873766, 0.0015318393103370908, 0.00147963459166931, 0.0013272634023451246, 0.0012930546516145116, 0.0013178226974559946, 0.001387681877531577, 0.0016215498340898193, 0.001208661501732422, 0.0013454293770337245, 0.0012853583339165198, 0.0013356561888940633, 0.0015438340760738356, 0.0013162302337150324, 0.00143842298493837, 0.0010360262225731277, 0.001463182072984637, 0.0012490685861848761, 0.0012164460553321988, 0.0013551741059927734, 0.0009782290459042996, 0.001175716833131446, 0.001303933240706101, 0.001042553266051982, 0.001172044296981767, 0.0011809039468062112, 0.0012558599137264537, 0.0009742126943820041, 0.0012822037686419207, 0.0011411407718696863, 0.0011851938310428523, 0.0011099049130280036, 0.0012062481102475431, 0.0008334277184985695, 0.0012068731113686227, 0.001001622583680728, 0.0009347109664304299, 0.001089161135314498, 0.0007630115027495776, 0.0010123710334482895, 0.001082184212827997, 0.0009036337962243124, 0.0011104941000667167, 0.0011013263369932247, 0.0011156353099067927, 0.0008587192718550795, 0.0008632089051388903, 0.0008237785054006963, 0.0008085597814897483, 0.0010655692909494973, 0.0007919844743810244, 0.0009931946682627314, 0.0008235227446675708, 0.0009471654575463617, 0.0011298608436845826, 0.0007462803589078249, 0.0005721732182792038, 0.0008555876313948829, 0.000859697896794387, 0.0008726677103823022, 0.0007520186260535411, 0.00064234117230626, 0.000842286061606501, 0.0007273360126418993, 0.000864186877697648, 0.0006205583638802636, 0.0007616339205469558, 0.0005565645624756143, 0.00082874316312882, 0.0009007924527622891, 0.0007109254757324379, 0.0007760139815218281, 0.0005876319827166299, 0.0007475694591448701, 0.0006282916930103966, 0.0006350446426949929, 0.0006514525107832014, 0.000582512221944853, 0.0006560264414247285, 0.0008344984222276252, 0.000617219924197343, 0.0007044517189569888, 0.0006688898963147949, 0.0008089834144811902, 0.00074702342008095, 0.0007484675450086797, 0.0005634467053823756, 0.0006267260218464799, 0.0007559853820794161, 0.0003842993124749228, 0.0003868905900617392, 0.0005753773828018893, 0.0006984407206402921, 0.000684618751608923, 0.00047126250656219786, 0.0005358745141961663, 0.0007549110458967334, 0.00043192498208100005, 0.0005015698883653385, 0.00042368232600438206, 0.0008723207975435798, 0.00033659261835055075, 0.0007317795298604323, 0.0002779904064027505, 0.0007404946936617307, 0.0005408135839388706, 0.0007128285873477581, 0.00046437759388027187, 0.00042219018550895273, 0.0005570993331275531, 0.0005255304182810505, 0.0004919461644135481, 0.0007075962892031384, 0.0003742141093084683, 0.0008084631949259347, 0.0003570266515680487, 0.0005087969528005942, 0.0003773942038947098, 0.00043553263498097294, 0.00031704088793276246, 0.0003494010489362154, 0.00022943785901929914, 0.0004740172038907531, 0.0005754953704723675, 0.00044504760884933603, 0.0004336398813336473, 0.0003116391699961696, 0.0008511756941061322, 0.0002923188080842465, 0.0005255034653885105, 0.0004891013046801618, 0.00039730186406927714, 0.0005864313199083425, 0.0005686809243229618, 0.0005649066846672212, 0.0005305611273968225, 0.0003315440882602161, 0.0006111056381314483, 0.0003680689355519462, 0.00028190365973159717, 0.0004067771132781672, 0.0006997876794571312, 0.00033577504077584306, 0.00046888970799727756, 0.0004036090058207265, 0.000413377806569315, 0.0003080028795579892, 0.0003574647097025263, 0.0005513836343197908, 0.0003122727510060486, 0.00045957478764648837, 0.0003225249967385935, 0.0003729030311205861, 0.00042941482930700656, 0.0004152569890948143, 0.0005466230792876559, 0.0005021692872105632, 0.0005183250791333193, 0.000418453467159452, 0.00042893998423778614, 0.0005251004630963507, 0.0005126961894688975, 0.00030529963485150804, 0.00038596731258166983, 0.0002784037501612602, 0.0002917946649517944, 0.00034318472887093774, 0.0006597113284669831]
2025-12-14 10:16:24 - fedls - INFO - loss data:
2025-12-14 10:16:24 - fedls - INFO - [16.91586830615997, 0.13132041450589896, 0.0046301745984237645, 0.002919354668119922, 0.0028093211440136656, 0.0026896120340097695, 0.0027718769968487324, 0.0026927915023406968, 0.00286191618652083, 0.002775944635504857, 0.00268790602858644, 0.0027221337222727016, 0.002628504580934532, 0.0026565677893813696, 0.0024082211341010405, 0.002485171350417659, 0.002398450826876797, 0.0023564059316413476, 0.0022781712730647998, 0.0022045982710551474, 0.002112407519598491, 0.0019675951145472935, 0.0017375196592183783, 0.0021462207951117307, 0.0015923551960440817, 0.0017103302518080453, 0.0016564134682994335, 0.0018678295891731977, 0.0016642894202959723, 0.0016352234102669171, 0.0016186707594897597, 0.0015610956368618644, 0.001575475874415133, 0.0015503676171647386, 0.0014810735832725187, 0.0013251957811007743, 0.0012664419373322744, 0.0013216368657595011, 0.001388357159885345, 0.0016206450425670484, 0.0012244422723597381, 0.0013590701906650792, 0.001295588259381475, 0.0013647986350406429, 0.0015532804871327243, 0.0012691131505562225, 0.001432042148007895, 0.0010410492941446137, 0.001463398247869918, 0.0011988768030278152, 0.001229861976025859, 0.001355543852696428, 0.0009900461747747614, 0.001175901780516142, 0.001322505598363932, 0.0010267018355079927, 0.0011891131085576489, 0.001145777985220775, 0.0012412305277393898, 0.0009604464146832469, 0.001323520475125406, 0.00108049554801255, 0.0011471604062535334, 0.0011310806887195213, 0.0012151073497079778, 0.0007934256034786813, 0.0011724277701432584, 0.0010312966431229144, 0.0009105990297030076, 0.0010261358318530255, 0.0007712423643170042, 0.001002334884378797, 0.00109129860484245, 0.0009150750291155418, 0.0011178457254573005, 0.0010595839854431687, 0.0011099484718215535, 0.0008341998993273592, 0.0008580190115026198, 0.0008055683796555969, 0.0007974227259182953, 0.0010579548634268576, 0.0008044068878916733, 0.0009357915050713927, 0.0008035190013288229, 0.0009524698375571461, 0.001125382777354389, 0.0006825156189734117, 0.0005832476558225608, 0.0008890938426247885, 0.0008747555165427911, 0.0008238596512683215, 0.000746890385153165, 0.0006107531241923425, 0.0008369486257834069, 0.0007119593172319582, 0.0008695295241523127, 0.0006089522219554055, 0.0007170825394950953, 0.0005516278200502711, 0.0008052736545778316, 0.00092656922754486, 0.0006972180664888584, 0.0007611258422912214, 0.0005975452283109917, 0.0006904648202180397, 0.0006446315594075714, 0.000665724690497882, 0.000653221243601365, 0.0005570332234583475, 0.0006598275796591224, 0.000788233774346736, 0.0006131582762918697, 0.0006824173343829898, 0.0005883113813297314, 0.0007606354512063262, 0.0007575644228381862, 0.0007809860368070076, 0.0005403625182225369, 0.0005852210470493446, 0.0007685811146643574, 0.0004149881102648578, 0.0003723960900288148, 0.0005692298795565876, 0.0006969782688713621, 0.0006558470865229537, 0.00045510608110816976, 0.0005187740168480559, 0.0007551593043899629, 0.00042093016991202604, 0.0004913938355343816, 0.0004152937429012127, 0.0008973776362722674, 0.00034132238668007633, 0.0006829272293089161, 0.0002830355220794445, 0.0007182789921898802, 0.000526708146026067, 0.000689769256746331, 0.00047842096932981804, 0.0004167728566471851, 0.0005801159624752473, 0.0004822679204153246, 0.0004656562206605486, 0.0007051529163845771, 0.0004005311491710017, 0.0007945083579215861, 0.0003741011510101089, 0.0004666891528700035, 0.00038349860870994233, 0.00045318565763636793, 0.0003147142852185425, 0.0003556897029170614, 0.00024922739982002895, 0.0004760061930142001, 0.0005442804843426074, 0.0004330179165492609, 0.00044256464618115383, 0.0003314569231747555, 0.0008574655458062352, 0.00032609435040740207, 0.0005284322634622641, 0.00047391970166472676, 0.0004171945656594289, 0.0006106813386395516, 0.000525144659718535, 0.0005575397599955068, 0.0005400368266634814, 0.00033509520139887174, 0.000610341637275269, 0.00036543880311228354, 0.0003144117610418107, 0.000391595146572854, 0.0006667399486332214, 0.0003296135616665197, 0.0004830002307471659, 0.00041800785118084605, 0.00040339821052270963, 0.000322778340671448, 0.0003454625304584624, 0.0005420214421519632, 0.00032030130317934886, 0.00047131898741099577, 0.0002909142189821523, 0.00041182888912771887, 0.0004367146424328894, 0.0004141784314811048, 0.0005420696110832069, 0.0005391622809611362, 0.00047758481151731756, 0.0004305408675463696, 0.00044347006218004026, 0.0005251392137779476, 0.0005367743920146495, 0.0003013422440062641, 0.00039795818443053574, 0.0002900080846643505, 0.00033682304628541716, 0.0003259803668413497, 0.0006530941135110879]
2025-12-14 10:18:00 - fedls - INFO - loss data:
2025-12-14 10:18:00 - fedls - INFO - [16.91586830615997, 0.13132041450589896, 0.0046301745984237645, 0.002919354668119922, 0.0028093211440136656, 0.0026896120340097695, 0.0027718769968487324, 0.0026927915023406968, 0.00286191618652083, 0.002775944635504857, 0.00268790602858644, 0.0027221337222727016, 0.002628504580934532, 0.0026565677893813696, 0.0024082211341010405, 0.002485171350417659, 0.002398450826876797, 0.0023564059316413476, 0.0022781712730647998, 0.0022045982710551474, 0.0021121853395015934, 0.0019634108961327, 0.0017427210637833922, 0.0021548808552324774, 0.0015779585999553094, 0.0017172806918097196, 0.0016641407943097874, 0.0018679510467336513, 0.001671623589936644, 0.0016190922193345613, 0.0016120445798151195, 0.001552120667111012, 0.0015624260311597026, 0.001540949542686576, 0.0014722583218826912, 0.0013414015957096126, 0.001268056297703879, 0.0013393208508205134, 0.0013964484111056662, 0.001637179171666503, 0.0012014569983875845, 0.0013812848657835275, 0.0012618845568795223, 0.0013642168196383864, 0.00150700598169351, 0.0012809696803742555, 0.0013952726483694277, 0.001030029739558813, 0.0014907570262948865, 0.0011925656697712838, 0.0011677928716380848, 0.001349990403832635, 0.0009837227034040553, 0.0012013582827421487, 0.0012750057354423915, 0.0010234009441774106, 0.0011751838217605838, 0.0011664843066682806, 0.001233656755903212, 0.0009359796433273005, 0.0013280622701131507, 0.0011006813703716032, 0.001099203022204165, 0.0010864111784030684, 0.0011868331319419667, 0.0008027767331441283, 0.0011497674066049512, 0.0010228184912193683, 0.0009157304831205692, 0.001021395387579105, 0.0007548838299044292, 0.0010207961318883462, 0.0010695379945900641, 0.0008877710866727284, 0.0011230758213059745, 0.0010714477230067132, 0.0010880137102503794, 0.0008454968070509494, 0.000877708945699851, 0.0007956475756145664, 0.0008032745106902439, 0.001068879317608662, 0.0008125619699967501, 0.0009235263765731361, 0.0007768723596200289, 0.0009372861564770574, 0.0010981520950736011, 0.000693529544514604, 0.0005649365913541261, 0.0008751772322966645, 0.0008695223132235697, 0.0008474988982470678, 0.0007711046868280391, 0.0006107417425027962, 0.0008463803174890927, 0.000724833843196393, 0.0008683409300829226, 0.0006068647939628136, 0.000738109401663678, 0.0005445303870146745, 0.0007808173263128993, 0.0009048010801734562, 0.0006796997233777802, 0.0007625016113706806, 0.0006002294650897966, 0.0007187463851551001, 0.0006221785083653231, 0.0006912228916917229, 0.0006359122908634162, 0.0005699891933090839, 0.0006512183912946057, 0.0007919319379652734, 0.0006200393000654003, 0.0007134715126539959, 0.0006205759018030222, 0.0007745840037387097, 0.0007530169878918968, 0.0007736776582078164, 0.0005277132091578095, 0.0006192843843791707, 0.000746952561917169, 0.00037952588545522305, 0.0003979163653411888, 0.0005572856189928644, 0.0006786517163618555, 0.0006752015430606662, 0.00046202082892250474, 0.0004831719657204303, 0.0007433697905184999, 0.0004250514899467817, 0.0005058927804839186, 0.00041598809729066484, 0.0008744549925722823, 0.00034108731397282095, 0.0006982573204368236, 0.00027465256446248534, 0.0007078518632511078, 0.0005660262141191196, 0.0007056239428493427, 0.0004886139530299261, 0.0004157421508125481, 0.0005777045180366258, 0.0004808015650269226, 0.0004594520022237702, 0.0006634857371409453, 0.00043207712136563716, 0.000807696049309925, 0.00043099710198930553, 0.00048767201177497556, 0.0003632314153492189, 0.00045705469296422054, 0.00032198644390746267, 0.00034912928709900375, 0.00023496288243904929, 0.0004964082783843083, 0.0005507684274761004, 0.0004512078185427981, 0.00041304537749624614, 0.00031162360409098255, 0.000824005147802609, 0.00034175599918171427, 0.0005587857273724239, 0.0004696623971426561, 0.00039018760483031654, 0.000565409390799232, 0.0005268788308171679, 0.0005662564134922832, 0.0005529363845994339, 0.00037942658423162356, 0.0005998273943419008, 0.000346593044457677, 0.00031288518325709445, 0.0004126283650521145, 0.0006688170157076456, 0.0003347473736312167, 0.0004931915108159046, 0.0004290300617640242, 0.00040780334897476677, 0.0003104220279510628, 0.00033329414460467886, 0.0005567841469087398, 0.00034132279752157045, 0.00046783856630554514, 0.0003239736532805182, 0.0004134749299225859, 0.00041140042372944663, 0.00040687128066565494, 0.0005634833949898166, 0.0005198195970820053, 0.00048642835447481047, 0.0004226416828828405, 0.0004316638914815485, 0.0005282919616320214, 0.000536981432628636, 0.0003583956893635332, 0.0004132463845962775, 0.00031280071303285695, 0.00035593652174270574, 0.000343431713775999, 0.0006738753191257274]
2025-12-14 10:21:56 - fedls - INFO - loss data:
2025-12-14 10:21:56 - fedls - INFO - [16.91586830615997, 0.06588549470761791, 0.0029467682732502, 0.0027929669595323503, 0.0027511275198776274, 0.002772520176949911, 0.0027368819777620953, 0.002716853964375332, 0.002843576506711543, 0.002748278569197282, 0.0026651092804968355, 0.0025839994108537213, 0.0023945457302033905, 0.0024142711044987664, 0.0020640119473682716, 0.0022941464150790123, 0.0019181798212230205, 0.0021644338936312123, 0.0019498198744258843, 0.0017922145620104858, 0.0017416109287296422, 0.0017953062844753731, 0.001410684597794898, 0.0018594062537886204, 0.0012650344153371407, 0.0013376930954109411, 0.0015242883964674547, 0.0017138798866653815, 0.0014886126227793284, 0.001573975045903353, 0.0015012475960247684, 0.0013625167401187354, 0.0013605014060885877, 0.0014760371588636188, 0.00131379425401974, 0.0013062882491794879, 0.001174416172580095, 0.0011678124268655666, 0.001327179364307085, 0.0015666391474951525, 0.0011544540171598782, 0.0011560987288248726, 0.001189939655341732, 0.001250752377018216, 0.0013512874276784713, 0.0013160459755454212, 0.001355417977538309, 0.0008945778663473902, 0.0014899020559823839, 0.0012026106203848032, 0.0012058201376930811, 0.0012554040367831476, 0.0009571500879246742, 0.0011793151132224013, 0.0011606457926063738, 0.0009532470610793097, 0.0010761423654912505, 0.0010897903426666743, 0.0010857967934498447, 0.0009250574467841943, 0.0010584667794319102, 0.0009660608966441941, 0.000944208287364745, 0.0009448961631278507, 0.0010131746879778803, 0.0007520689805460279, 0.0010945897327474085, 0.0010069328552162913, 0.000872741578575642, 0.000928201374154014, 0.000684483326267582, 0.0008628374202999112, 0.000985811197460862, 0.0009032966661834507, 0.0010610658900986891, 0.0009543943107928499, 0.0009795776319151627, 0.0007713886981946417, 0.0007954706954478752, 0.000745906239717442, 0.0008191031936803483, 0.0010229409261228283, 0.0007474920244931126, 0.0009430797752429499, 0.0007826268726603303, 0.0008140798805470695, 0.0010633490841428284, 0.0005695609894246445, 0.0006172609939710582, 0.0008461105446713191, 0.0008464439042654703, 0.0008735222478208016, 0.0007162680481656025, 0.0004959260778150565, 0.0006309918136821579, 0.0006317486288025976, 0.0007220113754556224, 0.0005137310816849094, 0.0006361743321576796, 0.0005761054791491915, 0.000824949926118279, 0.0007633367167727556, 0.000545030715898065, 0.0006821674896855257, 0.0005799874742479006, 0.0006664005431957776, 0.0006244877768494916, 0.0005817715109969867, 0.00047342616851437925, 0.00048617727370583454, 0.0006980381007451798, 0.0007855451372961397, 0.0005151472234729227, 0.0006696901377495123, 0.0005346898053176119, 0.0007002538239248679, 0.0006841791655460838, 0.000704800058656474, 0.0004009482010587817, 0.0005183715995144666, 0.0006093023263986197, 0.0003666528632834343, 0.0005302925031912764, 0.0005207835616715783, 0.0006147394642255222, 0.0005168545519836698, 0.0004563063270211387, 0.0005461788481113672, 0.0006640858931859839, 0.00034966769247830594, 0.00048128225080290576, 0.00038301432700791336, 0.0006780927371551115, 0.0003150213469780283, 0.000619582945273578, 0.0002726968922161177, 0.000722154972311273, 0.00038885253438820656, 0.0005767947577851374, 0.0005254627089016139, 0.0003150790119377689, 0.0006168547785819101, 0.0005361967894657483, 0.0004751987895929233, 0.0005532674626920198, 0.00041071921752973135, 0.0006303842846591579, 0.0003825049618626508, 0.00039349136205828476, 0.0003173864727273212, 0.0003973201099199741, 0.0002258152303170391, 0.00029321487240281386, 0.00015775142240812557, 0.0004000350987482193, 0.00046287108023364, 0.00037317984840115056, 0.0003589835705668065, 0.0002450877534869278, 0.0008032645273118533, 0.00028423093547331747, 0.0004107187972024917, 0.000401744648441138, 0.00032815623095814315, 0.0005486676850409821, 0.0005644633973361124, 0.0005166050721811643, 0.00044548582437755615, 0.00020579865646368488, 0.00046977709066027274, 0.00017703046350447948, 0.0002451935293890983, 0.0004828155248162602, 0.0005549798443553299, 0.0002283872229440931, 0.00034655635319040816, 0.0004560286932246527, 0.0003241661041840871, 0.00031020057923569766, 0.0002630425023312455, 0.00047490540079024867, 0.00026380335598048533, 0.0006007795013772466, 0.00020884741921349816, 0.0003612300798579327, 0.0003798549112929095, 0.00031563232114422134, 0.000475211673983722, 0.0004341822495632641, 0.00041395093808773705, 0.00043604750066492673, 0.000507436382713422, 0.00046817135250876163, 0.0004988943919443044, 0.000295889812821315, 0.00027139484504914437, 0.00022436535896872554, 0.0001364280966527076, 0.00028795399463206196, 0.0006860933111624945]
2025-12-14 10:59:53 - fedls - INFO - Namespace(task='sft', fed_alg='fedls', dataset_name='zwhe99/commonsense_170k', model_name='huggyllama/llama-7b', split_strategy='iid', alpha=0.5, num_clients=20, num_clients_per_round=2, batch_size=8, max_steps=20, gradient_accumulation_steps=1, lr=5e-05, weight_decay=0.01, epochs=1, num_rounds=200, seed=42, log_file='./log/log.txt', load_in_8bit=False, load_in_4bit=False, use_peft=True, dataset_sample=20000, peft_lora_r=32, peft_lora_alpha=64, seq_len=512, template='alpaca', tau=0.02, ex_style=False)
2025-12-14 12:37:25 - fedls - INFO - Namespace(task='sft', fed_alg='fedls', dataset_name='zwhe99/commonsense_170k', model_name='huggyllama/llama-7b', split_strategy='iid', alpha=0.5, num_clients=20, num_clients_per_round=2, batch_size=8, max_steps=20, gradient_accumulation_steps=1, lr=5e-05, weight_decay=0.01, epochs=1, num_rounds=200, seed=42, log_file='./log/log.txt', load_in_8bit=False, load_in_4bit=False, use_peft=True, dataset_sample=20000, peft_lora_r=32, peft_lora_alpha=64, seq_len=512, template='alpaca', tau=0.01, ex_style=False)
2025-12-14 12:37:33 - fedls - INFO - Namespace(task='sft', fed_alg='fedls', dataset_name='zwhe99/commonsense_170k', model_name='huggyllama/llama-7b', split_strategy='iid', alpha=0.5, num_clients=20, num_clients_per_round=2, batch_size=8, max_steps=20, gradient_accumulation_steps=1, lr=5e-05, weight_decay=0.01, epochs=1, num_rounds=200, seed=42, log_file='./log/log.txt', load_in_8bit=False, load_in_4bit=False, use_peft=True, dataset_sample=20000, peft_lora_r=32, peft_lora_alpha=64, seq_len=512, template='alpaca', tau=0.08, ex_style=False)
2025-12-14 13:32:17 - fedls - INFO - loss data:
2025-12-14 13:32:17 - fedls - INFO - [16.91586830615997, 0.13132041450589896, 0.0046301745984237645, 0.002919354668119922, 0.0028093211440136656, 0.0026896120340097695, 0.0027718769968487324, 0.0026927915023406968, 0.00286191618652083, 0.002775944635504857, 0.00268790602858644, 0.0027221337222727016, 0.002628504580934532, 0.0026565677893813696, 0.0024082211341010405, 0.002485171350417659, 0.002398450826876797, 0.0023564059316413476, 0.0022781712730647998, 0.0022045982710551474, 0.002109485819528345, 0.0019637705554487184, 0.0017434486842830665, 0.002158425973902922, 0.0015896227392659056, 0.0017118412586569322, 0.0016503209859365596, 0.0018676053514354862, 0.0016903306008316577, 0.0016126777103636415, 0.0016139412604388782, 0.001558939346796251, 0.0015773218401591294, 0.0015504770453844685, 0.0014838781899015885, 0.0013312023460457568, 0.0012786985309503507, 0.0013207865958975162, 0.0013925765299063642, 0.0016308993494021707, 0.0012134490556491074, 0.001358853124838788, 0.0012979261111468075, 0.0013642706573591568, 0.0015571629042824497, 0.0012806286718841874, 0.0014268325925513637, 0.0010410384944407268, 0.0014561919600964758, 0.0012210614138894015, 0.0012103281904273899, 0.0013669555191881955, 0.0009687553450930863, 0.0012288066140172305, 0.001273625516478205, 0.0010450135379869608, 0.0011716494962456638, 0.0011720767790393439, 0.001247331816557562, 0.0009599946188245667, 0.001317271410516696, 0.0010813702174345963, 0.0011765497831220273, 0.0011111285020888317, 0.0011975805929978376, 0.0008118541374642519, 0.0011841841529530938, 0.0010156581416595144, 0.0009366215135287348, 0.001049148108359077, 0.0007787503234794712, 0.0009872370075754589, 0.0010943448047328274, 0.0009143635512373293, 0.0010995909364282853, 0.0011063137245400866, 0.0010918303340076818, 0.000847934005469142, 0.0008733269315598591, 0.0008243407859481523, 0.0007990327337211057, 0.0010670834155462217, 0.0008053969189859344, 0.0009636337479605572, 0.0008107436948193936, 0.0009634250774979592, 0.0011164657644258114, 0.0006946313756088784, 0.0005923900385369052, 0.0008796271017672552, 0.0008941806224356697, 0.0008258389164893743, 0.0007909495179319493, 0.0006457284712723776, 0.0008269802964605334, 0.000718193195098138, 0.0008561297060623474, 0.0006111248871548014, 0.0007378222421721148, 0.0005688528959581162, 0.0008237726630341059, 0.0009265209938348561, 0.0006893768275858746, 0.0007665901711789048, 0.0006079040493204956, 0.0007230196647469711, 0.0006458877032855526, 0.0006712343507388141, 0.0007040144874736142, 0.000576289497939797, 0.000677016924396412, 0.0008012372846678772, 0.0006412637200355675, 0.0007128485480279778, 0.0006171874046231097, 0.000778419469770597, 0.0007621387122526358, 0.0007357725400197524, 0.0005496260536347109, 0.0006214461694980855, 0.0008499660715301615, 0.00041384740873127155, 0.000392389650289715, 0.0005659234596123498, 0.000665307193139597, 0.0006539627915913115, 0.00047740997979417443, 0.0005248912533716066, 0.000730355881091782, 0.0004332118317734057, 0.0005020028177568747, 0.0004371231385903229, 0.000875424669129643, 0.00034351280405644504, 0.0006724449508055841, 0.0002920589783116156, 0.0007348848244077999, 0.0005508719793397177, 0.0007102021866785436, 0.00047824171731463143, 0.00042264632584192445, 0.0005806204638247436, 0.000511319949191602, 0.00048542719480337837, 0.0006956846722005139, 0.0004087162556402291, 0.0007783915297068233, 0.00036377804923404256, 0.0005053485178734718, 0.0003810111811390016, 0.00045577852635005913, 0.00032433903829769405, 0.0003476351884785345, 0.0002592200831088576, 0.0004869291290020783, 0.00048754874046892384, 0.0004178721782750472, 0.000438055844193741, 0.0003180070702853754, 0.0008439579041123579, 0.0003068807344959623, 0.0005218383091971646, 0.00048244179861853807, 0.00040300173872083174, 0.0006121281987702786, 0.0005436830681333049, 0.0005624594273058392, 0.0005232678238201061, 0.00032820023665181, 0.0005843003098789268, 0.00037711681993641833, 0.00032695922635639363, 0.00040083856574710806, 0.0006550348750124612, 0.0003429505656413312, 0.00047316778233152945, 0.0004071250438755669, 0.0004171301217240853, 0.00029448297083263243, 0.0003311454702384254, 0.0005291332139563565, 0.00032404885216124056, 0.0004610520152141362, 0.0003195075581174933, 0.00037342146611649694, 0.0004060868856470279, 0.00041624703147817853, 0.0005181520714359067, 0.0004884322875909674, 0.0004726589034930839, 0.00043149148104930645, 0.0004253308079796625, 0.0005063672090500404, 0.0005469422554483572, 0.0003116725838140155, 0.00037134122956103963, 0.0002779571988241969, 0.0003010636341002737, 0.0003328891536341416, 0.0006575047807586998]
2025-12-14 15:06:53 - fedls - INFO - loss data:
2025-12-14 15:06:53 - fedls - INFO - [16.91586830615997, 0.13132041450589896, 0.0046301745984237645, 0.002919354668119922, 0.0028093211440136656, 0.0026896120340097695, 0.0027718769968487324, 0.0026927915023406968, 0.00286191618652083, 0.002775944635504857, 0.00268790602858644, 0.0027221337222727016, 0.002628504580934532, 0.0026565677893813696, 0.0024082211341010405, 0.002485171350417659, 0.002398450826876797, 0.0023564059316413476, 0.0022781712730647998, 0.0022045982710551474, 0.0021069459660793656, 0.0019627929403213786, 0.001743052307574544, 0.0021578987158136446, 0.0015741188122774473, 0.0017072071379516272, 0.0016913116021896714, 0.0018483248175471092, 0.0016575427245697938, 0.0016352593840565533, 0.0016155770645127632, 0.0015617713215760887, 0.0015547729330137373, 0.0015469493526325095, 0.0014690724532556488, 0.001340442256332608, 0.0012832960310333874, 0.0013151164705050176, 0.0013891626556869596, 0.0016075827006716281, 0.0012119386999984274, 0.00134874076647975, 0.0012768657357810297, 0.001358702791912947, 0.0015115069872990716, 0.0012962311553565086, 0.0014280957060691436, 0.0010419436850497732, 0.0014606873020966305, 0.0012106670921639307, 0.0012061346722475718, 0.0013233923680672887, 0.0009897474261379101, 0.0012214152933665901, 0.0012886373060609912, 0.0010208803458226611, 0.001186453968693968, 0.0011296745455183555, 0.001260270619604853, 0.0009422691724466859, 0.0012930396478623152, 0.0011067291163271876, 0.0011224504892197729, 0.0010934759568044683, 0.0012449743524484802, 0.0008142644157487667, 0.0011619933971815043, 0.0010036652096459876, 0.000905104794219369, 0.0010152191411179957, 0.0007719384415395326, 0.0010052961938527005, 0.0010769880704174285, 0.0009228746461303672, 0.0010645996720995755, 0.001078191927899752, 0.001055495878063084, 0.0008583767714299029, 0.0009007231250507175, 0.0008012165117179393, 0.0007921354409518243, 0.001064357712311903, 0.0007990178504769575, 0.0009383675405842951, 0.0007740463707705203, 0.0009480254258960485, 0.0011170899808348623, 0.0006839532798039727, 0.0005782927104519332, 0.0008865414057254383, 0.0009003840435070742, 0.0008234849823338664, 0.0007573913775104302, 0.0006127938453118985, 0.0008037089845856826, 0.0007212125574369566, 0.0008577725480790832, 0.0006267628099976719, 0.0007555217378467205, 0.0005545605350107507, 0.0007742169177845426, 0.0009034387605879601, 0.0006871312432849663, 0.0007650979983736761, 0.0006083890203171904, 0.000716986099996575, 0.0006227876175216806, 0.000666021278630069, 0.0006580455269613594, 0.0005797560198061546, 0.0006484894347863701, 0.0008119900740894081, 0.000624956958608891, 0.0007103300933522406, 0.0006491222210115666, 0.0007935722694128345, 0.000780051924448344, 0.000759071779293663, 0.000540152433586627, 0.0006067271597657963, 0.0007756200789572176, 0.0004287110515861059, 0.00038661704661535623, 0.0005656151864513959, 0.000643939532483273, 0.0006510622624318785, 0.0004579018126605661, 0.0005153663104238149, 0.0007357824790233281, 0.00040185375307828504, 0.0004959027902486923, 0.0004507658789520974, 0.0008930128528618297, 0.00034375500461010234, 0.0007291007389994775, 0.0002668960277901533, 0.000683371189859372, 0.0005510606644293148, 0.0007062177421630622, 0.00047186854271785705, 0.0004185784863466324, 0.0005880204302229687, 0.0004791106573065918, 0.0004945002595036386, 0.0006972410890284664, 0.00041216689214707003, 0.0007929716822445698, 0.0003966762321852002, 0.000512200677110286, 0.0004017712532800033, 0.000453830603703409, 0.00034143296218189787, 0.00035157956344846755, 0.0002517630185195685, 0.0005543577721681459, 0.0005856417055156271, 0.0004810738962930827, 0.0004482583035269272, 0.0003381591963375286, 0.0008597293984109911, 0.00035665373129631914, 0.0005467831392991229, 0.0005023298145715671, 0.000396941035933196, 0.0006058839693082519, 0.0005700793474716192, 0.0005787715020460383, 0.0005429827833722811, 0.0003551171550839172, 0.0006679591765760051, 0.0003889538974362949, 0.00034694171389446635, 0.00043843958247862246, 0.0006976710202934555, 0.0003698898340303458, 0.0004957191050721122, 0.00041721356037669464, 0.0004370702094547596, 0.0003334743101618187, 0.0003649597187063591, 0.000596232155044163, 0.0003327394597761213, 0.0004866248866164824, 0.0003215183533257004, 0.00043723527937231663, 0.0004612576697468285, 0.000418282793441449, 0.000620547037419783, 0.0005760501944905627, 0.0005069713614830107, 0.0004544132935620837, 0.00044008540951381294, 0.0005987533713096127, 0.000552846204936941, 0.0003371761856669764, 0.000436782406814018, 0.00031865525402849924, 0.0003642993057042076, 0.000390966757578326, 0.0006838283460524508]
2025-12-14 15:08:53 - fedls - INFO - loss data:
2025-12-14 15:08:53 - fedls - INFO - [16.91586830615997, 0.13132041450589896, 0.0046301745984237645, 0.002919354668119922, 0.0028093211440136656, 0.0026896120340097695, 0.0027718769968487324, 0.0026927915023406968, 0.00286191618652083, 0.002775944635504857, 0.00268790602858644, 0.0027221337222727016, 0.002628504580934532, 0.0026565677893813696, 0.0024082211341010405, 0.002485171350417659, 0.002398450826876797, 0.0023564059316413476, 0.0022781712730647998, 0.0022045982710551474, 0.002112694928655401, 0.001962183046271093, 0.0017496747095719911, 0.0021660738289938307, 0.0015919902158202603, 0.0017278108236496335, 0.0016549434512853622, 0.0018892238527769222, 0.0016821972429170273, 0.0016366406984161586, 0.0016213618393521756, 0.001565312467573676, 0.0015765270465635695, 0.0015704431258200201, 0.0014776185733353486, 0.001334362442139536, 0.0012849534941778984, 0.0013297549870912918, 0.0013830580450303388, 0.0016324766060279217, 0.001219719669461483, 0.0013723795134865213, 0.0012711080318695165, 0.001383637036633445, 0.0014723069791216402, 0.0013295547549205368, 0.0014275160607212455, 0.001045915645227069, 0.001462188471123227, 0.0012482716538215755, 0.0012072062647348503, 0.001326482868171297, 0.0009857280228970922, 0.0012238021412485979, 0.0013040149322478102, 0.0010236103205897963, 0.0011839136386697646, 0.0011791418161010369, 0.0012523097208031685, 0.0009682154963229551, 0.0013075521226710409, 0.0011128194386401447, 0.0011564028805878478, 0.0010758651864307468, 0.001249105361785041, 0.0008170273760697456, 0.0011900250101462007, 0.0010223761622910389, 0.0009352250341180479, 0.001051647290478286, 0.0007840097978260019, 0.00100315120707819, 0.0011081244976594462, 0.00092955314739811, 0.0011287277786323103, 0.0011097613036326948, 0.001106783395880484, 0.000867680020928674, 0.0008929634911964968, 0.0008160871773725375, 0.0008066880925980513, 0.001075805467553437, 0.0008262891666163341, 0.0009834367097937501, 0.0007777739429002395, 0.0009714290181364049, 0.0011254751279921038, 0.0007420359024763457, 0.0005892033806958353, 0.0009020076115120901, 0.0009076831496713567, 0.0008451748867855713, 0.0007543804340912174, 0.0006119450009919093, 0.0008180493085092166, 0.0007340138789004413, 0.0008780605498941441, 0.0006249574846151518, 0.0007409790478504874, 0.0005790486528894689, 0.0008484707555453496, 0.0009065926332368691, 0.0007074038031987584, 0.0007916221335108276, 0.0006227243679859384, 0.0007344367112636973, 0.0006435449672608229, 0.0006778217412829689, 0.0006798382473789388, 0.0005822758254907967, 0.0006794803077355028, 0.0008134033070746228, 0.0006332684824883472, 0.0006909681653269218, 0.0006348796114707511, 0.0007814949522071402, 0.0007496196913962194, 0.0007683330913096142, 0.00054843576199346, 0.0006614584630483478, 0.0008196412427878385, 0.00045460615936008256, 0.0003938057354048397, 0.0005711789682891321, 0.0006667469671128856, 0.0006482614977812773, 0.0004544257308680244, 0.0005165897996562308, 0.0007596024730446515, 0.00043471772291923114, 0.0005076487985661514, 0.0004499002389479756, 0.0008987609311816413, 0.0003579658681701403, 0.0006992123198870104, 0.0002799300504875646, 0.0007462571407586438, 0.0005397879196607392, 0.0007102860901795794, 0.0004902696070985257, 0.0004077903872939714, 0.0005792362810552731, 0.0004808291597782954, 0.0005031594293200215, 0.0006959402591746767, 0.00039335643494951, 0.0007718652765106525, 0.00039386650535107033, 0.0004936424008917585, 0.00038796594890300184, 0.0004940607774187811, 0.00032903202411489475, 0.00033170461775853253, 0.0002517917896398103, 0.00047978835764581616, 0.0005271260202675876, 0.00045119834666138556, 0.00043476751754383257, 0.0003143656693112007, 0.0008400890773657465, 0.0003053224985478664, 0.0004981134515929852, 0.0004897472310915419, 0.0004049968453045949, 0.0006123905332060531, 0.0005694052358535373, 0.0005393252989279063, 0.0005301986487324939, 0.0003284802596112968, 0.0005964528803360736, 0.00039273076674817275, 0.000293976100999771, 0.0003907865828296053, 0.0006608488426763869, 0.0003434633668916831, 0.0004530803618536083, 0.0004074528687397106, 0.0003886344088698479, 0.00030679607356205453, 0.00035391944437606075, 0.0005213102102857193, 0.00031156635648699194, 0.0004681705999018959, 0.00030544796538833907, 0.0003718464433404734, 0.00039810041222949617, 0.00040877315680063473, 0.0004986147877957592, 0.0004964276894156682, 0.0004552557863576112, 0.0004010122411614248, 0.0004239006058810446, 0.0005143412807228742, 0.0005474485783906857, 0.0003465517119593642, 0.00037625872614626137, 0.0002591420826831836, 0.0002929616817198166, 0.00033201538760749825, 0.0006626421866030796]
2025-12-18 08:14:11 - fedls - INFO - Namespace(task='sft', fed_alg='fedls', dataset_name='zwhe99/commonsense_170k', model_name='huggyllama/llama-7b', split_strategy='iid', alpha=0.5, num_clients=20, num_clients_per_round=2, batch_size=8, max_steps=20, gradient_accumulation_steps=1, lr=5e-05, weight_decay=0.01, epochs=1, num_rounds=200, seed=42, log_file='./log/log.txt', load_in_8bit=False, load_in_4bit=False, use_peft=True, dataset_sample=20000, peft_lora_r=32, peft_lora_alpha=64, seq_len=512, template='alpaca', tau=0.05, c=0.0, ex_style=False)
2025-12-18 10:46:06 - fedls - INFO - loss data:
2025-12-18 10:46:06 - fedls - INFO - [16.91586830615997, 0.13132041450589896, 0.0046301745984237645, 0.002919354668119922, 0.0028093211440136656, 0.0026896120340097695, 0.0027718769968487324, 0.0026927915023406968, 0.00286191618652083, 0.002775944635504857, 0.00268790602858644, 0.0027221337222727016, 0.002628504580934532, 0.0026565677893813696, 0.0024082211341010405, 0.002485171350417659, 0.002398450826876797, 0.0023564059316413476, 0.0022781712730647998, 0.0022045982710551474, 0.002105933101847768, 0.0019594272307585925, 0.0017305936984485016, 0.0021633052150718864, 0.0015861364496231544, 0.0017252978053875266, 0.0016757423130911776, 0.001857179682701826, 0.0016787386601208709, 0.0016326960991136729, 0.0016123361841891893, 0.0015666208732000087, 0.0015843115586903877, 0.0015461885144759436, 0.0014866399666061624, 0.001326178370800335, 0.0012902979840873742, 0.0013174654050089885, 0.0013871313582058064, 0.0015943214544677175, 0.0011948167033551727, 0.0013711793104448588, 0.0012649835254705977, 0.0013605793814349455, 0.0015551158910966478, 0.0013040541780355852, 0.0014268650862504727, 0.0010598621593089774, 0.0014396805654541822, 0.001247736626828555, 0.0012139098114857915, 0.0013616213298519144, 0.0009838246340223122, 0.0012211248971652823, 0.001288767982259742, 0.00103889070560399, 0.0011636488496151289, 0.0011683808581437916, 0.0012429454196535516, 0.0009623271454984206, 0.001272343535674736, 0.001092879966563487, 0.0011286320845101728, 0.0011112923304608558, 0.0012088405223039445, 0.0008262382460088703, 0.0011843189276987687, 0.001020485314074904, 0.000925323712590398, 0.0010233141376374988, 0.0007713592445725225, 0.0010066128252219642, 0.0010871619129829923, 0.0008978534808193217, 0.001118096577192773, 0.001098661380547128, 0.0010858486330107553, 0.000850320657264092, 0.0008901854966552492, 0.0008060179148742464, 0.0008015131509637285, 0.0010600687812257093, 0.000778340841861791, 0.0009614368571419618, 0.0008125796358399383, 0.0009446111534998636, 0.001106141888158163, 0.0006860278444946744, 0.0005543911659970035, 0.0008819845686957705, 0.000895593516088411, 0.0008324445034304517, 0.0007568596840428655, 0.0006375289783136396, 0.0008306345482196776, 0.0007074747369188117, 0.0008709413949873125, 0.0005906167021294095, 0.000754538248793324, 0.0005366172109916078, 0.0008192861698717024, 0.0009032881991970498, 0.0007042025793907668, 0.0007831875412648515, 0.0005919525207673359, 0.0007323265709601401, 0.0006181322218253626, 0.000671826532106934, 0.0006420565003736556, 0.0005782912721770117, 0.000704754571927424, 0.0007666693551072966, 0.0006370094361045631, 0.0007238052844968478, 0.000623438153479583, 0.0007582269661725149, 0.0007588145397676271, 0.0007882876277108153, 0.0005584593267485617, 0.0006361783528063825, 0.0007697513496850661, 0.0004052981888889917, 0.0003805120642255133, 0.000562505412790415, 0.0006768621764877026, 0.0006544578158695913, 0.00044407160339687834, 0.0005299478463030027, 0.0007645183255135634, 0.0004196128540911559, 0.0005003770233201975, 0.00043294408977772035, 0.0008612720759856529, 0.0003401003112458057, 0.0006935625983714999, 0.0002756978841034652, 0.0007355037343245385, 0.0005471201986438246, 0.000682351731302333, 0.00044051053405382847, 0.00039722971146147754, 0.0005616763985926809, 0.0004681237116528791, 0.0004979110928957197, 0.0006956941577300312, 0.00041039231484774064, 0.0008092898142649575, 0.00039006517075677036, 0.000500134071978664, 0.00038740771364018654, 0.0004791693286847476, 0.000320182151381232, 0.00033636374097341105, 0.0002719579505594538, 0.0005364148378760092, 0.000529332877943034, 0.00042980247177411, 0.00044132878210234594, 0.000318258006132055, 0.0008421736830825921, 0.0003274110058328006, 0.0005431844853262646, 0.0004745079541294217, 0.00042382910214655567, 0.0005944823112031372, 0.0005454089271665907, 0.0005365513178162473, 0.0005382547172985142, 0.00032921055162660195, 0.0005984600020383368, 0.0003724414474390869, 0.0002852555971912807, 0.0004153295415790126, 0.0006988871220528381, 0.00031686136704820453, 0.0004660549045297557, 0.00039940894332630706, 0.0004176343001006444, 0.0003184419160334073, 0.00037487700604401655, 0.0005212028872051633, 0.0003105667723446004, 0.00046720620468931884, 0.0003333929212658404, 0.0003901392872478482, 0.0004153535924956486, 0.000422789098490739, 0.0005080795817775652, 0.0004885323563939892, 0.00048276150940864684, 0.00044624442185750015, 0.000438104002023465, 0.0004915243272307634, 0.0005367675856177811, 0.00031095796471163344, 0.00040969998481159563, 0.00027133313604394966, 0.00031523233778329995, 0.00032633023093353586, 0.0006712235800023336]
2025-12-18 11:44:51 - fedls - INFO - Namespace(task='sft', fed_alg='fedls', dataset_name='zwhe99/commonsense_170k', model_name='huggyllama/llama-7b', split_strategy='iid', alpha=0.5, num_clients=20, num_clients_per_round=2, batch_size=8, max_steps=20, gradient_accumulation_steps=1, lr=5e-05, weight_decay=0.01, epochs=1, num_rounds=200, seed=42, log_file='./log/log.txt', load_in_8bit=False, load_in_4bit=False, use_peft=True, dataset_sample=20000, peft_lora_r=32, peft_lora_alpha=64, seq_len=512, template='alpaca', tau=0.05, c=0.2, ex_style=False)
2025-12-18 14:19:48 - fedls - INFO - loss data:
2025-12-18 14:19:48 - fedls - INFO - [16.91586830615997, 0.13132041450589896, 0.0046301745984237645, 0.002919354668119922, 0.0028093211440136656, 0.0026896120340097695, 0.0027718769968487324, 0.0026927915023406968, 0.00286191618652083, 0.002775944635504857, 0.00268790602858644, 0.0027221337222727016, 0.002628504580934532, 0.0026565677893813696, 0.0024082211341010405, 0.002485171350417659, 0.002398450826876797, 0.0023564059316413476, 0.0022781712730647998, 0.0022045982710551474, 0.002105933101847768, 0.0019594272307585925, 0.0017305936984485016, 0.0021633052150718864, 0.0015861364496231544, 0.0017252978053875266, 0.0016757423130911776, 0.001857179682701826, 0.0016787386601208709, 0.0016326960991136729, 0.0016123361841891893, 0.0015666208732000087, 0.0015843115586903877, 0.0015461885144759436, 0.0014866399666061624, 0.001326178370800335, 0.0012902979840873742, 0.0013174654050089885, 0.0013871313582058064, 0.0015943214544677175, 0.0011948167033551727, 0.0013711793104448588, 0.0012649835254705977, 0.0013605793814349455, 0.0015551158910966478, 0.0013040541780355852, 0.0014268650862504727, 0.0010598621593089774, 0.0014396805654541822, 0.001247736626828555, 0.0012139098114857915, 0.0013616213298519144, 0.0009838246340223122, 0.0012211248971652823, 0.001288767982259742, 0.00103889070560399, 0.0011636488496151289, 0.0011683808581437916, 0.0012429454196535516, 0.0009623271454984206, 0.001272343535674736, 0.001092879966563487, 0.0011286320845101728, 0.0011112923304608558, 0.0012088405223039445, 0.0008262382460088703, 0.0011843189276987687, 0.001020485314074904, 0.000925323712590398, 0.0010233141376374988, 0.0007713592445725225, 0.0010066128252219642, 0.0010871619129829923, 0.0008978534808193217, 0.001118096577192773, 0.001098661380547128, 0.0010858486330107553, 0.000850320657264092, 0.0008901854966552492, 0.0008060179148742464, 0.0008015131509637285, 0.0010600687812257093, 0.000778340841861791, 0.0009614368571419618, 0.0008125796358399383, 0.0009446111534998636, 0.001106141888158163, 0.0006860278444946744, 0.0005543911659970035, 0.0008819845686957705, 0.000895593516088411, 0.0008324445034304517, 0.0007568596840428655, 0.0006375289783136396, 0.0008306345482196776, 0.0007074747369188117, 0.0008709413949873125, 0.0005906167021294095, 0.000754538248793324, 0.0005366172109916078, 0.0008192861698717024, 0.0009032881991970498, 0.0007042025793907668, 0.0007831875412648515, 0.0005919525207673359, 0.0007323265709601401, 0.0006181322218253626, 0.000671826532106934, 0.0006420565003736556, 0.0005782912721770117, 0.000704754571927424, 0.0007666693551072966, 0.0006370094361045631, 0.0007238052844968478, 0.000623438153479583, 0.0007582269661725149, 0.0007588145397676271, 0.0007882876277108153, 0.0005584593267485617, 0.0006361783528063825, 0.0007697513496850661, 0.0004052981888889917, 0.0003805120642255133, 0.000562505412790415, 0.0006768621764877026, 0.0006544578158695913, 0.00044407160339687834, 0.0005299478463030027, 0.0007645183255135634, 0.0004196128540911559, 0.0005003770233201975, 0.00043294408977772035, 0.0008612720759856529, 0.0003401003112458057, 0.0006935625983714999, 0.0002756978841034652, 0.0007355037343245385, 0.0005471201986438246, 0.000682351731302333, 0.00044051053405382847, 0.00039722971146147754, 0.0005616763985926809, 0.0004681237116528791, 0.0004979110928957197, 0.0006956941577300312, 0.00041039231484774064, 0.0008092898142649575, 0.00039006517075677036, 0.000500134071978664, 0.00038740771364018654, 0.0004791693286847476, 0.000320182151381232, 0.00033636374097341105, 0.0002719579505594538, 0.0005364148378760092, 0.000529332877943034, 0.00042980247177411, 0.00044132878210234594, 0.000318258006132055, 0.0008421736830825921, 0.0003274110058328006, 0.0005431844853262646, 0.0004745079541294217, 0.00042382910214655567, 0.0005944823112031372, 0.0005454089271665907, 0.0005365513178162473, 0.0005382547172985142, 0.00032921055162660195, 0.0005984600020383368, 0.0003724414474390869, 0.0002852555971912807, 0.0004153295415790126, 0.0006988871220528381, 0.00031686136704820453, 0.0004660549045297557, 0.00039940894332630706, 0.0004176343001006444, 0.0003184419160334073, 0.00037487700604401655, 0.0005212028872051633, 0.0003105667723446004, 0.00046720620468931884, 0.0003333929212658404, 0.0003901392872478482, 0.0004153535924956486, 0.000422789098490739, 0.0005080795817775652, 0.0004885323563939892, 0.00048276150940864684, 0.00044624442185750015, 0.000438104002023465, 0.0004915243272307634, 0.0005367675856177811, 0.00031095796471163344, 0.00040969998481159563, 0.00027133313604394966, 0.00031523233778329995, 0.00032633023093353586, 0.0006712235800023336]
2025-12-18 14:32:21 - fedls - INFO - Namespace(task='sft', fed_alg='fedls', dataset_name='zwhe99/commonsense_170k', model_name='huggyllama/llama-7b', split_strategy='iid', alpha=0.5, num_clients=20, num_clients_per_round=2, batch_size=8, max_steps=20, gradient_accumulation_steps=1, lr=5e-05, weight_decay=0.01, epochs=1, num_rounds=200, seed=42, log_file='./log/log.txt', load_in_8bit=False, load_in_4bit=False, use_peft=True, dataset_sample=20000, peft_lora_r=32, peft_lora_alpha=64, seq_len=512, template='alpaca', tau=0.05, c=0.3, ex_style=False)
2025-12-18 15:04:25 - fedls - INFO - Namespace(task='sft', fed_alg='fedls', dataset_name='zwhe99/commonsense_170k', model_name='huggyllama/llama-7b', split_strategy='iid', alpha=0.5, num_clients=20, num_clients_per_round=2, batch_size=8, max_steps=20, gradient_accumulation_steps=1, lr=5e-05, weight_decay=0.01, epochs=1, num_rounds=200, seed=42, log_file='./log/log.txt', load_in_8bit=False, load_in_4bit=False, use_peft=True, dataset_sample=20000, peft_lora_r=32, peft_lora_alpha=64, seq_len=512, template='alpaca', tau=0.05, c=0.3, ex_style=False)
2025-12-18 15:06:35 - fedls - INFO - Namespace(task='sft', fed_alg='fedls', dataset_name='zwhe99/commonsense_170k', model_name='huggyllama/llama-7b', split_strategy='iid', alpha=0.5, num_clients=20, num_clients_per_round=2, batch_size=8, max_steps=20, gradient_accumulation_steps=1, lr=5e-05, weight_decay=0.01, epochs=1, num_rounds=200, seed=42, log_file='./log/log.txt', load_in_8bit=False, load_in_4bit=False, use_peft=True, dataset_sample=20000, peft_lora_r=32, peft_lora_alpha=64, seq_len=512, template='alpaca', tau=0.05, c=0.4, ex_style=False)
2025-12-18 17:35:33 - fedls - INFO - loss data:
2025-12-18 17:35:33 - fedls - INFO - [16.91586830615997, 0.13132041450589896, 0.0046301745984237645, 0.002919354668119922, 0.0028093211440136656, 0.0026896120340097695, 0.0027718769968487324, 0.0026927915023406968, 0.00286191618652083, 0.002775944635504857, 0.00268790602858644, 0.0027221337222727016, 0.002628504580934532, 0.0026565677893813696, 0.0024082211341010405, 0.002485171350417659, 0.002398450826876797, 0.0023564059316413476, 0.0022781712730647998, 0.0022045982710551474, 0.002105933101847768, 0.0019594272307585925, 0.0017305936984485016, 0.0021633052150718864, 0.0015861364496231544, 0.0017252978053875266, 0.0016757423130911776, 0.001857179682701826, 0.0016787386601208709, 0.0016326960991136729, 0.0016123361841891893, 0.0015666208732000087, 0.0015843115586903877, 0.0015461885144759436, 0.0014866399666061624, 0.001326178370800335, 0.0012902979840873742, 0.0013174654050089885, 0.0013871313582058064, 0.0015943214544677175, 0.0011948167033551727, 0.0013711793104448588, 0.0012649835254705977, 0.0013605793814349455, 0.0015551158910966478, 0.0013040541780355852, 0.0014268650862504727, 0.0010598621593089774, 0.0014396805654541822, 0.001247736626828555, 0.0012139098114857915, 0.0013616213298519144, 0.0009838246340223122, 0.0012211248971652823, 0.001288767982259742, 0.00103889070560399, 0.0011636488496151289, 0.0011683808581437916, 0.0012429454196535516, 0.0009623271454984206, 0.001272343535674736, 0.001092879966563487, 0.0011286320845101728, 0.0011112923304608558, 0.0012088405223039445, 0.0008262382460088703, 0.0011843189276987687, 0.001020485314074904, 0.000925323712590398, 0.0010233141376374988, 0.0007713592445725225, 0.0010066128252219642, 0.0010871619129829923, 0.0008978534808193217, 0.001118096577192773, 0.001098661380547128, 0.0010858486330107553, 0.000850320657264092, 0.0008901854966552492, 0.0008060179148742464, 0.0008015131509637285, 0.0010600687812257093, 0.000778340841861791, 0.0009614368571419618, 0.0008125796358399383, 0.0009446111534998636, 0.001106141888158163, 0.0006860278444946744, 0.0005543911659970035, 0.0008819845686957705, 0.000895593516088411, 0.0008324445034304517, 0.0007568596840428655, 0.0006375289783136396, 0.0008306345482196776, 0.0007074747369188117, 0.0008709413949873125, 0.0005906167021294095, 0.000754538248793324, 0.0005366172109916078, 0.0008192861698717024, 0.0009032881991970498, 0.0007042025793907668, 0.0007831875412648515, 0.0005919525207673359, 0.0007323265709601401, 0.0006181322218253626, 0.000671826532106934, 0.0006420565003736556, 0.0005782912721770117, 0.000704754571927424, 0.0007666693551072966, 0.0006370094361045631, 0.0007238052844968478, 0.000623438153479583, 0.0007582269661725149, 0.0007588145397676271, 0.0007882876277108153, 0.0005584593267485617, 0.0006361783528063825, 0.0007697513496850661, 0.0004052981888889917, 0.0003805120642255133, 0.000562505412790415, 0.0006768621764877026, 0.0006544578158695913, 0.00044407160339687834, 0.0005299478463030027, 0.0007645183255135634, 0.0004196128540911559, 0.0005003770233201975, 0.00043294408977772035, 0.0008612720759856529, 0.0003401003112458057, 0.0006935625983714999, 0.0002756978841034652, 0.0007355037343245385, 0.0005471201986438246, 0.000682351731302333, 0.00044051053405382847, 0.00039722971146147754, 0.0005616763985926809, 0.0004681237116528791, 0.0004979110928957197, 0.0006956941577300312, 0.00041039231484774064, 0.0008092898142649575, 0.00039006517075677036, 0.000500134071978664, 0.00038740771364018654, 0.0004791693286847476, 0.000320182151381232, 0.00033636374097341105, 0.0002719579505594538, 0.0005364148378760092, 0.000529332877943034, 0.00042980247177411, 0.00044132878210234594, 0.000318258006132055, 0.0008421736830825921, 0.0003274110058328006, 0.0005431844853262646, 0.0004745079541294217, 0.00042382910214655567, 0.0005944823112031372, 0.0005454089271665907, 0.0005365513178162473, 0.0005382547172985142, 0.00032921055162660195, 0.0005984600020383368, 0.0003724414474390869, 0.0002852555971912807, 0.0004153295415790126, 0.0006988871220528381, 0.00031686136704820453, 0.0004660549045297557, 0.00039940894332630706, 0.0004176343001006444, 0.0003184419160334073, 0.00037487700604401655, 0.0005212028872051633, 0.0003105667723446004, 0.00046720620468931884, 0.0003333929212658404, 0.0003901392872478482, 0.0004153535924956486, 0.000422789098490739, 0.0005080795817775652, 0.0004885323563939892, 0.00048276150940864684, 0.00044624442185750015, 0.000438104002023465, 0.0004915243272307634, 0.0005367675856177811, 0.00031095796471163344, 0.00040969998481159563, 0.00027133313604394966, 0.00031523233778329995, 0.00032633023093353586, 0.0006712235800023336]
2025-12-18 17:40:51 - fedls - INFO - loss data:
2025-12-18 17:40:51 - fedls - INFO - [16.91586830615997, 0.13132041450589896, 0.0046301745984237645, 0.002919354668119922, 0.0028093211440136656, 0.0026896120340097695, 0.0027718769968487324, 0.0026927915023406968, 0.00286191618652083, 0.002775944635504857, 0.00268790602858644, 0.0027221337222727016, 0.002628504580934532, 0.0026565677893813696, 0.0024082211341010405, 0.002485171350417659, 0.002398450826876797, 0.0023564059316413476, 0.0022781712730647998, 0.0022045982710551474, 0.002105933101847768, 0.0019594272307585925, 0.0017305936984485016, 0.0021633052150718864, 0.0015861364496231544, 0.0017252978053875266, 0.0016757423130911776, 0.001857179682701826, 0.0016787386601208709, 0.0016326960991136729, 0.0016123361841891893, 0.0015666208732000087, 0.0015843115586903877, 0.0015461885144759436, 0.0014866399666061624, 0.001326178370800335, 0.0012902979840873742, 0.0013174654050089885, 0.0013871313582058064, 0.0015943214544677175, 0.0011948167033551727, 0.0013711793104448588, 0.0012649835254705977, 0.0013605793814349455, 0.0015551158910966478, 0.0013040541780355852, 0.0014268650862504727, 0.0010598621593089774, 0.0014396805654541822, 0.001247736626828555, 0.0012139098114857915, 0.0013616213298519144, 0.0009838246340223122, 0.0012211248971652823, 0.001288767982259742, 0.00103889070560399, 0.0011636488496151289, 0.0011683808581437916, 0.0012429454196535516, 0.0009623271454984206, 0.001272343535674736, 0.001092879966563487, 0.0011286320845101728, 0.0011112923304608558, 0.0012088405223039445, 0.0008262382460088703, 0.0011843189276987687, 0.001020485314074904, 0.000925323712590398, 0.0010233141376374988, 0.0007713592445725225, 0.0010066128252219642, 0.0010871619129829923, 0.0008978534808193217, 0.001118096577192773, 0.001098661380547128, 0.0010858486330107553, 0.000850320657264092, 0.0008901854966552492, 0.0008060179148742464, 0.0008015131509637285, 0.0010600687812257093, 0.000778340841861791, 0.0009614368571419618, 0.0008125796358399383, 0.0009446111534998636, 0.001106141888158163, 0.0006860278444946744, 0.0005543911659970035, 0.0008819845686957705, 0.000895593516088411, 0.0008324445034304517, 0.0007568596840428655, 0.0006375289783136396, 0.0008306345482196776, 0.0007074747369188117, 0.0008709413949873125, 0.0005906167021294095, 0.000754538248793324, 0.0005366172109916078, 0.0008192861698717024, 0.0009032881991970498, 0.0007042025793907668, 0.0007831875412648515, 0.0005919525207673359, 0.0007323265709601401, 0.0006181322218253626, 0.000671826532106934, 0.0006420565003736556, 0.0005782912721770117, 0.000704754571927424, 0.0007666693551072966, 0.0006370094361045631, 0.0007238052844968478, 0.000623438153479583, 0.0007582269661725149, 0.0007588145397676271, 0.0007882876277108153, 0.0005584593267485617, 0.0006361783528063825, 0.0007697513496850661, 0.0004052981888889917, 0.0003805120642255133, 0.000562505412790415, 0.0006768621764877026, 0.0006544578158695913, 0.00044407160339687834, 0.0005299478463030027, 0.0007645183255135634, 0.0004196128540911559, 0.0005003770233201975, 0.00043294408977772035, 0.0008612720759856529, 0.0003401003112458057, 0.0006935625983714999, 0.0002756978841034652, 0.0007355037343245385, 0.0005471201986438246, 0.000682351731302333, 0.00044051053405382847, 0.00039722971146147754, 0.0005616763985926809, 0.0004681237116528791, 0.0004979110928957197, 0.0006956941577300312, 0.00041039231484774064, 0.0008092898142649575, 0.00039006517075677036, 0.000500134071978664, 0.00038740771364018654, 0.0004791693286847476, 0.000320182151381232, 0.00033636374097341105, 0.0002719579505594538, 0.0005364148378760092, 0.000529332877943034, 0.00042980247177411, 0.00044132878210234594, 0.000318258006132055, 0.0008421736830825921, 0.0003274110058328006, 0.0005431844853262646, 0.0004745079541294217, 0.00042382910214655567, 0.0005944823112031372, 0.0005454089271665907, 0.0005365513178162473, 0.0005382547172985142, 0.00032921055162660195, 0.0005984600020383368, 0.0003724414474390869, 0.0002852555971912807, 0.0004153295415790126, 0.0006988871220528381, 0.00031686136704820453, 0.0004660549045297557, 0.00039940894332630706, 0.0004176343001006444, 0.0003184419160334073, 0.00037487700604401655, 0.0005212028872051633, 0.0003105667723446004, 0.00046720620468931884, 0.0003333929212658404, 0.0003901392872478482, 0.0004153535924956486, 0.000422789098490739, 0.0005080795817775652, 0.0004885323563939892, 0.00048276150940864684, 0.00044624442185750015, 0.000438104002023465, 0.0004915243272307634, 0.0005367675856177811, 0.00031095796471163344, 0.00040969998481159563, 0.00027133313604394966, 0.00031523233778329995, 0.00032633023093353586, 0.0006712235800023336]
2025-12-19 02:23:40 - fedls - INFO - Namespace(task='sft', fed_alg='fedls', dataset_name='zwhe99/commonsense_170k', model_name='huggyllama/llama-7b', split_strategy='iid', alpha=0.5, num_clients=20, num_clients_per_round=2, batch_size=8, max_steps=20, gradient_accumulation_steps=1, lr=5e-05, weight_decay=0.01, epochs=1, num_rounds=200, seed=42, log_file='./log/log.txt', load_in_8bit=False, load_in_4bit=False, use_peft=True, dataset_sample=20000, peft_lora_r=32, peft_lora_alpha=64, seq_len=512, template='alpaca', tau=0.05, c=0.5, ex_style=False)
2025-12-19 05:00:00 - fedls - INFO - Namespace(task='sft', fed_alg='fedls', dataset_name='zwhe99/commonsense_170k', model_name='huggyllama/llama-7b', split_strategy='iid', alpha=0.5, num_clients=20, num_clients_per_round=2, batch_size=8, max_steps=20, gradient_accumulation_steps=1, lr=5e-05, weight_decay=0.01, epochs=1, num_rounds=200, seed=42, log_file='./log/log.txt', load_in_8bit=False, load_in_4bit=False, use_peft=True, dataset_sample=20000, peft_lora_r=32, peft_lora_alpha=64, seq_len=512, template='alpaca', tau=0.05, c=0.0, ex_style=False)
2025-12-19 05:00:38 - fedls - INFO - Namespace(task='sft', fed_alg='fedls', dataset_name='zwhe99/commonsense_170k', model_name='huggyllama/llama-7b', split_strategy='iid', alpha=0.5, num_clients=20, num_clients_per_round=2, batch_size=8, max_steps=20, gradient_accumulation_steps=1, lr=5e-05, weight_decay=0.01, epochs=1, num_rounds=200, seed=42, log_file='./log/log.txt', load_in_8bit=False, load_in_4bit=False, use_peft=True, dataset_sample=20000, peft_lora_r=32, peft_lora_alpha=64, seq_len=512, template='alpaca', tau=0.05, c=0.2, ex_style=False)
2025-12-19 05:01:05 - fedls - INFO - Namespace(task='sft', fed_alg='fedls', dataset_name='zwhe99/commonsense_170k', model_name='huggyllama/llama-7b', split_strategy='iid', alpha=0.5, num_clients=20, num_clients_per_round=2, batch_size=8, max_steps=20, gradient_accumulation_steps=1, lr=5e-05, weight_decay=0.01, epochs=1, num_rounds=200, seed=42, log_file='./log/log.txt', load_in_8bit=False, load_in_4bit=False, use_peft=True, dataset_sample=20000, peft_lora_r=32, peft_lora_alpha=64, seq_len=512, template='alpaca', tau=0.05, c=0.3, ex_style=False)
2025-12-19 05:01:36 - fedls - INFO - Namespace(task='sft', fed_alg='fedls', dataset_name='zwhe99/commonsense_170k', model_name='huggyllama/llama-7b', split_strategy='iid', alpha=0.5, num_clients=20, num_clients_per_round=2, batch_size=8, max_steps=20, gradient_accumulation_steps=1, lr=5e-05, weight_decay=0.01, epochs=1, num_rounds=200, seed=42, log_file='./log/log.txt', load_in_8bit=False, load_in_4bit=False, use_peft=True, dataset_sample=20000, peft_lora_r=32, peft_lora_alpha=64, seq_len=512, template='alpaca', tau=0.05, c=0.4, ex_style=False)
2025-12-19 05:02:05 - fedls - INFO - Namespace(task='sft', fed_alg='fedls', dataset_name='zwhe99/commonsense_170k', model_name='huggyllama/llama-7b', split_strategy='iid', alpha=0.5, num_clients=20, num_clients_per_round=2, batch_size=8, max_steps=20, gradient_accumulation_steps=1, lr=5e-05, weight_decay=0.01, epochs=1, num_rounds=200, seed=42, log_file='./log/log.txt', load_in_8bit=False, load_in_4bit=False, use_peft=True, dataset_sample=20000, peft_lora_r=32, peft_lora_alpha=64, seq_len=512, template='alpaca', tau=0.05, c=0.45, ex_style=False)
2025-12-19 07:33:56 - fedls - INFO - loss data:
2025-12-19 07:33:56 - fedls - INFO - [16.91586830615997, 0.13132041450589896, 0.0046301745984237645, 0.002919354668119922, 0.0028093211440136656, 0.0026896120340097695, 0.0027718769968487324, 0.0026927915023406968, 0.00286191618652083, 0.002775944635504857, 0.00268790602858644, 0.0027221337222727016, 0.002628504580934532, 0.0026565677893813696, 0.0024082211341010405, 0.002485171350417659, 0.002398450826876797, 0.0023564059316413476, 0.0022781712730647998, 0.0022045982710551474, 0.002074804445146583, 0.0019311090218252502, 0.0017298224949627184, 0.0022241114638745785, 0.001584038770670304, 0.0016378661079215818, 0.0016722561078495346, 0.001860022090841085, 0.0016944536575465464, 0.001650438251090236, 0.0015910446061752736, 0.0015186131866357754, 0.0015473209306946956, 0.0015199668625427874, 0.001461429956543725, 0.0013379338750382885, 0.0012886960357718635, 0.0013551316485973075, 0.0014074591192184014, 0.001602811901102541, 0.0011928706306207461, 0.0013699029506824443, 0.001265446171964868, 0.0014432512798521202, 0.001527617271494819, 0.001274944643228082, 0.0013338759519683663, 0.0010629862383211728, 0.0014782092715904583, 0.0012507135801570258, 0.0012268759845028398, 0.0014014301385032013, 0.0010029506265709642, 0.0012562316926050697, 0.00135191037079494, 0.0010168929158680838, 0.0012242549120855984, 0.0012107272079447285, 0.0013135305998730473, 0.0009097193091292865, 0.0013254096997115995, 0.0010245544886856805, 0.0010978358061038307, 0.0011852194838866126, 0.001174822764005512, 0.0008842619294227917, 0.0011744517807528608, 0.0010652812747139252, 0.0009459536131544155, 0.0010466338508194895, 0.000815492349647684, 0.00102990602972568, 0.0010687768775824225, 0.0009758299358509247, 0.0011360518448782387, 0.0011124203426334134, 0.001110026844253298, 0.0008951880659878953, 0.0009007683510390053, 0.0008511615820680163, 0.0008526511122909141, 0.0010894970240769909, 0.0008535800920071779, 0.0009234417990228394, 0.0007825250560927089, 0.0010115529123140732, 0.001108783596282592, 0.000722117634722963, 0.0005307728929437872, 0.001012606117183168, 0.0008911878901926684, 0.0008982266296243324, 0.0007841882414140855, 0.0006503284367681772, 0.0008713667373740463, 0.0007644001221706275, 0.0009023761041135002, 0.0006252780944123515, 0.0007800161904015113, 0.0005926911243932409, 0.000782777179574623, 0.0009479997967901, 0.0007214931897578936, 0.0007835146291654382, 0.0006283551544584043, 0.0007145628057514842, 0.0006487406803898921, 0.0006444516775445663, 0.0006531404464567459, 0.0006329339806143252, 0.0007065997325980788, 0.0008142838300045696, 0.0006511145535114337, 0.0008249121807239135, 0.000619538276714593, 0.0009253394322513486, 0.0008326398938152124, 0.0009240516916179331, 0.0006048087918316015, 0.0006470155438364599, 0.0008002904512068199, 0.0004549523699552083, 0.00046262033779385095, 0.0006229713656921375, 0.0006475740661926466, 0.0006864771820573878, 0.0006092298303883581, 0.0005247391472039454, 0.000880439925367682, 0.00046901081973373945, 0.0005232303208913436, 0.0005346299376014941, 0.0009519863697732944, 0.0004023306533781579, 0.0007659181217150035, 0.00034365687561148666, 0.0008396045162044174, 0.0005672418370068044, 0.0008275847606569187, 0.0005710734930289618, 0.0005335624569397623, 0.0006541399700836336, 0.0005410792717157164, 0.0005609601878859393, 0.0007725808090071951, 0.0005202861866109743, 0.0008935914501307707, 0.0004470320532618643, 0.0005989236372670348, 0.0004671858473102475, 0.0005061070463852957, 0.0004287722505068814, 0.00040767277798750003, 0.00039868007111181213, 0.0006079788127749452, 0.0006729169939262647, 0.0005977688570737883, 0.0005306401198822641, 0.00043021311962547775, 0.0009066110785624915, 0.00047282634648126987, 0.0006603356052437448, 0.0005141488416370521, 0.0005280393736939004, 0.0006888946683602625, 0.000593482421572844, 0.0006861441769615339, 0.0006337240842640313, 0.0004694639418630686, 0.0006849132034403738, 0.0004409213786857435, 0.00045363365859429905, 0.0005402760896913606, 0.0007179305988756824, 0.00045779611909892994, 0.0005516574131320339, 0.0004326450683493022, 0.000521466896907441, 0.00044617937221573816, 0.0004390747622665003, 0.0007283129592906334, 0.0004482362103090054, 0.0005634557018765918, 0.0004103210529706302, 0.0005659409002532812, 0.000576615561840299, 0.0005535193776722736, 0.0006511421012419305, 0.000697862443212216, 0.0005345741052451558, 0.0005487427562911762, 0.0005006026980140632, 0.0006825755103363918, 0.0005750973978365438, 0.00039969272393136634, 0.0006134948509497918, 0.00036495004601420076, 0.0005403547554237775, 0.0004762007756880848, 0.0007534502153703215]
2025-12-19 07:35:42 - fedls - INFO - loss data:
2025-12-19 07:35:42 - fedls - INFO - [16.91586830615997, 0.13132041450589896, 0.0046301745984237645, 0.002919354668119922, 0.0028093211440136656, 0.0026896120340097695, 0.0027718769968487324, 0.0026927915023406968, 0.00286191618652083, 0.002775944635504857, 0.00268790602858644, 0.0027221337222727016, 0.002628504580934532, 0.0026565677893813696, 0.0024082211341010405, 0.002485171350417659, 0.002398450826876797, 0.0023564059316413476, 0.0022781712730647998, 0.0022045982710551474, 0.002080984067288227, 0.001940400134481024, 0.0017355286137899384, 0.002186172438086942, 0.001571278648043517, 0.001648867456242442, 0.0016689558848156593, 0.0018795147567288951, 0.0016936023472226224, 0.0016332585626514628, 0.0015966040358762258, 0.0015310704169678503, 0.001563570175494533, 0.00150241606097552, 0.0014533504683640786, 0.0013403557335550432, 0.0012814209774660412, 0.0013383921257627664, 0.0014011829865921755, 0.0016265258549537976, 0.001200339390197769, 0.0013704120901820716, 0.00127474223045283, 0.0014196343829098622, 0.0015393720677820966, 0.0012838138194638305, 0.0013666065737197642, 0.0010483015881618484, 0.001481892861193046, 0.0012280384453333681, 0.0012167430431873072, 0.0013668154671904631, 0.0010076926544570596, 0.0012271245544980048, 0.001313785129968892, 0.0010061402306746458, 0.0012077312487235757, 0.001227637291594874, 0.0012927255011163652, 0.0008989109353933599, 0.0013160533435438992, 0.000978566951380344, 0.001097643886168953, 0.0011881223290401977, 0.0011874030555190985, 0.0008201084605389042, 0.0011439085563324624, 0.0010784078749566106, 0.000922691520099761, 0.0010487246359843993, 0.0007837300789105938, 0.001005862082911335, 0.0010549331916990922, 0.0009698915331682656, 0.0011494344504171749, 0.0011159849540490542, 0.0010524664943659446, 0.0008564347448555055, 0.0008776164619121119, 0.0008126805686515581, 0.0007974426216605934, 0.0011027290565834846, 0.000836865413657506, 0.0009485765915087541, 0.0008058704805080196, 0.000969647289821296, 0.0010987412464601221, 0.0007170906992541859, 0.0005293473740493937, 0.0009323340143055248, 0.0009209842448399286, 0.0008898018644231342, 0.0007761947708786465, 0.0006616144992221962, 0.0008186022279915051, 0.0007563033308542799, 0.0008759161379202851, 0.0006124675865976314, 0.0007548807645434863, 0.0005841014716907011, 0.0007666565470572095, 0.0009219009030857706, 0.0006831579107256403, 0.000758293930448417, 0.0006546174052346032, 0.0007189573740106424, 0.0006263673320972884, 0.0006311617955361726, 0.0006495969854313443, 0.0006056313244698685, 0.0006687942718144769, 0.0008194925379029882, 0.0006495794260899856, 0.0008105291806714376, 0.0006321024160570233, 0.0008777893277510884, 0.0007844522493542171, 0.0008901175073333434, 0.0005842210754963162, 0.0006147207475805771, 0.0008067739436683041, 0.00044341305090256355, 0.00043689614381037245, 0.0005888179239263991, 0.0006292651179364839, 0.0006580933930649735, 0.0005713710410418571, 0.0005389667593590275, 0.0007846418348890437, 0.00046333461414178596, 0.0005193547052613212, 0.000506641813171882, 0.0009129467914817724, 0.0003656165102711384, 0.0007876433246565284, 0.00029973149607940284, 0.0008217839398639627, 0.0005528755717023159, 0.0007514567162161256, 0.0005476405123772566, 0.0005174218016691156, 0.0006062772365112324, 0.0005150987835804699, 0.0005337500728501254, 0.0007360015699305223, 0.0004788874622363437, 0.0008160325965036463, 0.0004350105408320815, 0.0005514160729035212, 0.0004753219222266125, 0.0004754090947017176, 0.00040649173922702175, 0.0003879994398971576, 0.00037023498969119824, 0.0005894413846874614, 0.0006314478554031666, 0.0005543987974874654, 0.0005268597087933813, 0.000374683653694774, 0.000868386260663101, 0.00044144338771729964, 0.000628026628862699, 0.0004955286518111279, 0.00046874041513547123, 0.0006348060383061238, 0.0005535399525342655, 0.0006759358014960526, 0.0006201454936444861, 0.000419532107696341, 0.0006863225531105854, 0.0004211416161069792, 0.0004120790396200391, 0.0004963643398127715, 0.0007016116456270538, 0.00040859036271285727, 0.0005156899399821668, 0.0004209753549730522, 0.0005110069294460117, 0.0003964234946124634, 0.00043909150140279967, 0.000695991102759308, 0.00043025749704384, 0.0005243847812835157, 0.0003384893963698232, 0.0004963563931255522, 0.0005337954735409767, 0.0005104127433241956, 0.0006017286581936788, 0.0006995465364525444, 0.0005166850640307529, 0.0005217071050878985, 0.0004820772260245576, 0.0006281113730892685, 0.000535832815626236, 0.0003432998288417366, 0.0005507880313416535, 0.00035621875226752306, 0.000457527249773193, 0.000405445900992163, 0.0007255975045836749]
2025-12-19 07:36:11 - fedls - INFO - loss data:
2025-12-19 07:36:11 - fedls - INFO - [16.91586830615997, 0.13132041450589896, 0.0046301745984237645, 0.002919354668119922, 0.0028093211440136656, 0.0026896120340097695, 0.0027718769968487324, 0.0026927915023406968, 0.00286191618652083, 0.002775944635504857, 0.00268790602858644, 0.0027221337222727016, 0.002628504580934532, 0.0026565677893813696, 0.0024082211341010405, 0.002485171350417659, 0.002398450826876797, 0.0023564059316413476, 0.0022781712730647998, 0.0022045982710551474, 0.002117699940572493, 0.0019712481385795403, 0.0017448513259296305, 0.0021372313218307685, 0.0015666889339627232, 0.001722628143033944, 0.00166600291559007, 0.0018934509513201193, 0.0016749596892623232, 0.0016423617766122335, 0.0016186405220651066, 0.0015574668101180577, 0.0015753631989355197, 0.0015552155069599393, 0.0014791843426792185, 0.001318389747029869, 0.0013017894772929138, 0.0013116299094690475, 0.0013856947552994825, 0.0016363844486477319, 0.0012183243146864698, 0.0013623434329929295, 0.0012795652561180758, 0.0013799338674289174, 0.0015271683390892577, 0.0013058741471468239, 0.001430151613749331, 0.0010235782639938405, 0.0014651656605565223, 0.0012290458591451168, 0.0012044293784128969, 0.0013340371449885424, 0.0009981415338188525, 0.0012072903125954326, 0.001305436952316086, 0.0010379328601629822, 0.001203809467551764, 0.0011550249997526406, 0.0012630900720978387, 0.0009597013760867413, 0.0013092967084958218, 0.0011038523427487235, 0.0011330553756124574, 0.0011097352627984947, 0.0012315515021327883, 0.0008054031379288063, 0.0012175370160548483, 0.0010177348955039633, 0.0009146389191755588, 0.0010448950066347606, 0.000758229524944909, 0.0010207377119513695, 0.0011094728793977992, 0.0009394073560542893, 0.0011054906866775128, 0.0010810235110511714, 0.0011221029981243191, 0.0008424399458817789, 0.0008686146115906013, 0.0008160343155395821, 0.0007983678696291463, 0.001083325689251069, 0.0008472227775200736, 0.000990056577938958, 0.000814454532610398, 0.0009411870748408547, 0.001130785892382846, 0.0007194465904831304, 0.0005903949810090126, 0.0008954543066693076, 0.0008700356380359152, 0.0008335565034258252, 0.000779260916124258, 0.0006188687641952128, 0.0008744916018258664, 0.0007135012434446252, 0.0008756168133004394, 0.0006146214625914581, 0.0007287681472007534, 0.0005630704270515707, 0.0008279881730686612, 0.0009077781887299351, 0.0006954567848879379, 0.0007785818316733639, 0.0006349568477389767, 0.0007586366842588177, 0.0006474589653407747, 0.0006787957400774758, 0.0006607274278394471, 0.0005717746809295931, 0.0006582290244182331, 0.0008283716272671881, 0.0005883098862341285, 0.0007164365608332446, 0.0006190790273194579, 0.0007691838799473772, 0.0007660606129320513, 0.0007566181183165099, 0.0005529145964828786, 0.0006370928302885659, 0.0007897523937685947, 0.0004123095393651965, 0.00039178946014999387, 0.0005548468405777384, 0.0006731179332859938, 0.0006684038256366875, 0.0004499078099343024, 0.0005133251824304353, 0.0007551374994818616, 0.00039811494887089796, 0.00050047371457822, 0.0004223474932928184, 0.000867447175585312, 0.0003416205641315173, 0.0006723613159465458, 0.00027257463558498783, 0.0007181077310406182, 0.0005109539508794114, 0.0007068113158538835, 0.00043978122716907824, 0.00040833820733041646, 0.0005947905168341094, 0.000503711271130669, 0.00047857863626177277, 0.0006767402928744559, 0.00039539313920613497, 0.0008119774743136077, 0.00040772828463104817, 0.0004771904112203629, 0.00038114600987455556, 0.0004774183159383938, 0.0003201989963940832, 0.00033321415058935595, 0.00024280193740651158, 0.000486614747103431, 0.0005625046264015054, 0.000411515769098969, 0.00043392115195501897, 0.0003113323698471504, 0.0008795775830662933, 0.0003161358840657158, 0.0004885790292803449, 0.0004755879535423446, 0.00039797912395442834, 0.0005786738428241733, 0.000544137049314486, 0.0005173516567424485, 0.0005420670482465084, 0.0003278079156302738, 0.0006093507830087219, 0.0003914081434459149, 0.0002873851324579846, 0.0004166398466168175, 0.000669189619907229, 0.00031486902776123316, 0.00046431410661398333, 0.00043884014462491905, 0.0004047865395989447, 0.000312518448180299, 0.0003664393769099661, 0.000518191065452811, 0.00031833143733592804, 0.0004490520160175038, 0.0002968874472458083, 0.00039558231699743374, 0.00040318283711258116, 0.00042713873123148, 0.0005347243200503727, 0.0005142251508914342, 0.0004824116959298408, 0.0004242086295448644, 0.00043001493729661884, 0.0005287487178293304, 0.000556196202285264, 0.0003016547857328078, 0.00035869148384790603, 0.0002780266379488694, 0.0003015539381351573, 0.00031464328779975406, 0.0006244044592790487]
2025-12-19 07:37:50 - fedls - INFO - loss data:
2025-12-19 07:37:50 - fedls - INFO - [16.91586830615997, 0.13132041450589896, 0.0046301745984237645, 0.002919354668119922, 0.0028093211440136656, 0.0026896120340097695, 0.0027718769968487324, 0.0026927915023406968, 0.00286191618652083, 0.002775944635504857, 0.00268790602858644, 0.0027221337222727016, 0.002628504580934532, 0.0026565677893813696, 0.0024082211341010405, 0.002485171350417659, 0.002398450826876797, 0.0023564059316413476, 0.0022781712730647998, 0.0022045982710551474, 0.002091490941529628, 0.0019500963055179453, 0.0017438618728192524, 0.00214717376511544, 0.00158576687972527, 0.0016944250142842065, 0.001676457301073242, 0.0018574621732113884, 0.0016806878164061345, 0.0016183910513063893, 0.00159929860237753, 0.0015422747856064234, 0.0015653077367460354, 0.0015124468307476492, 0.0014647071380750275, 0.0013380646108998918, 0.0013030774731305427, 0.0013282743995659985, 0.00137885718504549, 0.0016347934673831333, 0.001178492852341151, 0.0013790376913675572, 0.0012697680846031289, 0.0013757772343524267, 0.0015607375651597976, 0.0012919886081363074, 0.0013811730916131635, 0.0010508265942917204, 0.0014344560568133602, 0.001241160808422137, 0.001181728285519057, 0.0013711792642425282, 0.0009819687838898972, 0.001210594459917047, 0.0012778397962392774, 0.0010112613890669309, 0.0011892906033608597, 0.0011723200128471944, 0.0012295601663936395, 0.0009286295089623309, 0.0013103731420414989, 0.0010587783153823693, 0.0011104718869319186, 0.0011072266952396603, 0.0011667201535601633, 0.0007998011311428853, 0.0011417355341109213, 0.0009990237605961739, 0.0009046080641383013, 0.0010514037305256352, 0.0007557041579275392, 0.0010084609806654044, 0.0010308806304237805, 0.0009464768456382443, 0.0011129240378068062, 0.0010929334433967598, 0.0010409889453512732, 0.0008620049531600671, 0.00087690648424541, 0.0007896298020568793, 0.0008206501000131538, 0.0010875451607716968, 0.0007839128067644197, 0.0008982393985206727, 0.0007910397796877077, 0.0009730977837534738, 0.0011006113130861196, 0.0006981295486184536, 0.0005454622984871094, 0.0009339927175460617, 0.0008805767205558369, 0.0008089821031262545, 0.000764782021724386, 0.0005947431775894074, 0.0008042946703426424, 0.0007313403293665033, 0.0008711700209460104, 0.000630121669610162, 0.000748655643837992, 0.0005548427161556901, 0.0007607951893987774, 0.0008847937553582597, 0.0006876843023746915, 0.0007946304999677523, 0.000603568361930229, 0.0006982507878092292, 0.0005934819989306562, 0.0006366447278196574, 0.0006476659099462267, 0.0005618940466320055, 0.0006519699413274794, 0.0008020190666684357, 0.0006339245958770334, 0.0007490064742341929, 0.0006450595502428769, 0.0008246405344834784, 0.0007591116591356695, 0.0008604311619819782, 0.0005491735890245763, 0.0006095525634009392, 0.000743022726783238, 0.00042612736492628753, 0.0003875660804851577, 0.0005806166924003265, 0.0006646673444947737, 0.0006593703147245833, 0.0004914507286230219, 0.0005164604402125405, 0.0007045456683954399, 0.000421162659881702, 0.00051324503883734, 0.00046116407070257993, 0.0008909661337270336, 0.0003706421986407804, 0.0007960766848555067, 0.00029506335821452014, 0.000801695559584914, 0.0005422757029009517, 0.0007408751862271856, 0.0005292313010613725, 0.0004287084756469994, 0.0005487843839546258, 0.00048454514458171614, 0.0005081000951804526, 0.0006939227748262056, 0.00040260404055061374, 0.0008354495899993708, 0.00037780020065838473, 0.0004931456434633219, 0.00042460095314709176, 0.0004864455503707177, 0.00036559076288540383, 0.0003764330297713059, 0.0002606280410986983, 0.0005206248764011434, 0.0005693563004911084, 0.0005020095185898299, 0.0004424728565481928, 0.0003230045234545287, 0.0008222568283258625, 0.0003264835580750969, 0.000580597739752875, 0.00047649106713834046, 0.00041544858345332614, 0.0006567520416297157, 0.0005197680388391746, 0.0005872489095054334, 0.0005850858521171177, 0.000376783365686606, 0.0006779596182241221, 0.0003644454589561974, 0.0003266274041720862, 0.0004675874938129709, 0.000658583263930268, 0.0003674840847224914, 0.0004940651263837026, 0.0003781852334668656, 0.00045185025568343916, 0.0003585716315001264, 0.00039267758652385967, 0.0005586396144622085, 0.00036395282816101824, 0.0004723921036656975, 0.0003340751598273073, 0.00042211809819718836, 0.0004505079422528979, 0.0004266232003374171, 0.0005529776655066598, 0.0005540587648056317, 0.0005248128908306171, 0.0004467090422963338, 0.00043329206074531616, 0.0005740525132750917, 0.0005042677396886574, 0.0003022069191729315, 0.0004683780673076399, 0.00032831637984713784, 0.00038312738212766814, 0.00040075048106018584, 0.000724822012136883]
2025-12-19 07:39:03 - fedls - INFO - loss data:
2025-12-19 07:39:03 - fedls - INFO - [16.91586830615997, 0.13132041450589896, 0.0046301745984237645, 0.002919354668119922, 0.0028093211440136656, 0.0026896120340097695, 0.0027718769968487324, 0.0026927915023406968, 0.00286191618652083, 0.002775944635504857, 0.00268790602858644, 0.0027221337222727016, 0.002628504580934532, 0.0026565677893813696, 0.0024082211341010405, 0.002485171350417659, 0.002398450826876797, 0.0023564059316413476, 0.0022781712730647998, 0.0022045982710551474, 0.0021058981714304537, 0.001949856331339106, 0.001737755921203643, 0.0021660441329004244, 0.0015846349961066153, 0.0016854253350174985, 0.001686935756879393, 0.0018590872728964315, 0.001653130525664892, 0.001624230061133858, 0.0016116111903102138, 0.0015489383404201362, 0.001558876730268821, 0.0015489617762796115, 0.0014668238291051239, 0.0013510335476894396, 0.0012767564883688466, 0.00131720326244249, 0.0013786875606456306, 0.0016336272172338794, 0.0012158568351878785, 0.0013772975584288361, 0.0013156847693608143, 0.0013772290614724625, 0.0014579396032786463, 0.001307734632428037, 0.0013707148034882266, 0.0010141524777282029, 0.0014721206123795127, 0.0011858352467243095, 0.0012326932985160966, 0.0013342297243070789, 0.0009764414827259316, 0.0012131792398577092, 0.0013193597471399699, 0.0010068166940982335, 0.0012510617925727274, 0.0011531783744430867, 0.0012360183431155748, 0.0009674984321463853, 0.0012794457783456893, 0.001050689573821728, 0.0011531949407071807, 0.0011143755364173558, 0.0011701584146067035, 0.0008065942893153988, 0.0011900068064278457, 0.0010104929022418218, 0.0008849111078234272, 0.0010322056361474095, 0.0007763524310576031, 0.0009819284075092583, 0.0011219719566724962, 0.0009415009595613809, 0.0011049316824937707, 0.0010781201212012093, 0.0010759736847830935, 0.0008504682442435296, 0.000865652126230998, 0.0008225089520237816, 0.0008114378489153751, 0.0010483894864592004, 0.0007824715200513311, 0.0009285529598855647, 0.0008088694927209872, 0.000988761760709167, 0.0011066753620980307, 0.0006648676217082539, 0.0005901870622437855, 0.0009171770183911576, 0.0009140524958638707, 0.0008280297452756713, 0.0007650144551007542, 0.0006197797883032763, 0.0007961633952618286, 0.00070263083835016, 0.0008402155266594491, 0.0006315129800896103, 0.000732627540219255, 0.0005853954347912804, 0.0007674835842863103, 0.0008830710997017377, 0.0006677799211047386, 0.0007550913349405163, 0.0005855546125985711, 0.0006817772132308164, 0.0006550566942678416, 0.0006631532529354444, 0.0006940470709196234, 0.0006086652731028153, 0.0006577087114010283, 0.0007977660899996409, 0.0006018624947500939, 0.0007052334756735945, 0.0005895759275972523, 0.0007978644644026645, 0.0007739003040114767, 0.0007881478130457253, 0.0005249336620181567, 0.0006230881745295846, 0.0007796248632303105, 0.00044915877995208573, 0.00035509956790065185, 0.0005888662062943696, 0.000633891729626157, 0.0006340956158965127, 0.0004661587287500879, 0.0005076407194565036, 0.0006832986568497291, 0.00044081512534148714, 0.00048781157131543295, 0.0004058724910237288, 0.000853426716435024, 0.00032602285127723005, 0.0006998212398229952, 0.0002984123091323454, 0.000702323931477622, 0.0005674483346638226, 0.0006865105092856538, 0.0005083049583845423, 0.00037987144116868876, 0.0005494963634191663, 0.0005028662293625531, 0.0004905506878230881, 0.0006794518147671625, 0.00039490241204021004, 0.0007966823542346901, 0.0003742385644500245, 0.0004574385017917848, 0.000414955042811016, 0.0004697671878147958, 0.00033621817181028746, 0.00033604578152335307, 0.00029584325516225364, 0.0005049920698098731, 0.0005107617790031327, 0.000431126606969201, 0.00045920843215299103, 0.0003556815329716301, 0.000796979091103367, 0.0003018207003435691, 0.0005290293834036674, 0.00048644051347537245, 0.0003336684053351746, 0.000584174673963389, 0.0005337140982760502, 0.0005734274059705057, 0.0005377232732143966, 0.00035417824688011024, 0.0006477345320718087, 0.00040665701410489417, 0.00030600229227957244, 0.0004093390645039108, 0.0006628934000673326, 0.00034779043221533357, 0.000496972471717072, 0.00040574777985966646, 0.00037025954056275624, 0.00031851316598476844, 0.0003792195304413326, 0.0005300026869463181, 0.0003270464478305257, 0.0004684109147319759, 0.0002765287888109924, 0.000400795366647344, 0.0004433672114203091, 0.00041050879992781124, 0.0005589321677803127, 0.0005271546177368691, 0.00047886252821172093, 0.0004050900469565022, 0.00042249789461266116, 0.0005227740683039883, 0.000500141131624332, 0.0003003319134109006, 0.00038535348533059733, 0.0002785794123894902, 0.0003336430074625696, 0.0003271086836150516, 0.0007076201262748328]
2025-12-19 10:12:38 - fedls - INFO - Namespace(task='sft', fed_alg='fedls', dataset_name='zwhe99/commonsense_170k', model_name='huggyllama/llama-7b', split_strategy='iid', alpha=0.5, num_clients=20, num_clients_per_round=2, batch_size=8, max_steps=20, gradient_accumulation_steps=1, lr=5e-05, weight_decay=0.01, epochs=1, num_rounds=200, seed=42, log_file='./log/log.txt', load_in_8bit=False, load_in_4bit=False, use_peft=True, dataset_sample=20000, peft_lora_r=32, peft_lora_alpha=64, seq_len=512, template='alpaca', tau=0.05, c=0.1, ex_style=False)
2025-12-19 12:47:39 - fedls - INFO - loss data:
2025-12-19 12:47:39 - fedls - INFO - [16.91586830615997, 0.13132041450589896, 0.0046301745984237645, 0.002919354668119922, 0.0028093211440136656, 0.0026896120340097695, 0.0027718769968487324, 0.0026927915023406968, 0.00286191618652083, 0.002775944635504857, 0.00268790602858644, 0.0027221337222727016, 0.002628504580934532, 0.0026565677893813696, 0.0024082211341010405, 0.002485171350417659, 0.002398450826876797, 0.0023564059316413476, 0.0022781712730647998, 0.0022045982710551474, 0.002105933101847768, 0.0019594272307585925, 0.0017305936984485016, 0.0021633052150718864, 0.0015861364496231544, 0.0017252978053875266, 0.0016757423130911776, 0.001857179682701826, 0.0016787386601208709, 0.0016326960991136729, 0.0016123361841891893, 0.0015666208732000087, 0.0015843115586903877, 0.0015461885144759436, 0.0014866399666061624, 0.001326178370800335, 0.0012902979840873742, 0.0013174654050089885, 0.0013871313582058064, 0.0015943214544677175, 0.0011948167033551727, 0.0013711793104448588, 0.0012649835254705977, 0.0013605793814349455, 0.0015551158910966478, 0.0013040541780355852, 0.0014268650862504727, 0.0010598621593089774, 0.0014396805654541822, 0.001247736626828555, 0.0012139098114857915, 0.0013616213298519144, 0.0009838246340223122, 0.0012211248971652823, 0.001288767982259742, 0.00103889070560399, 0.0011636488496151289, 0.0011683808581437916, 0.0012429454196535516, 0.0009623271454984206, 0.001272343535674736, 0.001092879966563487, 0.0011286320845101728, 0.0011112923304608558, 0.0012088405223039445, 0.0008262382460088703, 0.0011843189276987687, 0.001020485314074904, 0.000925323712590398, 0.0010233141376374988, 0.0007713592445725225, 0.0010066128252219642, 0.0010871619129829923, 0.0008978534808193217, 0.001118096577192773, 0.001098661380547128, 0.0010858486330107553, 0.000850320657264092, 0.0008901854966552492, 0.0008060179148742464, 0.0008015131509637285, 0.0010600687812257093, 0.000778340841861791, 0.0009614368571419618, 0.0008125796358399383, 0.0009446111534998636, 0.001106141888158163, 0.0006860278444946744, 0.0005543911659970035, 0.0008819845686957705, 0.000895593516088411, 0.0008324445034304517, 0.0007568596840428655, 0.0006375289783136396, 0.0008306345482196776, 0.0007074747369188117, 0.0008709413949873125, 0.0005906167021294095, 0.000754538248793324, 0.0005366172109916078, 0.0008192861698717024, 0.0009032881991970498, 0.0007042025793907668, 0.0007831875412648515, 0.0005919525207673359, 0.0007323265709601401, 0.0006181322218253626, 0.000671826532106934, 0.0006420565003736556, 0.0005782912721770117, 0.000704754571927424, 0.0007666693551072966, 0.0006370094361045631, 0.0007238052844968478, 0.000623438153479583, 0.0007582269661725149, 0.0007588145397676271, 0.0007882876277108153, 0.0005584593267485617, 0.0006361783528063825, 0.0007697513496850661, 0.0004052981888889917, 0.0003805120642255133, 0.000562505412790415, 0.0006768621764877026, 0.0006544578158695913, 0.00044407160339687834, 0.0005299478463030027, 0.0007645183255135634, 0.0004196128540911559, 0.0005003770233201975, 0.00043294408977772035, 0.0008612720759856529, 0.0003401003112458057, 0.0006935625983714999, 0.0002756978841034652, 0.0007355037343245385, 0.0005471201986438246, 0.000682351731302333, 0.00044051053405382847, 0.00039722971146147754, 0.0005616763985926809, 0.0004681237116528791, 0.0004979110928957197, 0.0006956941577300312, 0.00041039231484774064, 0.0008092898142649575, 0.00039006517075677036, 0.000500134071978664, 0.00038740771364018654, 0.0004791693286847476, 0.000320182151381232, 0.00033636374097341105, 0.0002719579505594538, 0.0005364148378760092, 0.000529332877943034, 0.00042980247177411, 0.00044132878210234594, 0.000318258006132055, 0.0008421736830825921, 0.0003274110058328006, 0.0005431844853262646, 0.0004745079541294217, 0.00042382910214655567, 0.0005944823112031372, 0.0005454089271665907, 0.0005365513178162473, 0.0005382547172985142, 0.00032921055162660195, 0.0005984600020383368, 0.0003724414474390869, 0.0002852555971912807, 0.0004153295415790126, 0.0006988871220528381, 0.00031686136704820453, 0.0004660549045297557, 0.00039940894332630706, 0.0004176343001006444, 0.0003184419160334073, 0.00037487700604401655, 0.0005212028872051633, 0.0003105667723446004, 0.00046720620468931884, 0.0003333929212658404, 0.0003901392872478482, 0.0004153535924956486, 0.000422789098490739, 0.0005080795817775652, 0.0004885323563939892, 0.00048276150940864684, 0.00044624442185750015, 0.000438104002023465, 0.0004915243272307634, 0.0005367675856177811, 0.00031095796471163344, 0.00040969998481159563, 0.00027133313604394966, 0.00031523233778329995, 0.00032633023093353586, 0.0006712235800023336]
2026-02-16 14:36:48 - fedls - INFO - Namespace(task='sft', fed_alg='fedls', dataset_name='zwhe99/commonsense_170k', model_name='huggyllama/llama-7b', split_strategy='iid', alpha=0.5, num_clients=20, num_clients_per_round=2, batch_size=8, max_steps=20, gradient_accumulation_steps=1, lr=5e-05, weight_decay=0.01, epochs=1, num_rounds=200, seed=123, log_file='./log/log.txt', load_in_8bit=False, load_in_4bit=False, use_peft=True, dataset_sample=20000, peft_lora_r=32, peft_lora_alpha=64, seq_len=512, template='alpaca', tau=0.05, c=0.1, ex_style=False)
2026-02-16 14:42:03 - fedls - INFO - Namespace(task='sft', fed_alg='fedls', dataset_name='zwhe99/commonsense_170k', model_name='huggyllama/llama-7b', split_strategy='iid', alpha=0.5, num_clients=20, num_clients_per_round=2, batch_size=8, max_steps=20, gradient_accumulation_steps=1, lr=5e-05, weight_decay=0.01, epochs=1, num_rounds=200, seed=123, log_file='./log/log.txt', load_in_8bit=False, load_in_4bit=False, use_peft=True, dataset_sample=20000, peft_lora_r=32, peft_lora_alpha=64, seq_len=512, template='alpaca', tau=0.05, c=0.1, ex_style=False)
2026-02-16 14:43:44 - fedls - INFO - Namespace(task='sft', fed_alg='fedls', dataset_name='zwhe99/commonsense_170k', model_name='huggyllama/llama-7b', split_strategy='iid', alpha=0.5, num_clients=20, num_clients_per_round=2, batch_size=8, max_steps=20, gradient_accumulation_steps=1, lr=5e-05, weight_decay=0.01, epochs=1, num_rounds=200, seed=123, log_file='./log/log.txt', load_in_8bit=False, load_in_4bit=False, use_peft=True, dataset_sample=20000, peft_lora_r=32, peft_lora_alpha=64, seq_len=512, template='alpaca', tau=0.05, c=0.1, ex_style=False)
2026-02-16 14:47:29 - fedls - INFO - Namespace(task='sft', fed_alg='fedls', dataset_name='zwhe99/commonsense_170k', model_name='huggyllama/llama-7b', split_strategy='iid', alpha=0.5, num_clients=20, num_clients_per_round=2, batch_size=8, max_steps=20, gradient_accumulation_steps=1, lr=5e-05, weight_decay=0.01, epochs=1, num_rounds=200, seed=42, log_file='./log/log.txt', load_in_8bit=False, load_in_4bit=False, use_peft=True, dataset_sample=20000, peft_lora_r=32, peft_lora_alpha=64, seq_len=512, template='alpaca', tau=0.05, c=0.1, ex_style=False)
