2025-11-05 16:10:52 - fedit - INFO - loss data:
2025-11-05 16:10:52 - fedit - INFO - [0.6338078752160072, 0.6316258460283279, 0.37843707874417304, 0.574288163955013, 1.0619645789265633, 0.7104754745960236, 0.6198107451200485, 0.8625170322401183, 1.1795595437288284, 0.6509315073490143, 0.4578331045806408, 0.5826280415058136, 0.8617547030250232, 0.6720188222825527, 0.6127371191978455, 0.5003778796110834, 1.4865134954452515, 0.4698709174990654, 0.5370200723409653, 0.549467415176332, 0.6212283190339803, 0.7332371065393091, 0.8781052661128342, 0.928812841574351, 1.0404277816414833, 0.6469353809952736, 0.5502650756388903, 0.8654455939928691, 0.6039531131585438, 0.7818053811788559, 0.8496977686882019, 0.6236318349838257, 0.6193697974085808, 0.5336553752422333, 0.7334862351417542, 0.6404843777418137, 0.5758395397237369, 1.0826468616724014, 1.7761021256446838, 0.7821470350027084, 0.9171360991895199, 0.6175287999212742, 0.7466656682746751, 0.5930481180548668, 0.44856176897883415, 0.7427836656570435, 0.6790185570716858, 0.5076832622289658, 0.7152603939175606, 0.6513877660036087, 0.5602253650625546, 0.6816842705011368, 0.40906460406258704, 0.6878925710916519, 0.4853777773678303, 0.5784619643042486, 0.48329000174999237, 0.5842539370059967, 0.6406304985284805, 0.37763942033052444, 0.7648849505931139, 0.3200635239481926, 0.7516264095902443, 0.6144834257662296, 0.8324523530900478, 0.6852796922127407, 0.917950764298439, 0.5527303218841553, 0.9997493624687195, 0.5937589257955551, 0.5906740576028824, 0.4532539386302233, 0.9985320568084717, 1.3991047143936157, 0.6571684628725052, 0.5363678704947233, 2.5354567766189575, 0.7512228892495235, 0.5545619849115611, 0.6798528432846069, 0.7725984212011099, 1.1183936707675457, 1.4527965128421783, 0.6252833008766174, 0.43644509054720404, 0.5308716744184494, 0.8070900961756706, 0.6300711333751678, 0.3737586809322238, 1.475266301073134, 0.7306245267391205, 0.8693194382247471, 0.9996122568845749, 0.6531450003385544, 0.5805133283138275, 0.6613874137401581, 0.9312883466482162, 0.6169039011001587, 0.6474331170320511, 0.5575615037232637, 0.2424760963767767, 0.4668457433581352, 0.29631315246224404, 1.316853404045105, 0.5640056505799294, 0.5579641535878181, 0.5749549902975559, 0.37428324297070503, 0.09040126390755177, 0.8725389987230301, 0.9572176347885812, 0.5322005413472652, 0.6023927114903926, 0.5635633792728185, 0.2554549090564251, 0.5526400152593851, 0.5142544572552045, 0.14817378111183643, 0.14775583893060684, 1.0376475783996284, 1.205444784089923, 0.11788651440292597, 1.6589911856821606, 0.683212233086427, 0.5675938986241817, 0.8310148417949677, 0.55889842659235, 0.5386245250701904, 0.6186615079641342, 0.6096837247411411, 0.5452939376235009, 0.9301345609128475, 0.5221427547789755, 0.8735891535878182, 1.091593787074089, 0.7664004936814308, 0.5007574409246445, 0.3436490632593632, 0.5299648083746433, 0.3424066938459873, 0.23429232090711594, 0.5828779445340236, 0.46225353082021076, 0.535565048456192, 0.7886896580457687, 0.6235204860568047, 0.4824155845812389, 0.5904664807021618, 0.835862713555495, 0.5837098658084869, 0.5143214851617813, 0.8883076831698418, 0.7625496919666017, 0.424899934977293, 0.543699350208044, 0.4087156504392624, 0.8862913548946381, 0.7869293689727783, 0.6292694360017776, 0.5229910013576349, 0.7990769594907761, 0.6479345868740762, 0.8522984907031059, 0.5379433244466781, 0.9754161089658737, 0.6395749176541965, 0.7788904517889023, 0.623472586274147, 0.7283756881952286, 0.7634842023253441, 0.7356507368385792, 0.5514973908662796, 0.5863111742905208, 0.6122247278690338, 0.6905741194883983, 0.5745145156979561, 0.6099152248352766, 0.6519677694886923, 0.6268880069255829, 0.5587365478277206, 0.6463179364800453, 0.5164666324853897, 0.6171155288815499, 0.6001657439129693, 0.6093731224536896, 0.5533131062984467, 0.6005907654762268, 0.6009395246704419, 0.6430997600158055, 0.663811445236206, 0.6421673335134983, 0.6329482197761536, 0.6103110909461975, 0.5295784423748653, 0.5956208575516939, 0.5002377554774284, 0.6242823898792267, 0.5936598752935727, 0.5979492589831352, 0.5655543229409626]
2025-11-08 11:19:39 - fedit - INFO - loss data:
2025-11-08 11:19:39 - fedit - INFO - [0.6180731306473415, 0.6730352193117142, 0.395606878772378, 0.6037116814404726, 1.0162103436887264, 0.6470580995082855, 0.6159393675625324, 0.8528945030910628, 1.1258524656295776, 0.6744224429130554, 0.38587768413126466, 0.6293704062700272, 0.8669682890176773, 0.6379494480788708, 0.5939032807946205, 0.45951636880636215, 1.314099371433258, 0.4551142503817876, 0.5505381673574448, 0.5471356770023703, 0.5910819402585428, 0.6858570825308561, 0.8168404845520854, 0.8574303934971491, 0.9562427047640085, 0.7010683715343475, 0.5536673707266648, 0.8304956555366516, 0.6272743195295334, 0.7724013576904933, 0.7268068939447403, 0.5950938835740089, 0.6828721165657043, 0.6665905714035034, 0.677095686395963, 0.6802182495594025, 0.5761665898774351, 1.0726176090538502, 1.7637051939964294, 0.768869873136282, 0.8467204421758652, 0.5479017540812492, 0.6526956929426108, 0.6115501224994659, 0.48820825666189194, 0.7215929925441742, 0.6985883116722107, 0.49149301648139954, 0.7703717052936554, 0.6929409702618916, 0.5571920971075695, 0.7349863251050313, 0.4283930703997612, 0.7057652058345931, 0.5274529755115509, 0.5765351752440135, 0.5857380777597427, 0.6131617277860641, 0.5804954469203949, 0.37370113655924797, 0.7462864480912685, 0.37655870616436005, 0.6454879231750965, 0.503311750292778, 0.7444207556545734, 0.6454830169677734, 0.8778177201747894, 0.5645997598767281, 1.0059195011854172, 0.5659909546375275, 0.5879579186439514, 0.4637893149629235, 0.7613797734181087, 1.4077682197093964, 0.6584870864947636, 0.5188287172466517, 1.840570330619812, 0.5943807854006689, 0.3487472197040915, 0.6908373050391674, 0.7398038748651743, 0.8753002304583788, 1.3624362513422965, 0.7210069919625919, 0.403642750158906, 0.47281478717923164, 0.7613423615694046, 0.6778507977724075, 0.3782241094857454, 1.1066977139562368, 0.6728861071169376, 0.7606470091711908, 1.3353331685066223, 0.72060327231884, 0.47359833121299744, 0.5679567493498325, 0.9559186100959778, 0.5172843858599663, 0.554877758026123, 0.5329634100198746, 0.24107726756483316, 0.417085412889719, 0.26444212049245835, 1.2817582078278065, 0.574836976826191, 0.551919475197792, 0.5287430584430695, 0.40785240661352873, 0.09762461110949516, 0.8947549164295197, 0.8454489202371666, 0.3849348872900009, 0.5754608377814293, 0.4928845105692744, 0.19848442822694778, 0.5680387653410435, 0.45610441428919635, 0.15818366594612598, 0.14572008419781923, 1.0265579484403133, 1.1351971060037613, 0.10832082200795412, 1.5382807212216514, 0.509423444668452, 0.4856079965829849, 0.7892847061157227, 0.5187458395957947, 0.6897765100002289, 0.4843513295054436, 0.5972560911128919, 0.5241675209254026, 1.0529533494263887, 0.4439974654288519, 0.880884625390172, 1.2172056436538696, 0.7976249232888222, 0.5288916081190109, 0.299007385969162, 0.5497681424021721, 0.28126808535307646, 0.2224340308457613, 0.6191626768559217, 0.43610910574595135, 0.40299228578805923, 0.5848976075649261, 0.5918336622416973, 0.4942497265126024, 0.575860995799303, 0.7897622163097064, 0.5003768056631088, 0.44241078980267046, 0.8565443232655525, 0.8839547165802547, 0.38921310380101204, 0.47326150722801685, 0.3476550132036209, 0.792868085205555, 0.7181469928473234, 0.5715483948588371, 0.4288226827979088, 0.7883580968316113, 0.6085650420614651, 0.8705221638083458, 0.4404359221458435, 0.9882576242089272, 0.6183541715145111, 0.7571380957961082, 0.4788195323199034, 0.6479942500591278, 0.6328537538647652, 0.6741073330243428, 0.6042785704135895, 0.6092565389616149, 0.5109358727931976, 0.7149024282892545, 0.6552098020911217, 0.7186024729162455, 0.7231849953532219, 0.8918926119804382, 0.6648505801955858, 0.7185637429356575, 0.3711181630690893, 0.5610407203435898, 0.6070175309266364, 0.5956605821847916, 0.7144451439380646, 0.6054306477308273, 0.4909311830997467, 0.5891793419917425, 0.6856461018323898, 0.48618866316974163, 0.5692438036203384, 0.5639859338601431, 0.5304902419447899, 0.6303573772311211, 0.6129385773092508, 0.5203772187232971, 0.5933497150739034, 0.6100052818655968, 0.5138545579143933]
2025-11-09 16:19:27 - fedit - INFO - loss data:
2025-11-09 16:19:27 - fedit - INFO - [0.5913632474839687, 0.6197494715452194, 0.3822569251060486, 0.6131464814146359, 1.0966421961784363, 0.692990854382515, 0.6226273328065872, 0.8459739520081452, 1.5973168065150578, 0.6633628159761429, 0.44577333647757766, 0.63910873234272, 0.8872540692488353, 0.6712275221943855, 0.5915371403098106, 0.4918932361262185, 1.2936903238296509, 0.44570984815557796, 0.541775856167078, 0.5688597209751606, 0.5389002867353458, 0.8054334320127964, 0.9711227684747428, 0.8865590915083885, 1.223701287060976, 0.6418617367744446, 0.5278872918027143, 0.8449737777312596, 0.6380691776673, 0.7616112629572551, 0.8085149526596069, 0.6414362192153931, 0.6385995373129845, 0.619587242603302, 0.7192088415225346, 0.7198204547166824, 0.5720459148287773, 1.0842583235353231, 1.8658926784992218, 0.8064045794308186, 0.8980694375932217, 0.6384065631777048, 0.5249153669657451, 0.8452477790415287, 0.4863625764846802, 0.6697605010122061, 0.6630778908729553, 0.5679367482662201, 0.6639319732785225, 0.6226788113514583, 0.6035880173246067, 0.7381506860256195, 0.4559387728571892, 0.7124373550925935, 0.4364767484366894, 0.6751852768162887, 0.5966215059161186, 0.6586519479751587, 0.5858684703707695, 0.406905822455883, 0.7861838676035404, 0.29927921295166016, 0.77474619820714, 0.5431548125110567, 0.9773396588861942, 0.6706149031718571, 0.953923836350441, 0.5842734724283218, 1.1074062585830688, 0.5927616953849792, 0.5736690312623978, 0.5058605575934052, 0.9232149322827656, 1.6262330412864685, 0.7439797222614288, 0.5673925071954727, 2.478331446647644, 0.6634204617391031, 0.3861751645803452, 0.707891795784235, 0.8767187017947435, 0.7749418430030346, 1.146442858874798, 1.034185876448949, 0.40986262783408167, 0.5519446581602097, 0.6709487587213516, 0.8180249184370041, 0.37451193630695345, 1.2975228372961283, 0.7806147709488869, 0.9301548021889868, 1.03363835811615, 0.7257044315338135, 0.5943696647882462, 0.67371791228652, 1.0239498913288116, 0.638998307287693, 0.7302384674549103, 0.638496233150363, 0.38297334127128124, 0.5134807042777538, 0.33686619736254214, 1.441534474492073, 0.6385117396712303, 0.6005411520600319, 0.5675642006099224, 0.4068629965186119, 0.14276912063360214, 0.8677624613046646, 0.866097940398114, 0.5218149125576019, 0.5714869920164347, 0.5605372143909335, 0.35299698263406754, 0.572344571352005, 0.5441079032917817, 0.17945794016122818, 0.1558336140587926, 1.0335201416164637, 1.230127040296793, 0.16688744351267815, 1.6874370787824904, 0.8072995468974113, 0.6834568791091442, 0.8662176802754402, 0.6344828754663467, 0.6113037317991257, 0.649609237909317, 0.6695323263605435, 0.6016403391957283, 1.0306882821023464, 0.5541284272358531, 0.9684894725680351, 0.9707738310098648, 0.8360382542014122, 0.6679054200649261, 0.49258438497781754, 0.6736729070544243, 0.45282522216439247, 0.2773313410580158, 0.6451372864345709, 0.5127516947686672, 0.5473617762327194, 0.8118714044491451, 0.6449678875505924, 0.4874994733503887, 0.6398884728550911, 0.8725175634026527, 0.675835132598877, 0.5821837767958641, 0.8181716427206993, 0.7252862368311201, 0.5536240637302399, 0.5724308006465435, 0.43134453892707825, 0.9617823921144009, 0.8504390195012093, 0.5945735424757004, 0.617642064889272, 0.7696039532976491, 0.618405825325421, 0.8894811347126961, 0.5873195126652717, 1.073881946504116, 0.696212887763977, 0.7986267670989037, 0.6299245711416006, 0.8388564884662628, 0.7233100980520248, 0.7521032132208347, 0.576298750936985, 0.6315427422523499, 0.6172057092189789, 0.772402932246526, 0.7414354681968689, 0.8223904147744179, 0.7593852318823338, 0.9330136477947235, 0.6935662577549617, 0.6798320859670639, 0.5326037208239238, 0.7303535997867584, 0.6456350418073791, 0.6762913117806117, 0.7972727119922638, 0.6793972328305244, 0.6561478277047474, 0.6848610093196232, 0.7253745049238205, 0.6689192391932011, 0.749309603869915, 0.6502412011226018, 0.7378488332033157, 0.7188318036496639, 0.6284774392843246, 0.7104597836732864, 0.6813963179786999, 0.57294050604105, 0.692005095737321]
2025-11-10 14:31:51 - fedit - INFO - loss data:
2025-11-10 14:31:51 - fedit - INFO - [0.5913632474839687, 0.6197494715452194, 0.3822569251060486, 0.6131464814146359, 1.0966421961784363, 0.692990854382515, 0.6226273328065872, 0.8459739520081452, 1.5973168065150578, 0.6633628308773041, 0.44577338118106125, 0.6391241196542978, 0.8872791901230812, 0.6712246350944042, 0.5915399566292763, 0.49190255999565125, 1.2901252806186676, 0.4463999917109807, 0.5403555035591125, 0.5649403400719166, 0.5453368467589219, 0.7998760974034667, 0.969222839968279, 0.8864967500170072, 1.1348474510014057, 0.6208796873688698, 0.5625044155865908, 0.7889644553263981, 0.5853174502650897, 0.7240980416536331, 0.8459310978651047, 0.6343594044446945, 0.6201333105564117, 0.5741744041442871, 0.7323614656925201, 0.7106512188911438, 0.5696156642266682, 1.0198820978403091, 1.7485178411006927, 0.8185199983417988, 0.8908872008323669, 0.6498167838901281, 0.549937774161143, 0.8853627555072308, 0.42528695426881313, 0.6875035986304283, 0.6619481444358826, 0.5520628020167351, 0.6372184492647648, 0.5974571531017621, 0.5738317569096882, 0.7190304150183995, 0.41587964482605455, 0.7827421937670027, 0.44126913882791996, 0.6748003239432971, 0.6091608256101608, 0.684378370642662, 0.5883026793599129, 0.39027927070856094, 0.7829695641994476, 0.30417945981025696, 0.8095311596989632, 0.4958182590082288, 0.9510393440723419, 0.7955955018599827, 1.018991306424141, 0.6000310890376568, 1.1920896768569946, 0.6143732517957687, 0.6173718422651291, 0.5102487297728657, 0.9763501435518265, 1.0263935923576355, 0.6729364693164825, 0.5939366523176431, 2.2595459818840027, 0.6495068439592917, 0.3551940116100013, 0.701243307441473, 0.8168929629027843, 0.8483334854245186, 1.192107054591179, 1.0523956269025803, 0.4140402028337121, 0.5711701773107052, 0.6964166015386581, 0.7676820605993271, 0.36135321520268915, 1.2359832543879747, 0.8025671802461147, 0.9664067221539361, 1.0486284643411636, 0.7250979691743851, 0.6015075668692589, 0.6679349951446056, 1.022889032959938, 0.633006177842617, 0.7101546376943588, 0.6572392340749502, 0.3739775959402323, 0.506625309586525, 0.33993708454072474, 1.286560695618391, 0.6693063527345657, 0.6463273465633392, 0.6223051622509956, 0.47892868891358376, 0.1332724317908287, 0.9511688947677612, 1.0261338970490863, 0.6395601034164429, 0.6323947541415691, 0.6302712980657816, 0.4293719381093979, 0.5848384015262127, 0.5598791940758626, 0.23387854918837547, 0.20879831537604332, 0.9013879410922527, 1.1079000454396009, 0.17351163364946842, 1.8141529602663857, 1.0519382804632187, 0.9789680205285549, 0.5491586327552795, 0.7001844644546509, 0.664706252515316, 0.46701885014772415, 0.7893143917123477, 0.6312806144356727, 0.6915284357964993, 0.5995417311787605, 0.9305428773164749, 0.6832897812128067, 0.6427575275301933, 0.812187135219574, 0.727740615606308, 0.6691202372312546, 0.6780397109687328, 0.5623664259910583, 0.6285392219821613, 0.6324883451064427, 0.6743539124727249, 0.7150924503803253, 0.6779256463050842, 0.5821839145251683, 0.6099483333528042, 0.8196833208203316, 0.6322712550560634, 0.6844572521746158, 0.700359083712101, 0.6626151906592506, 0.5415851876139641, 0.59069399908185, 0.4787007048726082, 0.8782263360917568, 0.8930374495685101, 0.5753771439194679, 0.7212380513548851, 0.6615751843367303, 0.5742833316326141, 0.8698606044054031, 0.6324767410755158, 0.9649115912616253, 0.7262771626313527, 0.8705560773611069, 0.6489870958030224, 0.6880628019571304, 0.6840823739767075, 0.6766977148751419, 0.6686323165893555, 0.7096785647528512, 0.6526267677545547, 0.7874790479739506, 0.744675412774086, 0.7841287218034267, 0.7830680385231972, 0.915208637714386, 0.767612134416898, 0.7363609001040459, 0.5857909868160884, 0.7173078432679176, 0.7046967457447733, 0.7431618447105091, 0.8653526455163956, 0.7525454213221867, 0.7044896731774013, 0.7535904198884964, 0.8025751709938049, 0.7062334381043911, 0.713889230787754, 0.7503593514362972, 0.7791789869467418, 0.810270793735981, 0.7362146191298962, 0.6095695644617081, 0.7439579889178276, 0.6004574075341225, 0.6084697395563126]
2025-11-11 06:10:49 - fedit - INFO - loss data:
2025-11-11 06:10:49 - fedit - INFO - [0.5772168710827827, 0.5926705449819565, 0.39409842491149905, 0.6005381320913632, 1.0560232996940613, 0.7468611896038055, 0.6502682864665985, 0.9338910281658173, 1.430314247806867, 0.6534695476293564, 0.4285017497837543, 0.6131410971283913, 0.8658160616954167, 0.6927586495876312, 0.6088792979717255, 0.5053241465772902, 1.2657117545604706, 0.4622002492348353, 0.5361591130495071, 0.5737940296530724, 0.5489064395427704, 0.7613729288801551, 0.9689026394858956, 1.0018222679694495, 1.1884349212050438, 0.6401582807302475, 0.5278242046634356, 0.8343595117330551, 0.5945852821071942, 0.7810262888669968, 0.7837895303964615, 0.6384725123643875, 0.6415019929409027, 0.6469759047031403, 0.7112052490313847, 0.6794087141752243, 0.5948348577533449, 1.1200938392430544, 1.8931012153625488, 0.7975625023245811, 0.8862811364233494, 0.5709893282502889, 0.7046674646969352, 0.6142632961273193, 0.4684928059577942, 0.7584025580435991, 0.6577340960502625, 0.5152771696448326, 0.7547975555062294, 0.704039419690768, 0.5423916329940159, 0.69862895210584, 0.46174612566828727, 0.680297277867794, 0.5604666210711002, 0.5890417825430632, 0.5084439218044281, 0.6491931676864624, 0.598212942481041, 0.4020383581519127, 0.7412579897791147, 0.3321570083498955, 0.7615471445024014, 0.7249291107058525, 0.5923599861562252, 0.77265964448452, 0.8302704989910126, 0.6007817983627319, 0.9835614562034607, 0.6391911655664444, 0.6542779952287674, 0.4704514456912875, 0.9100113064050674, 1.426205575466156, 0.728430986404419, 0.5718321092426777, 2.4216161370277405, 0.7074214400102694, 0.5633788235485553, 0.7103664241731167, 0.8252167385071516, 1.0631738901138306, 1.402739942073822, 0.657171259323756, 0.45334154851734637, 0.5932826399803162, 0.8319636210799217, 0.5951330065727234, 0.43850488364696505, 1.341319759376347, 0.727703757584095, 0.8389774809281032, 1.029715284705162, 0.7048225700855255, 0.5637770444154739, 0.6321992762386799, 0.9154893606901169, 0.6279967501759529, 0.6423881500959396, 0.6223706975579262, 0.2499987818300724, 0.41810093075037, 0.2902132377028465, 1.259984090924263, 0.6875540912151337, 0.6600575521588326, 0.5748798698186874, 0.39421896636486053, 0.1287623979151249, 0.8487297892570496, 0.8905185445078782, 0.5280185379087925, 0.5905963040888309, 0.5261822137981653, 0.2683536931872368, 0.5574308261275291, 0.466236639705797, 0.14065910689532757, 0.1392654376104474, 0.9468523934483528, 1.0795695070177316, 0.12311265710741282, 1.5924021175929477, 0.6010410040616989, 0.5814298205077648, 0.6434331983327866, 0.5922946333885193, 0.6132870689034462, 0.46757613122463226, 0.6619541458785534, 0.4977048061788082, 0.8461264409124851, 0.4937826139586312, 0.8241021689027548, 1.121394693851471, 0.8080373927950859, 0.4920050650835037, 0.2952146530151367, 0.6157131269574165, 0.3054298972710967, 0.20502212457358837, 0.5813777030756077, 0.45445431644717854, 0.4495316296815872, 0.7598593384027481, 0.5790133289992809, 0.43409933681998936, 0.6545678339898586, 0.7844586720069249, 0.5404172043005626, 0.46568628363311293, 0.8855075091123581, 0.8490833214351109, 0.4686215206980705, 0.5089971330016851, 0.38864558935165405, 0.760803546756506, 0.8311135098338127, 0.6771217733621597, 0.45489366004864373, 0.8464692932154452, 0.6424128807016781, 0.7506171017885208, 0.4966144636273384, 0.8891040049493313, 0.610789177318414, 0.824458372592926, 0.6436015367507935, 0.673114962875843, 0.660997785627842, 0.7578070610761642, 0.6401394039392472, 0.6193243712186813, 0.5512630268931389, 0.6282719746232033, 0.6249219998717308, 0.6416603364050388, 0.6365449577569962, 0.8088753074407578, 0.7123756135503452, 0.5782582983374596, 0.48972439517577493, 0.5873910516500473, 0.5836164126438754, 0.5705106059710185, 0.5594039782881737, 0.5710804487268131, 0.5445282335082691, 0.6952900265653927, 0.5831205397844315, 0.5461217947304249, 0.5901815973222255, 0.6324785326917965, 0.4876361613472303, 0.5285278130322695, 0.6233516819775105, 0.6142087504267693, 0.5874575302004814, 0.596421591937542, 0.563401386141777]
2025-11-13 15:17:05 - fedit - INFO - loss data:
2025-11-13 15:17:05 - fedit - INFO - [0.5736070834100246, 0.5995642393827438, 0.40652142725884916, 0.7025747199853262, 1.2309224121272564, 0.6783336848020554, 0.6720951497554779, 0.7899094702942031, 1.6060198942820232, 0.7086477279663086, 0.5171892501413822, 0.6912869606167078, 1.015395611524582, 0.7547636032104492, 0.622839480638504, 0.5130010396242142, 1.4143804609775543, 0.5007758885622025, 0.5089096687734127, 0.5823267087340355, 0.5020306997311612, 0.9092763995751738, 1.10329564884305, 0.9153010149796804, 1.1917354837059975, 0.6816526353359222, 0.549376447002093, 1.025915230313937, 0.7239326039950054, 0.8567998160918553, 0.7892498075962067, 0.6600921005010605, 0.6490578949451447, 0.6054568439722061, 0.7296606500943501, 0.6933043748140335, 0.5689481858696257, 0.9664080422371626, 1.7060282826423645, 0.7998584546148777, 0.8700797148048878, 0.5916956935077906, 0.7750030873077256, 0.6244128011167049, 0.4656924270093441, 0.7836519740521908, 0.6975164413452148, 0.5374178886413574, 0.7421200945973396, 0.6894512524207432, 0.5372851019104321, 0.7252743939558666, 0.470587445050478, 0.6854674539395741, 0.666136160492897, 0.638718007132411, 0.5714220181107521, 0.6501742750406265, 0.6093442738056183, 0.4385487735271454, 0.7410822417587042, 0.34245234727859497, 0.7664296254515648, 0.779834258556366, 0.5914932191371918, 0.8092172195514042, 0.8128050118684769, 0.6198338121175766, 0.9152150303125381, 0.6447084248065948, 0.6601528227329254, 0.5078495271503926, 0.7023438413937886, 1.297544687986374, 0.7204101830720901, 0.5924050826579332, 2.409173369407654, 0.7442496735602617, 0.6091671735048294, 0.8051762655377388, 0.8809907324612141, 1.0850211940705776, 1.5442546427249908, 0.6412009000778198, 0.4495286911725998, 0.5610986948013306, 0.8570656180381775, 0.6071302443742752, 0.5156744446605444, 1.6326789017766714, 0.7703294456005096, 0.8320403077772686, 1.014522522687912, 0.7121863762537639, 0.5733673796057701, 0.6592673808336258, 0.9872669726610184, 0.6443989351391792, 0.7190448343753815, 0.5518525065854192, 0.3015082413330674, 0.4706423394382, 0.27967909406870606, 1.4372344315052032, 0.7237105816602707, 0.67537622153759, 0.5999611914157867, 0.3777626249939203, 0.18535980582237244, 0.7365775108337402, 0.8793369829654694, 0.5478356070816517, 0.6136180594563484, 0.5167391873896122, 0.3139309510588646, 0.5548858642578125, 0.49761716090142727, 0.17234055139124393, 0.15428993292152882, 1.0143094509840012, 1.1233592450618743, 0.15072325989603996, 1.5723981644426073, 0.6613741864760716, 0.6112124398350716, 0.7658026218414307, 0.6510094702243805, 0.6820988804101944, 0.6055941730737686, 0.6565319808820884, 0.5386452302336693, 0.9476674608886242, 0.5325406055365289, 0.8933385357260704, 0.8769037276506424, 0.7424766346812248, 0.6034463793039322, 0.448112316429615, 0.6671596318483353, 0.4221510495990515, 0.2709695063531399, 0.5577496166030567, 0.52964602659146, 0.49401748180389404, 0.836116964618365, 0.6819741167128086, 0.5059461199811527, 0.5773834995925426, 0.7715971544384956, 0.5790113906065624, 0.5589681245386601, 0.7461766004562378, 0.7830971990312849, 0.5061505228281021, 0.533785030245781, 0.4607030600309372, 0.7877874076366425, 0.8316702246665955, 0.6508219242095947, 0.5497459520896275, 0.7343553166304315, 0.5901019807372774, 0.7549528405070305, 0.5438734650611877, 0.9247152470052242, 0.6317392339309056, 0.8189008370041847, 0.6684404611587524, 0.6595519781112671, 0.6479988992214203, 0.7191380063692729, 0.6792868345975875, 0.6826759917395455, 0.5798123478889465, 0.6848512540260951, 0.5776485987007618, 0.6286350414156914, 0.7050338201224804, 0.8589905053377151, 0.7611903796593349, 0.6324643641710281, 0.5317339400450389, 0.6265930190682412, 0.5973151964800698, 0.6081426292657852, 0.6387624740600586, 0.6189460108677547, 0.5874065607786179, 0.6938299139340718, 0.6465530395507812, 0.6013972535729408, 0.6486381128430366, 0.6310381939013798, 0.5596257373690605, 0.60419000685215, 0.755174532532692, 0.6220496967434883, 0.6284597391883533, 0.6013191044330597, 0.5852642187050411]
2025-11-14 05:10:50 - fedit - INFO - loss data:
2025-11-14 05:10:50 - fedit - INFO - [0.64861910790205, 0.6213133484125137, 0.4168009106069803, 0.666690700997909, 1.259299349039793, 0.7058375328779221, 0.6117640659213066, 0.7632244644420487, 1.4048168460528057, 0.7091913595795631, 0.5066994052380324, 0.6691571101546288, 0.9911927084128063, 0.7480009719729424, 0.6088808178901672, 0.47884585282632286, 1.5532242506742477, 0.5160277547935646, 0.49920249730348587, 0.5925479516386986, 0.5412931854526202, 0.8562567269429564, 1.2063306260854005, 0.9624732136726379, 1.2958833202719688, 0.6358975470066071, 0.5596677941580613, 0.8554329872131348, 0.6369405537843704, 0.8518496950467427, 0.8292817622423172, 0.6301976889371872, 0.6424803361296654, 0.5654305070638657, 0.7491980791091919, 0.666818156838417, 0.5781550173248564, 1.077288880944252, 1.768811821937561, 0.7731806933879852, 0.9154528118669987, 0.6511893056333065, 0.7436164766550064, 0.5990142729133368, 0.4397757239639759, 0.7758178990334272, 0.720971092581749, 0.48382187634706497, 0.7504198849201202, 0.7077514380216599, 0.5508119662602742, 0.715176875392596, 0.45912535265088084, 0.6822953373193741, 0.6719855461269617, 0.622450436775883, 0.5634369030594826, 0.632188230752945, 0.6471063047647476, 0.3764501363039017, 0.7417109310626984, 0.23125838115811348, 0.8533398285508156, 0.9210872635245323, 0.6026335209608078, 0.8012855052947998, 0.7156992852687836, 0.608194962143898, 0.8110523223876953, 0.630643904209137, 0.6183541715145111, 0.4974341165274382, 0.7039765268564224, 1.2024124264717102, 0.6514907975991566, 0.5619538433849811, 2.4071107506752014, 0.7396295554935932, 0.566240306943655, 0.6786349527537823, 0.8046869244426489, 0.9972734861075878, 1.173772495985031, 0.6796449919541676, 0.40094973221421243, 0.5233040936291218, 0.7934612929821014, 0.6167889833450317, 0.4093551285564899, 1.3211263921111822, 0.6300274580717087, 0.8018036016396114, 1.1315235793590546, 0.6975473165512085, 0.5554008856415749, 0.6487044356763363, 0.8243974447250366, 0.5789124816656113, 0.6100808829069138, 0.6049275975674391, 0.24630862660706043, 0.5072320681065321, 0.2964102189987898, 1.336387399584055, 0.5274784117937088, 0.5164911299943924, 0.5332165844738483, 0.3770456686615944, 0.09506369940936565, 0.9392533451318741, 0.9595499491052968, 0.534562099725008, 0.5616565652191639, 0.5209780167788267, 0.21057192236185074, 0.5548094417899847, 0.5125468662629525, 0.15392610244452953, 0.14201998803764582, 0.9689276907593012, 1.1256153609603643, 0.1494376752525568, 1.4495639588151659, 0.6643948083122571, 0.5799565017223358, 0.7842363268136978, 0.5741226971149445, 0.574400320649147, 0.5474575757980347, 0.600042961537838, 0.5453187845647335, 0.9284860827028751, 0.5159027821251324, 0.8534625068306922, 1.0192174315452576, 0.7439448162913322, 0.5510308295488358, 0.4099979102611542, 0.5140451714396477, 0.40138110518455505, 0.2617233544588089, 0.537777217105031, 0.4432756118476391, 0.5162442773580551, 0.7635576128959656, 0.6469504348933697, 0.4838995028819357, 0.5466782413423061, 0.8347319886088371, 0.5454913973808289, 0.5346106275916099, 0.7521865591406822, 0.723586262336799, 0.42523545026779175, 0.526057057082653, 0.3943406827747822, 0.8113532103598118, 0.7694609723985195, 0.5823240131139755, 0.5422495571275552, 0.6924091157104288, 0.6098232279930795, 0.8453786969184875, 0.5297582730650902, 0.9579452984035015, 0.6380422015984852, 0.7637319579720497, 0.5475861672312021, 0.6169658154249191, 0.7522190138697624, 0.6671758890151978, 0.4993209674954414, 0.5333830362984112, 0.6148533225059509, 0.6979822566111882, 0.6165587119758129, 0.6475490480661392, 0.6660321913659573, 0.6560153663158417, 0.5426989644765854, 0.7146691158413887, 0.5039900317788124, 0.6104450315237046, 0.595586471259594, 0.6322960207859676, 0.6656890213489532, 0.6031105021635692, 0.5869539702932041, 0.6239200830459595, 0.688036784529686, 0.596022829413414, 0.6279983282089233, 0.6834743171930313, 0.5608083307743073, 0.6239894367754459, 0.5527903400361538, 0.587280698120594, 0.6106747190157573, 0.6309655904769897, 0.5737644976803234]
2025-11-14 14:23:19 - fedit - INFO - loss data:
2025-11-14 14:23:19 - fedit - INFO - [0.5948924099405606, 0.6042943745851517, 0.4053947303444147, 0.6828298686693112, 1.2659452855587006, 0.6689194142818451, 0.6381346583366394, 0.757507904299668, 1.8391463657220204, 0.6681559011340141, 0.5262186270207166, 0.7105087749660015, 1.0406985779603322, 0.781258650124073, 0.6066708266735077, 0.46786587685346603, 1.3995647430419922, 0.483774113158385, 0.4936840124428272, 0.5566162891685963, 0.5374132309108972, 0.7774578957818449, 1.0881612812168897, 0.8558159644405047, 1.23769074305892, 0.6334453374147415, 0.5470133755356074, 0.9960534075895946, 0.7043235301971436, 0.8600819458564122, 0.7257345765829086, 0.6363460272550583, 0.6508687287569046, 0.6660404205322266, 0.7253877073526382, 0.672969713807106, 0.580218500324658, 0.9909370020031929, 1.713368445634842, 0.7786738239228725, 0.8790991306304932, 0.6156469471752644, 0.7760668335748571, 0.6189237870275974, 0.4862883873283863, 0.7951155994087458, 0.6915365010499954, 0.5007196068763733, 0.791367344558239, 0.7044905175765355, 0.5457576562960942, 0.7117422570784886, 0.4525583118200302, 0.6747358611651829, 0.6783586703240871, 0.628836726769805, 0.5280406698584557, 0.6143810749053955, 0.633151687681675, 0.39353881031274796, 0.7418946400284767, 0.2761141397058964, 0.7894317954778671, 0.7643066361546517, 0.612849397584796, 0.7595385412375133, 0.8029428124427795, 0.6145023331046104, 0.9206702560186386, 0.6178155541419983, 0.5975839793682098, 0.5131387278437615, 0.6635506699482601, 1.3004744052886963, 0.68372543156147, 0.5664394192397595, 2.752302348613739, 0.7464100594321886, 0.532407085224986, 0.6631780788302422, 0.7443955149501562, 0.7786970920860767, 1.2972292393445968, 0.673936774333318, 0.41735643781721593, 0.5365202240645885, 0.795201987028122, 0.5846211165189743, 0.34853223226964475, 1.28454415127635, 0.6822444573044777, 0.745192591987905, 1.2357132136821747, 0.6949811031421025, 0.5161179974675179, 0.5839393250644207, 0.9470944851636887, 0.543521523475647, 0.5885774791240692, 0.5006307205185294, 0.26143045350909233, 0.3881801702082157, 0.29634635969996453, 1.144177958369255, 0.43117599189281464, 0.4390464574098587, 0.4901360236108303, 0.39829852245748043, 0.11602549441158772, 0.8405423909425735, 0.8867594285735062, 0.4350191131234169, 0.5011287167668342, 0.48428086154162886, 0.17649929970502853, 0.5637368261814117, 0.5050655361264944, 0.18040106818079948, 0.16257109493017197, 1.0530447596684098, 1.1838709060102701, 0.15848227962851524, 1.5640817391020911, 0.6502986426154773, 0.5389677993953228, 0.7163897529244423, 0.5153524503111839, 0.4832870289683342, 0.49292319267988205, 0.6079487266639869, 0.5329517409205436, 0.9854736551642418, 0.5431160926818848, 0.8422527775168419, 0.883205235004425, 0.7468130365014076, 0.6485364139080048, 0.4581163823604584, 0.5879535041749477, 0.3761134408414364, 0.26623121462762356, 0.5482853775223095, 0.46656228974461555, 0.50979845225811, 0.657596583167712, 0.5552165918052197, 0.4302305621760232, 0.577275738120079, 0.7831280653675396, 0.5957086781660716, 0.5250123497098684, 0.7513373866677284, 0.6535030752420425, 0.4704807668924332, 0.4994176886975765, 0.32656795158982277, 0.9323793053627014, 0.7445265725255013, 0.4961673989892006, 0.5597767365475496, 0.7005720590906483, 0.5963776079671723, 0.7741290926933289, 0.5725186586380004, 0.9230111539363861, 0.6129837756355603, 0.7412104584276676, 0.4818739965558052, 0.7009846866130829, 0.6252846121788025, 0.6365416757762432, 0.5334078714251518, 0.5743101899112975, 0.5204814150929451, 0.7093184938033421, 0.7267369851469994, 0.7734011728316545, 0.6962456032633781, 0.7799491286277771, 0.5540603722135227, 0.6162775531411171, 0.46395444869995117, 0.6650991126894951, 0.6117691440241677, 0.6120937714974086, 0.7882862389087677, 0.6362082784374554, 0.6352587590614955, 0.6021223465601604, 0.6637969389557838, 0.6553757712244987, 0.6707692876458168, 0.5795641889174779, 0.7204081763823826, 0.6556062027812004, 0.5036683082580566, 0.5899089202284813, 0.6049173374970753, 0.5207361914217472, 0.5884231424757412]
2025-11-17 05:18:30 - fedit - INFO - loss data:
2025-11-17 05:18:30 - fedit - INFO - [0.5172320407194395, 0.447964109480381, 0.3359905113956254, 0.6022779308259487, 0.8866411000490189, 0.6621185317635536, 0.5493338014930487, 1.4093927208866392, 1.1788980841636658, 0.681280605494976, 0.3408113548325168, 0.682834954932332, 0.8610644247382879, 0.6137258250798499, 0.602776512503624, 0.4921011586806604, 1.0722664296627045, 0.4600434646010399, 0.5777398603303092, 0.5730222374614742, 0.5605579226070808, 0.5535904579751548, 0.5513020219902197, 0.9226616978645324, 0.7399297758404697, 1.0344984345138073, 0.5798731024328031, 0.7245977222919464, 0.5547507628798485, 0.7592094813783963, 0.7811523228883743, 0.5931787677109241, 0.7234859131276608, 0.8798999637365341, 0.6394685328006744, 0.5468497374095023, 0.5513291513281209, 0.9634421430528164, 1.3226814195513725, 0.7148094773292542, 0.7657050575528825, 0.6384163921404826, 0.4240576952163662, 0.8688296909843173, 0.5769652873277664, 0.610579616789307, 0.6116488426923752, 0.4908592700958252, 0.654193252325058, 0.5669086635112762, 0.5697658161322277, 0.5804694443941116, 0.3489019914663264, 1.0227092584328992, 0.39542719029954504, 0.529938337526151, 0.5503855794668198, 0.4588187523186207, 0.5251948572695255, 0.3645084276795387, 0.6593751705118588, 0.38853865349665284, 0.6466551371850073, 0.4172040811843342, 0.839180204485144, 0.6830916826923688, 0.7549032717943192, 0.4483817545697093, 1.1972653269767761, 0.44212377443909645, 0.6144716441631317, 0.37883781227800584, 0.9175581261515617, 0.8492222279310226, 0.46084620244801044, 0.3650601914054469, 1.877684086561203, 0.46196021427001277, 0.2856716263156972, 0.7041740044951439, 0.5012379677167961, 0.6714177466928959, 0.8077771972037024, 1.2544017396867275, 0.290276763975502, 0.4590325579047203, 0.607327165082097, 0.8292916864156723, 0.2877355603207099, 1.1141881825668472, 0.6847701068327297, 0.6342405457759187, 2.248504400253296, 0.961728268613418, 0.43444786965847015, 0.42759247310459614, 0.8553339801728725, 0.40833274833858013, 0.2485195933841169, 0.6762717589735985, 0.1846234809075083, 0.3167492039501667, 0.1738512207092227, 1.7283321959631783, 0.8017571344971657, 0.7538687214255333, 0.4712275918573141, 0.13987966746624025, 0.0692326845601201, 0.5503741279244423, 0.5964910026107516, 0.38366519952458994, 0.6352776573556993, 0.4152794707272398, 0.029707821551710367, 0.7389344102703035, 0.34055625105178666, 0.1226531914435327, 0.11629171622917056, 0.9193766065873206, 0.9546335253766493, 0.09227038291282952, 1.1474682462534735, 0.47390348128974435, 0.40710077647651943, 0.39765786938369274, 0.6297642551362514, 0.6557045932859182, 0.22401955258101225, 0.7166716715409642, 0.3333269347333246, 1.021254918404988, 0.3795049039380891, 0.46218811525242, 2.305598020553589, 1.1021557755302638, 0.2980030793696642, 0.12200018821749836, 0.6714523080736399, 0.11793357189578403, 0.14528857776895165, 0.4396413676440716, 0.39248896241188047, 0.39210620149970055, 0.5252710819244385, 0.41232484791960033, 0.3878834886210305, 0.5757146094526564, 0.44487815648317336, 0.43606596663594244, 0.3090336018248944, 0.7722490951418877, 0.6585048482354199, 0.33638360092623365, 0.5574861880574775, 0.34804519079625607, 0.8986699027674538, 0.8475894510213817, 0.7363521885126829, 0.26255921134235044, 0.9075467554586274, 0.41746997168021543, 1.0369918011128902, 0.4019062416628003, 1.000728023371526, 0.6032714229077101, 1.050678141807255, 0.9241754690717373, 0.710127729922533, 0.6825032560154796, 0.7136598083944548, 0.4189015453060468, 0.9178696716470378, 0.5310863964259624, 0.8443629831075669, 0.6483808904886246, 0.759370927299772, 0.623671411403588, 0.8843400031328201, 0.6348805781453848, 0.5125670097768307, 0.32247117832303046, 0.414152500464728, 0.4790853438898921, 0.4298883558561405, 0.4877961352467537, 0.42324168172975385, 0.36634133383631706, 0.943841261168321, 0.4867611173540354, 0.4275042936205864, 0.4297264563409906, 0.7227300316095352, 0.42209391891956327, 0.34514584791447434, 0.49142423485006603, 0.5318767447024584, 0.45063471235334873, 0.5395057909190655, 0.5193227391157831]
2025-11-17 06:41:00 - fedit - INFO - loss data:
2025-11-17 06:41:00 - fedit - INFO - [0.5737597718834877, 0.4612203314900398, 0.3055351817196137, 0.591956589743495, 0.8829309088843209, 0.6370027735829353, 0.5600803177803755, 0.9205870484667165, 1.3419269323349, 0.6724364906549454, 0.3388131284543002, 0.8243461735546589, 0.9020578761895497, 0.6024895246539796, 0.6068971753120422, 0.4732324800321034, 1.1132469028234482, 0.47260961830616, 0.5642887779644558, 0.47100278455764055, 0.6165863992646337, 0.5860367173048121, 0.5195514021907002, 0.8732886135578155, 0.5512313374451229, 1.024644998833537, 0.5947539680882504, 0.8325700844327608, 0.5488385185599327, 0.8034430171052616, 0.8019494712352753, 0.5836168266832829, 0.6910313069820404, 0.6959566026926041, 0.6951023757457733, 0.5831179209053516, 0.5732766634651593, 0.9201644882559776, 1.1894828379154205, 0.6154691427946091, 0.7164479196071625, 0.5706116951217777, 0.4180685352267964, 0.8282533341220447, 0.4371475465595722, 0.5947631890220302, 0.6176924556493759, 0.5087905004620552, 0.6100131776183844, 0.5969153448939324, 0.5924642955263455, 0.6759509116411209, 0.3563190060907916, 0.795008531372462, 0.4287626658167158, 0.5553313337621235, 0.5504212640225887, 0.5590269602835178, 0.5920247919857502, 0.30235785990953445, 0.5898213069885969, 0.3509939946234226, 0.6641032830812037, 0.4810727847119172, 1.1298889688083102, 0.6078892312943935, 0.8462548702955246, 0.4931648983620107, 1.1692723631858826, 0.541014239192009, 0.5384480357170105, 0.43064762946839136, 0.8582245620588462, 1.0005102306604385, 0.5331589716176192, 0.44442986206788765, 1.9482358694076538, 0.5484704732894897, 0.3424056076515488, 0.6286700218915939, 0.58201971330813, 1.1016265451908112, 1.1477219530691702, 1.0736410568157833, 0.3046768300257446, 0.5169371590018272, 0.6351818051189184, 0.8146633952856064, 0.25394351162800666, 1.2310057782701083, 0.7470714412629604, 0.702771339210726, 1.9426531791687012, 0.8751040088633696, 0.5342382416129112, 0.5342732546851039, 0.8897744864225388, 0.48866209015250206, 0.4015211686491966, 0.7242265168045248, 0.12077447918376752, 0.36433370341546834, 0.1932182139839585, 1.3956062527639526, 0.4644603133201599, 0.4660077318549156, 0.49903733655810356, 0.2224117163568735, 0.03338881442323327, 0.7615187130868435, 0.5681825635422554, 0.3644922636449337, 0.42720257754748064, 0.46940448083669734, 0.04041776666417718, 0.6522963057006044, 0.44951025337765094, 0.10589189548045397, 0.11269850772805512, 0.9886087854392827, 0.8347199819001713, 0.13714008196257055, 0.9627052322030067, 0.5657580435276032, 0.44994824060371946, 0.5796053307130933, 0.6210266426205635, 0.6130196116864681, 0.17436384269967675, 0.7207371431092422, 0.35258811220733655, 1.196107994232859, 0.44404306864099846, 0.545538743362671, 2.016384243965149, 1.1859405059367418, 0.2685847859829664, 0.19337896537035704, 0.8837007549591362, 0.14165347242461784, 0.11570473713800311, 0.47932682434717816, 0.3185646504163742, 0.6554236263036728, 0.4920229181647301, 0.4269521300281797, 0.3641246985644102, 0.5940033974392074, 0.49943670481443403, 0.6023699015378952, 0.35012765571867166, 0.9722984693944454, 0.5657349739755904, 0.3625478447001014, 0.6079883244819939, 0.3316068220883608, 1.0800585448741913, 0.5112062666032995, 1.0397129748016596, 0.3313703983826073, 0.8241272456943989, 0.47996518734310356, 1.0958513282239437, 0.5401410342504581, 1.4609505353229386, 0.6211150083690882, 0.5673546164639687, 0.7966513363644481, 1.1233824267983437, 0.9674473835621029, 0.7861016194025676, 0.3713763790826003, 0.4297483111066478, 0.5006572529673576, 0.9451021060347558, 0.8515170300379395, 0.6235079626951898, 0.6142326316663197, 0.5333459377288818, 0.3940848565349976, 0.5166039764881134, 0.42794152200222013, 0.6080983767383977, 0.4430881290297423, 0.42104159419735276, 0.4030155837535858, 0.4320275026063124, 0.5355147197842598, 0.4370843358337879, 0.5223373118788004, 0.45603884756565094, 0.6139273470953891, 0.3927835591137409, 0.4036695882678032, 0.3670768958649465, 0.31201227754354477, 0.640062503516674, 0.4073152026782433, 0.589038198813796, 0.6685642653277942]
2025-11-17 07:27:10 - fedit - INFO - loss data:
2025-11-17 07:27:10 - fedit - INFO - [0.5647720657289028, 0.46640345454216003, 0.32518504775668444, 0.5820321717299521, 0.7959992183106286, 0.6406711786985397, 0.5139485327526927, 1.009457885420748, 1.2807619363069533, 0.6900071576237679, 0.3323245915946447, 0.7305004298686981, 0.8354851026087999, 0.6533693543502263, 0.5948792174458504, 0.48860741406679153, 1.0924471020698547, 0.4609753370285034, 0.5640556280102049, 0.5187835212434746, 0.5115244800431861, 0.41677642242598634, 0.4806931274684353, 0.7161599189043045, 0.5351146874683244, 1.0679617896676064, 0.6892749973327705, 0.7302269910772641, 0.5721155827244122, 0.8321394647161167, 0.786731407046318, 0.5907045714557171, 0.6880437582731247, 0.8020045459270477, 0.6682471185922623, 0.7231181412935257, 0.5727700474006789, 0.7947528474032879, 1.2217378243803978, 0.6435753107070923, 0.7340124951941627, 0.6680789838888144, 0.49073862111462013, 0.8186174077647073, 0.558839313685894, 0.630849575889962, 0.6646618396043777, 0.5337817519903183, 0.7255953028798103, 0.6619882911443711, 0.5565608615676563, 0.7057756960391999, 0.39213058131281286, 0.8142058247966426, 0.43074980857116835, 0.5759428735999834, 0.5534846782684326, 0.6129554808139801, 0.6193063482642174, 0.37934163212776184, 0.5913540116910423, 0.3605336584150791, 0.5332009608391672, 0.34856559579364127, 0.9464620181492397, 0.655221052467823, 0.8524643331766129, 0.4837007005698979, 1.3232985734939575, 0.5167538523674011, 0.5101639702916145, 0.43294103795455563, 0.8014777551094692, 0.7711726874113083, 0.5400563503305118, 0.47262438484712654, 1.9029375910758972, 0.5459704273513385, 0.30789610256620664, 0.5442525520920753, 0.5340071387056793, 0.911868516355753, 1.0359084999395742, 1.1114940034846466, 0.36435567986752304, 0.47911056876182556, 0.6799270417541265, 0.8266397230327129, 0.29670753859375654, 1.1337572373449802, 0.6205605793511495, 0.6662614364176989, 1.9154961109161377, 0.9440093698600929, 0.47526948899030685, 0.5056755002588034, 0.7728396579623222, 0.4777685683220625, 0.3747814316302538, 0.6856857681913036, 0.21778179119740212, 0.38383168261498213, 0.17491661133489717, 1.5209032850606101, 0.6575215086340904, 0.8272950146347284, 0.49186413269490004, 0.3007837387600115, 0.11317397095263004, 0.7214180529117584, 0.5675187981022256, 0.3300738873492394, 0.3513557882979512, 0.4350984500059368, 0.05630564223974943, 0.6652963070664555, 0.41153173858397885, 0.30466665886342525, 0.18115115258842707, 0.9699866008013487, 0.8471085709568701, 0.09424542309716344, 1.0084291765732425, 0.4332067542243749, 0.3964139606271471, 0.6987753938883543, 0.5589125081896782, 0.7176678441464901, 0.18366717640310526, 0.6603651898247855, 0.39309718933266896, 1.2074856630393436, 0.43131560273468494, 0.5713099045889045, 1.8978930413722992, 1.0121987154707313, 0.357809042558074, 0.12682536244392395, 0.7392896693199873, 0.21919294892411148, 0.17887352872639894, 0.5118423762420814, 0.4546764731407166, 0.4916980043053627, 0.48656349927186965, 0.5564891568252018, 0.47297126507120474, 0.5733875770653998, 0.5093206904828549, 0.41877701729536054, 0.3595400792021388, 0.78516383189708, 0.7958369949566466, 0.3308969898563292, 0.5085968218876847, 0.27974483370780945, 0.8544435958777155, 0.38451069274118965, 1.0025728642940521, 0.3312808695200242, 0.8433844058641365, 0.42247144558600014, 1.252358727157116, 0.4627669977231158, 1.3479403470243727, 0.5953195256491502, 0.6344381992362047, 0.7474020213953086, 0.6989936158061028, 0.732744638575241, 0.762531965261414, 0.5570614197187953, 0.5157256993864263, 0.5542762950062752, 0.9446371704339981, 0.7069264965830371, 0.8997472982321466, 0.7685303794486182, 1.1721955984830856, 0.7967702510456244, 0.6616124957799911, 0.32376504465937617, 0.47822259601793793, 0.512204653716513, 0.5299017988145351, 0.6622142344713211, 0.5092109590768814, 0.4494031916062037, 0.45976950849095977, 0.5835378356277943, 0.4513169558984893, 0.5047295403323675, 0.348286259919405, 0.44696950614452363, 0.46748774498701096, 0.623241008392402, 0.660911925137043, 0.5041648528228203, 0.7275858651846647, 0.47678216812866075]
2025-11-17 08:11:42 - fedit - INFO - loss data:
2025-11-17 08:11:42 - fedit - INFO - [0.579053125033776, 0.6312309602896373, 0.5712712854146957, 0.5725625306367874, 0.6039777304977179, 1.2128722732886672, 1.421677428483963, 0.7354854196310043, 0.5328234761953354, 0.7357469111680984, 0.4718675600985686, 0.9765894412994385, 0.6225835382938385, 0.49288609251379967, 0.6737856566905975, 1.510440319776535, 0.7338211819529533, 0.6766795575618744, 0.6068533197045326, 0.5151994281914085, 0.4888222445733845, 0.6869076887766521, 0.541188663803041, 0.9201892152428627, 0.6246817857027054, 0.8224039860069752, 0.47420790518323575, 0.8258609652519227, 0.5761520663897197, 0.5370437884703279, 1.2817913790543876, 0.6227108637491863, 0.5197125567744175, 0.9465660899877548, 0.6356265718738239, 0.691443532705307, 2.0954687198003135, 0.9498675564924877, 0.6046921871602535, 0.7894674956798553, 0.5696625982721646, 0.8420101493597031, 0.6994833340247473, 0.7226708779732387, 0.6144863963127136, 0.6250480900208155, 0.5238315157281855, 1.9457598328590393, 0.18969418775911134, 2.090580383936564, 0.880534827709198, 0.6945301691691081, 0.6699629326661427, 0.6841418161988259, 0.592429485420386, 0.6723111309111118, 0.6252425104379653, 0.6617261171340942, 0.6009764969348907, 0.6422348991036415, 0.4767794068902731, 1.391864612698555, 0.23777175477395457, 1.0030220379432042, 0.41731803460667527, 1.2583735585212708, 0.6041176716486614, 0.5257322043180466, 0.6881601115067799, 0.7180181667208672, 0.579282175997893, 0.4257637023925781, 0.5097559131681919, 0.9318721674382686, 0.4641205581525961, 0.3560998204164207, 0.6618172551194828, 0.5209803481896718, 0.5702832962075869, 0.4568066072339813, 0.7314587277670701, 0.4747297440965971, 0.6006515243401129, 0.17871626373380423, 1.9376502931118011, 1.0043607160138588, 1.716390699148178, 0.5272853984497488, 0.9091475619934499, 0.4742711090172331, 0.5085430348912875, 0.5650643929839134, 0.38068192452192307, 0.47159503446891904, 1.1873566702008247, 0.399738073348999, 0.4674491807818413, 0.4864356517791748, 0.3461955220748981, 0.6522348849102855, 0.6861875321095189, 1.0745048155387242, 0.4503531903028488, 0.5126525014638901, 0.41652680188417435, 0.501274918516477, 0.4655065394937992, 0.3891175830115875, 0.49973233478764695, 0.6977663800120354, 0.5055282163123289, 0.5611362233757973, 0.5531051307916641, 0.6247132817904154, 0.4204975925385952, 0.6999936153491338, 0.5288262525573373, 1.0415801505247753, 0.6477631330490112, 0.33211508858948946, 0.4203116128531595, 0.9555895626544952, 0.3666363137153288, 0.2995117946217457, 0.3519883313216269, 0.4402111103137334, 0.4225624869267146, 0.3455884675184886, 0.47156548127532005, 0.445823393529281, 1.1898140162229538, 0.3501622813443343, 0.33314313609153035, 0.47337760478258134, 0.1781559508914749, 1.5759388357400894, 0.4590936933333675, 0.08603749028407037, 1.1805642358958721, 0.42097076028585434, 0.4372218986352285, 1.0177366882562637, 0.6991415222485861, 0.5925449401140213, 0.424450388799111, 0.4915471002459526, 0.6954006619751454, 0.40261596689621604, 0.627534344792366, 0.43080263361334803, 0.568893563747406, 0.595782533288002, 0.419217512011528, 0.46438249945640564, 0.6061191000044346, 0.3564507234841585, 0.7262827008962631, 0.2819710370153189, 0.4461152041951815, 0.4410226047039032, 0.389359500259161, 0.42290422320365906, 0.4394842882951101, 0.31524673135330283, 0.8346170037984848, 0.610079362988472, 0.7117219418287277, 0.4033919249971708, 0.37567983071009314, 0.549707618355751, 0.46466483175754547, 0.44041696190834045, 0.3632937123378118, 0.44087567180395126, 0.38121579090754193, 0.5149935051798821, 0.5894962042570114, 0.43397603556513786, 0.30988829359412196, 0.6277419626712799, 0.529518386721611, 0.34374421313405035, 0.36512513905763627, 0.44260772988200187, 0.6172173656523228, 0.4038654312491417, 0.3420287609100342, 0.4633275518814723, 0.7186616659164429, 0.4316657160719236, 0.43388714641332626, 0.3846547961235046, 0.35971761494874954, 0.6800915598869324, 0.34110246102015174, 0.3644239467879137, 0.4220470070838928, 0.3871018961071968, 0.6620198488235474, 0.4386940568685532]
2025-11-17 16:21:59 - fedit - INFO - loss data:
2025-11-17 16:21:59 - fedit - INFO - [0.5969644722839196, 0.6151285817225773, 0.5528359264135361, 0.5752294182777404, 0.5874991410722334, 0.9300738846262296, 1.67601518034935, 0.7879705429077148, 0.5704896720747152, 0.6846290737390518, 0.4792100949368129, 0.9343979408343633, 0.6333058377106984, 0.48733933456242085, 0.7415489107370377, 1.6125301122665405, 0.7144007757306099, 0.7080124288797378, 0.5640935316681862, 0.4950338780957585, 0.5324689915403724, 0.6685260464747746, 0.5159125697488586, 0.9233622804284096, 0.6040849188963573, 0.7658355608582497, 0.43467720652309555, 0.8601119190454483, 0.5524096575876076, 0.4844627777735392, 1.3025246039032936, 0.5822810182968776, 0.4858948836723963, 0.9029384225606918, 0.5375646005074183, 0.815613384048144, 1.5472284803787866, 0.6462960292895634, 0.6287392303347588, 0.6501457512378692, 0.40761938163389766, 0.8799069494009018, 0.5386687795321147, 0.5816110397378604, 0.5301503861943881, 0.5337009082237879, 0.4540563467890024, 1.961166650056839, 0.17260026031484205, 1.374207211037477, 0.49707113951444626, 0.39640136559804284, 0.5093852033217748, 0.646479295194149, 0.441339581211408, 0.5725097227841616, 0.5380047202110291, 0.6007313206791878, 0.556415006518364, 0.6646585047245026, 0.4095784199113647, 0.7600167840719223, 0.21348206466063857, 0.8635305215915045, 0.29440332217685256, 1.24958332379659, 0.3456888645887375, 0.42950969003140926, 0.545240414639314, 0.6775888539850712, 0.3896661634246508, 0.36681488826870917, 0.5756177306175232, 0.8879038192331791, 0.28386742124954856, 0.31709474781528113, 0.49834501619140303, 0.38060439874728524, 0.4842912256717682, 0.3358098974761864, 0.7838426853219669, 0.3166079459091028, 0.37348499785487854, 0.08777750590040037, 1.6735793948173523, 0.6575009225634858, 1.8287360668182373, 0.3468060930026695, 0.8769122608937323, 0.29661055793985724, 0.3909896651903788, 0.5992000053326288, 0.27729106321930885, 0.6103228454012424, 1.3331816859543324, 0.33291956037282944, 0.3081613667309284, 0.29503659904003143, 0.21208766273533303, 0.6566055123694241, 0.6924735140055418, 0.6436256219943364, 0.3623887524008751, 0.5989871621131897, 0.30387824699282645, 0.304939736922582, 0.34317644461989405, 0.2977634825122853, 0.40844208366858464, 0.6248832434415817, 0.3709053616970778, 0.4710623621940613, 0.47215661257505415, 0.5763952285051346, 0.42761844024062157, 0.49182617043455445, 0.4627565794313947, 0.851481631398201, 0.6176501139998436, 0.23358867992646992, 0.3672651625238359, 0.723876565694809, 0.256300703343004, 0.20777402569850284, 0.23769137247775993, 0.3165759041905403, 0.2604496978223324, 0.23057866133749486, 0.5054999478161335, 0.3920773893284301, 1.0396356545388699, 0.18150970657976967, 0.27239278042688964, 0.3414724014699459, 0.08914972573984414, 1.465937609473864, 0.3248346959784006, 0.047546054799264915, 1.5550098977982998, 0.3220181316137314, 0.3286961644887924, 0.8798502683639526, 0.47183598826328915, 0.6502668157219886, 0.310161417350173, 0.4797162339091301, 0.5407099585980177, 0.3106262081613143, 0.47047238672773045, 0.3743873447179794, 0.5434186220169067, 0.5036941505968571, 0.47231951728463173, 0.39304134994745255, 0.5853659510612488, 0.39204078540205956, 0.5644543096423149, 0.23967930525541306, 0.3200221359729767, 0.36770228296518326, 0.4021615721285343, 0.4155111137777567, 0.26422767837842304, 0.15890391341721016, 0.8260547369718552, 0.5884425491094589, 0.5829773843288422, 0.28161088253060973, 0.204608629612873, 0.4352346692234278, 0.3054913990199566, 0.3748429864645004, 0.24623545942207176, 0.41835514828562737, 0.19433296906451386, 0.4383461568504572, 0.6035147190093995, 0.5242010839283466, 0.18754934519529343, 0.5108164697885513, 0.5089288279414177, 0.349405412375927, 0.28556463941931726, 0.36079162545502186, 0.5963623970746994, 0.30035334676504133, 0.21700976019104323, 0.3581058830022812, 0.582224165648222, 0.287600002810359, 0.24759002402424812, 0.21729929173986118, 0.2928544357419014, 0.731629841029644, 0.22214406753579774, 0.27255288573602837, 0.3654529578983784, 0.22213190669814747, 0.4978710990399122, 0.2777351338416338]
2025-11-21 15:50:08 - fedit - INFO - loss data:
2025-11-21 15:50:08 - fedit - INFO - [0.5619840982769218, 0.7703731556733449, 0.5962595651547113, 0.6726474538445473, 0.6906624600291252, 0.5967983797192573, 0.5747622645327023, 0.8383914977312088, 0.5898812912404537, 0.6255828700959682, 0.6386965952813626, 0.6030343538948468, 0.6721938386559486, 0.5735630331294878, 0.800519622862339, 0.550043860077858, 0.6223545801426683, 0.5378544245447432, 0.530298407056502, 0.6678147599101066, 0.5834325388073921, 0.5506038881838322, 0.6172005161643028, 0.5066962655456293, 0.70131825953722, 0.6524622678756714, 0.46399741960423335, 0.4215131508452552, 0.5947533693341982, 0.4104439532118184, 0.45542691956673353, 0.5314908765256405, 0.5092960314026901, 0.4185205764004163, 0.5225731380283832, 0.5867471143603324, 0.5448177407185237, 0.5022182439764341, 0.5116674398382505, 0.5137225724756718, 0.41786211423043695, 0.3978887035378388, 0.46583904751709526, 0.5164401647945245, 0.3446807616523334, 0.5275558337569237, 0.5048961400985718, 0.5159998732308546, 0.45021461695432663, 0.46122493110597135, 0.4774352863430977, 0.39577893503010275, 0.49409930913576056, 0.4479508387545744, 0.3902024502555529, 0.44335855157779797, 0.3313113638155517, 0.6581431962549686, 0.4131550505047753, 0.3236777839916093, 0.5095813050866127, 0.47863517701625824, 0.4422528641919295, 0.3064965293343578, 0.3902644939720631, 0.3391685650373498, 0.5082226941982905, 0.4473890237510204, 0.4095675180355708, 0.46716494485735893, 0.4440162964165211, 0.40461431530614694, 0.32488882042733686, 0.5781992420554161, 0.35755868380268413, 0.377979569456407, 0.3357711664534041, 0.3410112544894218, 0.3244499416489686, 0.6143060758709907, 0.4020639777715717, 0.34466269947588446, 0.444738378127416, 0.27740123216062784, 0.3011241827692304, 0.48792254800597823, 0.3836084036156535, 0.2798794897406229, 0.2937788948239315, 0.32354983588059744, 0.3588449861854315, 0.3457456659525633, 0.3668002253398299, 0.40606324720595566, 0.21314470948917524, 1.1665808483958244, 0.38131282664835453, 0.28628283120425685, 0.5272396050393582, 0.35231483044723666, 0.3233132421970367, 0.37541683912277224, 0.3236226744949818, 0.25626658846934636, 0.3599087703973055, 0.31728242384269834, 0.29502411242574456, 0.28459114017896353, 0.5272648949176073, 0.4492620948702097, 0.3014233456037584, 0.780655037611723, 0.3382761921733618, 0.3075866064056754, 0.5577476937323809, 0.40928174244860804, 0.19184939310486826, 0.9277959853410721, 0.3042426896591981, 0.34522405763467157, 0.3145105087508758, 0.20626210017750662, 0.3602983532473445, 0.675684400568051, 0.2765746268754204, 0.2760443750502808, 0.2511322766542435, 0.3018199192980925, 0.15826146239414812, 0.14740962942263908, 0.25598601974169943, 1.114625234156847, 0.2548285181944569, 0.3066519064828753, 0.327674338594079, 0.4702148584648967, 0.40902275778353214, 0.5261807858145663, 0.9366750173270703, 0.2691840870305896, 0.3218694900162518, 0.4124152245266097, 0.7086085453629494, 0.1778396505596382, 0.30758792422711845, 0.26971336314454675, 0.4722760065591761, 0.17666300375103242, 0.723545835663875, 0.18030212920691285, 0.3458206771739892, 0.16009855291673114, 0.3150542004654805, 0.30192890353500845, 0.34789035506546495, 0.4785337783396244, 0.22821138699849447, 0.47424903735518453, 0.3156235504895449, 0.3404636186148439, 0.3199097416053216, 0.45547895804047583, 0.24847976258024573, 0.36740655957588125, 0.32432280350476506, 0.38519289354527636, 0.18525776030229668, 0.1973585419223777, 0.2918877216676871, 0.22948710254083077, 0.4635000373902065, 0.2937535375356674, 0.20509484261274338, 0.21796598428239425, 0.4196612077099936, 0.4273051619529724, 0.20317789539694786, 0.4604772169675146, 0.20021598599851131, 0.28246782448674956, 0.6485261273171221, 0.5840695382406315, 0.2992670129984617, 0.26498646549880506, 0.2663495386019349, 0.25330846783305916, 0.25633904284664566, 0.3030601467937231, 0.4761259391903877, 0.3153548560415705, 0.25020065568387506, 0.38236397532746197, 0.3500040741637349, 0.5188822373747826, 0.46386586129665375, 0.36963231638073923, 0.2972433563321829, 0.2569461954491479, 0.21861124988645314, 0.34047297375010593]
2025-11-21 18:54:02 - fedit - INFO - loss data:
2025-11-21 18:54:02 - fedit - INFO - [0.5619840982769218, 0.770373210310936, 0.5962595763305822, 0.6726474637786548, 0.6906624391674996, 0.5967984269062678, 0.5747618691197464, 0.8383983994523685, 0.589888369930642, 0.6254911956687768, 0.6386284373700619, 0.6031665742397309, 0.6721873427430789, 0.5740746574742454, 0.7990066334605217, 0.5489442877471447, 0.6212582970304148, 0.5376217580267362, 0.5309240881885802, 0.6652948945760727, 0.5826185300946236, 0.548977991193533, 0.6146607547998428, 0.5058433409957659, 0.7027875550091267, 0.6521899685263634, 0.46049788487809046, 0.42128447150545467, 0.5938641116732642, 0.4076744043401309, 0.45421183535030907, 0.5303960703313351, 0.5060315825754688, 0.4153674629117761, 0.5223736837506294, 0.5889286309480667, 0.5451354409257572, 0.501195281992356, 0.5063640000919502, 0.5223720446228981, 0.4176967921001571, 0.3961403584551243, 0.4668154762791735, 0.516059177617232, 0.3433104921132326, 0.5236469075083733, 0.5005898751318455, 0.5141306785245736, 0.4504204864303271, 0.45934699364006515, 0.47781375274062154, 0.39455034397542477, 0.49818674474954605, 0.45144240061442054, 0.3868812558551629, 0.43159435596317053, 0.3332707887249333, 0.6490602850914001, 0.4147336106924784, 0.3245015165103333, 0.5252879758675894, 0.48056174293160436, 0.4423676254848639, 0.3036575032132013, 0.3912451654672623, 0.34202092519650856, 0.5050969946952093, 0.44698103591799737, 0.4104137296477953, 0.47064316757023333, 0.45603000111877917, 0.4049710586667061, 0.329892002223503, 0.5797322377562523, 0.36491233482956886, 0.37445965989359786, 0.33995080164500646, 0.3443609764178594, 0.3252267744658249, 0.6165214665234089, 0.4015617695237909, 0.3414256547710725, 0.4517650480071703, 0.2761459917362247, 0.3011113004492862, 0.49703595476845897, 0.390751512854227, 0.2805908660071769, 0.29891363052385195, 0.3225469102462133, 0.3588461946696043, 0.3493539087474346, 0.37074531000107525, 0.4109565387346915, 0.21716405888132395, 1.1495583057403564, 0.38306107111275195, 0.28113966707938487, 0.5257341682910919, 0.3579796378811201, 0.3251757358511289, 0.37714620269835, 0.3234255602583289, 0.2557282707343499, 0.3699157748371363, 0.32086409935727717, 0.29872158728539944, 0.280990624288097, 0.5248832236975431, 0.4465648852288723, 0.2935078132099339, 0.789852288365364, 0.3409620217978954, 0.3107291949912906, 0.5649345647543669, 0.39813262348373735, 0.1941274641347783, 0.9427400171756745, 0.31014396796623867, 0.3455051382382711, 0.314344289402167, 0.20648679795364538, 0.3727153100605522, 0.6647795414152954, 0.28556620093683405, 0.2753259436094335, 0.2516846600919962, 0.3035133847345909, 0.15638194624334573, 0.1475573938739087, 0.2609715557856751, 1.1078775064088404, 0.2581215684612592, 0.30622156653553245, 0.355116656050086, 0.444929313659668, 0.4014170771198613, 0.5362232443211334, 0.9134391017258168, 0.2723695542663336, 0.30855567278340457, 0.42592834628054077, 0.7025025967508555, 0.1784501949524773, 0.3104230215772986, 0.2712534949183464, 0.4750735592097044, 0.17679685447365046, 0.7282216145346562, 0.17533031584961073, 0.35144272659506115, 0.15797452671187262, 0.31788187387088934, 0.30143458060920236, 0.34768082909286024, 0.5125292204320431, 0.23464807141572236, 0.48382516764104366, 0.32844853078325587, 0.3351511667881693, 0.31840850512186686, 0.46050253622233867, 0.24936467753723265, 0.36460484867649423, 0.3382273381575942, 0.387182687209653, 0.1843960895070008, 0.19559830501675607, 0.2880518056452274, 0.23363968196014562, 0.47125833448288695, 0.2941261770203709, 0.20752041917294264, 0.2192905320475499, 0.4185674684920482, 0.4288582932204008, 0.20772850296149653, 0.4582038324858461, 0.1984615831946333, 0.2876194816481854, 0.6728798055223056, 0.5773716559633613, 0.29515387341380117, 0.2713289405219257, 0.2718766564503312, 0.268526343362672, 0.25159378283257994, 0.30366940796375275, 0.4772468861192465, 0.31893754023171605, 0.24869557060301303, 0.382156983949244, 0.34473942760378123, 0.5148087609559298, 0.4483294847110907, 0.37946794033050535, 0.2993888545781374, 0.25368482100644285, 0.22324606794863938, 0.33580958680914985]
2025-11-21 21:33:58 - fedit - INFO - loss data:
2025-11-21 21:33:58 - fedit - INFO - [0.4425135284662247, 0.6625316590070724, 0.61264115460217, 0.7961836323142052, 0.7563271299004555, 0.6664226092398167, 0.8434548228979111, 0.515576546266675, 0.6548271560834513, 0.5815685920417308, 0.4602631824091077, 0.6104593508773379, 0.4567261084914207, 0.6621174085885286, 0.606449942290783, 0.4230489074718207, 0.6585697188973427, 0.7549637340009212, 0.5741406774355305, 0.5808686196804047, 0.44058131128549577, 0.8079265043139457, 0.6275121327489614, 0.5774065494537354, 0.4863276407122612, 0.855438282340765, 0.32235245569609106, 1.124611945822835, 0.5863352920860052, 0.6010497538372874, 0.41673831567168235, 0.6159526109695435, 0.5715318361918131, 0.3850640761666, 1.3059086188673974, 0.5357387911528348, 0.47536919862031934, 0.4837126467997829, 0.6419764310121536, 0.6120311781764031, 0.4951390942558646, 0.40869243890047074, 0.5106740409508348, 0.5015025399625301, 0.45055570229887965, 0.4324626230531269, 0.5219089187681675, 0.5298503186553717, 0.6100762192159891, 0.46439880058169364, 0.4669580617919564, 0.5260503146797418, 0.5650569871068001, 0.2982069238606426, 1.2252839552238584, 0.4417457921430469, 0.48008379340171814, 0.289658859372139, 0.2909103589132428, 0.5441966339945793, 0.516496011056006, 0.4450052112340927, 0.48686771374195814, 0.3282190602272749, 0.3966335754841566, 0.5502576830072535, 0.7386719230562449, 1.0525279849767686, 0.44043671414256097, 0.2255727920681238, 0.4000395755800936, 0.261625200510025, 0.31041983331087974, 0.3442864485085011, 0.290417517721653, 0.8902533665299416, 0.41372890397906303, 0.3632354655613502, 0.27666579000651836, 0.403383725695312, 0.9143562026321888, 0.734144477918744, 0.38016002968781526, 0.386767004057765, 0.3695918433368206, 0.2898676192594899, 0.6043858788907528, 0.5536430057138204, 0.32212644126266243, 0.8191348873078823, 0.40897591719403864, 0.31609970120092235, 0.4753816451877355, 0.347842188179493, 0.7414781302213669, 1.1487236246466637, 0.3663448166102171, 0.36777428071945906, 0.540711368744572, 0.3689097883179784, 0.36934168282896285, 0.3638767097145319, 0.2200708220816321, 0.526940634008497, 0.5772369870916009, 0.5134864870458842, 0.4962299935519695, 0.345902654963235, 0.3208533633500338, 0.6745838329195977, 0.3508184071630239, 0.36408625841140746, 0.5098818629048765, 0.507592935115099, 0.3360270180532502, 0.2752496927148766, 0.25758961364626887, 0.49367351569235324, 0.383608668204397, 0.4742492660880089, 0.23568580870827038, 0.32812280375510455, 0.9672355562448501, 0.3363507051020861, 0.5847784999758006, 0.24891249379143118, 0.4483930140733719, 0.20711356671527026, 0.22983261249545547, 0.14064036537893118, 0.8927460297942161, 0.5365958698093891, 0.22545050736516714, 0.19534413581714033, 0.539216473698616, 0.23665563035756348, 0.2582734227180481, 0.5859209783375263, 0.5348411846905947, 0.8204396490938961, 0.4921661253190703, 0.2362535024061799, 0.692227220783631, 0.3753662068396807, 0.5556269731993476, 0.5769102217629551, 0.19481842052191495, 0.3196463934145868, 0.5505059160292148, 0.30385997602716086, 0.39926324412226677, 0.49071382265537977, 0.4950609864253137, 0.43737769024446604, 0.09016609095657865, 0.7948588589206338, 0.4945543804205954, 0.21876763328909873, 0.4746131813774507, 0.3399245007429272, 0.3409343853592873, 0.2520369728095829, 0.36350024905987083, 0.3640364455059171, 0.3132217187848356, 0.46815142724663017, 0.4616746701300144, 0.24212229125615622, 0.4436821524053812, 0.2504725707694888, 0.2318224620539695, 0.3895546548482445, 0.3388509213458747, 0.2858595525638925, 0.49625809909775853, 0.28210735842585566, 0.5837103731930255, 0.2551797503605485, 0.3592913024127483, 0.35749874128960074, 0.5019165143370629, 0.30718119954690337, 0.2201574649196118, 0.7873033180832862, 0.3805127885606554, 0.2874327122751209, 0.39513607919216154, 0.4123239666223526, 0.4064991337557634, 0.3521991167217493, 0.6482486128807068, 0.41970592699944975, 0.2936483272247844, 0.5425033569335938, 0.44313553571701053, 0.28772779982537033, 0.2896972466674116, 0.5178860764950514, 0.42385777942836284, 0.4318354215472937]
2025-11-22 00:02:05 - fedit - INFO - loss data:
2025-11-22 00:02:05 - fedit - INFO - [0.5848430589373623, 0.7172279469668865, 0.5166198180190155, 0.5522412564605474, 0.8249503530561924, 0.5367072124034167, 1.2607197642326355, 0.6814920604228973, 0.7032812088727951, 0.6883545905351639, 0.6844903662800789, 0.4929693160578609, 0.7096411343663931, 0.49142135865986347, 0.4187639350071549, 0.4371511193125376, 0.8542958036065101, 0.7751308297738433, 0.6319436100311577, 0.7278958063572645, 0.6534895412623882, 0.4488472073338926, 0.6005702731665223, 0.6115548424422741, 0.6933685511350631, 0.5762195405550301, 0.3536185394972563, 0.44560886546969414, 0.7496208790689707, 0.3614852496289781, 0.7158932592719793, 0.5181315876543522, 0.302059078309685, 0.2930822700395116, 0.8278543539345264, 0.4667654363438487, 0.5170456683263183, 0.9000491127371788, 0.48752802014350893, 0.23990542941859788, 0.7215690471231937, 1.4475481861404011, 0.253085072578064, 0.7555362284183502, 0.3090555599491511, 0.540197410620749, 0.41458040475845337, 0.4062208858185581, 1.0226847559213639, 0.6730297990143299, 0.35709430197519915, 0.6572785280644894, 1.2716990023851396, 0.48832365619018675, 0.3944628865325025, 0.23067838066656676, 0.4475874586829117, 0.36881358567625283, 0.6791605599224567, 0.35423907805234195, 0.16088785899004765, 0.3907412645140929, 0.8653760869055986, 0.43196372520178555, 0.43177838910903255, 0.9732527947053313, 0.269582842476666, 0.4099715595532741, 0.874522790312767, 0.4879477296024561, 0.42159706223756077, 0.8250894002616406, 0.91726865619421, 0.4348679665476084, 0.6135777056217193, 0.5328431084752083, 0.5881510820472613, 0.19816001495346428, 0.3401389663756293, 0.7765441257506609, 0.329442418506369, 0.28394944723695514, 0.8422641456127167, 0.4849748142063618, 0.3520031581632793, 0.6218202797695994, 1.2670641079545022, 0.3966797287808731, 0.3067728742691023, 0.6443160695780534, 0.5799091034568846, 0.5246706623584032, 0.2754049020819366, 0.29169481452554463, 0.40744089540094136, 0.5657637920230627, 0.45363559359684585, 0.4429091979749501, 0.5268291607499123, 0.5073559749871492, 0.6146039068698883, 0.11318965246900917, 0.49784154649823903, 0.31797597254626453, 0.3902579194866121, 0.29250385268824175, 0.22782889090345373, 0.45701661850325764, 0.5442245038691909, 0.7993607491254806, 0.4298489362699911, 0.29577683225340606, 0.69672516528517, 1.4891557283699512, 0.24309940564313104, 0.8069327184930444, 0.27638575523160397, 0.2823677137261257, 0.2809761146349566, 0.3415528375655413, 0.5282985386904329, 0.11097884507118058, 0.11049480754882098, 0.44614327177405355, 0.16705589676608465, 0.2992187102790922, 0.20374274679925294, 0.4848673339583911, 0.4947334220632911, 0.6243928335607052, 1.5208474159240724, 0.6814079924486578, 0.8166804310167208, 0.45210929826966356, 0.41858059378604856, 0.042491930049644515, 0.8303091436624527, 0.28466990515589713, 0.4207196896895766, 0.19987957063131034, 0.358406335581094, 0.9652857241308084, 0.6393289472907782, 0.35422169310040774, 0.9288843378424645, 0.830038370937109, 0.28408514270558954, 0.32921977415680886, 0.356738125346601, 0.19167911033146082, 0.38957852050662045, 0.4089912097901106, 0.6511875048279763, 0.4006776761380024, 0.4460618017241359, 0.2408845209982246, 0.33066499046981335, 0.5513212876394391, 0.2357893152428525, 0.4400009363889694, 0.04877889829554728, 0.7543831937946379, 1.161486875731498, 0.37305952136271764, 0.4985519057606455, 0.2726031241938472, 0.2532968804705888, 0.35575488177128134, 0.8052075464677598, 0.5437748389551416, 0.7687994211912155, 0.50054096442841, 0.29129263542126865, 0.36367222103955493, 1.8583506375551224, 0.8490861630067229, 0.5450426847673953, 0.9068989306688309, 0.23751142439432443, 0.19080076985992492, 1.335760237276554, 0.5027880932670087, 0.4422353089787066, 0.3758036122554976, 1.4222958038960183, 1.8208091974258422, 0.6856335530756041, 0.3447797262575477, 0.6309767432510853, 0.912285327911377, 1.4735053446076791, 0.44942410902622215, 0.3530381250020582, 1.3500355303287506, 1.0662317603826523, 0.5849599917419255, 0.32893552772168605, 0.33991738213226197, 0.13325420260662213, 0.15798452915623784]
2025-11-25 10:08:52 - fedit - INFO - loss data:
2025-11-25 10:08:52 - fedit - INFO - [0.5614042689225504, 0.7821132615208626, 0.5872923245032629, 0.6082917178670566, 0.6826895594596862, 0.6135089096923669, 0.6645916093673025, 0.9111395354072254, 0.6037125380975858, 0.6073552067081134, 0.6394341871142387, 0.6317930270518575, 0.6757447317242622, 0.6003083031092371, 0.7975603565573692, 0.5896512776613235, 0.723202440568379, 0.5635084695049695, 0.5846673851566655, 0.7440938755869866, 0.6023984976112843, 0.583929231762886, 0.6953022976716359, 0.5305198044294402, 0.764765091985464, 0.6869139224290848, 0.4957391598394939, 0.4114985120083604, 0.6346685889930952, 0.458594164358718, 0.4954157689852374, 0.5656049311161041, 0.6005095724193823, 0.47029171564749306, 0.5450253434479236, 0.6368643760681152, 0.5551161170005798, 0.545313639442126, 0.554048267006874, 0.5830307950576146, 0.44233714374048366, 0.4652697826247839, 0.5297236928982394, 0.5781465155382951, 0.38113145849534447, 0.6188270725309849, 0.6303825855255127, 0.5848016647001107, 0.5255686193704605, 0.5267901763319969, 0.5562775231897832, 0.4776429869234562, 0.5436438444469656, 0.5058973530928293, 0.4936498701572418, 0.4436900700841631, 0.4629900608034361, 0.6431395225226879, 0.45292137616447037, 0.41434492553983415, 0.5625365128119787, 0.5769764386117459, 0.5161820456385613, 0.3901286836181368, 0.4635873023420572, 0.43370448177059495, 0.513821211776563, 0.5346236266195774, 0.5183920559783777, 0.50478655397892, 0.4915927119553089, 0.4755413753290971, 0.4724031278774852, 0.8988249063491821, 0.5604342098037401, 0.4876954559768949, 0.4260765007564, 0.42012862836321196, 0.3969573427523886, 0.528761176019907, 0.4862573838659695, 0.40157855876854487, 0.44237596044937766, 0.36896120277898653, 0.3755688931792974, 0.5128130825857321, 0.43604020747755257, 0.37705294343509843, 0.4747823067009449, 0.44711142852902414, 0.46503319442272184, 0.4495547883212566, 0.37160829156637193, 0.4861015014483461, 0.272199403849386, 1.0486504882574081, 0.6135549020022154, 0.5681572045598711, 0.535936214029789, 0.42184831450382865, 0.433338238671422, 0.49148155475656186, 0.4240497281774879, 0.40504664480686187, 0.45757471323013305, 0.38138741888105865, 0.39928307943046093, 0.3863290995359421, 0.3966767191886902, 0.3757522189989686, 0.44757822785703905, 0.7456395298242569, 0.44605938978493215, 0.41951464042067527, 0.40211993642151356, 0.4627444731692473, 0.2574145608537254, 0.8154407255351543, 0.4142206571996212, 0.5849975484112898, 0.44831194107731187, 0.35773958737651507, 0.37101686905537334, 0.5894925094076565, 0.42010373522837957, 0.37522089974954725, 0.38250401616096497, 0.48161929100751877, 0.2853527938148805, 0.2958926075803382, 0.34652225903811906, 0.7837801165878773, 0.3856811225414276, 0.41797060072422026, 0.33041090394059813, 0.45225735381245613, 0.5647775882056781, 0.4968808245446001, 0.7291788063943386, 0.40306428745388984, 0.37360894195735456, 0.49707151111215353, 0.5157149665057659, 0.327169688471726, 0.41841124184429646, 0.37298357523977754, 0.5177928496684348, 0.3141039012975636, 0.5503489462037882, 0.3002171670219728, 0.4505895867943764, 0.2856894385069609, 0.4400621275107066, 0.4228393216927846, 0.4845078021287918, 0.46026064455509186, 0.39089277014136314, 0.4537250779569149, 0.3918724921842416, 0.5774913504719734, 0.43674584701657293, 0.4589361175894737, 0.35198778957128524, 0.47997363427920003, 0.3783072128891945, 0.5401710016386849, 0.34585294111498766, 0.37838121445051265, 0.44420582478245096, 0.36809691662589705, 0.4777019055826323, 0.40318202078342436, 0.39943507326145966, 0.3812776253869136, 0.5112477247204099, 0.44435615518263405, 0.3587856590747833, 0.4164259476321084, 0.3304528097311656, 0.44565743984920636, 0.4712839328816959, 0.4698891118168831, 0.42711313590407374, 0.40624747797846794, 0.38533244108160336, 0.38167403957673485, 0.378055124516998, 0.43552484512329104, 0.6023094590753317, 0.40927560024318244, 0.40037690028548245, 0.454150652512908, 0.5837724737823009, 0.5234149768948555, 0.44776585325598717, 0.43800476752221584, 0.42416220493614676, 0.41446103155612946, 0.375496194884181, 0.4920491752347776]
2025-11-25 11:58:47 - fedit - INFO - loss data:
2025-11-25 11:58:47 - fedit - INFO - [0.43491037450730796, 0.6548120379447937, 0.6102305427193642, 0.8482028439640998, 0.6822945028543472, 0.747111190110445, 0.9184422492980957, 0.48674091026186944, 0.6557201735675335, 0.6046623058617115, 0.49415167085826395, 0.6214991576141782, 0.48548084031790495, 0.6460247449576855, 0.691669212281704, 0.45284713413566346, 0.6964975871145725, 0.7369926135987044, 0.5690356797228256, 0.5819413766264916, 0.4310681723058224, 0.7930705808103085, 0.6477730315592554, 0.6170808389782906, 0.5081349290907383, 1.0338358849287033, 0.41038859263062477, 1.1798145566135645, 0.6130986467003823, 0.6560904178768396, 0.42099421098828316, 0.7201769277453423, 0.667142154276371, 0.4930092878639698, 0.8621179267764092, 0.5892944682389498, 0.5423100039362907, 0.5356742733468612, 0.6594400703907013, 0.6638659864664078, 0.5570554863661528, 0.4587922379374504, 0.6296454567462206, 0.51201555095613, 0.4891217745840549, 0.5064076705525319, 0.5839294634759427, 0.5575695246458053, 0.7232307478785515, 0.507868716865778, 0.5093574462872412, 0.5946099311113358, 0.6208710253238678, 0.3641979241950644, 1.225891756825149, 0.5567688126116991, 0.5896101966500282, 0.33058940768241885, 0.3228433854877949, 0.7471905373036861, 0.5848047789186239, 0.5641880460083485, 0.5930473553016782, 0.43089411575347186, 0.5355970852077008, 0.5329408895224332, 0.6986346727237105, 1.0193413686007262, 0.4905405715107918, 0.278015011548996, 0.5129960162772073, 0.38167825589577353, 0.3514483096078038, 0.4264673851430416, 0.3802004180848598, 1.0443632781505585, 0.49116058126091955, 0.40649281400773263, 0.344836022425443, 0.512657853960991, 1.0358622521162033, 0.8692616783082485, 0.4674797610276275, 0.4650777891278267, 0.46372226923704146, 0.4012413341552019, 0.6817660825327039, 0.8569990828633308, 0.4601908426731825, 0.7706447131931782, 0.4970050862058997, 0.4173195272270176, 0.5743041723966599, 0.41809616088867185, 0.7328910926356912, 1.0892567560076714, 0.43248609714210035, 0.48721857406198976, 0.5526287274228202, 0.4801792100071907, 0.45124288499355314, 0.44880884531885384, 0.31532944525695505, 0.5333147440105677, 0.5947451144456863, 0.5578126236796379, 0.7270266987383366, 0.44227997016989523, 0.5004286989569664, 0.8142923943698406, 0.3985580071806908, 0.44954349547624584, 0.5997306210920215, 0.6744339913129807, 0.434560696180496, 0.3823003258142207, 0.3611765164881945, 0.5922272324562072, 0.5350030774250627, 0.6574717462062836, 0.28589558021889794, 0.42040006443858147, 0.7499345541000366, 0.514451264590025, 0.7997309431433678, 0.4216436672955751, 0.593776236474514, 0.3271763060241938, 0.3452264839990271, 0.21900403471663593, 0.9834051676094532, 0.5587281975895166, 0.35012696627527473, 0.25160074755549433, 0.5798375215381384, 0.38449584208428855, 0.37909752018749715, 0.682344070635736, 0.5530662424862385, 0.8441473234444856, 0.5542297570241822, 0.37694862224161624, 0.6998820400072469, 0.44584045335650446, 0.5789613632692231, 0.7211299981921911, 0.32130927070975307, 0.4578446913510561, 0.6519762635231018, 0.3982837175950408, 0.49815805777907374, 0.509472643584013, 0.4810077580105927, 0.5229456875473261, 0.16780050850162903, 0.8891449132934213, 0.5913855787366629, 0.39472041465342045, 0.5077660252650579, 0.46371026523411274, 0.4668541021645069, 0.3641206595115364, 0.5383829314261674, 0.5539856052026153, 0.487281141595708, 0.5380599366500973, 0.5217154249548912, 0.39316162425610757, 0.5509409509599209, 0.38837078809738157, 0.3975326009094715, 0.43737557323442566, 0.4752171769738197, 0.42987772524356843, 0.5592158548533916, 0.4019511852413416, 0.6215730085968971, 0.3708418976515532, 0.5017376437783241, 0.5049890739843249, 0.5692424904555082, 0.4497401203960181, 0.34357853289693596, 0.7951754286885262, 0.5044182971947724, 0.4743050480882327, 0.6138423010706902, 0.6292078718543053, 0.4836812913417816, 0.5078888610005379, 0.5987044423818588, 0.5218435794115066, 0.4285320430994034, 0.606317500770092, 0.4940315205603838, 0.4148403450846672, 0.41245953258540896, 0.5676034078001976, 0.5308644942939281, 0.5310004077851772]
2025-11-25 15:02:13 - fedit - INFO - loss data:
2025-11-25 15:02:13 - fedit - INFO - [0.604501330426761, 0.6571371871978045, 0.5336151857461249, 0.5792063775339297, 0.8475312121212483, 0.5242211453616619, 1.3289157003164291, 0.7191428318619728, 0.688045546412468, 0.6815997749567032, 0.6882114976644516, 0.5131657835628305, 0.7688475102186203, 0.4507106093224138, 0.4233826924115419, 0.4788995439386261, 0.7632022947072983, 0.7540009245276451, 0.5810221191495657, 0.747950242832303, 0.6431322656571865, 0.4562291972339153, 0.598344502877444, 0.6042418051511049, 0.7085893727838993, 0.556599325267598, 0.3860732755623758, 0.47902517206966877, 0.783910920843482, 0.3969515757901328, 0.7596134133636951, 0.5569826766848565, 0.36441247835755347, 0.34918894126479116, 0.8279778389260173, 0.5597045551985502, 0.5101369526237249, 0.8962394651025534, 0.5227479308843612, 0.29482319285827024, 0.7341619443148375, 1.1539983227849007, 0.30331447065940925, 0.8146735765039921, 0.3670645416581205, 0.6034875024110079, 0.4505713079124689, 0.48916268018739567, 0.768747866153717, 0.6804057024419308, 0.40027289119149956, 0.6876241870224475, 1.1085828438401222, 0.5039869092404843, 0.47082409555358545, 0.28737822234896676, 0.45929857103952343, 0.43326810374855995, 0.6450030878186226, 0.44104241020977497, 0.23340506362063546, 0.5431171263168965, 0.7425300441682339, 0.48158884290605786, 0.4881084307762129, 0.7975462401285768, 0.3266277120448649, 0.5202150530847055, 0.8273170664906502, 0.5718586292117834, 0.42705603409558535, 1.0523558083921671, 0.8056948743760586, 0.43839286491274837, 0.6340618327260017, 0.588446731120348, 0.5040526069933549, 0.2948520315811038, 0.46377434169075316, 0.5958590395748615, 0.4386490573175251, 0.38423255328089, 0.7883507162332535, 0.541297833994031, 0.3991784964688122, 0.6792793828994036, 1.2402384251356124, 0.427974368724972, 0.3773697659905468, 0.665130851790309, 0.5411994401365519, 0.5726055167615414, 0.3689199207350612, 0.36528715528547767, 0.44421049002557994, 0.5658967614173889, 0.38568144142627714, 0.5140896541066468, 0.5930901862680912, 0.5683007948100567, 0.5485899776220322, 0.20219807276236157, 0.5318775943480432, 0.42405671440064907, 0.391934041492641, 0.38932180730625987, 0.3579346745141915, 0.45067951679229734, 0.5003290042281151, 0.7729939833283425, 0.422161384485662, 0.37431993096002514, 0.7364959221333265, 1.4805600009858608, 0.3168761065229774, 0.7501921374350786, 0.38771666878601535, 0.3789731446653605, 0.41330299420016153, 0.40149260298348965, 0.6456044998019934, 0.21344594423260008, 0.20462503121234477, 0.5491263452917338, 0.2680190900074584, 0.3751772657968104, 0.30925437761470675, 0.4370884073432535, 0.5561329359261435, 0.6219195123761893, 1.0748866856098176, 0.6315803930163384, 0.6774802475702018, 0.4805391433515719, 0.6920853484688061, 0.14294082108618955, 0.818818848580122, 0.34805000806227326, 0.49967196099460126, 0.32597960177809004, 0.416641800571233, 0.7292617051280104, 0.5755218034610152, 0.3647910850122571, 0.7460841417312623, 0.7288880616426467, 0.37352440133690834, 0.45244591645896437, 0.45914522670209407, 0.3420474823564291, 0.4685313381254673, 0.49443059749901297, 0.6270018510520459, 0.4706332070752978, 0.5412161730229854, 0.3692082464927807, 0.5255332100205123, 0.6394107285887003, 0.3498142593141113, 0.4451194917783141, 0.15382619332522154, 0.6836822398938238, 0.8394639799371362, 0.40929840159203323, 0.6502750521259648, 0.34808507170528175, 0.3417697108350694, 0.40641793580725794, 0.7834198868700436, 0.41586522283032534, 0.6784069582819938, 0.7857506927102804, 0.3756641086190939, 0.3977736881268876, 1.3927907705307008, 0.7636657860130072, 0.4771677498938516, 0.6957052201032639, 0.3484868513420224, 0.3404374333098531, 1.1101233310997487, 0.391546949185431, 0.444233525544405, 0.4234651805100904, 1.0051102428297911, 1.3524035453796386, 0.6411157303955406, 0.4494694026187062, 0.6715011194348335, 0.7278618216514587, 1.1874969510361553, 0.6215146200847812, 0.5120592758757994, 1.1271257936954497, 0.9412677586078644, 0.46845841500908136, 0.3659594175006662, 0.44444836098700763, 0.25869325481887373, 0.2554477697038757]
2025-12-17 21:56:16 - fedit - INFO - loss data:
2025-12-17 21:56:16 - fedit - INFO - [0.4793017443269491, 0.6942556034241404, 0.6969948902726173, 0.6711827740073204, 0.4479933615507824, 0.39257975094286457, 0.7858577638864517, 0.6007599779537747, 0.5503458711318672, 0.7171408866133009, 0.7119138211011886, 0.5659448018031461, 0.5713130787014962, 0.4918790246626096, 0.663611362874508, 0.47445762886532716, 0.6245353229343891, 0.38593031890424234, 0.36825168647670325, 0.4222795952643667, 0.6251656487584114, 0.5569941334426403, 0.38996831108150737, 0.3862129747069308, 0.5227104197256267, 0.5275237040328128, 0.6180508501827717, 0.3665748878781285, 0.5112998558674007, 0.39599522906355555, 0.38668030509725215, 0.5905490756034851, 0.4120695099766765, 0.3302410600706935, 0.6374181754887104, 0.37750990759315234, 0.32158738989382984, 0.5393930032849312, 0.3264740782295121, 0.38049511070130393, 0.31343969621229917, 0.5244259752333165, 0.24464894477277993, 0.32227571272524075, 0.47377187891730244, 0.3526119583635591, 0.29444019242655484, 0.4710513256490231, 0.16203591054301275, 0.16675042452822839, 0.2435040830168873, 0.22689165194460656, 0.4717679493129253, 0.3478653443445052, 0.46865231029223653, 0.5321126908063889, 0.28285372629761696, 0.1935783752057302, 0.4574432000517845, 0.15225038175205036, 0.4411358814686537, 0.3176722730210583, 0.42521903067827227, 0.13619084636780565, 0.30900037915978046, 0.3846746448543854, 0.39810583028676255, 0.3529193285852671, 0.22642909200263342, 0.4846081409603358, 0.2610875123446541, 0.36711425334215164, 0.22009097691625357, 0.3566093612462282, 0.29464453051997613, 0.4483306597918272, 0.275823133535284, 0.20691360739458886, 0.20092528394889086, 0.2178961226201084, 0.4023578353226185, 0.19908703282126225, 0.2673556591034867, 0.1966624584980309, 0.4223781354725361, 0.2391987035050988, 0.24618352446705102, 0.12394046238883416, 0.37629269659519193, 0.2611504323780537, 0.34681284768240794, 0.43204818405210976, 0.2696769089371498, 0.25709025469841434, 0.30534328131803445, 0.37913593034609216, 0.176333473745035, 0.3551037307828665, 0.34526668302714825, 0.3237426383420825, 0.263976151868701, 0.2224773455411196, 0.09770116014946585, 0.17132226986286694, 0.2867035444825888, 0.17010490561187908, 0.34260875852778555, 0.15349252486900827, 0.27373266887568337, 0.23914833907037975, 0.14745592131548618, 0.2745802261733583, 0.29513187122564494, 0.20900179952732287, 0.33958727102726693, 0.2266166700042959, 0.36645879670977594, 0.11557142981244917, 0.26004680364858357, 0.3849118918180465, 0.279270058684051, 0.31309750899672506, 0.2015505416318774, 0.3135734524577856, 0.2801214028149843, 0.14672732736383165, 0.35412991922348735, 0.31117551007441113, 0.1896835008636117, 0.1540186582307797, 0.2887818481918657, 0.21999213034287096, 0.2735955073531451, 0.19535012349952013, 0.33839211594313384, 0.23766686508315615, 0.4114472258303846, 0.30234862938523294, 0.3077124558389187, 0.14671091726049781, 0.30035142962255384, 0.46495385505259035, 0.13294997897797398, 0.26806790055707097, 0.2542300698114559, 0.32042021695524453, 0.2218149640113032, 0.24392976224189622, 0.3126125223668558, 0.15919997543096542, 0.3309004987989153, 0.15524669824434179, 0.2538734552450478, 0.21188721330836416, 0.15903877767601182, 0.20545786370722843, 0.14240405545860996, 0.27066525419941173, 0.13273089387221262, 0.45091875262026276, 0.2622821353908096, 0.26892140228301287, 0.20323746806409743, 0.2286682125567625, 0.24007808957248927, 0.24335886046756058, 0.3865912431052753, 0.18704363536089658, 0.17563683602493257, 0.1621001807041466, 0.16579379702785185, 0.2593455301198576, 0.2588934958912432, 0.16074430196313189, 0.25480764570779035, 0.2639073965139687, 0.14071530904620885, 0.24831710364087484, 0.43296963953013934, 0.25663472693413497, 0.3516623955219984, 0.2606675923136728, 0.30002136062830687, 0.35332754158547947, 0.20972138752695174, 0.23906310187386615, 0.31943728104233743, 0.27971782591193917, 0.324373809248209, 0.2707243830630822, 0.3083387291058898, 0.22578674355255707, 0.28154285656554356, 0.20685757917485065, 0.28151144292205577, 0.33126278040664536, 0.19067335817962885, 0.22610432609383546, 0.41255279425531627, 0.30944419782608745]
2025-12-17 23:10:24 - fedit - INFO - loss data:
2025-12-17 23:10:24 - fedit - INFO - [0.2755053799599409, 0.6436091773211956, 0.42175512863323095, 0.38277274612337353, 0.31669940343126657, 0.28698729537427425, 0.4063066767528653, 0.6642744541168213, 0.3657172960229218, 0.6443028673529625, 0.32896079757192637, 0.3258476641494781, 0.7026032328605651, 0.3755942968360614, 0.638992514833808, 0.6426932893693447, 0.46282677464187144, 0.48247102256864305, 0.5544418431818485, 0.1372677778941579, 0.639234184155066, 0.43927928852936016, 0.4396023636683822, 0.6506979532539845, 0.47735818014480175, 0.33536570322030457, 0.6542431719601154, 0.2796079116407782, 0.0746213987316878, 0.7376894391141832, 0.12911909160320648, 1.4806885555386544, 0.49981692284345625, 0.45830709766596556, 0.5776386495679617, 0.41711553409695623, 0.3371436113549862, 0.4238248435183778, 0.36285694083198905, 0.33699903015658494, 0.360791057223787, 0.06168570790374019, 1.5955704576952485, 0.4693141391500831, 0.7603809215128421, 0.35590219125151634, 0.2558673178777099, 0.5523582749068737, 0.3215266935410909, 0.33174122261461886, 0.30144433451059743, 0.9096751443110407, 0.42531983740627766, 0.17934995493851602, 0.30561838708817957, 0.36999332867562773, 0.6068302082829178, 0.5620822463184595, 0.649496141076088, 0.1891620362875983, 0.2775163162732497, 0.2471022774298035, 0.31689948395360257, 0.1992747228825465, 0.4425596414133906, 0.8633847787976265, 0.3988036965020001, 0.6179076291620731, 0.26936678513884543, 0.2534240950830281, 0.45883141485974194, 0.3691188123077154, 0.14583281290251762, 0.8125521900365129, 0.38707043370231986, 0.24665144934260752, 0.528237868193537, 0.5093651799485088, 0.3134981674142182, 0.41791233196854594, 0.5404675997793674, 0.25099455184536057, 0.2923349717617384, 0.045089959525103036, 1.8516426056623458, 0.3867944791913033, 0.08970375098288058, 0.047488615341353575, 1.1693007669840882, 0.2208549813958598, 0.23472265255550154, 0.423299424149991, 0.279950345447287, 0.4501527167856693, 0.4015518333762884, 0.25363772325217726, 0.2936849301913753, 0.16302816851530222, 0.41665246040793136, 0.3259914784692228, 0.22664037088979966, 0.2518653728999197, 0.16391895260458114, 0.19685991603473665, 0.28179052521008996, 0.15002257248852402, 0.41700280234217646, 0.28888450767844914, 0.21350778656778857, 0.600413004681468, 0.15693793885875496, 0.2316563064669026, 0.47825642125681045, 0.5202586463652551, 0.23269989853724837, 0.2455025359173305, 0.5336960876360535, 0.19383666291832924, 0.4008468301035464, 0.1522191217285581, 0.08097130199312233, 1.501796081289649, 0.29879756225273013, 0.17661082456470467, 0.3403019728139043, 0.5079557113349438, 0.2711577247828245, 0.17540591331198813, 0.21755878608673812, 0.24930037180893122, 0.18315883630421012, 0.2484349875245243, 0.22290619072737172, 0.4837168110534549, 0.18336721716914328, 0.17512390394695104, 0.619443036755547, 0.2791105277370661, 0.2529119074111804, 0.2050270681094844, 0.5395750906318426, 0.31550500309094787, 0.17661659385776146, 0.27730174763128157, 0.43045318592339754, 0.04348104385426268, 0.8595634053461254, 0.287416519690305, 0.19634107751771807, 0.43212064467370515, 0.27602837681770326, 0.22768880361691118, 0.35953166960680394, 0.35235409685410557, 0.2849679531529546, 0.2157555077690631, 0.7254579298198223, 0.30584937110543253, 0.31702518425881865, 0.1589158189482987, 0.4041348974104039, 0.3887722348794341, 0.4145484589040279, 0.2334676907397807, 0.36191168087534603, 0.29550211508758367, 0.41783560737967496, 0.41264549931511285, 0.5393809285014868, 0.35794330276548864, 0.3305398182943463, 0.29524387922137973, 0.31376846972852945, 0.23690436398610473, 0.6977537486702203, 0.3317087426781654, 0.228526649530977, 0.5338704215362668, 0.6547180950641632, 0.28147072773426773, 0.4229493115097284, 0.5249294612556696, 0.3276575773954391, 0.3425213575363159, 0.27041501794010403, 0.25604045391082764, 0.4019351080060005, 0.5189255846664309, 0.3960469083860516, 0.4078205622732639, 0.48910691123455763, 0.45255662258714435, 0.4859439301304519, 0.7382567688822745, 0.5796836875379086, 0.6513661071658134, 0.4908313833177089, 0.5026871137320995, 0.30553454291075466, 0.4777542773634195]
2025-12-18 00:27:51 - fedit - INFO - loss data:
2025-12-18 00:27:51 - fedit - INFO - [0.42725858464837074, 0.6999192153414091, 0.48799934294074776, 0.7774583756923675, 0.5759014109149575, 0.8087792605161667, 0.6765684669216474, 0.42586866375058885, 0.41224320013037263, 0.7301469243209189, 1.1396306512256462, 0.43369987793266773, 0.55914236571795, 0.7072683920152485, 0.5390946331201121, 0.401330052925429, 0.6151408652309328, 0.16590780509868636, 1.1733244076371192, 0.5115778148795168, 0.45422169896773995, 0.4035342412535101, 0.8462174254159133, 0.5272509880363941, 0.3930215197149664, 0.5008616111357697, 0.4145918154623359, 0.3744035772746429, 0.12052646434749477, 0.11810697031323798, 1.0600065285960834, 0.6796474092950423, 0.46207001376897094, 0.13321301704272628, 1.2714059941470623, 0.6276924779017766, 0.5370972239412367, 0.4893023813997085, 0.6151689442961166, 0.9625682204961776, 0.410966366995126, 0.40748891262337567, 0.6638594888150692, 0.37180957403033976, 0.41719339212092266, 0.7373341046273708, 0.48182788079914946, 0.5322218270448502, 0.5913517331083615, 0.4060545824002475, 0.3466121391975321, 0.12361987644108012, 0.07963395497063175, 0.6241469992305307, 0.6040780367591652, 0.4251462004496716, 0.42425250381541746, 0.4404076313910385, 0.45667221498442817, 0.1172207445546519, 0.033703344846071556, 0.8820428178529255, 0.35635869237448786, 0.40989601488690824, 0.015121736749460978, 1.5183141017953554, 0.6498550879458587, 0.6184912415842215, 0.4877460111087809, 1.1223907761275769, 0.5997440405189991, 0.39321219362318516, 0.6964333698153495, 0.4837575782090425, 0.5200855363043957, 0.3117541415791493, 0.5617379143834114, 0.5533669928709666, 0.24089940504636614, 0.6670795142194644, 1.066506849974394, 0.6603771599630515, 0.5293752292792002, 0.5037022829055786, 0.40586820996056006, 0.9994100220501423, 0.4181221565231681, 0.32495755509783825, 0.03925656698702369, 0.023870845243800433, 0.7994499561027624, 0.29403548535483426, 0.6596186262865862, 0.27958702731120866, 0.29702086128745575, 0.47143507555374525, 0.3352824629633687, 0.877129041403532, 0.2790461012395099, 0.7194786428823136, 0.34292754357447847, 0.37775273975566964, 0.31542195304646153, 0.29383608581265436, 0.7180120600450512, 1.734701701750358, 0.5095751598477364, 0.291173708322458, 0.6195987034589052, 0.34111477262340484, 0.3054678737690362, 0.35881042905384675, 0.23509936269692844, 0.42490925594077755, 1.0376197261114914, 0.38661868567578495, 0.2950434292045732, 0.36675781736703356, 0.6442705924312273, 0.529598796243469, 0.3627137617208064, 0.43617558776556203, 0.6208784036280122, 0.47965603557725744, 0.4186783704906702, 0.2942537694432152, 1.196560330937306, 0.23169529426377267, 0.010640550694370176, 1.7276747472584248, 0.486297448972861, 0.4185253585378329, 0.3927262862523397, 0.2742071310679118, 0.011996030001319014, 0.5055862503795652, 0.5351223501900677, 0.2780124243348837, 0.006504460303040105, 1.585010952092125, 0.9612778323392073, 0.5227360396723573, 0.021063149394467472, 1.9151324935257434, 0.21717356570297852, 0.021987777380854823, 1.2284821369423298, 0.775288022350287, 0.5304348627338186, 0.4263132793207963, 0.24660481372848153, 0.6726747721433639, 0.4656226813793182, 0.643006844818592, 0.5532204562798142, 0.4755459614098072, 0.4787813747301698, 0.3319949200066427, 0.318845838921455, 0.013919564272509889, 1.6041778239101405, 0.4564404919345786, 0.4711222628844553, 0.41348291661706754, 0.7943853488812844, 0.311864565514649, 0.018070985598023982, 0.46673400382569524, 1.8333064906299112, 0.8491184995975346, 0.7482082361588254, 0.0469570186920464, 0.3215580579591915, 0.4569194906740449, 0.4554178591701202, 0.013258749624947087, 0.5308226636669133, 1.0885340477029481, 0.38051896134275015, 0.5073254657831664, 0.41857716387021354, 0.5096353636821732, 0.5894012800243218, 0.6848801953853885, 0.6759091348561924, 1.3579782366752624, 0.008991821180097758, 1.8724214341666083, 0.7670660144358408, 1.9286598150560168, 2.4012038961052893, 2.3142084151506426, 0.631833025374605, 1.6986243867198938, 0.6120929557286824, 2.295795704424381, 0.011730406992137432, 0.5595936099125538, 2.3648279398679732, 0.5553015999845229]
2025-12-18 06:04:33 - fedit - INFO - loss data:
2025-12-18 06:04:33 - fedit - INFO - [0.5848430589373623, 0.7172279469668865, 0.5166198198816606, 0.5522412766835519, 0.8249511525034905, 0.5367098458111286, 1.2607403308153153, 0.681488923728466, 0.7032895497977734, 0.6883569777011871, 0.6844923913478851, 0.49289343152195214, 0.7096477374434471, 0.4911207241937518, 0.4186285439878702, 0.437353431712836, 0.8546944677829742, 0.7748327627778053, 0.6318761429283768, 0.7270241528749466, 0.6533093377947807, 0.4486263825558126, 0.6006601395085454, 0.6106417924165726, 0.6937051184475422, 0.5751130897551775, 0.3539088720455766, 0.44518811255693436, 0.7510704286396503, 0.3616215760154383, 0.7169420942664146, 0.5177033234387636, 0.3031620305031538, 0.2938213025086692, 0.8284085318446159, 0.46732408134266734, 0.5157050542533398, 0.9031527042388916, 0.4859518013894558, 0.24049851367516178, 0.7251183472573757, 1.4366131903869765, 0.25336939958589416, 0.7539937254041433, 0.31052304155060223, 0.5398018833249807, 0.4131890647113323, 0.408788600936532, 1.0148174911737442, 0.6719425786286592, 0.357340027445129, 0.657043807208538, 1.2683437377214433, 0.4890116524416953, 0.39693390930603656, 0.23410442218716654, 0.4507945886413966, 0.3714628670364618, 0.6850879065692425, 0.35356026496738197, 0.16143662732626712, 0.3979478115881128, 0.873379485681653, 0.4304445168934763, 0.4327965183050505, 0.9702749142423273, 0.27042448269203306, 0.4129996334335634, 0.8746637515723705, 0.48740051612257956, 0.4267714710906148, 0.8369867578148842, 0.911033108830452, 0.4369317004457116, 0.6157275564968585, 0.5401225231587887, 0.6003753306576982, 0.19884961345233024, 0.3447701985631803, 0.7767039090394974, 0.3317967648617923, 0.28426635162904856, 0.8709371984004974, 0.4868647024035454, 0.3523148232139647, 0.6246951585169882, 1.2549639448523522, 0.39942007430363446, 0.30783844858940157, 0.6412222541839583, 0.5851593394763768, 0.530951390042901, 0.27653044536709787, 0.2918804256245494, 0.4109057282097638, 0.5671777572482825, 0.4640887182671577, 0.44270914276130496, 0.5362520433962346, 0.5274741817265749, 0.6330980867147445, 0.11482186024742466, 0.5004145121201873, 0.31847266503609717, 0.39672111673280597, 0.2894457374350168, 0.22886625519022347, 0.4571340346010402, 0.5446241413243115, 0.8324120998382568, 0.4664586331928149, 0.29526405978083076, 0.7080917585641145, 1.4922586176544428, 0.24549712553354247, 0.8245216524228454, 0.27794003318995236, 0.2886289856163785, 0.28570700829981693, 0.3386790452990681, 0.5231845694361255, 0.11166237446013838, 0.11187546970322729, 0.44512694180011747, 0.17162655028514565, 0.2966368564870209, 0.20391711068805307, 0.497080146567896, 0.49721626890823245, 0.6252052061259746, 1.525602862238884, 0.6720939439721405, 0.8225719694746658, 0.43605257238128353, 0.41459782630577785, 0.04347240354400128, 0.825855502486229, 0.28477079840376973, 0.42259926311671736, 0.19938431587070227, 0.3607339525129646, 0.9542103191779461, 0.6205269210040569, 0.3710073748603463, 0.9422515988349914, 0.8339294336736203, 0.2824549266137183, 0.33192409221082925, 0.3570868205424631, 0.19210924655199052, 0.39343101531267166, 0.4091449810191989, 0.6490151964128017, 0.4057642932399176, 0.454139406979084, 0.24418531591072679, 0.33693827502429485, 0.5418155509978533, 0.23434945342264005, 0.4569540864613373, 0.05010600619882877, 0.7243083606706933, 1.165660607162863, 0.3684514039528689, 0.48063574517605695, 0.2673390447394922, 0.2588624159106985, 0.35404302363749596, 0.8351015534384975, 0.5547847783891484, 0.7571739733219147, 0.4944987641847547, 0.2900141978170723, 0.3524145848250815, 1.858196872472763, 0.8357942576054483, 0.5505763243418187, 0.913877859711647, 0.23248742581345141, 0.18943660070654006, 1.3215032503008843, 0.5132077663205564, 0.4220012785866857, 0.38210147651521503, 1.404661558901093, 1.7974700540304185, 0.6871252951677889, 0.353706846665591, 0.6451656743884087, 0.9222539067268372, 1.4587809502975007, 0.44151747868709207, 0.34621326794149354, 1.3549217998981475, 1.053886890411377, 0.5657480712980032, 0.32722420705748456, 0.3416721710935235, 0.1362634774081276, 0.1624326692628009]
2025-12-19 17:18:27 - fedit - INFO - loss data:
2025-12-19 17:18:27 - fedit - INFO - [0.47577141178771853, 0.7469640065516745, 0.7114522174000739, 0.6812994092702865, 0.4805307210556098, 0.4120762105498995, 0.8096425443887711, 0.6054643049836159, 0.587015300616622, 0.7271981226546423, 0.7202832520008087, 0.5617297959114824, 0.5865224786102772, 0.46422303893736433, 0.7280576303601265, 0.47744114877922195, 0.6835721112787724, 0.5075770929455757, 0.4108042643272451, 0.45349516997646006, 0.6759227991104126, 0.6150859020650387, 0.44964446859168156, 0.43009635124887735, 0.6030309265479445, 0.66597813830844, 0.7043356388807297, 0.5090560970561845, 0.5436014818027616, 0.42627519653178747, 0.4388672923669219, 0.6768428221344949, 0.4271125187032989, 0.36051547854606597, 0.7035369336605073, 0.4775230369397572, 0.36614818506475005, 0.6129890970885754, 0.38876770126516935, 0.4226830115891062, 0.3850092463660985, 0.6315665766596794, 0.24896775542957975, 0.3614174915710464, 0.5746181668447596, 0.4217630258295685, 0.358954869909212, 0.5616472877562046, 0.2298935662655692, 0.24935546473466924, 0.3280023023718968, 0.33915198107715694, 0.5511870577931404, 0.40722111244020714, 0.4733638080302626, 0.6153450451791287, 0.3715956305552806, 0.25537975795700085, 0.5381477758288383, 0.1923125874683527, 0.5494355693459511, 0.3971318010107747, 0.5044907718896866, 0.19669314599845425, 0.397313327302358, 0.44962035028729586, 0.5385484776459635, 0.4812648594379425, 0.32305454863235356, 0.5569294847548008, 0.36029165388484086, 0.465821922942996, 0.33260728545220836, 0.4549183949828148, 0.3435963658283332, 0.5458272092044354, 0.3795938757913453, 0.2967032088365938, 0.2714065216481686, 0.2830300135903859, 0.4803417704999447, 0.31453095469623804, 0.37738882256671785, 0.305603826767765, 0.5395229689776897, 0.39936741441488266, 0.39438168294727804, 0.17654087672209634, 0.4974488981068134, 0.3911477129906416, 0.38652390904192413, 0.5122681207954883, 0.35335668079288945, 0.37781351488083603, 0.4590592342561909, 0.4702472656266764, 0.28617960644478446, 0.48023296818137173, 0.47399566508829594, 0.4345594622194767, 0.3917496606707573, 0.3527742620557547, 0.1782599245738571, 0.25561347795883194, 0.45175877809524534, 0.30917682014405723, 0.47133907973766326, 0.267086080887488, 0.3512910142673978, 0.38377543687820437, 0.25955034005455674, 0.43852928067956654, 0.36355148676250665, 0.33550027748569844, 0.4859967857599259, 0.3277636092156172, 0.47650277689099313, 0.18920064462747957, 0.37313786800950766, 0.4760622330009937, 0.427804684266448, 0.4322451315820217, 0.3530949577689171, 0.4285439372062683, 0.4118633545935154, 0.2699389989620873, 0.46583728715777395, 0.3826471808499523, 0.350433935597539, 0.26272175358608363, 0.33946857911068945, 0.40615793541073797, 0.34722134433686735, 0.3279245622456074, 0.43771868422627447, 0.31411273893900216, 0.5583092074309076, 0.3994683569762856, 0.4537300787866116, 0.2840824009850621, 0.3837466033741033, 0.5886258084326983, 0.27078833085085663, 0.3362247889595373, 0.3517436981201172, 0.44044166521302297, 0.2989310521632433, 0.36621877308934925, 0.4606677164988858, 0.26523879753159624, 0.4373013709538749, 0.2683021283575467, 0.34731743426195216, 0.3528365816920995, 0.27248142695586597, 0.3226056801421302, 0.27634202865883706, 0.3419415364973247, 0.23790940083563328, 0.576889600657991, 0.41137399545737674, 0.4050435945391655, 0.33449367047952755, 0.3603852894157171, 0.3489550030324608, 0.3272988914512098, 0.5494108880736999, 0.34527810513973234, 0.3213046919554472, 0.3373525142669678, 0.31134033708700115, 0.37322344817221165, 0.40641511864960195, 0.30993283316493037, 0.37671199882669104, 0.3863152711652219, 0.28903822060674433, 0.3710478968918324, 0.5569410771131516, 0.3699668884277344, 0.4680275619029999, 0.4088357824832201, 0.4090004500001669, 0.48454499276621, 0.34766164682805534, 0.409355657015528, 0.4393253978341818, 0.42117942608892917, 0.43311307611210004, 0.4317167533029403, 0.4354178514331579, 0.34785753770598343, 0.4401615748448031, 0.3507933839623417, 0.42716176956892016, 0.4249485905681337, 0.34013142138719554, 0.3383081895964486, 0.5358127124607563, 0.4217429894953966]
2025-12-19 18:27:53 - fedit - INFO - loss data:
2025-12-19 18:27:53 - fedit - INFO - [0.28880876973271374, 0.6411231249570846, 0.44670832641422753, 0.39437779895961284, 0.3167863951995969, 0.3241253552958369, 0.4225985915400088, 0.6376378796994686, 0.40278646890074016, 0.7399902984499931, 0.32328286863630634, 0.3474402129650116, 0.6748675651848316, 0.38363078637048603, 0.6570648539811372, 0.6436559125781058, 0.48025777488946914, 0.5026026512496173, 0.5610549289733171, 0.18747598449699582, 0.5969650435057702, 0.5425083880138117, 0.4317667122930289, 0.6964049562811852, 0.5241430535912514, 0.3364500200143084, 0.6977123439311981, 0.38675478659570217, 0.07644979710748885, 0.7851745116058737, 0.11504598667379468, 1.4871391847729682, 0.4865831688046456, 0.47979748006910083, 0.5820151153951882, 0.43559140041470523, 0.3729687125654891, 0.5143944098017528, 0.45541382841765876, 0.3773358194972388, 0.3913010491021851, 0.0632851510643377, 1.6735749790514092, 0.9431960053741932, 0.997236593067646, 0.407716091349721, 0.30201195897534494, 0.6031956925988198, 0.3698021437507123, 0.35903825687419155, 0.3600773257872788, 1.0389558970928192, 0.45030983043834566, 0.20142730188090355, 0.3718264797702432, 0.39496597670949996, 0.7536622628569603, 0.6093321353197099, 0.6845486178994179, 0.21907914369367065, 0.31929192634997894, 0.26770594642148354, 0.3690582351759076, 0.2522368290927261, 0.521920119272545, 0.8564164698123933, 0.4581851293332875, 0.7012651622295379, 0.33245691619813444, 0.3309290247038007, 0.5498901755083353, 0.5630085729062557, 0.2471809267066419, 0.7221803555265068, 0.44977878257632253, 0.28450364485615864, 0.5468381781131029, 0.6273307481780648, 0.3976646376773715, 0.48149682246148584, 0.6405843943357468, 0.3330927390372381, 0.33816043391852874, 0.05530367087485502, 1.980713514983654, 0.40889081135392186, 0.1129646496498026, 0.056222236809117025, 1.3129176554561126, 0.4199217304616468, 0.3370882252900628, 0.4477781410689204, 0.36190880816429855, 0.5486415721476079, 0.49157327860593797, 0.3408375564962626, 0.42475229054689406, 0.24066657961811871, 0.6634406302124262, 0.35465532522648574, 0.2936181046185084, 0.33696993365883826, 0.22905110362917186, 0.2982124221860431, 0.3709484409540892, 0.22695654248818756, 0.5481888636946678, 0.4395109176635742, 0.3192775617353618, 0.6831790298223496, 0.24703190345317125, 0.31165708266198633, 0.5274476330727338, 0.6064715586602687, 0.3234161108732223, 0.4207426498644054, 0.5887531649321318, 0.2585207322612405, 0.5571939392015338, 0.22014421178027987, 0.18380720210261642, 1.2961548693478107, 0.3849009139463305, 0.23239723639562726, 0.422723413258791, 0.6498829249292613, 0.39198029041290283, 0.27158611454069614, 0.29893554244190457, 0.3614560822956264, 0.3065076667815447, 0.33087126342579726, 0.3185369223356247, 0.6569309905171394, 0.2747317831031978, 0.3302061134018004, 0.8496601272374391, 0.33804378360509874, 0.4351676875725389, 0.3089687290368602, 0.6654854007065296, 0.3721632061526179, 0.2685823605395854, 0.41970531083643436, 0.5471410986036063, 0.11369763859547674, 0.7692359329666942, 0.3987355081364512, 0.32746243737638, 0.5328559264540672, 0.37664563897997144, 0.34549921490252017, 0.42294178367592394, 0.43333457596600056, 0.47593820206820964, 0.33795878775417804, 0.8012127168476582, 0.44553560838103295, 0.48636718317866323, 0.3019223727285862, 0.44852049164474006, 0.474432185664773, 0.5971148885786534, 0.38811982497572894, 0.4716056790202856, 0.4172953352332115, 0.5608841013163328, 0.5537418365478516, 0.7356274537742138, 0.4941597208380699, 0.47555767074227334, 0.4621114891022444, 0.4889084007591009, 0.34268909953534604, 0.8763340823352337, 0.4655441589653492, 0.3247546935454011, 0.672390284202993, 0.848943517357111, 0.42298398017883304, 0.587948127835989, 0.7292958430945873, 0.4144755989313126, 0.5265369981527328, 0.36391095221042635, 0.3369639363139868, 0.5308274410665035, 0.6472408566623926, 0.5325239114463329, 0.6273328844457865, 0.6378127973526716, 0.6131380725651979, 0.6233881857246161, 0.9491082675755024, 0.8495492793619632, 0.8362280912697315, 0.6645913470536471, 0.6548742033541203, 0.4449449710547924, 0.6738301910459995]
2025-12-19 19:28:01 - fedit - INFO - loss data:
2025-12-19 19:28:01 - fedit - INFO - [0.439333086181432, 0.6801294932762783, 0.4918348593637347, 0.7859159611165523, 0.5936374346415202, 0.8368508378664652, 0.6809802969296773, 0.4546680860221386, 0.43257243813325963, 0.6751631362829358, 1.4904182329773903, 0.27060653921216726, 0.6776462563468764, 0.7796147201520701, 0.5724149499321356, 0.4209833847902094, 0.563479176722467, 0.18466727442573755, 1.183483575284481, 0.5058748706554372, 0.4609590587671846, 0.4336247764062136, 0.8655973946054776, 0.5233300535008312, 0.4148394100368023, 0.4958602586062625, 0.4862430983223021, 0.4167513003572822, 0.14548262234311551, 0.14948104349896313, 1.2284967198967933, 0.553645300740997, 0.47977746147662403, 0.16495579907204955, 1.2855553321540354, 0.6143959945688645, 0.600413934327662, 0.46399384941905736, 0.7149455184660232, 1.0979508586227893, 0.4366958093829453, 0.43432691376656296, 0.7313260219991207, 0.43528030421584846, 0.4299795818515122, 0.8817880272865296, 0.5597421469787757, 0.4916365505196154, 0.6458638834456603, 0.5367567043751478, 0.3502641065511853, 0.16463803020305934, 0.1368518637493253, 0.4957266931829508, 0.8036040656035767, 0.4222179220989346, 0.4327460767235607, 0.49279216504655776, 0.46963932630606, 0.19036508036078886, 0.0802484902960714, 0.7773961232043803, 0.3799028541427105, 0.3820126600563526, 0.07789258391130716, 1.1177115673820177, 0.5886467685302099, 0.6386349971095722, 0.5224629322687785, 0.930195367584626, 0.600845492631197, 0.44250388350337744, 0.708879616111517, 0.523726964990298, 0.5049805489717982, 0.35284866760484873, 0.613678652793169, 0.5768592250843843, 0.3141482874751091, 0.6146169015284008, 1.2809839241206646, 0.626394805808862, 0.5558878816664219, 0.5547923646867275, 0.48525018130118647, 0.8845084148148696, 0.42559645129367707, 0.37028756613532704, 0.08863891566870734, 0.08082952857948839, 0.6915801112540066, 0.33303705635480585, 0.5889181837439537, 0.33237723117927087, 0.3355371743789874, 0.4365901325480081, 0.33723309147171676, 0.8446096397936345, 0.35325725777074696, 0.6381775957997888, 0.36619596177091196, 0.4155998651869595, 0.3208564599277452, 0.30413555954388966, 0.643392175323485, 1.2415717718501886, 0.5460312858223915, 0.390549604408443, 0.6427811227738858, 0.3887380226049572, 0.3003300601538892, 0.4259730482008308, 0.2892322416882962, 0.4773725496139377, 0.9427719506124655, 0.4005035864189267, 0.3313095319007213, 0.3748368236236274, 0.6301404595375061, 0.49931435820957026, 0.4844764247536659, 0.44446362466551365, 0.6117520609404892, 0.5128144572178523, 0.5295121798912684, 0.3218322883360088, 0.9881602428853512, 0.2706581701524555, 0.053319788747467095, 1.4076778993010521, 0.48774451166391375, 0.5471320254107317, 0.4782052837312222, 0.351381117819498, 0.059694169112481175, 0.46801534795667976, 0.5263709536055102, 0.29776956857337306, 0.03879866389906965, 1.1392909423215316, 0.8424278875192006, 0.4003934420955678, 0.0632992748171091, 1.5667153030633927, 0.30101480702869593, 0.07517042658291757, 1.0015080093871802, 0.6678903303807601, 0.5262775117065758, 0.5395674290756385, 0.3422753918915987, 0.6714563526213169, 0.5172762908041477, 0.5882560695211092, 0.5862828083336353, 0.49864357709884644, 0.4896784789860249, 0.4250203838571906, 0.3408832783500354, 0.0580087365815416, 1.206318121450022, 0.45829001868454117, 0.4677216342650354, 0.44013013471849266, 0.7946008962889513, 0.37233855721230313, 0.06763896092306823, 0.4924013561569154, 1.5339205518364905, 0.7384397869929672, 0.7221879893913865, 0.08425970524549484, 0.40132740465924144, 0.4970203288830817, 0.5294773109955713, 0.05684772101230919, 0.571325198141858, 0.9564362905919552, 0.4432387909851968, 0.48664066346051793, 0.4625840601976961, 0.5086330264496307, 0.6024885424102345, 0.6506943218875676, 0.5919308266059184, 1.2435152982672055, 0.04595110071823001, 1.336615052516572, 0.6649985529016703, 1.4234469677787276, 1.9190920606255533, 1.7914450049400328, 0.6059179410648843, 1.2721551530994475, 0.6086138769673805, 1.7963399991393088, 0.04999284484656527, 0.547740072524175, 1.8429665376742683, 0.5016244929051027]
