2025-12-23 16:43:54 - feda2ls - INFO - loss data:
2025-12-23 16:43:54 - feda2ls - INFO - [0.5465908601880074, 0.8145885057747364, 0.512937198082606, 0.4190718003859123, 0.6188464034348726, 1.259400237351656, 0.40833579453950125, 0.44093474028632046, 0.4842747569084167, 0.6145567980982983, 1.119329860340804, 0.24018953585376343, 0.19873803892793757, 1.0995585130876862, 2.566218674182892, 0.7455272619922956, 0.5861780723556876, 0.5856610324466601, 0.6077552691102028, 0.5664428437749545, 0.7941515058279037, 0.44326208997517824, 0.6998892026022077, 0.7277913473546505, 0.4082778622706731, 0.44217779715545474, 0.70392454713583, 0.394316862616688, 0.5724154077470303, 0.49381571523845197, 0.7241893413166205, 0.8864311377207439, 0.6392653432364266, 0.8244889829307794, 0.5709420211613179, 0.20200747649651019, 0.9641402631998062, 0.7341113269329071, 0.49193455558270216, 0.7133574523031712, 0.34039518386125567, 0.12122396768536418, 1.4154438991099596, 0.5937716197222471, 0.47220442406833174, 0.3012151412665844, 0.5158940152265131, 0.452081772685051, 0.45512851926808556, 0.33491759379394354, 0.34394458325890204, 0.5601448148488999, 0.5900048956274986, 0.5246420024583737, 0.40793692770724493, 0.5694727599620819, 0.4002637573517859, 0.37103354786522685, 0.5895536480937154, 0.31721585063884655, 0.21366003763396293, 1.8004244938492775, 0.3306463573127985, 0.3694091491401196, 0.7837177909910679, 0.4577042255550623, 0.4190160270780325, 0.4339353928982746, 0.6561621472239494, 0.3688213614746928, 0.41453009434044363, 0.7852111297349136, 0.407305611204356, 0.3579361166805029, 0.394901080802083, 0.41711087045259776, 0.21536277178674937, 0.562621583766304, 0.44588313725156087, 0.5085108803585172, 0.3512882704846561, 0.22886899211443962, 0.4760049250908196, 0.8501786633394659, 1.1199916320620105, 0.26238181088119744, 0.2219798167857031, 0.753937867404117, 1.0230898310779595, 0.6599698536098003, 0.6074152573943138, 0.31622135029174386, 0.29040085691958667, 0.17693230548563105, 0.23877419028431177, 0.785474918782711, 0.41305107399821284, 0.2695802084170282, 0.2677845307160169, 1.0664312327901522, 0.5469236175219219, 0.47001092657446863, 0.5037071157246829, 0.6548067964613438, 0.5166155310968559, 0.5945250302553177, 0.39372552856802945, 0.4230290036648512, 0.5027687441557647, 1.0721177347004414, 0.4557673167437315, 0.13517340128310024, 0.8917599482461811, 0.40594709087163205, 0.4569304708391428, 0.6664506043307483, 0.4334582079201937, 0.576757724583149, 0.4539061106741429, 0.45244968719780443, 0.3737372808158398, 0.48130366280674935, 0.5453537315130234, 0.5584519624710083, 0.40559247198204196, 0.17291303584352136, 1.1182815164327622, 0.6316488418728113, 0.5149859119206667, 0.5941806457936764, 0.5279465058508018, 0.7998615004122257, 0.5560705536976457, 0.985241257896026, 0.49180367588996887, 0.4278216559439898, 0.41210752253731087, 0.791033895065387, 0.4848876006901264, 0.5089795384556055, 0.5045877210795879, 0.4797299183905125, 0.6207319147884847, 0.3736110022291541, 0.4657703562329213, 0.3998068521730602, 0.6815610736608505, 0.4636842854321003, 0.6999645687639713, 0.4134980868548155, 0.28839804474264386, 0.6335649628192186, 0.402390006929636, 0.3548544087757667, 0.573310986161232, 0.5196490092203021, 0.7237378180027008, 0.33649198673665526, 0.48524126162131626, 0.4487264396622777, 0.3875331047922373, 0.46819932386279106, 0.5255851137141387, 0.5691676239172618, 0.34677750940124197, 0.8447702512145042, 0.3470545195043087, 0.5384095419819157, 0.7403913304209709, 0.307366443797946, 0.3612546563148499, 0.6873568173497915, 0.7084814781943958, 0.5482711266726256, 0.7497913904488087, 0.5364406064152718, 0.8284752786159515, 0.5207381136715412, 0.5118556004017591, 0.7347887143492698, 0.4949152216315269, 0.3870581742376089, 0.5181729249656201, 0.36208944506943225, 0.7059724032878876, 0.5632342025637627, 0.631199549883604, 0.538773725181818, 0.5211297184849779, 0.4160391051322222, 0.731888160854578, 0.5624462977051735, 0.6118376981467009, 0.5756671961396933, 0.7335900671780109, 0.5864042922854423, 0.547841253131628, 0.5056687973439693, 0.619419732193152, 0.6361305627971887]
2025-12-23 17:21:30 - feda2ls - INFO - loss data:
2025-12-23 17:21:30 - feda2ls - INFO - [0.45129984258674083, 0.6614365004003048, 0.47830554135143755, 0.32388781673507766, 0.35265605997604627, 0.25392713728360833, 0.32852992736152375, 0.23208630566174784, 0.5564477121457458, 0.5284872181713581, 0.5840909130871296, 0.47878482528030875, 0.4459949590265751, 0.4169592110614758, 0.4136606458574533, 0.14929469507187604, 0.8704559549689292, 0.29351236335933206, 0.6545906029641628, 0.4443367043510079, 0.3755213383585215, 0.10518215644535506, 0.7055214330554008, 0.3815689579118043, 0.8135475842282176, 0.6035341385751962, 0.43493139026686545, 0.0576652123243548, 0.6552562344819307, 0.36585910357534884, 0.28203085917565557, 0.6508351214230061, 0.4658471569418907, 0.47189501766115427, 0.6068749748170376, 0.3194498684412489, 1.2654053221146264, 0.3981658415041036, 0.38815209083259106, 0.5263029575347901, 0.37509760048706087, 0.5935250975191593, 0.30474097973201425, 0.534032147936523, 0.2523544683520283, 0.13529290528967977, 1.086287842039019, 0.5167706832289696, 0.2679952512339999, 0.38507833935630814, 0.10883655430774929, 0.02043931229854934, 0.820725102509771, 0.5646576672792434, 0.4156592454229082, 0.1942329911016194, 0.8591739572584629, 0.7572654411196709, 0.5914362400770188, 0.4454392842017114, 0.3836692025302909, 0.33713223766535516, 0.20201814700849355, 0.5055838602905472, 0.40449076481163504, 0.18537797811699824, 0.19058004454044358, 0.171630986162927, 0.7718692444264889, 0.5294468261301517, 0.3274412263391746, 0.16276875626709725, 0.40250134175377233, 0.3226237712427974, 0.3554009448736906, 0.22304726615548132, 0.02732329036225565, 0.8393266532599227, 0.6067209422588349, 0.3012010725913569, 0.3103866091264146, 0.1709191107274299, 0.20038703620019885, 0.22959687020629643, 0.4599515753798187, 0.5544483587145805, 0.31384004569715923, 0.7029752060770988, 0.3622403198853135, 0.4720932116938962, 0.33404026589252883, 0.5004557549953461, 0.4362385205924511, 0.43948574662208556, 0.29020126946270464, 0.33653482814552266, 0.338534330681432, 0.18558126781135798, 0.36121965578446785, 0.42418090701103206, 0.20579087833563486, 0.5930471122264862, 0.24201411968097092, 0.41682944297790525, 0.3893575927242636, 0.23404073599903358, 0.5658268995583058, 0.46841410659253596, 0.15892723828761113, 0.6445320975035429, 0.3816940142773092, 0.3838771641254425, 0.174558262899518, 0.4967985488474369, 0.2764153278743227, 0.7260100308805704, 0.3602000477590731, 0.2564404338598251, 0.3680581695267132, 0.35959954261779786, 0.32438173461705444, 0.40929596237838267, 0.47000663056969644, 0.3393204215914011, 0.3862859295681119, 0.35188299912131493, 0.5093230620026589, 0.42077858187258244, 0.46351981125772, 0.40544925133387244, 0.4883233658969402, 0.4620434807613492, 0.3505935743218288, 0.48686118312180043, 0.40811716951429844, 0.43098849207162854, 0.25892299444725114, 0.7340322913601994, 0.31839006452096835, 0.4419301542852606, 0.33726960660682787, 0.6191840574145318, 0.395612158626318, 0.30975773455575106, 0.3423446805733773, 0.38918621428310873, 0.48078257413581016, 0.26489202507904597, 0.36333811310016445, 0.7060822110623122, 0.35742958169430494, 0.49257365387997454, 0.386489974707365, 0.23963396530598402, 0.35889642089605334, 0.41130562108010055, 0.3893945321647657, 0.492255337908864, 0.15006135788021818, 0.40347777558490633, 0.8531043212860823, 0.33408087128773334, 0.2882749238982797, 0.3024266168475151, 0.2597706489797149, 0.2765078565105796, 0.9073455348610878, 0.3540621345862746, 0.2617613005555338, 0.7505235984921456, 0.17879831977188587, 0.20193312889231102, 0.5271629389375448, 0.5680279403924942, 0.4513308694586158, 0.2749667643968548, 0.44541288875043394, 0.20589101972679297, 0.13607511011262735, 0.7293415003352695, 0.39076321870088576, 0.6988374011591076, 0.35856845136731863, 0.14239624403417112, 0.5545555759221316, 0.2120252173053958, 0.19384365174919366, 0.6589415282011033, 0.13022000632352299, 0.24201742336153986, 0.9666758336126804, 1.1000922933220862, 0.23315079268068076, 0.30803609229624274, 0.185441586913334, 0.5296079218387604, 0.4859534339979291, 0.5778050504624843, 0.45329079199582334, 0.5089367933571338]
2025-12-23 17:48:46 - feda2ls - INFO - loss data:
2025-12-23 17:48:46 - feda2ls - INFO - [0.45106638967990875, 0.29442241319662166, 0.1741255427710712, 0.7820883456617593, 0.6703372206538916, 0.488014730066061, 0.708866940997541, 0.31966281819622966, 0.26777136533314155, 1.0292130881920458, 1.4720278978347778, 0.5453147323181231, 0.595105317607522, 0.5390250150114297, 0.7327804192900658, 0.44746525697410106, 1.4888829350471497, 0.8535469099879265, 0.2904385769739747, 0.4947238742373884, 0.2630156766105857, 1.3270003460347652, 0.8917705394793302, 1.8270801429947217, 0.5739972799188561, 0.8523423582315445, 0.4169869352132082, 1.5144602718452613, 0.22398807257413866, 1.1488722749985754, 1.8072873515387375, 0.5303775255568326, 0.4098317521158606, 0.6996491300174966, 0.6649233255535364, 0.45547726449246206, 0.19425610611215233, 1.7925406490763027, 0.46902158111333847, 0.36108434494170877, 0.9511756531894207, 1.0517109408974648, 0.4137374863028526, 0.79664913197048, 2.302044782042503, 0.5047054350376129, 0.5459381973370909, 0.7795540334656834, 0.376788407129546, 1.0252865994349123, 0.15359405671479182, 1.464744290127419, 1.4518248174339532, 0.14718439066782593, 0.5907326499414113, 0.44175950847566126, 0.4309880957007408, 0.5220333027342956, 0.2792838514316827, 0.49580036103725433, 0.3703508497215807, 0.6939598428085446, 1.229137547314167, 0.6063310511410236, 0.36116508543491366, 0.43573664538562296, 0.8485872324556112, 0.38529525976628065, 0.6535146693699062, 1.542208013435205, 0.37936000732911956, 0.8532924551516772, 0.7315124617889524, 0.4656164643432324, 0.6043209506198763, 2.009995251893997, 0.46212015114724636, 0.2208446670892752, 0.2591531011275947, 0.22047382043674588, 1.1010081409476697, 1.0561813026666642, 0.39250418841838836, 0.7906071055835734, 0.9007931724190712, 1.6407094177789987, 0.3137646305323061, 0.8491869226098061, 0.4114529091864824, 0.9850837894611888, 0.3409106280499448, 0.16535060789901762, 1.448244148492813, 1.0920250967144967, 0.5000258021056652, 0.39199735992588103, 1.5851882345974446, 0.5874318038113415, 0.4120687865652144, 0.44884746968746186, 0.4104121061041951, 1.1150398954749108, 0.37147565564761564, 0.2349658515304327, 0.2269187418394722, 0.11398458834737539, 2.050367330511411, 0.38799640275537967, 1.2992515310645103, 0.3330057700319836, 0.9854288706555963, 1.033121013175696, 1.432563677453436, 1.0243056242664654, 0.9448638445232064, 0.42308478818999395, 0.6599071826785803, 0.4355343881994486, 0.8571223139762878, 0.533235551789403, 0.5052971798926592, 0.4585863208398223, 0.38383884988725187, 0.3516527959611267, 0.5351417725672946, 0.3612849403172731, 0.9170623389538377, 0.5582420759730868, 0.2702484291512519, 0.18650044292315013, 1.1591937032838664, 0.6083199232816696, 0.37453246377408506, 0.18375050169415771, 0.5230747861787677, 1.094206413626671, 0.6555967286229134, 0.6472542077302933, 0.6416474476456642, 0.5210680328309536, 0.6732344262094961, 0.7630937993526459, 0.4536655738949775, 0.5909095853567123, 0.5597862474620342, 0.4406759422272444, 0.7351317346096039, 0.5057920534163713, 0.4597962278872728, 0.20232096631079913, 0.38709457144141196, 1.483489927649498, 0.567956467717886, 0.7122485093772412, 0.3412163907662034, 0.6931352394012114, 0.2400723554763115, 0.221329203248024, 1.3562193609774114, 0.30989074930548666, 1.1045645670033992, 0.9659720172174275, 0.4002796087000105, 0.566396017652005, 0.44362859365840757, 0.20615250263363122, 0.12942017200402917, 1.615339716275533, 0.9970141932368279, 1.7810314744710922, 0.23233684240322974, 0.3382312534376979, 0.9081621302291751, 0.7383437167853117, 2.1375572681427, 0.36796992489447194, 0.5393117459542636, 1.3809719920158385, 0.888075618352741, 0.20826340448111294, 0.8893951941281557, 0.25435651261359454, 0.4019024480134249, 0.37747415211051705, 0.3289387052878737, 0.4349925729756554, 0.20499633448198437, 0.5258917599916458, 1.3235453814268112, 0.8948514719183246, 1.233006551861763, 0.8815214276313782, 1.355861031760772, 0.6831247359514236, 1.1895646311342716, 0.996831988915801, 1.022529178671539, 0.6421524491161108, 0.3026449645869434, 1.2128581404685974]
2025-12-23 17:52:16 - feda2ls - INFO - loss data:
2025-12-23 17:52:16 - feda2ls - INFO - [0.5465908601880074, 0.8145885057747364, 0.512937198082606, 0.4190718003859123, 0.6188464034348726, 1.259400237351656, 0.40833579453950125, 0.44093474028632046, 0.4842747569084167, 0.6145567980982983, 1.119329860340804, 0.24018953585376343, 0.19873803892793757, 1.0995585130876862, 2.566218674182892, 0.7455272619922956, 0.5861780723556876, 0.5856610324466601, 0.6077552691102028, 0.5664428437749545, 0.7941515058279037, 0.4432610981166363, 0.6998561481013894, 0.7277661129832268, 0.40803591571748254, 0.44201707444153726, 0.7037792779505253, 0.39410423999652267, 0.5723081007599831, 0.4933131199330092, 0.7226774590710798, 0.8877560558418434, 0.6402333054070671, 0.8240273535251618, 0.5741480071097612, 0.2021489742677659, 0.9441365614533423, 0.7339388787746429, 0.4907854987308383, 0.7232211641967297, 0.340414892261227, 0.12143484796397389, 1.4117834366858004, 0.5914306610822677, 0.4745143445208669, 0.30148947903265555, 0.5151734742801637, 0.4562680918723345, 0.4544607899772624, 0.3363623353652656, 0.34338829273668425, 0.5622199878096581, 0.5924148984253407, 0.5271559053411087, 0.4069154203558962, 0.5704059395939112, 0.40146270859986544, 0.37378470944240694, 0.5826747625134885, 0.32010902439554534, 0.21454482489498333, 1.8148815631866455, 0.3294658946804702, 0.3732924915850162, 0.8053428813815117, 0.45980572812259196, 0.4177528375759721, 0.4399744104070123, 0.6566850394010544, 0.3689191441982984, 0.41700497195124625, 0.7754353508353233, 0.41267109867185353, 0.3619997484299044, 0.3988649781638136, 0.4177236771211028, 0.21540260484907775, 0.5679825736908242, 0.4424792199861258, 0.5144217396155, 0.3494812987744808, 0.23222883402680358, 0.4755081890616566, 0.8545653695706278, 1.133375612203963, 0.26760344797124463, 0.22136327248687548, 0.7736569120626277, 1.0352049150969833, 0.6594537614379078, 0.5957687586545943, 0.31477229432202875, 0.2904225576668978, 0.17607805447963376, 0.24086443469859659, 0.7821153294295073, 0.4061306744813919, 0.26611370374448595, 0.2609545367769897, 1.1092757234970727, 0.5745664437611897, 0.4731958389282227, 0.49506750479340556, 0.6512530595064163, 0.5026369132101536, 0.62348120957613, 0.39169734083116053, 0.42004717141389847, 0.5030092600733042, 1.0966236429909864, 0.45554092340171337, 0.13307789005339143, 0.8959637527586892, 0.4080151816830039, 0.45336213111877444, 0.6614289018325508, 0.4307222884148359, 0.5788776487112045, 0.45452983379364015, 0.44884604886174206, 0.37323434753343465, 0.4777999743819237, 0.5481760390102863, 0.5656874306499958, 0.39649195658663905, 0.16785324616357683, 1.128956215083599, 0.6342847369611264, 0.5141460336744785, 0.5881035257130861, 0.5292882124582926, 0.8124824437079952, 0.5549204554408789, 0.9544843778014183, 0.5001337739328543, 0.42693382166326044, 0.4014769167949756, 0.8043397919585307, 0.4836556393653154, 0.5151886373758316, 0.49748947471380234, 0.4775684878230095, 0.6088117554783821, 0.36596920564770696, 0.4629061831782262, 0.4115487824194133, 0.6925690799951554, 0.4613977514207363, 0.7093061700463295, 0.40087207332253455, 0.27906154505908487, 0.6441618703305722, 0.3992251675575972, 0.3497072295596202, 0.564116332679987, 0.5126153227562706, 0.7196671169251203, 0.343304093927145, 0.47734635633726913, 0.44846760481595993, 0.3870136128738523, 0.4655617527663708, 0.5241500617315372, 0.5479579617579777, 0.34444749454657236, 0.8529773898422718, 0.3480262592434883, 0.5373168081666033, 0.7461991585791111, 0.3083945450683435, 0.3609089531004429, 0.6874804940074682, 0.6996798453231652, 0.5441314466297626, 0.7491880558431149, 0.5354555826634169, 0.821919746696949, 0.5100221134722233, 0.5100202072411775, 0.7135389479498069, 0.4861801631748676, 0.39014647491276266, 0.5133436515927314, 0.3661950224389633, 0.6929924815893174, 0.5564057536423206, 0.6308227621018887, 0.5432460557669401, 0.5135432514672478, 0.41728547103703023, 0.7127860143780709, 0.5568941615521907, 0.5976894740015268, 0.5662353176623582, 0.7166157625615597, 0.5704547973970573, 0.5376913458108902, 0.5055822171270847, 0.6029425819714864, 0.6191325809806585]
2025-12-23 17:52:32 - feda2ls - INFO - loss data:
2025-12-23 17:52:32 - feda2ls - INFO - [0.5465908601880074, 0.8145885057747364, 0.512937198082606, 0.4190718003859123, 0.6188464034348726, 1.259400237351656, 0.40833579453950125, 0.44093474028632046, 0.4842747569084167, 0.6145567980982983, 1.119329860340804, 0.24018953585376343, 0.19873803892793757, 1.0995585130876862, 2.566218674182892, 0.7455272619922956, 0.5861780723556876, 0.5856610324466601, 0.6077552691102028, 0.5664428437749545, 0.7941515058279037, 0.4432610981166363, 0.6998561481013894, 0.7277661129832268, 0.40803591571748254, 0.44201707444153726, 0.7037792779505253, 0.39410423999652267, 0.5723081007599831, 0.4933131199330092, 0.7226774590710798, 0.8877560558418434, 0.6402333054070671, 0.8240273535251618, 0.5741480071097612, 0.2021489742677659, 0.9441365614533423, 0.7339388787746429, 0.4907854987308383, 0.7232211641967297, 0.340414892261227, 0.12144280502106994, 1.412039887532592, 0.5915687117725611, 0.4730287028476596, 0.30096721804390353, 0.5135693514719606, 0.45497356336563827, 0.45400808593258263, 0.335072168847546, 0.3428464928176254, 0.5591001600027085, 0.5903645135462284, 0.5189695634568731, 0.40409148468946415, 0.5650408271700144, 0.39907695772126317, 0.37106518843211234, 0.5807948155639072, 0.31630989362796147, 0.2120733989868313, 1.8042672835290432, 0.3283975073136389, 0.36937523633241653, 0.7836754150688648, 0.4552041094750166, 0.41524966638535266, 0.4324084575811867, 0.6494029238820076, 0.36731092697009443, 0.4123661506921053, 0.7719951743880908, 0.4063775438815356, 0.35846816416208943, 0.3932917182178547, 0.4155232643708587, 0.21350114548113197, 0.5611430768389255, 0.4387460807338357, 0.504767069965601, 0.34643169175833466, 0.22906091720797123, 0.4669850096882631, 0.8373702952638269, 1.1003796545555815, 0.26320859605136016, 0.22057080105878413, 0.7577413409831933, 1.0167852728627622, 0.651515591959469, 0.5875331871211529, 0.3124338772613555, 0.2854541640728712, 0.17640067169753212, 0.23643042487092317, 0.7728830952197313, 0.4034173980355263, 0.26403083140030503, 0.2579002351655314, 1.128253909945488, 0.5844430203239124, 0.46650427877902984, 0.49284077758590383, 0.6453524529933929, 0.4965791143476963, 0.6166769944131374, 0.3878691107034683, 0.4157029641792178, 0.49215409718453884, 1.1091630992790065, 0.4525264445692301, 0.1325713900849223, 0.885148851107806, 0.4004441909492016, 0.4486689742654562, 0.6540368543937802, 0.42622040770947933, 0.5723745949566365, 0.44798775017261505, 0.4461019176989794, 0.37026522783562543, 0.47588615864515305, 0.5410597719252109, 0.557803376019001, 0.3940730231503645, 0.16650548782199623, 1.1370238572359086, 0.6248103905469179, 0.5061060931533575, 0.6016633108258247, 0.5242312025899688, 0.7874974403297529, 0.5524070056155324, 0.9445488236844539, 0.4921428728848696, 0.4246562168002128, 0.3989368550479412, 0.802022535353899, 0.4809345528483391, 0.5122179660946131, 0.49531728215515614, 0.4777560107409954, 0.6014019876718522, 0.36412721313536167, 0.4602951593697071, 0.4072487180121243, 0.6870217353105545, 0.4551340650767088, 0.7030792601406575, 0.4004431363195181, 0.2754408963024616, 0.6374383077025414, 0.39033609479665754, 0.34667446489135423, 0.5497079417109489, 0.5093882420721154, 0.7079235821962356, 0.34313791841268537, 0.46948312781751156, 0.443018688634038, 0.3807801906019449, 0.4586572520434857, 0.5140000203003486, 0.5471968787411849, 0.3414949509004752, 0.8485419392585755, 0.34489370360970495, 0.5338547180096309, 0.7367505989968777, 0.3060016407320897, 0.3555340252816677, 0.6672547090798616, 0.6877152634163697, 0.5368257917463779, 0.7363475456833839, 0.5293123241513967, 0.8074790120124817, 0.504051811620593, 0.5040453940629959, 0.7029135053356488, 0.4814381457865238, 0.39101852625608446, 0.5095820669084787, 0.3651023248831431, 0.6820249810814858, 0.5501852717250586, 0.6196391202509404, 0.5366062261164188, 0.5108880374580622, 0.4078061319887638, 0.705673186480999, 0.5508229869107405, 0.5870302002876997, 0.5580741316080093, 0.7052313521504403, 0.5567676497002443, 0.5304448530077934, 0.49814206808805467, 0.5938026562333107, 0.6083113975822926]
2025-12-23 17:54:28 - feda2ls - INFO - loss data:
2025-12-23 17:54:28 - feda2ls - INFO - [0.5465908601880074, 0.8145885057747364, 0.512937198082606, 0.4190718003859123, 0.6188464034348726, 1.259400237351656, 0.40833579453950125, 0.44093474028632046, 0.4842747569084167, 0.6145567980982983, 1.119329860340804, 0.24018953585376343, 0.19873803892793757, 1.0995585130876862, 2.566218674182892, 0.7455272619922956, 0.5861780723556876, 0.5856610324466601, 0.6077552691102028, 0.5664428437749545, 0.7941515058279037, 0.44326208997517824, 0.6998892026022077, 0.7277913473546505, 0.4082778622706731, 0.44217779715545474, 0.70392454713583, 0.394316862616688, 0.5724154077470303, 0.49381571523845197, 0.7241893413166205, 0.8864311377207439, 0.6392653432364266, 0.8244889829307794, 0.5709420211613179, 0.20200747649651019, 0.9641402631998062, 0.7341113269329071, 0.49193455558270216, 0.7133574523031712, 0.34039518386125567, 0.12122396768536418, 1.4154438991099596, 0.5937716197222471, 0.47220442406833174, 0.3012151412665844, 0.5158940152265131, 0.452081772685051, 0.45512851926808556, 0.33491759379394354, 0.34394458325890204, 0.5601448148488999, 0.5900048956274986, 0.5246420024583737, 0.40793692770724493, 0.5694727599620819, 0.4002637573517859, 0.37103354786522685, 0.5895536480937154, 0.31721585063884655, 0.21366003763396293, 1.799086518585682, 0.3304216468706727, 0.3692223630845547, 0.7828944511711597, 0.45741139240562917, 0.4185587667860091, 0.43324981341138485, 0.6530751422047615, 0.36876537511125207, 0.4143416784703732, 0.782351082811753, 0.40650543076917534, 0.35784913375973704, 0.39382431241683663, 0.417945545213297, 0.21491307232063264, 0.5606639768462629, 0.4408281911940624, 0.506150816194713, 0.3489126837812364, 0.22900768494388707, 0.47130668310758966, 0.8505769027397037, 1.107102780486457, 0.26213621338829396, 0.22134801438078283, 0.7540406433865428, 1.0172847915790044, 0.6558140237815678, 0.6017933487892151, 0.3163615724537522, 0.28992992267012596, 0.1770681477462252, 0.23783767167478798, 0.7831809103488923, 0.4111970730125904, 0.2683182388078421, 0.26447379058226944, 1.0713283697764078, 0.5536482830842335, 0.46801254749298093, 0.5010363355278968, 0.6524014919996262, 0.5139925312250853, 0.5912497039884329, 0.3915887039154768, 0.41978329326957464, 0.5009491175413132, 1.066483305146297, 0.4539505336433649, 0.13481206875294446, 0.888297656015493, 0.4035785555839539, 0.45469776876270773, 0.6651303335092962, 0.4311721358448267, 0.5748457983136177, 0.45204967185854916, 0.44959590323269366, 0.37247532680630685, 0.47834940887987615, 0.5431031227111816, 0.5590427722781897, 0.40406157821416855, 0.17150953081436454, 1.115418294072151, 0.6281002875417471, 0.5123376309871673, 0.5934602379798889, 0.5316321365535259, 0.7994112656917423, 0.5539296738803386, 0.974555986871322, 0.492460647597909, 0.4262329895049334, 0.40737524876991904, 0.7936394413312275, 0.4846502531319856, 0.5088659577071667, 0.5023813024163246, 0.4808818720281124, 0.6133379653096198, 0.371674170717597, 0.4646245970080296, 0.4016787873581052, 0.6783740676939487, 0.46396131440997124, 0.694686622172594, 0.40994856245815753, 0.2840266661718488, 0.6371841169893742, 0.3954687982797623, 0.3521432587876916, 0.5706986077129841, 0.520490475775053, 0.7212033946067095, 0.3377353440970182, 0.48029186607648927, 0.4472874427214265, 0.38585995733737943, 0.46540217399597167, 0.5186118974039952, 0.5546995388964813, 0.3461721022923787, 0.843470211327076, 0.34610047191381454, 0.5338500530148547, 0.737855213880539, 0.30691409582893053, 0.3597855016589165, 0.6872981138527393, 0.6947654994825523, 0.5452820025384426, 0.7422575443983077, 0.534828869625926, 0.8169991478323937, 0.5151211168617009, 0.5082479864358902, 0.720162225763003, 0.4896576050668955, 0.38890495523810387, 0.5147797401994467, 0.3638385243713856, 0.6944808244705201, 0.5568397294729948, 0.6270233288407325, 0.5372831203043461, 0.5171644557267427, 0.4129825413227081, 0.7208513980110487, 0.5579479979972044, 0.601794408634305, 0.5677935559302568, 0.7209982290863991, 0.5778306449453037, 0.5407840646803379, 0.5027232475578784, 0.6105750073989232, 0.6289329145103693]
2025-12-23 18:37:48 - feda2ls - INFO - loss data:
2025-12-23 18:37:48 - feda2ls - INFO - [0.45129984258674083, 0.6614365004003048, 0.47830554135143755, 0.32388781673507766, 0.35265605997604627, 0.25392713728360833, 0.32852992736152375, 0.23208630566174784, 0.5564477121457458, 0.5284872181713581, 0.5840909130871296, 0.47878482528030875, 0.4459949590265751, 0.4169592110614758, 0.4136606458574533, 0.14929469507187604, 0.8704559549689292, 0.29351236335933206, 0.6545906029641628, 0.4443367043510079, 0.3755213383585215, 0.1051786222973735, 0.7054212119430303, 0.3818324885331094, 0.8134930732659995, 0.6024578798562288, 0.43388472525402905, 0.05774347169790417, 0.6544855695217848, 0.3666709491362174, 0.2825266292525662, 0.6495366103947162, 0.4662574090063572, 0.47401745710521936, 0.6073589064180851, 0.31918227851080394, 1.269104927778244, 0.3982476209393806, 0.38711981996893885, 0.5246962651610374, 0.37436746100429447, 0.592483364790678, 0.3041450015036389, 0.5336255000904202, 0.2512687968888453, 0.13499702988192439, 1.0803473945707083, 0.5169511258602142, 0.26764721255749463, 0.385380884560032, 0.1091675932234567, 0.020351485265806938, 0.8193504755119128, 0.563192380964756, 0.4139515433992659, 0.19197471625437693, 0.8545372266322375, 0.7548410527408123, 0.5900939490646124, 0.4442352980840951, 0.38178444079821927, 0.337331325840205, 0.19409760986454785, 0.5496946850907989, 0.4106038544859205, 0.18678292881749156, 0.18930992922978476, 0.17023237338289618, 0.7526018716394901, 0.523224699497223, 0.31879676141672664, 0.16089451452717185, 0.38864436798862045, 0.3209072321187705, 0.3562737081732069, 0.22087089389096948, 0.026464941329322755, 0.8824282480432885, 0.608307858929038, 0.29405375986825677, 0.3078809195065073, 0.16745150614962248, 0.19874093983218902, 0.22591322306543588, 0.4438794793561101, 0.553656430542469, 0.299545016243226, 0.725338863581419, 0.34968793601728976, 0.480323995401462, 0.32942168222636814, 0.4976286720484495, 0.4221239104866982, 0.4231302350759506, 0.2833815935999155, 0.337887813791167, 0.3306103433133103, 0.1822938962141052, 0.3560377415890495, 0.41731285490095615, 0.19683761804675062, 0.5970569163560867, 0.22173508275300263, 0.4144744075834751, 0.3831564912572503, 0.2284108515207966, 0.5494503956288099, 0.46847538426518437, 0.14882711336637539, 0.6583785992115736, 0.36583405183628204, 0.3762928444892168, 0.16592339114286006, 0.5016053460538388, 0.27128252444995776, 0.715999911352992, 0.3513409382264529, 0.25014932071790097, 0.35632234439253807, 0.35174685548990964, 0.3172677617520094, 0.39824012406170367, 0.4621322877705097, 0.32938696481287477, 0.38461049143224957, 0.34368787813517787, 0.5098735477775336, 0.4089494777843356, 0.4555851072072983, 0.4061745355526606, 0.48131152540445327, 0.45163942184299233, 0.35063046698924155, 0.47550838962197306, 0.3926156276836991, 0.42017470411956315, 0.25573585824006134, 0.7469673343002796, 0.3101609990414646, 0.4357961029878684, 0.33058842151529255, 0.622524444013834, 0.3902843564748764, 0.30744293788447974, 0.3335103378734655, 0.38621184006333353, 0.46556215425953273, 0.2599349804222584, 0.35824833061132166, 0.6687609899789095, 0.35711911534890534, 0.4775740820914507, 0.3798357229679823, 0.2330756040289998, 0.35234006233513354, 0.40070659592747687, 0.3812617417010996, 0.4800173776224256, 0.14354437665185993, 0.40377058573067187, 0.8438609391450882, 0.330087077524513, 0.2802367594093085, 0.29772305116057396, 0.25202482188386577, 0.27186631634831426, 0.8909946456551552, 0.3477170767262578, 0.25933097307052877, 0.7349877715110779, 0.17202052325010297, 0.19413945888952605, 0.5243055267259478, 0.5634903695434332, 0.44519483409821986, 0.2717856647712844, 0.441915699839592, 0.20451199780735704, 0.13071947375105486, 0.7212392853366004, 0.3899711336940527, 0.6874301305040718, 0.3510976964607835, 0.1393951388075948, 0.564627306163311, 0.2067748609900711, 0.18949774634093047, 0.655795019865036, 0.1249109797179699, 0.23906156131997702, 0.9676285468041896, 1.1006893083453178, 0.2309048941358924, 0.3026432694867253, 0.1784105372156889, 0.5254048507660627, 0.48629170265048743, 0.58010860607028, 0.44739753231406215, 0.49779859706759455]
2025-12-23 18:39:17 - feda2ls - INFO - loss data:
2025-12-23 18:39:17 - feda2ls - INFO - [0.45129984258674083, 0.6614365004003048, 0.47830554135143755, 0.32388781673507766, 0.35265605997604627, 0.25392713728360833, 0.32852992736152375, 0.23208630566174784, 0.5564477121457458, 0.5284872181713581, 0.5840909130871296, 0.47878482528030875, 0.4459949590265751, 0.4169592110614758, 0.4136606458574533, 0.14929469507187604, 0.8704559549689292, 0.29351236335933206, 0.6545906029641628, 0.4443367043510079, 0.3755213383585215, 0.1051786222973735, 0.7054212119430303, 0.3818324885331094, 0.8134930732659995, 0.6024578798562288, 0.43388472525402905, 0.05774347169790417, 0.6544855695217848, 0.3666709491362174, 0.2825266292525662, 0.6495366103947162, 0.4662574090063572, 0.47401745710521936, 0.6073589064180851, 0.31918227851080394, 1.269104927778244, 0.3982476209393806, 0.38711981996893885, 0.5246962651610374, 0.37436746100429447, 0.5924915991723538, 0.30419511105865243, 0.533502253331244, 0.25112163878622507, 0.13504121671430766, 1.0812816920690238, 0.5168894678354263, 0.26750031590668694, 0.3850786382642885, 0.10914304382814509, 0.02036816546848665, 0.819668139663658, 0.5632508456707, 0.41399054154753684, 0.19192665545935078, 0.8568794060498477, 0.7568453013896942, 0.5912658985704183, 0.4438070300966501, 0.38230110992444677, 0.3359960324130952, 0.19138187834760173, 0.573535289557185, 0.41697635645312925, 0.18824200324921145, 0.18857015883466893, 0.17058214194257743, 0.7424338795244694, 0.525104534626007, 0.31785488066573936, 0.160895887358735, 0.3867254749472652, 0.3207707807654515, 0.3574775368507419, 0.2201868216623552, 0.025838962759007697, 0.9091122618643567, 0.6121738493442535, 0.2932388513348997, 0.30682000265057596, 0.1671843668978129, 0.19706089885957126, 0.22659204782297215, 0.42643431536853316, 0.5542163282632828, 0.29637439559317297, 0.7661467909812927, 0.36036053420975805, 0.48937311180763776, 0.3275762616760201, 0.500419694185257, 0.4252861313521862, 0.42375272437930106, 0.2822666365653277, 0.3469689348887186, 0.3289928156940732, 0.18255438185296954, 0.34696422312408687, 0.4160361170768738, 0.19142581426228086, 0.618038857728243, 0.2247997135389596, 0.4159297727048397, 0.3861197045072913, 0.22440006685931058, 0.5359013114124537, 0.47766952179372313, 0.15150945897524556, 0.6706217203289271, 0.3776814634911716, 0.37540896162390713, 0.16336974827572703, 0.5200263787060976, 0.2666457321908739, 0.7587188493460417, 0.353413835433977, 0.24964289786294103, 0.3455929085612297, 0.3512399835512042, 0.31591996066272254, 0.3917102511972189, 0.46627264767885207, 0.3355802409350872, 0.38096857350319624, 0.3466185520506567, 0.5054894611239433, 0.4116104103624821, 0.45026847533881664, 0.408927094013918, 0.4785157844424248, 0.46167537635192274, 0.33214241231326014, 0.46893861629068856, 0.3873151844367385, 0.42264176197350023, 0.25649725107683075, 0.7799986127763987, 0.297780901648932, 0.4507183237799577, 0.32525420228226315, 0.6395546730607748, 0.38474730402231216, 0.304746557213366, 0.3367338435827858, 0.3896373108960688, 0.46295838840305803, 0.2585343624864306, 0.3559109361428353, 0.6728609345853329, 0.35280037205666304, 0.4922580374404788, 0.3795110484585166, 0.23199162036180498, 0.348560380935669, 0.4019842430949211, 0.38118830271479154, 0.4847760880365968, 0.141928581510567, 0.4060624408535659, 0.8562311977148056, 0.32846101056784394, 0.27984227137640116, 0.2978938966989517, 0.2498768705342497, 0.272293802537024, 0.8863358233124018, 0.34825880117714403, 0.26042367501391306, 0.7387779828161001, 0.1709696114063263, 0.19381850747953333, 0.5256354149430991, 0.5657190050929785, 0.44161976762115956, 0.2703891665275608, 0.4388140492141247, 0.2065024578322967, 0.1315894137136638, 0.7276269331988361, 0.3878685187548399, 0.6895394088700414, 0.34942092578858136, 0.14052906148135663, 0.5584837689995765, 0.2066978431336345, 0.19126974549144504, 0.6512023434042931, 0.12634002674991884, 0.23973926547914742, 0.9624163936823606, 1.096704374998808, 0.23169009275734426, 0.3029106756672263, 0.17851563758911596, 0.523076916486025, 0.485404827259481, 0.5783637031912804, 0.4484039319679141, 0.4986603930592537]
2025-12-23 18:44:09 - feda2ls - INFO - loss data:
2025-12-23 18:44:09 - feda2ls - INFO - [0.45129984258674083, 0.6614365004003048, 0.47830554135143755, 0.32388781673507766, 0.35265605997604627, 0.25392713728360833, 0.32852992736152375, 0.23208630566174784, 0.5564477121457458, 0.5284872181713581, 0.5840909130871296, 0.47878482528030875, 0.4459949590265751, 0.4169592110614758, 0.4136606458574533, 0.14929469507187604, 0.8704559549689292, 0.29351236335933206, 0.6545906029641628, 0.4443367043510079, 0.3755213383585215, 0.10518215644535506, 0.7055214330554008, 0.3815689579118043, 0.8135475842282176, 0.6035341385751962, 0.43493139026686545, 0.0576652123243548, 0.6552562344819307, 0.36585910357534884, 0.28203085917565557, 0.6508351214230061, 0.4658471569418907, 0.47189501766115427, 0.6068749748170376, 0.3194498684412489, 1.2654053221146264, 0.3981658415041036, 0.38815209083259106, 0.5263029575347901, 0.37509760048706087, 0.5935037635266781, 0.3047553406096995, 0.5338743420317769, 0.25229895975263344, 0.135389375500381, 1.0813831297680736, 0.5174910679459572, 0.26801147716016405, 0.38494075673321887, 0.10891918596785723, 0.02034891188183489, 0.8193597283347377, 0.5647744819521904, 0.4153327375650406, 0.19431070294896408, 0.8607511959969998, 0.7570438653230667, 0.5922224331647158, 0.4453759447205812, 0.3838384325266816, 0.3363029940985143, 0.1993878609035164, 0.5414231554799093, 0.4116398646363191, 0.1870781559160807, 0.19050630984462, 0.17163847996271214, 0.7576401591300964, 0.5305263333022594, 0.3251989920209679, 0.16248927426834903, 0.39941330227468697, 0.32330810960847883, 0.357633413746953, 0.22244268499780445, 0.02661644816980697, 0.8828725982864853, 0.614243319630623, 0.29851727827917784, 0.31048441635710855, 0.1698583387487036, 0.20020719532233974, 0.23036904570957026, 0.44607002111151817, 0.5538580603897572, 0.3068926324550476, 0.7393252216279507, 0.36427015918307004, 0.48408881119555897, 0.33179553128365014, 0.5022969625890255, 0.43600105568766595, 0.439491780102253, 0.28703063204884527, 0.34222338516265155, 0.3348777007078752, 0.18452421694528312, 0.355580543871555, 0.42094845734536646, 0.20114541392152507, 0.6101355344057083, 0.2341836026404053, 0.41656802222132683, 0.38853415977209804, 0.22980738236081033, 0.5539077371358871, 0.47630156241357324, 0.15605370982343125, 0.6565910246223211, 0.38115368168801067, 0.3814698465168476, 0.16991122351028026, 0.5065369546413422, 0.2734225490544405, 0.7280157644301652, 0.35543041223926203, 0.2550166130065918, 0.3643930320228849, 0.3558231137692928, 0.32041743136942386, 0.4096662662923336, 0.4699854478240013, 0.33799033649265764, 0.3849202653393149, 0.34978048745542767, 0.5069850835949182, 0.4189299693331122, 0.4600697495043278, 0.4115701748856476, 0.48455571904778477, 0.46220093350857494, 0.34089105906896294, 0.47839411459863185, 0.3984212938696146, 0.4256767883896828, 0.2566552037994067, 0.756086065992713, 0.3093232334074047, 0.445815552345344, 0.3331234286228816, 0.6247494418174029, 0.3921311590820551, 0.3060413754545152, 0.34056557742361393, 0.3896210430189967, 0.47110689636319875, 0.26308543357465947, 0.36034028869536183, 0.6919855438172817, 0.3552578640170395, 0.4907305474792208, 0.38348145317286253, 0.23697800021618606, 0.3561583392322063, 0.40650854576379064, 0.3868760184695323, 0.48770451322197916, 0.14573913279713857, 0.40904132062569265, 0.855063259601593, 0.33137355418875813, 0.2827748562209308, 0.3036248624324799, 0.256728400130357, 0.27366417292505507, 0.8999962255358696, 0.3502644281834364, 0.2628546583569712, 0.7422410886734724, 0.1762190591543913, 0.19816049939346692, 0.526578027382493, 0.5668042354285717, 0.44786413963884114, 0.2707493073706116, 0.4454506244510412, 0.20690445446719724, 0.13367119118985205, 0.7295648374905189, 0.3919478759169579, 0.691462879255414, 0.3572056008502841, 0.139669369161129, 0.5605967443436384, 0.20948947943185292, 0.19282190408557653, 0.6606304042041302, 0.12689670343986817, 0.24282440980896353, 0.970232167467475, 1.105446631461382, 0.23289979100227357, 0.3061017652973533, 0.1830980833915491, 0.5330055240541697, 0.488252049125731, 0.5796001687645912, 0.4520231235772372, 0.5024395190179348]
2025-12-23 18:47:57 - feda2ls - INFO - loss data:
2025-12-23 18:47:57 - feda2ls - INFO - [0.45106638967990875, 0.29442241319662166, 0.1741255427710712, 0.7820883456617593, 0.6703372206538916, 0.488014730066061, 0.708866940997541, 0.31966281819622966, 0.26777136533314155, 1.0292130881920458, 1.4720278978347778, 0.5453147323181231, 0.595105317607522, 0.5390250150114297, 0.7327804192900658, 0.44746525697410106, 1.4888829350471497, 0.8535469099879265, 0.2904385769739747, 0.4947238742373884, 0.2630156766105857, 1.3269948451779783, 0.890022036805749, 1.825324400017659, 0.5739282122916645, 0.8511703178286553, 0.41501587890088554, 1.52986279129982, 0.2231556144542992, 1.1500832089222968, 1.7967796151836712, 0.5311773440800607, 0.40949893621727823, 0.7027524584904313, 0.6585974450223148, 0.45317203948895135, 0.19415073171257974, 1.7986686026056606, 0.4680463325697929, 0.3635122774789731, 0.9573307476937771, 1.0577862933278084, 0.41523018847219645, 0.7994407528545707, 2.284795139729977, 0.5026378080248832, 0.5308850638568401, 0.8155178910121322, 0.37347587464998167, 1.0225322644691914, 0.15354744349606336, 1.4624204039340838, 1.4360015775077044, 0.14799416279420258, 0.5926762509987586, 0.4611407656222582, 0.4305844196351245, 0.5154406341413657, 0.2634089241968468, 0.4908165562277039, 0.3600762170273811, 0.7475036296993494, 1.2341995164752007, 0.5958890460431576, 0.3586125160101801, 0.46087478250265124, 0.8555340904742479, 0.38567989142611625, 0.6518934667576104, 1.542652167379856, 0.38490209800915587, 0.8657113309949637, 0.7405057200230658, 0.4722848492092453, 0.6157824876019731, 2.0600307308137418, 0.46502282544970514, 0.21666466074788737, 0.2644941274775192, 0.2228460823185742, 1.1170686976984143, 1.0640408128499985, 0.40117927771061657, 0.7655544026289135, 0.8901961616473273, 1.691330477129668, 0.3199794322200533, 0.8319063417613506, 0.4105987545102835, 0.9692359964052836, 0.3371056362676124, 0.17063492427114396, 1.4876208517700433, 1.0804260611534118, 0.5093550546094775, 0.3933777240104973, 1.608491810411215, 0.5870901397429407, 0.4136508428491652, 0.44592763371765615, 0.40524904113262894, 1.0794985249638558, 0.37467852908497057, 0.23533858568407595, 0.22192108795279636, 0.11258368091657757, 2.0375008314847944, 0.40862379837781193, 1.3073700577020646, 0.33102989433488494, 1.0224595911800862, 1.0244947482598945, 1.4868175833486021, 0.9973461404442787, 0.8943331621121615, 0.4055825139499373, 0.6400554490586121, 0.4332255396991968, 0.8660654000937938, 0.5226888308922449, 0.5032045006752014, 0.46418631840497254, 0.3825172606855631, 0.3482573285233229, 0.5268173109274358, 0.3556095711886883, 0.8673915164545178, 0.5564458175665803, 0.27525967988185585, 0.18323056909462643, 1.1542232756813366, 0.6040401179343462, 0.37865577414631846, 0.18141021244227887, 0.5143127092160285, 1.0902019545435906, 0.6484399259090423, 0.6522445671260357, 0.6420431792736053, 0.5133133480946223, 0.6674917574144072, 0.7738718390464783, 0.4552181016653776, 0.5845142379403114, 0.5411734379827976, 0.43364904841615093, 0.7298941858112812, 0.4963165024916331, 0.4573016010224819, 0.20066583454608916, 0.3917798835784197, 1.4855590522289277, 0.547628072835505, 0.696665796265006, 0.33644950333982704, 0.6864681384215752, 0.23216143236236852, 0.2258733794093132, 1.3459196411073209, 0.30792774111032484, 1.1319111151620747, 0.9668956547044217, 0.3988689921692842, 0.5639876374974847, 0.44598651242752874, 0.20658014435321093, 0.12592481598258018, 1.6162104879816372, 0.9938820546492935, 1.7453474253416061, 0.22727835989401987, 0.3387633990496397, 0.9108084471896291, 0.7345073658972978, 2.1362055242061615, 0.35366529831662774, 0.5328568790056225, 1.3658901318907737, 0.8739310516044497, 0.20879125185310843, 0.8819837238639593, 0.25229594628326596, 0.41131441202014685, 0.3808406261727214, 0.3316981974989176, 0.4330976130440831, 0.20253301691263914, 0.5193793920800089, 1.3022971898317337, 0.8919601261150092, 1.21884086728096, 0.9013435676693916, 1.338324988881747, 0.6864139810204506, 1.1661528449505567, 0.9948321979492902, 1.0095123103121295, 0.6253423010930419, 0.3016118360683322, 1.2092100083827972]
2025-12-23 18:48:25 - feda2ls - INFO - loss data:
2025-12-23 18:48:25 - feda2ls - INFO - [0.45106638967990875, 0.29442241319662166, 0.1741255427710712, 0.7820883456617593, 0.6703372206538916, 0.488014730066061, 0.708866940997541, 0.31966281819622966, 0.26777136533314155, 1.0292130881920458, 1.4720278978347778, 0.5453147323181231, 0.595105317607522, 0.5390250150114297, 0.7327804192900658, 0.44746525697410106, 1.4888829350471497, 0.8535469099879265, 0.2904385769739747, 0.4947238742373884, 0.2630156766105857, 1.3269948451779783, 0.890022036805749, 1.825324400017659, 0.5739282122916645, 0.8511703178286553, 0.41501587890088554, 1.52986279129982, 0.2231556144542992, 1.1500832089222968, 1.7967796151836712, 0.5311773440800607, 0.40949893621727823, 0.7027524584904313, 0.6585974450223148, 0.45317203948895135, 0.19415073171257974, 1.7986686026056606, 0.4680463325697929, 0.3635122774789731, 0.9573307476937771, 1.0571516379714012, 0.415841593593359, 0.7981023714644835, 2.291110536456108, 0.5019458845257759, 0.52400678768754, 0.8245438751764596, 0.3703450436781471, 1.0094225831329822, 0.1544861978967674, 1.4555817793356254, 1.4287421371322124, 0.14865992008708417, 0.5894416050054133, 0.46110467575490477, 0.42785577930044383, 0.510533000032107, 0.2638373232446611, 0.48408277394870913, 0.35715714148245753, 0.7525858739390969, 1.2191223427653313, 0.5850414089858532, 0.35866927946917715, 0.46960720121860505, 0.8479859802871943, 0.3849006365984678, 0.6484438216779381, 1.5481406400601068, 0.3820624524313543, 0.8713504999876023, 0.7389477235265076, 0.4824855517363176, 0.6149872353067621, 2.0826596558094024, 0.4702929873019457, 0.21359884083115807, 0.26566701103001833, 0.22310890499502423, 1.1314083156175911, 1.0707996964454651, 0.39679070012643936, 0.7917213774596652, 0.9079656422836706, 1.7216490897350014, 0.32418908313330674, 0.8385941118001938, 0.4195519727654755, 1.0014142841100693, 0.34705154049831133, 0.17416441098321228, 1.5024691808968782, 1.1025777734816073, 0.5107240309938789, 0.40273735802620647, 1.6309991039335727, 0.5819511946756393, 0.4139888634905219, 0.4507500587031245, 0.40259519914786024, 1.1105992667376996, 0.376089762399594, 0.23673810646869242, 0.22737247089389712, 0.11657364876009524, 2.020954300959905, 0.41119509674608706, 1.315621940791607, 0.33353801700286567, 1.013819693773985, 1.0240996880456805, 1.4653370074462146, 0.990066225330035, 0.8931376662570983, 0.4036320614731974, 0.6342327011128266, 0.4373180873692036, 0.8583597168326378, 0.5265300013124943, 0.4944829560816288, 0.47706222757697103, 0.38137440147499246, 0.34890766167081894, 0.5232855792855844, 0.3644042315892875, 0.8791421499568969, 0.5689809270617034, 0.26315666805021465, 0.1829576594548093, 1.1592988433937232, 0.6039493041113019, 0.3790223181247711, 0.18264545327983797, 0.5215305432987709, 1.093761921674013, 0.6468214839696884, 0.6470472790300846, 0.6469189867377281, 0.5176376017431418, 0.6638753262038033, 0.7892098799347878, 0.45171194039285184, 0.591511432081461, 0.5517534479498863, 0.4423567050447067, 0.7399453587830067, 0.507445340976119, 0.4605184283107519, 0.1956243896856904, 0.40237046852707864, 1.4737015068531036, 0.5377296585589647, 0.6915687091648579, 0.34527174681425093, 0.6914225675165653, 0.22892849415075034, 0.23102863533422352, 1.3568493463099003, 0.293139679171145, 1.1237791294232011, 0.9685138455592096, 0.39981687078252437, 0.5603402179665864, 0.44781411977277863, 0.206367495842278, 0.1262202295474708, 1.6332305843631427, 0.9987904518842696, 1.7736612409353256, 0.22701388341374695, 0.3374953592196107, 0.9107680452056229, 0.7438546545803547, 2.1457902044057846, 0.3572701354511082, 0.5389075214819361, 1.3735326424241066, 0.8722518442198635, 0.21043808814138176, 0.8867878876626492, 0.2537307439604774, 0.4236439625732601, 0.3913335628807545, 0.3350872006267309, 0.43623296183844407, 0.20066544860601424, 0.5217253162525595, 1.3182197213172913, 0.8999052086534599, 1.2382439374923706, 0.9024423256516456, 1.3482682233055432, 0.6942000476022561, 1.1648615222424268, 1.005969629995525, 1.012684859824367, 0.6394133275995653, 0.30232489500194787, 1.1847476959228516]
2025-12-23 18:51:21 - feda2ls - INFO - loss data:
2025-12-23 18:51:21 - feda2ls - INFO - [0.45106638967990875, 0.29442241319662166, 0.1741255427710712, 0.7820883456617593, 0.6703372206538916, 0.488014730066061, 0.708866940997541, 0.31966281819622966, 0.26777136533314155, 1.0292130881920458, 1.4720278978347778, 0.5453147323181231, 0.595105317607522, 0.5390250150114297, 0.7327804192900658, 0.44746525697410106, 1.4888829350471497, 0.8535469099879265, 0.2904385769739747, 0.4947238742373884, 0.2630156766105857, 1.3270003460347652, 0.8917705394793302, 1.8270801429947217, 0.5739972799188561, 0.8523423582315445, 0.4169869352132082, 1.5144602718452613, 0.22398807257413866, 1.1488722749985754, 1.8072873515387375, 0.5303775255568326, 0.4098317521158606, 0.6996491300174966, 0.6649233255535364, 0.45547726449246206, 0.19425610611215233, 1.7925406490763027, 0.46902158111333847, 0.36108434494170877, 0.9511756531894207, 1.0517109408974648, 0.4137374863028526, 0.79664913197048, 2.302044782042503, 0.5047054350376129, 0.5459381973370909, 0.7795540334656834, 0.376788407129546, 1.0252865994349123, 0.15359405671479182, 1.464744290127419, 1.4518248174339532, 0.14718439066782593, 0.5907326499414113, 0.44175950847566126, 0.4309880957007408, 0.5220333027342956, 0.2792838514316827, 0.49580036103725433, 0.3703508497215807, 0.6935876837000251, 1.2279644012451172, 0.6057103298604488, 0.3610371338203549, 0.4359501749277115, 0.8470795929431916, 0.3850595898926258, 0.6534387207590043, 1.539985237022241, 0.378436714824703, 0.8517576693246762, 0.7316575055010617, 0.46540969870208454, 0.6045478766318411, 2.008307188004255, 0.4620524052530527, 0.22063843639464015, 0.2589514518622309, 0.22059057988226413, 1.1017123754136264, 1.057996916770935, 0.38678970383480193, 0.805549944859619, 0.9053117902483792, 1.655361555889249, 0.3128596561857396, 0.8524603895843028, 0.40794527940452097, 0.996935291422738, 0.3386549257673323, 0.1642406894825399, 1.449290420114994, 1.0991341948509217, 0.49932342655956746, 0.3903749413788319, 1.581083596497774, 0.5837132157757878, 0.40979871586896477, 0.446547238714993, 0.4077919257959972, 1.1157925747334958, 0.36910707456991076, 0.23422432481311262, 0.22472614201251417, 0.11390592711977661, 2.0372811963160835, 0.3847476368770003, 1.2926157385110855, 0.32872583476516104, 0.9850936379283667, 1.0293088169768452, 1.4353070643963293, 1.019116535782814, 0.9339227505959571, 0.4216059496833218, 0.6585985651860635, 0.43592519052326684, 0.8587940856814384, 0.5337092181046804, 0.5022288791835308, 0.4569937389343977, 0.38091158792376517, 0.34959638956934214, 0.5330307513009757, 0.35937812365591526, 0.9112031193450093, 0.5597085952758789, 0.2708695740438998, 0.18559364761846758, 1.1493741609156132, 0.6003373076207936, 0.37468716576695443, 0.184015504270792, 0.517401468125172, 1.094452579319477, 0.6526728607714176, 0.644481822103262, 0.6378435239195823, 0.5171511272589365, 0.6740930264608728, 0.7606817930936813, 0.45194884166121485, 0.5918935403227806, 0.5596663966774941, 0.43943077263732755, 0.7312533937394619, 0.5070252077033122, 0.45756745934486387, 0.2001749400049448, 0.38801532946527006, 1.4844327837228775, 0.5631668930873275, 0.7108007308095694, 0.34026808850467205, 0.6909253658726812, 0.23969411394662327, 0.2215740323998034, 1.3653984285891057, 0.30983094684779644, 1.1155758570879697, 0.9700919711962342, 0.3993514010165301, 0.5659758127294481, 0.4434069633069966, 0.20513265281915666, 0.12851724915672094, 1.609576165676117, 0.9946041028946638, 1.7743641138076782, 0.23058526911255386, 0.3378183781169355, 0.902739780396223, 0.7393260024487972, 2.141231894493103, 0.36495965492601196, 0.5368426826834265, 1.377064260840416, 0.883749485667795, 0.20786016937345264, 0.8846788581460714, 0.25499451071955265, 0.40955797359347346, 0.3740007370710373, 0.3259868107736111, 0.43064927222828076, 0.20389374187216164, 0.5262237183749676, 1.326768919825554, 0.8931346866302192, 1.2247892767190933, 0.8789112240076065, 1.353637047111988, 0.6776156698664029, 1.1894925273954868, 0.9959777597337961, 1.0200590097811073, 0.6377713872740667, 0.3015907872468233, 1.2174517810344696]
2025-12-24 10:54:38 - feda2ls - INFO - loss data:
2025-12-24 10:54:38 - feda2ls - INFO - [0.5407371856272221, 0.7901426985859871, 0.5178758253653845, 0.4099231380969286, 0.6287074980015556, 1.103487392514944, 0.4221957785387834, 0.4556361106224358, 0.4738077953457832, 0.6567986827498923, 1.175737118232064, 0.23547020422605175, 0.20689643880662817, 1.2369300100952387, 2.341793440282345, 0.762683888276418, 0.7017273411154747, 0.5577510590199382, 0.6042759459465742, 0.6071427553892136, 0.8384060889482499, 0.49910300783813, 0.7248771518934518, 0.7101914778351783, 0.42007141845921675, 0.43686615736223755, 0.7881224520504475, 0.390285586565733, 0.5884827427566052, 0.5172472026199102, 0.6995815582573414, 0.8929477110505104, 0.6445882179463903, 0.8235614031553269, 0.5543991820886731, 0.21506259469315409, 1.0000193662941455, 0.6910029262304306, 0.5030361307784914, 0.763757549226284, 0.3494891363506516, 0.15384421995840966, 1.375750619219616, 0.6144009001553059, 0.4746460415422916, 0.305509070896854, 0.533536603115499, 0.4695816247723997, 0.45552847161889076, 0.35160431116819385, 0.3807147821101049, 0.6068889781832695, 0.6169799469411372, 0.6295227967202663, 0.41856640111654997, 0.5941175691783428, 0.4319105749949813, 0.39222647678107025, 0.5588051989053686, 0.33289032330115637, 0.2388059053802863, 2.0142567455768585, 0.32326331147924064, 0.3990078564733267, 0.916673494875431, 0.48980078250169756, 0.4394348531030119, 0.5204567599925213, 0.7940999820828438, 0.3947185499593615, 0.4753427626565099, 1.0973237444957098, 0.37799088163301353, 0.42291907345255214, 0.45262937632699807, 0.47698410507291555, 0.22731414251029491, 0.6632642115466296, 0.6624667248688638, 0.616998965293169, 0.42188560124486685, 0.22513409107923507, 0.5066205129648248, 1.1140229463577271, 1.231464595766738, 0.2884542611427605, 0.2422318109932045, 0.8848350572632626, 1.1692426035297103, 0.8238664231961592, 0.784865952283144, 0.3602806365117431, 0.3164317160844803, 0.18677536833565683, 0.27661105399020014, 0.8820976838469505, 0.45034422129392626, 0.3202267611399293, 0.30619763700912395, 0.9756421744823456, 0.5367085536321003, 0.5087238609790802, 0.5422213387986023, 0.7769913710653782, 0.6973473634570837, 0.5391257241368294, 0.43184617832303046, 0.47386324778199196, 0.5619029443711043, 1.036426498244206, 0.4966128431260586, 0.14774712231010198, 0.8680743739474565, 0.45185344479978085, 0.4983336992561817, 0.6968717188574374, 0.47149004638195036, 0.6244357652962208, 0.5027421407401562, 0.5140304215252399, 0.3948031307198107, 0.5130364373326302, 0.5616625651717186, 0.5913957428187132, 0.4223270583897829, 0.18767167646437882, 0.9463122986257076, 0.6610846612602472, 0.5378387063741684, 0.6443836741149426, 0.48651289505263173, 0.77142203762196, 0.5362799905240536, 1.011390502254168, 0.4799645977715651, 0.4668405320495367, 0.4327314565579097, 0.9511037344733874, 0.6118578031659125, 0.5065846756100655, 0.5268903722365696, 0.5661623068153858, 0.6515378423035145, 0.40310605708509684, 0.48168313813706237, 0.4510917806997895, 0.7042362004518509, 0.5481267817318439, 0.6243061229586602, 0.43349319957196714, 0.32308054231107236, 0.7144928894937039, 0.44912258014082906, 0.40264868568629025, 0.6372962333261967, 0.6022070848072569, 0.8665802747011184, 0.3517308730632067, 0.5264457451800505, 0.5260770680382848, 0.41667399257421495, 0.5512902539223432, 0.589676296338439, 0.7423198049267132, 0.348247508580486, 0.919546952843666, 0.3512271083891392, 0.6592153714348873, 0.8527979135513306, 0.30991328669091067, 0.38353548385202885, 0.5482142593711614, 0.7926886416971684, 0.6247312620282173, 0.819218511134386, 0.607847635820508, 0.9255806565284729, 0.5826078731566667, 0.573246443271637, 0.7829380760590235, 0.5558199353516102, 0.43585332557559014, 0.5373460121452809, 0.39378750547766683, 0.8013594552874566, 0.6247949235141277, 0.6428740937262774, 0.5594008725136519, 0.573120293021202, 0.45454813055694104, 0.7906081979473432, 0.5886477949718634, 0.6587579175829887, 0.6568898685276509, 0.8262496218085289, 0.6436943612992764, 0.6155757039785386, 0.5247273735702038, 0.6875278522570928, 0.7268557861447335]
2025-12-24 10:54:53 - feda2ls - INFO - loss data:
2025-12-24 10:54:53 - feda2ls - INFO - [0.5407371856272221, 0.7901426985859871, 0.5178758253653845, 0.4099231380969286, 0.6287074980015556, 1.103487392514944, 0.4221957785387834, 0.4556361106224358, 0.4738077953457832, 0.6567986827498923, 1.175737118232064, 0.23547020422605175, 0.20689643880662817, 1.2369300100952387, 2.341793440282345, 0.762683888276418, 0.7017273411154747, 0.5577510590199382, 0.6042759459465742, 0.6071427553892136, 0.8384060889482499, 0.49910300783813, 0.7248771518934518, 0.7101914778351783, 0.42007141845921675, 0.43686615736223755, 0.7881224520504475, 0.390285586565733, 0.5884827427566052, 0.5172472026199102, 0.6995815582573414, 0.8929477110505104, 0.6445882179463903, 0.8235614031553269, 0.5543991820886731, 0.21506259469315409, 1.0000193662941455, 0.6910029262304306, 0.5030361307784914, 0.763757549226284, 0.3494891363506516, 0.15384421995840966, 1.375750619219616, 0.6144009001553059, 0.4746460415422916, 0.305509070896854, 0.533536603115499, 0.4695816247723997, 0.45552847161889076, 0.35160431116819385, 0.3807147821101049, 0.6068889781832695, 0.6169799469411372, 0.6295227967202663, 0.41856640111654997, 0.5941175691783428, 0.4319105749949813, 0.39222647678107025, 0.5588051989053686, 0.33289032330115637, 0.2388059053802863, 2.015210159122944, 0.323278586845845, 0.39904123842716216, 0.9167545154690743, 0.49006848596036434, 0.4400771813467145, 0.5224312042817474, 0.7967816926538944, 0.3943353146314621, 0.47519509121775627, 1.0993507395188014, 0.37887712158262726, 0.42302183285355566, 0.45412275021274884, 0.47655783630907533, 0.22743609328754247, 0.6633692489471287, 0.6649404599641761, 0.619075458869338, 0.4228291384875774, 0.22539692325517535, 0.5067819038716456, 1.1129774417728187, 1.2330454657785594, 0.28836879981681707, 0.24327721480901043, 0.8882314708859971, 1.1712832323275506, 0.8278179594082757, 0.7910922020673752, 0.36199814528226854, 0.31696196999400855, 0.18694968915078788, 0.2771076073870063, 0.8855271637439728, 0.45138493478298186, 0.3219805559143424, 0.3089185535907745, 0.9815637119114399, 0.5398814255992572, 0.5114398255944252, 0.5425079358120759, 0.7822713851928711, 0.7084933171669643, 0.5375625394284725, 0.4340558901429177, 0.4783517746254802, 0.5620974265038967, 1.042494842161735, 0.4998507492244244, 0.1484586971346289, 0.8719259448815136, 0.454337802529335, 0.4995068307965994, 0.7036307933740318, 0.4747734867036343, 0.6302049539983272, 0.5047717705368996, 0.5127300426363945, 0.39822079753503203, 0.5153763089329004, 0.5648664966225624, 0.5927607793360948, 0.425656475747625, 0.18754349760711192, 0.952177208662033, 0.6648251798003912, 0.5403996195644141, 0.6446512795984745, 0.49191436233619845, 0.7754803627263754, 0.5396130498498678, 1.01950015326341, 0.48304852967460954, 0.4695233915001154, 0.4358140643686056, 0.9573940448462963, 0.6147933997213841, 0.5113245993852615, 0.5308934686084588, 0.5691048420965672, 0.6543350480496883, 0.4065444905310869, 0.48569993296017244, 0.45410860925912855, 0.7045682966709137, 0.5497294947504997, 0.6253805719316006, 0.4372964173555374, 0.32514544595032935, 0.7195860229432582, 0.4538025565445423, 0.4055634122341871, 0.6412173211574554, 0.6061089479674895, 0.8736487418413162, 0.35154663361608984, 0.5273838105301062, 0.528933747112751, 0.4192221673205495, 0.553450570628047, 0.5956454208741585, 0.747846848020951, 0.3490483482678731, 0.9263282872736454, 0.35115112364292145, 0.6640489855781198, 0.8597567848861217, 0.3100837683926026, 0.38541864790022373, 0.5526628226041794, 0.8026842698454857, 0.6282655276358128, 0.8249871827661992, 0.6091651938855648, 0.9325048178434372, 0.5864517007023096, 0.5770768538117409, 0.791426212588946, 0.5597250133752822, 0.4384510576725006, 0.5409984871745109, 0.3933130549887816, 0.8099826142191887, 0.6294099606573582, 0.6502483237534762, 0.563654431886971, 0.579818032309413, 0.4560959167778492, 0.797480295598507, 0.5931004670759042, 0.6668699383735657, 0.6596181862056255, 0.8328267082571983, 0.6560217060148716, 0.6215683773159981, 0.5301946610212326, 0.6944482137759527, 0.7346718147397041]
2025-12-24 10:55:13 - feda2ls - INFO - loss data:
2025-12-24 10:55:13 - feda2ls - INFO - [0.5407371856272221, 0.7901426985859871, 0.5178758253653845, 0.4099231380969286, 0.6287074980015556, 1.103487392514944, 0.4221957785387834, 0.4556361106224358, 0.4738077953457832, 0.6567986827498923, 1.175737118232064, 0.23547020422605175, 0.20689643880662817, 1.2369300100952387, 2.341793440282345, 0.762683888276418, 0.7017273411154747, 0.5577510590199382, 0.6042759459465742, 0.6071427553892136, 0.8384060889482499, 0.49910300783813, 0.7248771518934518, 0.7101914778351783, 0.42007141845921675, 0.43686615736223755, 0.7881224520504475, 0.390285586565733, 0.5884827427566052, 0.5172472026199102, 0.6995815582573414, 0.8929477110505104, 0.6445882179463903, 0.8235614031553269, 0.5543991820886731, 0.21506259469315409, 1.0000193662941455, 0.6910029262304306, 0.5030361307784914, 0.763757549226284, 0.3494891363506516, 0.15384612476918846, 1.3756766438949855, 0.6143768079578877, 0.4745119817554951, 0.30549732837826016, 0.5336169719696044, 0.46954042548313735, 0.455364548197637, 0.35149975027889013, 0.3804907028563321, 0.606652844697237, 0.6165623374283313, 0.6296546508868535, 0.41867884776244557, 0.5939430750906467, 0.43162256032228474, 0.39207313167862595, 0.558960325208803, 0.332894399172316, 0.2387437388068065, 2.015365481376648, 0.32321070577017963, 0.39891516342759137, 0.9152635559439659, 0.4894180156290531, 0.43931586053222416, 0.5204134397325106, 0.7938879258930683, 0.3947860930114985, 0.4748297827318311, 1.098048131664594, 0.37867389498278503, 0.42234525966147585, 0.4526209735622009, 0.47715475112199784, 0.22704161116853355, 0.6632274450734258, 0.6635796677631637, 0.6181139636784792, 0.42134042363613844, 0.22527058779572448, 0.5072808604066571, 1.1128301155753433, 1.231760349823162, 0.28799060884242256, 0.24210105681171018, 0.8837541061841572, 1.1685169295757079, 0.8226383021567016, 0.7853076897561551, 0.3603861233219504, 0.31692219376564024, 0.1867733331086735, 0.276528296014294, 0.8804065704345703, 0.45219623297452927, 0.3204612506553531, 0.30690129331002636, 0.9758996193607649, 0.53626649081707, 0.5085714668035507, 0.5413884372760852, 0.7747511155903339, 0.6979222260415554, 0.539762556180358, 0.4316141374409199, 0.47356126084923744, 0.5621178034693003, 1.0380737123390038, 0.4968399368226528, 0.1470047568436712, 0.8702365096192807, 0.45117660202085974, 0.49761061891913416, 0.6966107087209821, 0.4708027396351099, 0.6227011434733868, 0.5023894876241684, 0.5147769659757614, 0.39386236211285, 0.5117363229393959, 0.5607111051678657, 0.5933738362044096, 0.4221194411317507, 0.18609975306317209, 0.9529418885707855, 0.6609614558517933, 0.5366152063012123, 0.644989101588726, 0.48661482209960616, 0.775943316379562, 0.5383859120309353, 1.0132204535106817, 0.4840136455992857, 0.46686269417405124, 0.4301116118828456, 0.9593416626254717, 0.6129034079611302, 0.5072918854653835, 0.5250997077673674, 0.5660443782806397, 0.6461261086165906, 0.40168567672371863, 0.48250993924836316, 0.4538142254576087, 0.7082987003028393, 0.5487322706729174, 0.6188907496631145, 0.43182673342525957, 0.3205782307311893, 0.7160012390464544, 0.44642688408493997, 0.40086035169661044, 0.6367362067103386, 0.6014792220667005, 0.86248202547431, 0.35361416563391684, 0.5245447717607021, 0.5241420267149806, 0.41506845485419036, 0.5489806927740574, 0.5861326151837906, 0.7374693763752778, 0.3479731220752001, 0.91792331635952, 0.35114621594548223, 0.6601637924710909, 0.8510995522141456, 0.3098538207511107, 0.3828124810010195, 0.5472331508994103, 0.789204670737187, 0.6228390987962484, 0.8149286046624183, 0.6058652855455875, 0.9217947721481323, 0.5799146953970193, 0.5701017044484615, 0.7771775593360265, 0.553067560866475, 0.4354464799165726, 0.5345599852502346, 0.3943839927514394, 0.7965551719069481, 0.6211633197963238, 0.6386471997946501, 0.5584066117182374, 0.5694554422050715, 0.45341777727007865, 0.7843472873171171, 0.5864001144965489, 0.651922382414341, 0.6529663920402526, 0.8188770741224289, 0.6376990452408791, 0.6111630611121655, 0.523318886756897, 0.681645933787028, 0.7185301080346107]
2025-12-24 10:55:23 - feda2ls - INFO - loss data:
2025-12-24 10:55:23 - feda2ls - INFO - [0.5407371856272221, 0.7901426985859871, 0.5178758253653845, 0.4099231380969286, 0.6287074980015556, 1.103487392514944, 0.4221957785387834, 0.4556361106224358, 0.4738077953457832, 0.6567986827498923, 1.175737118232064, 0.23547020422605175, 0.20689643880662817, 1.2369300100952387, 2.341793440282345, 0.762683888276418, 0.7017273411154747, 0.5577510590199382, 0.6042759459465742, 0.6071427553892136, 0.8384060889482499, 0.4991030050441623, 0.7248769486322999, 0.7101947635412216, 0.4200809902201096, 0.4369208130054176, 0.7884282477200031, 0.390246139280498, 0.5885242812335492, 0.5171942878514528, 0.6998872056603431, 0.8931787349283695, 0.6452462516725064, 0.8233261030167341, 0.5553913407027722, 0.21482644192874434, 1.0010959316045045, 0.6917464226484299, 0.5031762497499586, 0.7662968784570694, 0.34966676936795316, 0.1538817021297291, 1.3790877365507186, 0.614968153834343, 0.4750284656882286, 0.3057560917921364, 0.5341936942189932, 0.47066457225009795, 0.4554437516878049, 0.3518434328027069, 0.3810206844471395, 0.6080090932548046, 0.6168458141386508, 0.6302711367607117, 0.4180779506762823, 0.5946028374135495, 0.4321112670004368, 0.3924686310812831, 0.5598816577655573, 0.33284528177852435, 0.2386471618199721, 2.012343004345894, 0.3238149401731789, 0.39943182356655593, 0.9175828292965889, 0.49060890451073647, 0.4402388379909098, 0.5218815461150371, 0.7954724587500095, 0.39501137956976895, 0.47473979871720073, 1.0987424363692602, 0.3793645218014717, 0.42254932764917613, 0.4539439272135496, 0.4767714098095894, 0.2275965885724872, 0.6598504594527185, 0.6599341831170022, 0.6168864741921425, 0.42113272100687027, 0.2243017440661788, 0.507796183694154, 1.1142994633875787, 1.2242290794383734, 0.2887616938911378, 0.2418066148956617, 0.8870855640464773, 1.1733858083724045, 0.8208858945872635, 0.7851994715631008, 0.36104675410315396, 0.3184725645929575, 0.186475838542295, 0.2763936424162239, 0.8780909389257431, 0.4501354619860649, 0.32108576390892263, 0.3064254266520341, 0.9824817781647046, 0.5362436398863792, 0.5087021790444851, 0.540705871457855, 0.7756747528910637, 0.6909860658148925, 0.540698290988803, 0.43246119730174537, 0.474293545819819, 0.5610164381563664, 1.0405081597467265, 0.49695060104131694, 0.14783399095758795, 0.8729153865482658, 0.44980977326631544, 0.49608026035130026, 0.6982760229147971, 0.471319717168808, 0.6207400679588317, 0.5031041413545609, 0.5033836603164673, 0.39974929532036185, 0.5110409714281559, 0.5623211242258548, 0.5885171558707952, 0.42089080469061935, 0.1855714931152761, 0.9580386683344841, 0.6627059068530798, 0.5353465989232064, 0.6433078307658434, 0.489360022979478, 0.774694332992658, 0.5400871358811855, 1.0114251424868903, 0.4837133145580689, 0.46738173887133594, 0.42885601085921127, 0.9601312292118868, 0.6110909700393676, 0.5075838513672352, 0.5269153167804081, 0.5665418259799481, 0.6466444090008736, 0.40146759413182737, 0.4835220546151201, 0.4535816373303533, 0.702046649903059, 0.5465667948126793, 0.6203980274498463, 0.43222893700003623, 0.3212335087358952, 0.7164843518286943, 0.44503157734870913, 0.40084650640686353, 0.633058175444603, 0.6031772149726748, 0.8641231194138527, 0.35219785459339614, 0.5216043094793955, 0.5255610115826129, 0.4152482455596328, 0.5493544083088636, 0.588073842227459, 0.7379067254563172, 0.34594236413637797, 0.9248330764472484, 0.3495151653885841, 0.6633176043008765, 0.8537440240383147, 0.30889938622713087, 0.3840125061571598, 0.5461580466479063, 0.788558849443992, 0.6270476076751947, 0.8145805671811104, 0.6059558156877756, 0.9246472075581551, 0.5806936860084533, 0.570887615531683, 0.777180673678716, 0.5527213256806135, 0.4379268787801266, 0.5330376110970974, 0.39535464222232497, 0.7944893270730973, 0.6194115966558457, 0.6399637766182422, 0.561548576503992, 0.5678272601217031, 0.4533920641988516, 0.7875070725878079, 0.5867820873856544, 0.6511144451797009, 0.6476830646395684, 0.8187281548976898, 0.6448153788844744, 0.612331035733223, 0.5255959071218967, 0.6824279288450876, 0.7177952460944652]
2025-12-24 10:56:29 - feda2ls - INFO - loss data:
2025-12-24 10:56:29 - feda2ls - INFO - [0.5407371856272221, 0.7901426985859871, 0.5178758253653845, 0.4099231380969286, 0.6287074980015556, 1.103487392514944, 0.4221957785387834, 0.4556361106224358, 0.4738077953457832, 0.6567986827498923, 1.175737118232064, 0.23547020422605175, 0.20689643880662817, 1.2369300100952387, 2.341793440282345, 0.762683888276418, 0.7017273411154747, 0.5577510590199382, 0.6042759459465742, 0.6071427553892136, 0.8384060889482499, 0.4991030050441623, 0.7248769486322999, 0.7101947635412216, 0.4200809902201096, 0.4369208130054176, 0.7884282477200031, 0.390246139280498, 0.5885242812335492, 0.5171942878514528, 0.6998872056603431, 0.8931787349283695, 0.6452462516725064, 0.8233261030167341, 0.5553913407027722, 0.21482644192874434, 1.0010959316045045, 0.6917464226484299, 0.5031762497499586, 0.7662968784570694, 0.34966676936795316, 0.1538772834232077, 1.379166806396097, 0.614985790848732, 0.47493767850100993, 0.3057663284242153, 0.5345801614224911, 0.4705158670432865, 0.45561263092483084, 0.3517902151681483, 0.38112488938495515, 0.6083508543670177, 0.6175468765199185, 0.6301772395769756, 0.4195174242680272, 0.5947689689695835, 0.43271195851266386, 0.39328804337419565, 0.5584597774781287, 0.33280233315502605, 0.23884228623937814, 2.009859509766102, 0.32434983281418683, 0.4004421688616276, 0.9167356759309768, 0.49150188118219373, 0.44174011298455296, 0.5233232953120023, 0.7981691278517247, 0.39503832180052995, 0.4742331769317389, 1.0951756556828818, 0.3806348769925535, 0.42175769886622827, 0.45397329665720465, 0.47669067662209275, 0.22818685295060276, 0.6577580926939844, 0.6647247948373357, 0.6184262856841087, 0.42289271466434003, 0.2237930673485001, 0.5094371838495135, 1.1194774519652129, 1.2263904130086303, 0.28894773942107954, 0.24215581600243846, 0.8895448264510681, 1.1739215008565225, 0.8189615834970028, 0.7814816914498806, 0.3607237059623003, 0.31990401037037375, 0.18613852427030603, 0.2762727100402117, 0.8745490066707134, 0.44970668852329254, 0.3212777506560087, 0.3067401050279538, 0.9792219469944636, 0.5351114521423976, 0.5101639814674854, 0.5425586329152187, 0.775337215512991, 0.6904920122275751, 0.5383904408663511, 0.43175694309175017, 0.473723329603672, 0.5625608082860708, 1.0261232989529767, 0.4944080084562302, 0.14679301753640175, 0.881467752205208, 0.4472440507262945, 0.4950761217623949, 0.6962001174688339, 0.470165129378438, 0.6145836226642132, 0.5022038698196412, 0.5001611463725567, 0.39745700964704156, 0.5129621092230081, 0.5634246498346329, 0.5815411798655987, 0.415819087686638, 0.18275984758511185, 0.9615864589810371, 0.6611516024917364, 0.5332579586654902, 0.6365356124937535, 0.4881542160486182, 0.7763640298973769, 0.5388843350112438, 1.0066776623328528, 0.48695648461580276, 0.46390304379165176, 0.4283639871825774, 0.9545943774282932, 0.6020057551562785, 0.5065289668738842, 0.5282534503688414, 0.5625229410827159, 0.6505594491958617, 0.40030048992484807, 0.4832861136024197, 0.4492260821163654, 0.6993960976600647, 0.5431835487484932, 0.6224212348461151, 0.42880940474569795, 0.3216129940003157, 0.7096292413771152, 0.44191076382994654, 0.397341456823051, 0.6228283643722534, 0.5971584959576528, 0.8605451978743076, 0.3486541327089071, 0.522881685445706, 0.5236720982939005, 0.4108536483719945, 0.5477384429425001, 0.5907840138922136, 0.7386668163041274, 0.34485534963508446, 0.9223546274006367, 0.3471617873758078, 0.6605972253407041, 0.8516638644039631, 0.3068180638055007, 0.38295093923807144, 0.540006798133254, 0.7830683924257755, 0.6269146159291268, 0.8161227010190487, 0.6060736615210771, 0.9267664015293121, 0.5793354354798794, 0.5677332296967507, 0.7788820857803027, 0.5496969752013683, 0.4355389654636383, 0.5343889698386193, 0.3943606043855349, 0.7932940259575845, 0.6209303874522447, 0.6410743679851294, 0.5593692332506179, 0.5675901024291913, 0.4462978051975369, 0.788805858294169, 0.5853273391723632, 0.6446714289486408, 0.6423308394849301, 0.8195366203784943, 0.6458589471876621, 0.6109828121960164, 0.5259139589965344, 0.6798023484647274, 0.7207947641611099]
2025-12-24 11:26:17 - feda2ls - INFO - loss data:
2025-12-24 11:26:17 - feda2ls - INFO - [0.4637051316909492, 0.6468004409223795, 0.44920447245240214, 0.32663455214351417, 0.3756564257356028, 0.2708587930188514, 0.33839393879170526, 0.24813070677087776, 0.5475116826593875, 0.5349452793598175, 0.5870564781129359, 0.48637233711779115, 0.4572756763547659, 0.4272680577007122, 0.40091806165874005, 0.1565527434460819, 0.8053328186273575, 0.3056726984679699, 0.6866598412394525, 0.46953780315816407, 0.4048091553151607, 0.12044506965256813, 0.7750418111681938, 0.40698046907782554, 0.9232955297455192, 0.6228934444487095, 0.4501548360101879, 0.06970198974013328, 0.6184824984520674, 0.37856937994559603, 0.3060741868077053, 0.6530756980180741, 0.4926185060292482, 0.589494664222002, 0.6538286730647087, 0.38300569665928685, 1.1908743580182395, 0.4639354510853688, 0.4255772680044174, 0.5964737087488174, 0.4837940035853535, 0.6503971189260482, 0.3621832656674087, 0.5424494404345751, 0.3194291694533257, 0.15863104653544724, 1.466315395385027, 0.573558458685875, 0.3190696804887718, 0.43420912805530765, 0.10189422210161057, 0.026157174131367356, 0.7683177436036723, 0.6689703807234764, 0.4733781570834773, 0.22362854600484883, 1.0720212407410146, 0.6737285643815994, 0.6123008862137794, 0.5068605486303568, 0.40217567889485506, 0.3848529055714607, 0.27235793466679753, 0.4870512135482083, 0.44146448858082293, 0.20241833538230924, 0.21274477571215747, 0.18499819273129106, 0.8170500010251999, 0.5826849356293679, 0.3526945795656906, 0.16941956133685176, 0.4846475124359131, 0.3516937526408583, 0.3789043789463384, 0.23803116912022232, 0.029480377794243395, 0.9755306357968948, 0.7868411395698787, 0.41516144927591087, 0.3348188117412584, 0.2062352070252278, 0.19498948579033218, 0.2479248382151127, 0.47812673849985005, 0.58905663266778, 0.3272846136242151, 0.7452661342918873, 0.4032357431948185, 0.5071382451388571, 0.34363501913224653, 0.5286738641560078, 0.4806762352585793, 0.46673287376761435, 0.3064512852579355, 0.3773731729830615, 0.36446115345461294, 0.19894286801572889, 0.3499604339193967, 0.4466738812625408, 0.1902301320185264, 0.650233018398285, 0.3062398395501077, 0.4812918327748775, 0.43718415684998035, 0.2157988396606275, 0.6428715080022812, 0.48369581922888755, 0.1756159999511308, 0.6995122570544481, 0.4486627856269479, 0.4225700505077839, 0.18398025995120404, 0.5106816336512565, 0.29005174297425484, 0.7495522417128087, 0.40588410118860857, 0.26503383861854674, 0.4268349688500166, 0.39480064660310743, 0.34982003830373287, 0.43137987703084946, 0.5041942581534385, 0.3622327271848917, 0.42868539355695245, 0.40304571537093986, 0.5425214000046253, 0.3818923596292734, 0.5140730857849121, 0.36900061564076514, 0.5249910473823547, 0.5192550409585237, 0.39329299251548944, 0.5052892670035363, 0.45356381554156544, 0.49086889922618865, 0.3035266551499565, 0.7649447087198495, 0.3398650292307138, 0.47676084158676013, 0.3397219441417191, 0.6767084799706936, 0.423750377073884, 0.36440220177173616, 0.3201610673425926, 0.4378268703818321, 0.51720923287794, 0.303974365655865, 0.3738992947671148, 0.8004941564053297, 0.38618083316832785, 0.5507772471755743, 0.39842661060392853, 0.2751545261591673, 0.4009525284171105, 0.4371257331222296, 0.40539560090336535, 0.5492285517975688, 0.17605252214190031, 0.41005207896232604, 0.9527133516967297, 0.39662227015942336, 0.28323850119486454, 0.34745430685579776, 0.2931199256862913, 0.29935950525105, 0.985753171890974, 0.36942978370934726, 0.2818779173410601, 0.7975913766771555, 0.18659566435962915, 0.21098564757359406, 0.5539368009194732, 0.6232688315212727, 0.4668113527819514, 0.30022575493369785, 0.5238961677998304, 0.20565765611827375, 0.14935335504511993, 0.8185614076339536, 0.43892030119895936, 0.7629745667800307, 0.38510040231049064, 0.13707081507891417, 0.6115496579557658, 0.21469351761634387, 0.19294710075482724, 0.7318162500858307, 0.14687798205349178, 0.2620371552184224, 1.0535878993570804, 1.1880097553133964, 0.2426888648420572, 0.3133760552853346, 0.21979639042050592, 0.6012494549155235, 0.5502396237105132, 0.5830955430865288, 0.4977262560278177, 0.5719894424080849]
2025-12-24 11:28:02 - feda2ls - INFO - loss data:
2025-12-24 11:28:02 - feda2ls - INFO - [0.4637051316909492, 0.6468004409223795, 0.44920447245240214, 0.32663455214351417, 0.3756564257356028, 0.2708587930188514, 0.33839393879170526, 0.24813070677087776, 0.5475116826593875, 0.5349452793598175, 0.5870564781129359, 0.48637233711779115, 0.4572756763547659, 0.4272680577007122, 0.40091806165874005, 0.1565527434460819, 0.8053328186273575, 0.3056726984679699, 0.6866598412394525, 0.46953780315816407, 0.4048091553151607, 0.12044506965256813, 0.7750418111681938, 0.40698046907782554, 0.9232955297455192, 0.6228934444487095, 0.4501548360101879, 0.06970198974013328, 0.6184824984520674, 0.37856937994559603, 0.3060741868077053, 0.6530756980180741, 0.4926185060292482, 0.589494664222002, 0.6538286730647087, 0.38300569665928685, 1.1908743580182395, 0.4639354510853688, 0.4255772680044174, 0.5964737087488174, 0.4837940035853535, 0.6503971189260482, 0.3621832656674087, 0.5424494404345751, 0.3194291694533257, 0.15863104653544724, 1.466315395385027, 0.573558458685875, 0.3190696804887718, 0.43420912805530765, 0.10189422210161057, 0.026157174131367356, 0.7683177436036723, 0.6689703807234764, 0.4733781570834773, 0.22362854600484883, 1.0720212407410146, 0.6737285643815994, 0.6123008862137794, 0.5068605486303568, 0.40217567889485506, 0.3848530283197761, 0.27340591698884964, 0.48148001652831834, 0.43998184677745616, 0.20211136969220306, 0.21287920402495988, 0.18486905039753765, 0.8192077102139592, 0.5839377224445343, 0.35419302257812685, 0.1697959011213647, 0.4862826099353177, 0.35220793783664706, 0.3793681617294039, 0.23822619828861208, 0.02971518667181954, 0.9663082912986284, 0.7857352796941995, 0.41935404045507313, 0.3351171174219676, 0.20662880036979914, 0.19513056300477022, 0.24824560433626175, 0.4817230817861855, 0.5892612017691136, 0.3292275893812378, 0.7371031992137432, 0.40315764280967414, 0.5052869837317202, 0.3442540616521405, 0.528499499708414, 0.48150399550795553, 0.4691346436738968, 0.3079266455024481, 0.37562046746024863, 0.36547283113468443, 0.19866117532365024, 0.3511295153138538, 0.4476798318326473, 0.1917719571540753, 0.6459771752357484, 0.30795609736815094, 0.4811141811311245, 0.43766631819307805, 0.2177353560747135, 0.6521326936781406, 0.48088793605566027, 0.17623216182821327, 0.6918641678988934, 0.4479208456352353, 0.4238481946289539, 0.18608753299340605, 0.5062002204358578, 0.2907036709288756, 0.7423640811815858, 0.4056478717497417, 0.2644441480748355, 0.42848570458590984, 0.39568329937756064, 0.35154200345277786, 0.43204244151711463, 0.5069536335766316, 0.36129596047103407, 0.4308282233774662, 0.4032864470241798, 0.5436057306826114, 0.3813018385320902, 0.5176662661135196, 0.3660001082434541, 0.5284675560891628, 0.5240958129987121, 0.40033295974135397, 0.508013729006052, 0.46024482809007167, 0.49083270952105523, 0.3073759513596694, 0.7558787405490875, 0.3456060465839174, 0.47453478361879076, 0.3435719962335295, 0.669853013753891, 0.4277767173945904, 0.3663025081157684, 0.32162401856233674, 0.4365887610241771, 0.5204271985217929, 0.3058911781225886, 0.37613907588852774, 0.8059397902339697, 0.388071827031672, 0.5497847433601106, 0.39961621239781375, 0.27776397466659547, 0.40389850288629536, 0.43793958909809594, 0.40814241249528194, 0.5505907293409109, 0.17808951511979104, 0.4098646108061075, 0.9517599400132895, 0.395672775991261, 0.28452026220038534, 0.34766420945525167, 0.295062398484775, 0.30019658524543047, 0.9938550144433975, 0.3713506992906332, 0.28237261312703293, 0.8015388395637274, 0.18774966131895782, 0.21153955439489985, 0.5553065232932568, 0.62404310926795, 0.46878653299063444, 0.30503214789288385, 0.5254215247929096, 0.20588369804124038, 0.14934716346777147, 0.8211434361421399, 0.4402093797922134, 0.7655889017507433, 0.3871150054037571, 0.1368131348863244, 0.6159220624715089, 0.21640891402900692, 0.19210672806948426, 0.7361249670386314, 0.14670262532308698, 0.2633043069392443, 1.0611367031931878, 1.1972945623099804, 0.24234937727451325, 0.31326280925422906, 0.2198707591890106, 0.6032871440052986, 0.5518580101430416, 0.5857008442282676, 0.5000301700085401, 0.5764971122145652]
2025-12-24 11:28:13 - feda2ls - INFO - loss data:
2025-12-24 11:28:13 - feda2ls - INFO - [0.4637051316909492, 0.6468004409223795, 0.44920447245240214, 0.32663455214351417, 0.3756564257356028, 0.2708587930188514, 0.33839393879170526, 0.24813070677087776, 0.5475116826593875, 0.5349452793598175, 0.5870564781129359, 0.48637233711779115, 0.4572756763547659, 0.4272680577007122, 0.40091806165874005, 0.1565527434460819, 0.8053328186273575, 0.3056726984679699, 0.6866598412394525, 0.46953780315816407, 0.4048091553151607, 0.12045598649161143, 0.775095808878541, 0.4070002397056669, 0.9236394481733441, 0.6227695301175118, 0.45010573845356705, 0.06972801773808895, 0.6187370918691159, 0.3786145998785893, 0.30582158902866974, 0.6531424053013325, 0.4936851844191551, 0.5901761675874392, 0.6541644468903541, 0.3827527076937258, 1.1925373276074729, 0.4633749826086892, 0.4251280892640352, 0.5967919424176216, 0.4830474977847189, 0.6503410726785659, 0.36222529713995755, 0.5418647065758705, 0.3196988460563478, 0.1584032654995099, 1.4685299478471279, 0.5735564954578877, 0.3209206284334262, 0.432708766270015, 0.10189871292354333, 0.026121959812007843, 0.7789663118975503, 0.6667335979640484, 0.4736934513917991, 0.22387792247879718, 1.0695709750056266, 0.6730753917247057, 0.613057766854763, 0.5069121425040066, 0.4019570105243474, 0.38495932091027496, 0.2694280004594475, 0.49002588687775034, 0.44255271213395253, 0.20265842282937632, 0.21184653018468194, 0.18472623219131493, 0.8190324837341905, 0.5812292687594891, 0.3516050680437022, 0.16924658050346705, 0.48506662834967884, 0.3519447827478871, 0.37870800058756554, 0.2381578805856407, 0.02932976884767413, 0.9747309075231897, 0.7850351024419069, 0.4139981751330197, 0.33523803922746864, 0.2054720719544483, 0.19501882191850906, 0.247943220132341, 0.4758919975720346, 0.5874034650623798, 0.3294276352971792, 0.7452802442014217, 0.40200880891643465, 0.5062656619482571, 0.3427335102111101, 0.5305487744510173, 0.4802346520125866, 0.46412565261125566, 0.30406978279352187, 0.37904897964326667, 0.36484049973078075, 0.1981628085486591, 0.3496143994335499, 0.4450374562293291, 0.19052824564278126, 0.6498002581298352, 0.3043306960724294, 0.4811921462416649, 0.43672584816813464, 0.21473720474612146, 0.6429007269442082, 0.483010533452034, 0.17422865548481545, 0.700550989061594, 0.44692039154469965, 0.4228588219732046, 0.18281742064282297, 0.5077213067561388, 0.29024299424555566, 0.7451494205743074, 0.40350681516741005, 0.2667545720934868, 0.42557344692093985, 0.39392434321343894, 0.3496457476168871, 0.43077146634459496, 0.5036724679172039, 0.36008353978395463, 0.427034293487668, 0.40293990259783136, 0.5408544950187206, 0.3809173610061407, 0.5119844369590283, 0.36744815128899755, 0.5239457920193673, 0.5124993674457073, 0.3910851839929819, 0.5060017891228199, 0.45036479998379947, 0.49015169888734816, 0.30051539424392915, 0.76741030998528, 0.3376103522462977, 0.4751128313796861, 0.3390115404294597, 0.6761437140405178, 0.4238589808344841, 0.3635443583130836, 0.31918184941427574, 0.43687123116105797, 0.5142452324740588, 0.3033828094069447, 0.37337111362980474, 0.7969668041914701, 0.38637601397931576, 0.5461931880563498, 0.3969086483120918, 0.27396764382719996, 0.39727309830486773, 0.43654300831258297, 0.40361206287311185, 0.5483939547091723, 0.17498316632376776, 0.4074949381873012, 0.9491144604980946, 0.395116113871336, 0.2819922440685332, 0.3475466530770064, 0.2913592196468796, 0.299388499557972, 0.9862593702971936, 0.367076450586319, 0.28203567415475844, 0.7934325488284231, 0.18531023971736432, 0.21079854244395854, 0.5520640766248107, 0.6228694215416908, 0.4657129285857081, 0.298296254660402, 0.5243633341044187, 0.20435269814398554, 0.1490683920888437, 0.8160878736525774, 0.43935462459921837, 0.7607597975060344, 0.3829112414270639, 0.13613542318344118, 0.6116933401674032, 0.21412060941968644, 0.19300476424396038, 0.7324840970337391, 0.14513733504960935, 0.26233757473528385, 1.054246659576893, 1.1893732286989689, 0.24286980871111155, 0.3123978337273002, 0.21909446125879647, 0.6022017143666745, 0.5502563573420047, 0.5855094015598297, 0.496638273075223, 0.5705428913235664]
2025-12-24 11:32:05 - feda2ls - INFO - loss data:
2025-12-24 11:32:05 - feda2ls - INFO - [0.4637051316909492, 0.6468004409223795, 0.44920447245240214, 0.32663455214351417, 0.3756564257356028, 0.2708587930188514, 0.33839393879170526, 0.24813070677087776, 0.5475116826593875, 0.5349452793598175, 0.5870564781129359, 0.48637233711779115, 0.4572756763547659, 0.4272680577007122, 0.40091806165874005, 0.1565527434460819, 0.8053328186273575, 0.3056726984679699, 0.6866598412394525, 0.46953780315816407, 0.4048091553151607, 0.12044506965256813, 0.7750418111681938, 0.40698046907782554, 0.9232955297455192, 0.6228934444487095, 0.4501548360101879, 0.06970198974013328, 0.6184824984520674, 0.37856937994559603, 0.3060741868077053, 0.6530756980180741, 0.4926185060292482, 0.589494664222002, 0.6538286730647087, 0.38300569665928685, 1.1908743580182395, 0.4639354510853688, 0.4255772680044174, 0.5964737087488174, 0.4837940035853535, 0.6503982812166214, 0.3621716315392405, 0.542485511675477, 0.31943553287003723, 0.15867132691200822, 1.4661706998944282, 0.5736562326550484, 0.31941874085201155, 0.43409474143344495, 0.10191847354742802, 0.026152127674625564, 0.777196260967425, 0.6675824880599976, 0.4737863212823868, 0.2236481714528054, 1.0711028568446637, 0.6735017079859972, 0.6126795135438442, 0.5069053862243891, 0.40215381372254344, 0.38515494726598265, 0.2710561856627464, 0.4894491409262021, 0.4424753575452737, 0.20264285694186884, 0.21182616023246997, 0.18461947428877465, 0.8181590734049677, 0.5829491302371026, 0.35240417623685466, 0.1696674362756312, 0.4841901713183948, 0.35192041280679404, 0.3784893738371985, 0.23822960257530212, 0.0294870701036416, 0.975038752493856, 0.7859395701438189, 0.41590188471600414, 0.3342367538384029, 0.20603170078913016, 0.1948428450152278, 0.2479172154329717, 0.4763620809651911, 0.5882981710135937, 0.32774626712004346, 0.7441642753779888, 0.4008583907969296, 0.5070901038332118, 0.34289678388999567, 0.5289443269371986, 0.4799577549099922, 0.4662786960601807, 0.30526230577379465, 0.3770173844182864, 0.36399088929174467, 0.1985491504892707, 0.34925168697825737, 0.44503581151366234, 0.18919812925159932, 0.6491959691047668, 0.30439734952524306, 0.48154025748372076, 0.4367340011522174, 0.21472323907627944, 0.6422064743936062, 0.4837131142616272, 0.17510307031787103, 0.7002094596624374, 0.4465528067201376, 0.4227628368884325, 0.18442225027829406, 0.5076306890696287, 0.29009443451133043, 0.7476515229791403, 0.4044333789497614, 0.2648171862587333, 0.42552365442471846, 0.3935056485235691, 0.3490603705868125, 0.42993569001555443, 0.5028440482914448, 0.3611071240156889, 0.4266893368214369, 0.4029312168765399, 0.5411935687065125, 0.38294485211372375, 0.5128273226320743, 0.3680719704855056, 0.5234540045261383, 0.514847393706441, 0.3926133302040398, 0.5057000666856766, 0.45101885199546815, 0.4894618481397629, 0.3006272708169288, 0.7657547980546952, 0.3379917704810699, 0.4764460027217865, 0.3381269369688299, 0.6753612875938415, 0.4231736019253731, 0.3634786391630769, 0.3200529100787308, 0.4363363491371274, 0.5139077343977988, 0.3024706464793001, 0.3731591443427735, 0.7976505164057016, 0.3858008023351431, 0.5476238174097878, 0.39790839366614816, 0.2746084813028574, 0.3980720449239016, 0.4370014604181051, 0.4041809265398317, 0.5483492136001586, 0.17552943314529126, 0.4087697712704539, 0.9518100768327713, 0.3965678161010146, 0.2826843297109008, 0.3468924816697836, 0.29204561524093153, 0.2994084931910038, 0.9812633156776428, 0.36742432303726674, 0.28109403314689796, 0.7949538096785546, 0.18557213954627513, 0.2091011743815172, 0.5526322146877647, 0.6225702084600926, 0.46629240531474353, 0.2972278328878539, 0.5235298242419958, 0.20523526875509157, 0.14930341591437657, 0.8157647697048055, 0.4384613670408726, 0.7613757610321045, 0.3833755552768707, 0.13660573717206717, 0.6098685275763274, 0.2137499319182502, 0.19251042548567054, 0.7297328405082226, 0.14591036394445434, 0.2616102839820087, 1.0523146659135818, 1.1874913655221462, 0.2424853142350912, 0.3131844215095043, 0.218727894408244, 0.6005682043731213, 0.5496189646422863, 0.5831552639603614, 0.49761769399046896, 0.5709010854363441]
2025-12-24 11:32:46 - feda2ls - INFO - loss data:
2025-12-24 11:32:46 - feda2ls - INFO - [0.4637051316909492, 0.6468004409223795, 0.44920447245240214, 0.32663455214351417, 0.3756564257356028, 0.2708587930188514, 0.33839393879170526, 0.24813070677087776, 0.5475116826593875, 0.5349452793598175, 0.5870564781129359, 0.48637233711779115, 0.4572756763547659, 0.4272680577007122, 0.40091806165874005, 0.1565527434460819, 0.8053328186273575, 0.3056726984679699, 0.6866598412394525, 0.46953780315816407, 0.4048091553151607, 0.12045598649161143, 0.775095808878541, 0.4070002397056669, 0.9236394481733441, 0.6227695301175118, 0.45010573845356705, 0.06972801773808895, 0.6187370918691159, 0.3786145998785893, 0.30582158902866974, 0.6531424053013325, 0.4936851844191551, 0.5901761675874392, 0.6541644468903541, 0.3827527076937258, 1.1925373276074729, 0.4633749826086892, 0.4251280892640352, 0.5967919424176216, 0.4830474977847189, 0.6503323510289192, 0.3622102375607938, 0.541996444389224, 0.31971917398983524, 0.15841207411140204, 1.4685620717704295, 0.573467030376196, 0.32055619607369107, 0.4341188225895166, 0.10188688424985028, 0.026158656711534906, 0.7787640563079289, 0.6668159767985344, 0.47356285431555334, 0.2238402930786833, 1.0709769263863564, 0.6730517830699683, 0.6133044432848692, 0.5064383717253804, 0.4023363556480035, 0.3850171511992812, 0.2692046532407403, 0.4981223630408446, 0.4454346672764846, 0.20345630761649874, 0.2119594881510628, 0.18470262772170826, 0.8151022741571069, 0.5805775754153728, 0.35032334228356676, 0.16910583928434386, 0.48431958151715143, 0.3513366224244237, 0.37890193057911736, 0.23764956947416066, 0.02901470646611415, 0.9882057727430947, 0.7859547235071659, 0.4074884718284011, 0.3351267014497093, 0.2054846015027059, 0.1948644575662911, 0.24819344583277902, 0.4680227719247341, 0.585796008259058, 0.32704464646263254, 0.7626989744603634, 0.4059072705451399, 0.5101848525305589, 0.34136365246441625, 0.5318833321332932, 0.4787755854427814, 0.4632772900164127, 0.3033501384779811, 0.38312755957012995, 0.3636760802124627, 0.19832539439667016, 0.3466909578897887, 0.443927850946784, 0.18756096037104725, 0.6573462411761284, 0.30409922506660225, 0.4837337702512741, 0.43680403046309946, 0.2124502414926177, 0.6359928883612156, 0.487806398794055, 0.1748630752166112, 0.7112828534096479, 0.45093614850193264, 0.4222449939697981, 0.18043085299432277, 0.5153703950345516, 0.2905232729597224, 0.7546768497675658, 0.40572394457246574, 0.2694499123841524, 0.42567269983036177, 0.393363506346941, 0.3494424573145807, 0.4324179492890835, 0.5042745716869831, 0.36161011792719366, 0.42482972107827666, 0.4031165768288904, 0.5412356466054916, 0.38244828917086127, 0.5110128626227379, 0.365951862540983, 0.5232565939426421, 0.5174163306131959, 0.39005178594961765, 0.5052229955792427, 0.44928079936653376, 0.49212130084633826, 0.29790497322877246, 0.7707938071340322, 0.33552956846025256, 0.47670270800590514, 0.33653121553361415, 0.680097384005785, 0.4214420262724161, 0.3634298887103796, 0.3186723109955589, 0.4357757015153766, 0.5186149956658482, 0.30287567100354607, 0.3742606595158577, 0.8029121231287718, 0.38467625603079797, 0.5494022986718586, 0.39737615138292315, 0.27429293654859066, 0.3969244331121445, 0.4373063866049051, 0.40431320257484915, 0.5510314095765353, 0.17537261438038615, 0.40878553353250024, 0.949252188205719, 0.39668955765664576, 0.2824271323159337, 0.34739715084433553, 0.291212690195867, 0.29919179920107125, 0.9870866179466248, 0.36651164870709185, 0.28249525738259157, 0.796310949884355, 0.18500965926796198, 0.21016824363716063, 0.5507366556674242, 0.6255900345742702, 0.4637883400544524, 0.3008700651781899, 0.5227438326925039, 0.2036628094398313, 0.1500617037837704, 0.8137446803351244, 0.43821476213634014, 0.7618919467553497, 0.3823293104767799, 0.13695113621652127, 0.6105541989207268, 0.2146447671370374, 0.19333957135677338, 0.7305988840758801, 0.1460619695795079, 0.2627648277208209, 1.0478755049407482, 1.184555584192276, 0.24305258132517338, 0.31274066735059025, 0.21887952297748553, 0.6013818070292473, 0.5484531436115503, 0.5865049809217453, 0.4982635319232941, 0.571679025888443]
2025-12-24 11:54:17 - feda2ls - INFO - loss data:
2025-12-24 11:54:17 - feda2ls - INFO - [0.457671471638605, 0.29624529613388906, 0.1852145541459322, 0.6532373542897403, 0.6570138181559741, 0.4854430377483368, 0.7353246899321675, 0.32147277214098724, 0.2767398048916625, 1.1153377767652273, 1.5183960050344467, 0.5899566973869999, 0.6511495554819703, 0.5426033750176429, 0.7551631927490234, 0.43880215035751463, 1.4265826761722564, 0.9256208837032318, 0.29841385744512083, 0.5058968037522088, 0.28376333146459526, 1.2528875079005957, 0.8799296669196337, 2.0447268784046173, 0.558185912668705, 0.8456759408116341, 0.4438486460596323, 1.4551742871602376, 0.23275140635669234, 1.1770729297306388, 1.8735744307438533, 0.5467956304550171, 0.4307596990838647, 0.6942413816228509, 0.7593822625931352, 0.5295699598267675, 0.20508300992660222, 2.0058343152205147, 0.572394884377718, 0.3750746781213416, 0.9893102720379829, 1.1588278412818909, 0.4351425606757402, 0.8665494820568711, 2.0660603389143946, 0.6113427698612213, 0.6599525194615126, 0.7031525814440102, 0.43946391218341885, 1.1997356500709428, 0.176525066816248, 1.6412286057602614, 1.5770052024163306, 0.17236903272569182, 0.7101066917594936, 0.5374356422573328, 0.5833017944047849, 0.6988240107893944, 0.33808915298432113, 0.6721274356047313, 0.5009681552648544, 0.7046335997059942, 1.5371118187904358, 0.8664873227477073, 0.4407378173433244, 0.5539877213537693, 1.1423280827701092, 0.43714587911963465, 0.7005385597236454, 1.8888199105858803, 0.5193241420719359, 0.9058083740373453, 0.7820226908661425, 0.5055459313249837, 0.62496168166399, 2.1531667843461038, 0.5195217799395323, 0.25458042519684465, 0.2800551560940221, 0.2560667511075735, 1.1569580067880452, 1.236148974299431, 0.4380162373185158, 0.7982537492178381, 1.018188916076906, 1.6868875864893198, 0.4076440699605478, 0.9909600719809531, 0.44997576754540203, 1.0961484760046005, 0.36788159323235353, 0.18344992676284164, 1.4173861913383008, 1.1411816231906413, 0.5555480599403382, 0.23128137001767754, 1.672809613496065, 0.6625920264050364, 0.44785358379594986, 0.5040932830423117, 0.45526324296370146, 1.095330184698105, 0.4245773036653797, 0.2671465869061649, 0.2402693715877831, 0.13241236433386802, 2.215991160273552, 0.46550171012058855, 1.5086688332259655, 0.4020078156609088, 1.0039430998265744, 0.997480114037171, 1.418560539605096, 1.1186968112985294, 1.082519548293203, 0.4811360044611825, 0.6774291743834813, 0.45210105553269386, 1.0044778026640415, 0.5733964207271736, 0.4974307887256145, 0.5717893160879612, 0.4702713465938966, 0.41690533328801394, 0.5953748237341643, 0.40499195326119664, 0.9142364288680256, 0.617213710418178, 0.24466476473025978, 0.2670730793952114, 1.1759488359093666, 0.6860718861222267, 0.4067355528473854, 0.20906896688975393, 0.5414314431448777, 1.163033304363489, 0.7223808899521829, 0.6671044073998929, 0.73921267837286, 0.5481202229857445, 0.6586049568528931, 0.7926913872361183, 0.4748583182692528, 0.6611879587173461, 0.5772612541913986, 0.4880950885514418, 0.7860339604318142, 0.593518144140641, 0.4834840938448906, 0.2430318370461464, 0.46609025448560715, 1.539621537923813, 0.6096473634243011, 0.7256585948169232, 0.4025414874777198, 0.7447706709615887, 0.2515282653168672, 0.27535523306578397, 1.3252795964479447, 0.3822598859667778, 1.0539960891008378, 1.0237704187631607, 0.4896043921510378, 0.5764873074367642, 0.5229013303501738, 0.235719820484519, 0.15274425847455858, 1.6747375279664993, 1.0798382023349404, 1.8422397524118423, 0.30426747501931256, 0.38995069460943343, 0.9692920529283583, 0.7469808325171471, 2.025386318564415, 0.4050785359616081, 0.5049746933703622, 1.4467611759901047, 0.9490153789520264, 0.23328177388757465, 0.9638477835804224, 0.37839133059605956, 0.22722354608122258, 0.4042026923969388, 0.41862965300679206, 0.4765634655331572, 0.21747506605461242, 0.5310935465618968, 1.3507579565048218, 0.9245846719325831, 1.359915778040886, 0.8948019698262215, 1.28601354919374, 0.6884923049559195, 1.159238377213478, 1.045911861769855, 1.0699271748773753, 0.7294235496471326, 0.3427899837493896, 1.2648052126169205]
2025-12-24 11:54:17 - feda2ls - INFO - loss data:
2025-12-24 11:54:17 - feda2ls - INFO - [0.457671471638605, 0.29624529613388906, 0.1852145541459322, 0.6532373542897403, 0.6570138181559741, 0.4854430377483368, 0.7353246899321675, 0.32147277214098724, 0.2767398048916625, 1.1153377767652273, 1.5183960050344467, 0.5899566973869999, 0.6511495554819703, 0.5426033750176429, 0.7551631927490234, 0.43880215035751463, 1.4265826761722564, 0.9256208837032318, 0.29841385744512083, 0.5058968037522088, 0.28376333146459526, 1.2528875079005957, 0.8799296669196337, 2.0447268784046173, 0.558185912668705, 0.8456759408116341, 0.4438486460596323, 1.4551742871602376, 0.23275140635669234, 1.1770729297306388, 1.8735744307438533, 0.5467956304550171, 0.4307596990838647, 0.6942413816228509, 0.7593822625931352, 0.5295699598267675, 0.20508300992660222, 2.0058343152205147, 0.572394884377718, 0.3750746781213416, 0.9893102720379829, 1.1588278412818909, 0.4351425606757402, 0.8665494820568711, 2.0660603389143946, 0.6113427698612213, 0.6599525194615126, 0.7031525814440102, 0.43946391218341885, 1.1997356500709428, 0.176525066816248, 1.6412286057602614, 1.5770052024163306, 0.17236903272569182, 0.7101066917594936, 0.5374356422573328, 0.5833017944047849, 0.6988240107893944, 0.33808915298432113, 0.6721274356047313, 0.5009681552648544, 0.7044681606814266, 1.5366229712963104, 0.8661843553185463, 0.4406493835151195, 0.5539233360439539, 1.1422547414898871, 0.43692802209407094, 0.7003932119347155, 1.8874672825137773, 0.5190036358932654, 0.9051895350217819, 0.7830999223515391, 0.5048066525099177, 0.6242537582758814, 2.149268890917301, 0.5185451943427324, 0.2547266997966087, 0.2803247036645189, 0.2561349764466285, 1.1578038781881332, 1.2363173216581345, 0.43856206592172386, 0.7938654913411787, 1.017444762843661, 1.684215972851962, 0.4072454116410679, 0.9896461069583893, 0.451328038983047, 1.091334400491582, 0.36733863190747795, 0.18352955405134708, 1.418025870807469, 1.1410009056329726, 0.5551415670663118, 0.2316687221173197, 1.6756340712308884, 0.6628751968964934, 0.4493701826315373, 0.5043674081563949, 0.4558874106345077, 1.0929263547062873, 0.4248346720511715, 0.26713477075099945, 0.24034820445813238, 0.13252524971030655, 2.2219498137633007, 0.46740367794409393, 1.508013905584812, 0.40272003412246704, 1.0085677698254585, 0.9960959633346647, 1.421919760061428, 1.1186126184960206, 1.0792703360784799, 0.48053532764315604, 0.6754979897911351, 0.45189216211438177, 1.009984315931797, 0.5720281153917313, 0.498726374655962, 0.5702507358044386, 0.4704932061334451, 0.4174853706732392, 0.5960098062176258, 0.4049632402136922, 0.9152788076549768, 0.6148660722085171, 0.24438381078653038, 0.2667989824174179, 1.1761480122804642, 0.6850387768819928, 0.4078700684010983, 0.2095103126950562, 0.5431722335051745, 1.1634633973240853, 0.7213607259094715, 0.6643652640283108, 0.7397946938872337, 0.5473416335880756, 0.659571954773532, 0.7865792214870453, 0.4762423556298017, 0.6557449892163276, 0.5741849675774574, 0.4893810339272022, 0.788469085097313, 0.5940868674467008, 0.48438176587224, 0.24393473826348783, 0.46738051399588587, 1.5391212075948715, 0.6093810748308898, 0.7209369100630283, 0.404429548792541, 0.7441096490559479, 0.25108211510814726, 0.2764650768600404, 1.3251442521810533, 0.3824543898925185, 1.0580863133072853, 1.0272861883044242, 0.4911140707631906, 0.5774758458137512, 0.5226599398172564, 0.23541363868862392, 0.1526975039858371, 1.6769365918201704, 1.0810722835361959, 1.8449436128139496, 0.3028712891973555, 0.3900924321264029, 0.9701575794257223, 0.7473319575190545, 2.024194046854973, 0.405041179805994, 0.5052759386599064, 1.4464930281043054, 0.9479481279850006, 0.23391716312617064, 0.9627822468057274, 0.379485578648746, 0.22730246086139233, 0.4053364584222436, 0.4180181220173836, 0.47662338459243375, 0.21766071086749433, 0.5297945702448488, 1.3476567715406418, 0.923351110968118, 1.3628535270690918, 0.8944650739431381, 1.2835353761911392, 0.6892324592918158, 1.1548410587012767, 1.0435169333592058, 1.0700609955005347, 0.731295666967829, 0.3434424284845591, 1.2636248022317886]
2025-12-24 11:54:41 - feda2ls - INFO - loss data:
2025-12-24 11:54:41 - feda2ls - INFO - [0.457671471638605, 0.29624529613388906, 0.1852145541459322, 0.6532373542897403, 0.6570138181559741, 0.4854430377483368, 0.7353246899321675, 0.32147277214098724, 0.2767398048916625, 1.1153377767652273, 1.5183960050344467, 0.5899566973869999, 0.6511495554819703, 0.5426033750176429, 0.7551631927490234, 0.43880215035751463, 1.4265826761722564, 0.9256208837032318, 0.29841385744512083, 0.5058968037522088, 0.28376333146459526, 1.252855522558093, 0.879849476320669, 2.0447021884222827, 0.5582704085856676, 0.8453483551740646, 0.4439553579315543, 1.4552822733918827, 0.2327378730289638, 1.1772974058054386, 1.873097377518813, 0.5467540144920349, 0.43070123456418513, 0.6943564585875719, 0.7586004097480327, 0.5288148568943143, 0.20543335187248885, 2.004031749566396, 0.5714347288943827, 0.3749558467004034, 0.9894791416823864, 1.1584297344088554, 0.4355336528271436, 0.8655137246474623, 2.067804718017578, 0.6115657180547714, 0.6609501298516989, 0.7028189150616526, 0.4394533411289255, 1.2003133942373096, 0.17651896188035607, 1.6427553193178028, 1.584739871043712, 0.1722247150260955, 0.7105903255442778, 0.5370210502296686, 0.5831055529415607, 0.6979386396706104, 0.3382709614932537, 0.672383473565181, 0.5011122163385153, 0.7039723837748171, 1.5360854417085648, 0.8654981061816216, 0.44023884320631623, 0.5525025017559528, 1.141589842736721, 0.43591041890904303, 0.6972871509380638, 1.882550728817781, 0.516235839161608, 0.9028239315996567, 0.778572078794241, 0.5054173631748806, 0.6235673653893172, 2.150463207066059, 0.517864317074418, 0.2537646917678002, 0.2796964681474492, 0.2554361094720662, 1.1524526234716177, 1.232415047287941, 0.4362591341137886, 0.7946733525954187, 1.0144215105799959, 1.684764441801235, 0.40660399602105224, 0.9835077792406082, 0.44992007209608953, 1.092649806704786, 0.3672171202022582, 0.18339528038632125, 1.4148582626134156, 1.1395868197083474, 0.5532585065811872, 0.231192035228014, 1.67785467132926, 0.659246884053573, 0.4475151601713151, 0.5019261192530393, 0.4535766078469654, 1.0923956900835037, 0.4237762436270714, 0.26663205143995583, 0.23937984528020023, 0.131847334606573, 2.214294477303823, 0.4632370869629085, 1.5036520108580589, 0.400432341111203, 1.0011462142691017, 0.9972244054544717, 1.4123330971226096, 1.1128604983290036, 1.0772619413677602, 0.4775835990905762, 0.6684530324613054, 0.4495240624994039, 1.001498693972826, 0.5658817688624065, 0.4943911135196686, 0.5666647639125586, 0.4673353121926387, 0.4120454352349043, 0.5892552869394422, 0.40210977373644713, 0.9107867402955889, 0.6114121321588755, 0.2424371736124158, 0.2664594504516572, 1.1725725010037422, 0.6783604478463531, 0.40717647522687916, 0.2078253616578877, 0.5396491033025086, 1.1514325715601443, 0.7165092341601849, 0.663685941696167, 0.738948330283165, 0.5421620073417823, 0.6521618028895723, 0.7916852533817291, 0.4722170915454626, 0.6546350210905075, 0.5744852788746357, 0.4866159111261368, 0.7868322506546974, 0.5904611411194007, 0.4808655589818954, 0.24090079329907893, 0.45843023508787156, 1.541409969329834, 0.6051458511501551, 0.717156034335494, 0.40293692946434023, 0.7415727397116522, 0.24915350383768478, 0.2755439065396786, 1.312189021706581, 0.37470636386424305, 1.0522325046360492, 1.0255432731471956, 0.48809623668591184, 0.5714966809377074, 0.5138182737347152, 0.23316162843257188, 0.15175050538964568, 1.6717333557705085, 1.0688787648454308, 1.825515404343605, 0.29998222725569373, 0.3820120764896274, 0.9623936614021659, 0.740664579719305, 2.0064712315797806, 0.4004499391342203, 0.4996279623980323, 1.4297392413020134, 0.9363490175455809, 0.22973784059286118, 0.9581850808113813, 0.37890238957479594, 0.22551434652414173, 0.39849258214235306, 0.41168721579015255, 0.4753476179515322, 0.21537537183612585, 0.5260728563182056, 1.3372195214033127, 0.9157679684770604, 1.351205512881279, 0.883125513792038, 1.270442431171735, 0.6783188041299582, 1.1402941599488259, 1.0328113002702595, 1.0621556005440653, 0.7186362432936828, 0.3406147409230471, 1.243596762418747]
2025-12-24 11:56:20 - feda2ls - INFO - loss data:
2025-12-24 11:56:20 - feda2ls - INFO - [0.457671471638605, 0.29624529613388906, 0.1852145541459322, 0.6532373542897403, 0.6570138181559741, 0.4854430377483368, 0.7353246899321675, 0.32147277214098724, 0.2767398048916625, 1.1153377767652273, 1.5183960050344467, 0.5899566973869999, 0.6511495554819703, 0.5426033750176429, 0.7551631927490234, 0.43880215035751463, 1.4265826761722564, 0.9256208837032318, 0.29841385744512083, 0.5058968037522088, 0.28376333146459526, 1.2528875079005957, 0.8799296669196337, 2.0447268784046173, 0.558185912668705, 0.8456759408116341, 0.4438486460596323, 1.4551742871602376, 0.23275140635669234, 1.1770729297306388, 1.8735744307438533, 0.5467956304550171, 0.4307596990838647, 0.6942413816228509, 0.7593822625931352, 0.5295699598267675, 0.20508300992660222, 2.0058343152205147, 0.572394884377718, 0.3750746781213416, 0.9893102720379829, 1.1588331460952759, 0.4351443083025515, 0.8665140866767616, 2.066133688390255, 0.6113454207777977, 0.6600064866244792, 0.7031233151908963, 0.4394792171893641, 1.199939958518371, 0.17653488107025622, 1.6416362633928656, 1.574964051321149, 0.17239255979657173, 0.7100867368280888, 0.5374019179493189, 0.5834063586468499, 0.6989275676508744, 0.3380539341829717, 0.6720600140591462, 0.5010667543858289, 0.7044295080006123, 1.5374353379011154, 0.8666666492819786, 0.4405680223368108, 0.5532926037907601, 1.1425284314900637, 0.43698648270219564, 0.7000971375964582, 1.8870038092136383, 0.5189922948678335, 0.9051433748255173, 0.783313169144094, 0.5049303461952757, 0.624083272414282, 2.149458684027195, 0.5184087734669447, 0.2547851820010692, 0.28035586967598647, 0.2561432422138751, 1.157991978339851, 1.2361789047718048, 0.4388565277680755, 0.7941020903022339, 1.017743694037199, 1.684899038169533, 0.40759471990168095, 0.9905422180891037, 0.4509647147109111, 1.0917430859473016, 0.3670802710888286, 0.1834378968924284, 1.4169309720396996, 1.140612754970789, 0.5547966428101063, 0.23207815922796726, 1.674779336154461, 0.6628659353591502, 0.44825338148511945, 0.5044798705726863, 0.4558401897239188, 1.092775934934616, 0.42445960516730946, 0.26661481778137386, 0.24037900622934102, 0.13229302312247454, 2.220224696397781, 0.46776391761377456, 1.506889733672142, 0.40291879838332534, 1.009465190023184, 0.9969023467041552, 1.4201885228045286, 1.1216387761135895, 1.0808329201769085, 0.48136112433340816, 0.6770571346084278, 0.45150039345026016, 1.0095924407243728, 0.5720224380493164, 0.4989596240222454, 0.5703074876219034, 0.47042754006882503, 0.4172433093190193, 0.5954206498805433, 0.40478565311059356, 0.9186184334568679, 0.6143232105920712, 0.24407687899656594, 0.2667574309899161, 1.1763938777148724, 0.6855845363810659, 0.4074584171175957, 0.2091717871837318, 0.5426696492359042, 1.1625351645052433, 0.7208896286785602, 0.6634790427982807, 0.740243311226368, 0.5467751324176788, 0.6591156341342462, 0.7869696021080017, 0.4759024031460285, 0.6563894808292389, 0.5738698773086071, 0.4889778602454397, 0.7883190102875233, 0.5930608585476875, 0.48421742096543313, 0.24358581975102422, 0.4676163520663977, 1.5392383605241775, 0.608610474690795, 0.7204244367778301, 0.39914920292794703, 0.7433935396994154, 0.2502910176602503, 0.2757892050780356, 1.3232478618621826, 0.3827037148177624, 1.0565028952434659, 1.0268222731538117, 0.4904886711802747, 0.5768210722133518, 0.5209633505178822, 0.2352417068555951, 0.15231728507205844, 1.6765559283085167, 1.0811236957088113, 1.8429797142744064, 0.3026249400960902, 0.39021197948604824, 0.969247686676681, 0.7469953671097755, 2.025365576148033, 0.4040197671080629, 0.5033317221742537, 1.444668062031269, 0.9472215507179499, 0.23329492546617986, 0.9629402428865432, 0.3798963624984026, 0.22713498855009676, 0.4057428974658251, 0.41964483335614206, 0.4763139935831229, 0.21747936960309744, 0.5298884002491832, 1.3476425856351852, 0.9232589884971579, 1.3643899708986282, 0.8951028391718865, 1.2823912010838587, 0.689962222551306, 1.1539221413433551, 1.0417304726317524, 1.069733861554414, 0.7313580556462209, 0.3432532770559192, 1.2621866166591644]
2025-12-24 12:01:29 - feda2ls - INFO - loss data:
2025-12-24 12:01:29 - feda2ls - INFO - [0.457671471638605, 0.29624529613388906, 0.1852145541459322, 0.6532373542897403, 0.6570138181559741, 0.4854430377483368, 0.7353246899321675, 0.32147277214098724, 0.2767398048916625, 1.1153377767652273, 1.5183960050344467, 0.5899566973869999, 0.6511495554819703, 0.5426033750176429, 0.7551631927490234, 0.43880215035751463, 1.4265826761722564, 0.9256208837032318, 0.29841385744512083, 0.5058968037522088, 0.28376333146459526, 1.252855522558093, 0.879849476320669, 2.0447021884222827, 0.5582704085856676, 0.8453483551740646, 0.4439553579315543, 1.4552822733918827, 0.2327378730289638, 1.1772974058054386, 1.873097377518813, 0.5467540144920349, 0.43070123456418513, 0.6943564585875719, 0.7586004097480327, 0.5288148568943143, 0.20543335187248885, 2.004031749566396, 0.5714347288943827, 0.3749558467004034, 0.9894791416823864, 1.1584343910217285, 0.4355169730260968, 0.8655375607311726, 2.067737416923046, 0.6115619018673897, 0.6609503738582134, 0.703037666156888, 0.4394449916124965, 1.200643876218237, 0.176518117566593, 1.6426171477418392, 1.5855798721313477, 0.17217945558950304, 0.7105717381255494, 0.5371610376983881, 0.5831303584078948, 0.6978143317004044, 0.33856498459354045, 0.6721324846148491, 0.5008169934153557, 0.7046733254566788, 1.5341450870037079, 0.8645873919129372, 0.44042789973318575, 0.5516982257366181, 1.1403119783848523, 0.4365269234403968, 0.697746767476201, 1.8806690946221352, 0.516139687349399, 0.9040893127520879, 0.7777628935873508, 0.5053016641953338, 0.6243985923472792, 2.1526963517069815, 0.5174509201198816, 0.25369599953604244, 0.27966538770124316, 0.2553656379692256, 1.1535963900387287, 1.2331910133361816, 0.43658476434648036, 0.7955107809199641, 1.0151997818844394, 1.6853327608667314, 0.40605662162933087, 0.9825935199856758, 0.4501097188020746, 1.0912808987001579, 0.3668955440322558, 0.18350666135083885, 1.4156534202396869, 1.1427733801305293, 0.5530638821423054, 0.23052539392374455, 1.674881286174059, 0.6588321960298344, 0.4479932668618858, 0.501768821105361, 0.45284832268953323, 1.0922995164990426, 0.42414048730085296, 0.26682679494842887, 0.23935211882926524, 0.13203521142713726, 2.216852589448293, 0.46412866609171033, 1.5162163764238357, 0.4012309332222988, 0.998044497333467, 0.9987062734551728, 1.4138698178809137, 1.111074088762204, 1.0771832903381438, 0.476578014716506, 0.6667246365298827, 0.4509143743664026, 0.9982857763767242, 0.5648298462231953, 0.4946052797138691, 0.5667484909296036, 0.46658966802060603, 0.4122341636568308, 0.5896224561147392, 0.4026277451775968, 0.9074259418994188, 0.6146733790843023, 0.24215040658600628, 0.2666553800718652, 1.1716959824164708, 0.6792660383507609, 0.40608528554439544, 0.20801465790718793, 0.5395281808450818, 1.1512226819992066, 0.7172821126878262, 0.6634463302791118, 0.7375140681862831, 0.5398715697228909, 0.652400911371741, 0.7911347970366478, 0.4717315021902323, 0.6547850400209427, 0.5746300660073758, 0.4858514534102546, 0.7864712126553058, 0.5892307472725709, 0.480992279201746, 0.2397525157779455, 0.4584813080728054, 1.5438098818063737, 0.6056365061551333, 0.7167278278619051, 0.4008004665374756, 0.7427578887591759, 0.2484906736968292, 0.27510428624227645, 1.3077040284872055, 0.3755645893514156, 1.045298213325441, 1.0259663119912148, 0.48784225222965083, 0.5722300643101335, 0.5187377370893955, 0.23357714992016554, 0.15183976641856134, 1.6681150721075635, 1.0684067191556097, 1.826796516776085, 0.29967123637389803, 0.37484014527872206, 0.9632827010937035, 0.7406912416219711, 2.000296711921692, 0.40142773892730477, 0.49967160976181424, 1.4321757093071938, 0.9389693586155772, 0.23026754911988973, 0.9553966896608472, 0.37824961487203834, 0.2254121789475903, 0.3983793679624796, 0.4141286266967654, 0.47566598455111186, 0.2151154076680541, 0.5265232576057315, 1.3290662467479706, 0.9149427572265267, 1.3533294349908829, 0.8856456220149994, 1.2700142425795395, 0.6825926049302022, 1.1394273869693279, 1.032181965187192, 1.0614965993911027, 0.7200765789796908, 0.34088782854378225, 1.2442720383405685]
