2025-12-23 13:57:09 - feda2ls - INFO - loss data:
2025-12-23 13:57:09 - feda2ls - INFO - [1.017796471549405, 1.070053962059319, 0.4777181973537573, 1.3696162659674882, 0.8854020056625207, 1.0560347457726795, 0.7243127803685088, 1.2432470234731834, 0.7805182221863005, 0.7672403786277425, 0.8634524812301, 1.998290939380725, 0.6964161407992695, 0.7954471036791801, 0.6793994031846523, 0.5903799887925673, 0.7062386629594999, 1.3185303729366171, 0.664905703937014, 1.00404177022477, 0.8354046493768692, 0.6745244790658806, 0.5545036906997363, 0.7360189398129782, 0.5040203416720033, 0.6676208706429372, 0.5742187600582838, 0.41092848805124527, 0.6436257952743251, 0.4947422410042345, 0.5799114644837876, 0.6759228613227606, 0.5078509926175078, 0.6471989490091801, 0.5320839237591082, 0.4395932277998863, 0.5527022909373045, 0.5402738099728805, 0.4026432409054703, 0.8316802732872242, 0.5547667723149061, 0.5748539261519909, 0.48744808030314746, 0.5158952031698492, 0.4185909068211913, 0.39370035378572843, 0.5064025159304341, 0.539208690336217, 0.5503869324922561, 0.4238554427882174, 0.366350925102344, 0.5167791442540677, 0.547309716977179, 0.3392702480467657, 0.3387087895224492, 0.32162122385519926, 0.4402455446931223, 0.43130211494863036, 0.3799567811967184, 0.8533603302306598, 0.5328523763765891, 0.5315241057425737, 0.4182441018211345, 0.3581802327750307, 0.3414147160278681, 0.4470217325414221, 0.3462043447420001, 0.5500326908673301, 0.3969281979582526, 0.44109635365506017, 0.335091952017198, 0.3911439543346996, 0.46777631889915827, 0.4563681128124396, 0.3984522544611723, 0.26916792428431413, 0.480348884438475, 0.38646806189790367, 0.591223661104838, 0.6532075653085485, 0.6708653149815897, 0.5425481822962562, 0.4971891096104747, 0.46582107213907875, 0.3273502451113679, 0.592173832654953, 0.3860287503649791, 0.4913241224349335, 0.39026041065032285, 0.5787598549491829, 0.287256271864517, 0.3885592214142283, 0.3866782921724594, 0.4482362656113268, 0.296324473963334, 0.3749469668801987, 0.4803000509061597, 0.38635176487944345, 0.5412411283080776, 0.41703070063482633, 0.4323460063897073, 0.27364112219956677, 0.7487146956432197, 0.488933959354957, 0.5136037990450859, 0.32432715327431183, 0.7830972175073365, 0.5222472783798973, 0.37640140602986016, 0.544269795768345, 0.4628127931306759, 0.4288108039026459, 0.33321473141614766, 0.6433336197709044, 0.44210599921643734, 0.37289614373197155, 0.4318447099730486, 0.31651919735316986, 0.4338077058705191, 0.4055509508276979, 0.4709009180466334, 0.5797482370196477, 0.3988959517950813, 0.8049976503984495, 0.4414509976903598, 0.3325769673459805, 0.5567526612430811, 0.5105766874292622, 0.29085127444316944, 0.7689837661882242, 0.2922174798575445, 0.48182401855719154, 0.43549805823235943, 0.3699100673988913, 0.5892004060389644, 0.2529503362241368, 0.4555948647360007, 0.38428758635469107, 0.5209075077352199, 0.5453099634498357, 0.44493290421863396, 0.37703730545825126, 0.3816849921519558, 0.4625157299809731, 0.15853419099361277, 1.183536198321316, 0.41918570618286277, 0.43519103061407804, 0.5302730971517471, 0.4877773080021143, 0.4501354437321424, 0.5864733923226595, 0.4981263123377405, 0.35508774735797677, 0.6195661513755719, 0.5628046596260823, 0.4247301438393501, 0.464077201195889, 0.40916434994970374, 0.45169860915291926, 0.46910328164019366, 0.49534125914392263, 0.47391574550420046, 0.5713599992295106, 0.43910707981146946, 0.43091655096434284, 0.6050347506028155, 0.5060795158147812, 0.5739789792646964, 0.5149198265915567, 0.49865283295512197, 0.533011651535829, 0.48978390150675266, 0.43819946109866487, 0.3822641311690975, 0.45683536097789423, 0.3592019081567273, 0.4132920818379483, 0.7414334364235401, 0.5361851795266073, 0.56945106688266, 0.4991201065233225, 0.5347260410586993, 0.5221418519814809, 0.49331596394379934, 0.4601548300322258, 0.497015863781174, 0.4326041887881178, 0.5461652996018529, 0.47374651171267035, 0.47305821428696315, 0.34267636059950557, 0.38825093790550125, 0.43814845507343614, 0.5247652457406123, 0.33847971540595684, 0.43414721321314576, 0.5042918369794885, 0.6736035322149595, 0.596846630382869]
2025-12-23 15:07:52 - feda2ls - INFO - loss data:
2025-12-23 15:07:52 - feda2ls - INFO - [0.7897752231607834, 0.7042369173963865, 0.8549107134342193, 0.8773895138269896, 0.7738951516648134, 0.7924693750838439, 0.8015593173106512, 0.6378061841552456, 0.7925906351870962, 0.7116903088535323, 0.6692864958806471, 0.6120015677685539, 0.5972675677078465, 0.6371698347986607, 0.8469682223818921, 0.4929181298034059, 0.6458666271964709, 0.4330793436616659, 0.6729496831695239, 0.7450115934691646, 0.6129191007843052, 0.584229909380277, 0.4209096415589253, 0.7568756803305763, 0.7094885361691317, 0.5373014115506695, 0.6209329101774428, 0.6513578694727686, 0.46067624822258946, 0.762994282676474, 0.5445418991062239, 0.45300231455183176, 0.5598054486992103, 0.5530320141050551, 0.5390171641276942, 0.5026179261195163, 0.4644406107036868, 0.5131254037221272, 0.4316411804407835, 0.5558552070210377, 0.5634553670496135, 0.3241384644061327, 0.39722757187766444, 0.5909624473502239, 0.47241309105798046, 0.5200388195338073, 0.3614526366814971, 0.4174892427843242, 0.5764586587690494, 0.5478302930378252, 0.4481364245441827, 0.6111854331511439, 0.5329061307633917, 0.5265964361218114, 0.543368759582302, 0.39450567025367334, 0.32776044306439767, 0.38458581987316864, 0.4060066028244116, 0.49640441918745637, 0.5333611429339709, 0.3130178285141786, 0.5516153372824192, 0.4388092690401456, 0.622411455726251, 0.5412166219342638, 0.4683770685008279, 0.3468242197607954, 0.8326744272119619, 0.42655719723552465, 0.4891748580931112, 0.4049363644379709, 0.3136851815224597, 0.5191065970808267, 0.502885445356369, 0.36279770340770484, 0.46591766658380174, 0.38328601632154347, 0.37666150902708373, 0.5029270272879374, 0.3691239675722908, 0.4962578053689665, 0.47321508586820626, 0.6275702029604603, 0.368660461652466, 0.4059136164271169, 0.47177346853746305, 0.5311175060355001, 0.42516607651486993, 0.6016107640332646, 0.3937231833736102, 0.44351382738713063, 0.41673636332041386, 0.3760056729276072, 0.33353167617072665, 0.6792924859871468, 0.42615353485480656, 0.48298901023550167, 0.351614952346553, 0.40566412145271896, 0.36918219582488143, 0.5392262455704924, 0.3052546866238117, 0.34916888592971695, 0.9321350211011512, 0.5348714557786782, 0.2654961123846579, 0.5475918848067522, 0.3429419284630002, 0.38383763884504635, 0.4215213085524738, 0.4722282500424679, 0.5164159608539194, 0.36398387476801874, 0.6730335240082985, 0.4857069155573845, 0.2974611229573687, 1.5191822429498036, 0.5081648123485071, 0.4276128191004197, 0.4519653983966068, 0.4233227485169967, 0.41569212240477404, 0.547099337913096, 0.4341371136683005, 0.645714765342025, 0.3495745523522298, 0.3209216320266326, 0.36882959543794824, 0.4725620122344205, 0.3385078389229982, 0.321583388261497, 0.8386142417788506, 0.4772072286345065, 0.4713241217175016, 0.5000961333964811, 0.36589332611334546, 0.49502654196694496, 0.5112148099475438, 0.4475635524458167, 0.38217138486603897, 0.43464155113324526, 0.33533416935948257, 0.44170568884773687, 0.3311242451063461, 0.3685511864883744, 0.5705132479468982, 0.4618299311696894, 0.4840299068639676, 0.4636654169609149, 0.4470378547906876, 0.4142610582626528, 0.44552379981787116, 0.3771594423800707, 0.4847888525575399, 0.6363002109030882, 0.4880040045523935, 0.4720703634743889, 0.5277545239324822, 0.4753867577181922, 0.5332549673815568, 0.47749667192498846, 0.4839937450283247, 0.4036919002731641, 0.5309116982475475, 0.4495994764372059, 0.4508666602273782, 0.4709567373825444, 0.4876727171242237, 0.5407022438943385, 0.5248678130718569, 0.5070294225588441, 0.503096048358, 0.4642574816666267, 0.43215823732316494, 0.5477174383478656, 0.5984656034244431, 0.49322214241585005, 0.5541523375168995, 0.4677851647928809, 0.5273993859860908, 0.5738173154267399, 0.47785431928932665, 0.6071273835996787, 0.5206722815831502, 0.5107285357183879, 0.5740293303477592, 0.515722688967767, 0.5096456440485487, 0.525357793768247, 0.49255107610364157, 0.5328595596883032, 0.5448227959374587, 0.577430949235956, 0.4939960105551614, 0.5662415657813351, 0.5036273650621063, 0.5288952504595121, 0.60250978797142, 0.5378121907512348]
2025-12-23 15:37:12 - feda2ls - INFO - loss data:
2025-12-23 15:37:12 - feda2ls - INFO - [1.017796471549405, 1.070053962059319, 0.4777181973537573, 1.3696162659674882, 0.8854020056625207, 1.0560347457726795, 0.7243127803685088, 1.2432470234731834, 0.7805182221863005, 0.7672403786277425, 0.8634524812301, 1.998290939380725, 0.6964161407992695, 0.7954471036791801, 0.6793994031846523, 0.5903799887925673, 0.7062386629594999, 1.3185303729366171, 0.664905703937014, 1.00404177022477, 0.8354046493768692, 0.6745244790658806, 0.5545036906997363, 0.7360189398129782, 0.5040203416720033, 0.6676208706429372, 0.5742187600582838, 0.41092848805124527, 0.6436257952743251, 0.4947422410042345, 0.5799114644837876, 0.6759228613227606, 0.5078509926175078, 0.6471989490091801, 0.5320839237591082, 0.4395932277998863, 0.5527022909373045, 0.5402738099728805, 0.4026432409054703, 0.8316802732872242, 0.5547667723149061, 0.5748539261519909, 0.48744808030314746, 0.5158952031698492, 0.4185909068211913, 0.39370035378572843, 0.5064025159304341, 0.539208690336217, 0.5503869324922561, 0.4238554427882174, 0.366350925102344, 0.5167791442540677, 0.547309716977179, 0.3392702480467657, 0.3387087895224492, 0.32162122385519926, 0.4402455446931223, 0.43130211494863036, 0.3799567811967184, 0.8533603302306598, 0.5328523763765891, 0.5315453069284558, 0.41715858820825813, 0.3589507029434158, 0.34051847386723144, 0.4443409812326232, 0.3424932374929388, 0.5543470777571201, 0.3974443978301927, 0.44280426160742836, 0.33201591555650034, 0.39202298483932796, 0.46718878852147044, 0.45376718540986377, 0.3960749037945882, 0.26787876288096113, 0.4779227517545223, 0.3858075189093748, 0.568478255191197, 0.6614828050369397, 0.6684540544015666, 0.5460465707298783, 0.4979803758470909, 0.46682080503669565, 0.32216637908396395, 0.5912479470173517, 0.3826852925121784, 0.49266045763876964, 0.39011385558793943, 0.5862870799998443, 0.2866148772379518, 0.38864343632012605, 0.38421719585760283, 0.4477396170524034, 0.29460453512042595, 0.37569652218936067, 0.46660115011036396, 0.3922048818997361, 0.533240113593638, 0.41840766025989345, 0.42876831302419305, 0.28179366473658857, 0.7156401457885901, 0.49114630855619906, 0.5124940727319982, 0.3311833115270696, 0.7647700512619771, 0.5328527300308148, 0.37079366004715364, 0.5502222829856551, 0.4667832596848408, 0.4309245646310349, 0.33296546045587294, 0.6613357545187076, 0.43887079441919924, 0.3749789907907446, 0.432880318693986, 0.31217084747627694, 0.43457399467006325, 0.40497355858484907, 0.4676778957454695, 0.5802765076413103, 0.3977674548824628, 0.8004634656350721, 0.44040454576412835, 0.33150776482831973, 0.5487287932386, 0.5175505435985068, 0.2899083086910347, 0.7819483997921148, 0.2869833150969727, 0.48719261950084375, 0.43629949831236636, 0.37127872444689275, 0.5825565971688114, 0.2445111397653818, 0.45037865998844306, 0.38573675956981984, 0.5239547147330912, 0.5429604977369309, 0.44353801365941764, 0.3778453617610714, 0.3732830147569378, 0.4565760215314535, 0.15818620940598732, 1.2071343755556476, 0.4150596531926457, 0.43145289793610575, 0.5161825676281483, 0.4868087443212668, 0.4451997502008453, 0.59020328335464, 0.5038153007626534, 0.3532976462290837, 0.6030860170722008, 0.5897912599308335, 0.4110820387848295, 0.4714135115138358, 0.4024679536573016, 0.45438328553212015, 0.4593788788399913, 0.4995612508792808, 0.45942109227180483, 0.5857264526188373, 0.43348947765700746, 0.42229334789920936, 0.6028524644348933, 0.500336063777407, 0.5777800377458334, 0.512380425394936, 0.4961998235434294, 0.5324047236392895, 0.48846129496214974, 0.44293507074889465, 0.3736680667895155, 0.4574711283764396, 0.3535539883668676, 0.41108194490034994, 0.7405123375356197, 0.5295616800586382, 0.5610358978621661, 0.5239058731358264, 0.5144494046767553, 0.517015086611112, 0.49305637102160194, 0.4614270634271882, 0.49487293937967886, 0.4364684800306956, 0.5395454817761978, 0.47712358795106413, 0.4717455801864465, 0.34143083391663354, 0.3871971669183536, 0.4351724064598481, 0.5181992007729908, 0.3423083206781974, 0.4344143661359946, 0.5038674264525373, 0.6622689391175905, 0.59091056479762]
2025-12-23 15:38:28 - feda2ls - INFO - loss data:
2025-12-23 15:38:28 - feda2ls - INFO - [1.017796471549405, 1.070053962059319, 0.4777181973537573, 1.3696162659674882, 0.8854020056625207, 1.0560347457726795, 0.7243127803685088, 1.2432470234731834, 0.7805182221863005, 0.7672403786277425, 0.8634524812301, 1.998290939380725, 0.6964161407992695, 0.7954471036791801, 0.6793994031846523, 0.5903799887925673, 0.7062386629594999, 1.3185303729366171, 0.664905703937014, 1.00404177022477, 0.8354046493768692, 0.6745244790658806, 0.5545036906997363, 0.7360189398129782, 0.5040203416720033, 0.6676208855440984, 0.5742187375823657, 0.4109283172740386, 0.6436188775722099, 0.4950141844281054, 0.5799957640469074, 0.6770294615377983, 0.5071996469671527, 0.6472383490453164, 0.536705713041804, 0.43980110941502526, 0.5546041149646044, 0.5388862481907658, 0.40204401920653055, 0.8307526105958405, 0.5548499359438817, 0.5748830206692219, 0.48876757722658415, 0.5160172277854549, 0.41719031557440756, 0.39256214137809975, 0.5062999057893951, 0.5390429318707058, 0.5480375519643227, 0.4233667868730071, 0.3637581415190969, 0.5126892614137868, 0.54511165805161, 0.33879418003683287, 0.3367386504386862, 0.32062814557134656, 0.43804050985102855, 0.4310113536193967, 0.37617238857783375, 0.8710552653504743, 0.5321043416857719, 0.530636389926076, 0.414110175271829, 0.358224041301362, 0.3389661073589172, 0.4402674861873189, 0.3392412381867568, 0.5485615155913613, 0.39195683185773145, 0.4392337677379449, 0.33200130314410975, 0.38978487671879325, 0.4652740453755615, 0.4539812465508779, 0.3905707463574333, 0.2676586143982907, 0.4738426315287749, 0.3807722222059965, 0.550494413729757, 0.6669675933662802, 0.66713294495518, 0.5458254661204087, 0.4937395288676455, 0.46556618029135277, 0.3189199725165963, 0.5824701993415753, 0.3783203024417162, 0.48318832639153253, 0.38550074662392336, 0.5874620273709297, 0.2854979511809306, 0.38654332105070355, 0.3783800846061263, 0.44419459892775526, 0.29227517313347795, 0.3774770969016985, 0.45782907950607216, 0.39813507077368826, 0.5279743644098441, 0.4208749801597812, 0.4235417083837092, 0.2860939332058258, 0.6917496204997102, 0.49048760837564864, 0.5079494727154573, 0.33775837852571833, 0.7419708243206791, 0.5327782447760303, 0.3661896820490559, 0.5570134661852931, 0.45975265391170983, 0.4297626350695888, 0.3277066792723619, 0.6691487494235238, 0.43822931991890074, 0.3713326845318079, 0.42720664564209676, 0.30879809425220406, 0.4304596800201883, 0.4005434521784385, 0.45824163789964384, 0.5788427733046853, 0.3925519910330574, 0.7887749153782021, 0.4330103650689125, 0.33220282995786804, 0.5357708536088467, 0.5284554529125276, 0.2840799124911427, 0.7775559032956759, 0.28007973110550766, 0.49823041013239516, 0.4307939224804823, 0.3672450777933453, 0.5698067449371923, 0.23833726884689754, 0.44185171922047933, 0.3840072760358453, 0.5136181387147217, 0.5408758712311585, 0.43438302384068567, 0.3724493994067113, 0.36551403359820445, 0.45475812163203955, 0.15559228544589132, 1.2138818377421963, 0.40701009343011363, 0.4265863282606006, 0.5067616709484122, 0.48200334385037424, 0.43673910496290774, 0.5874319616705179, 0.5029239527730629, 0.351630042015742, 0.5807869250575701, 0.6126286337233108, 0.40051376806715355, 0.47109649086164107, 0.39912679897955594, 0.44983831495635596, 0.4483437417075038, 0.5011823657738126, 0.44570114705711605, 0.6010444675882658, 0.42394185799992445, 0.41397732059386644, 0.598697327412125, 0.49359156551460426, 0.5751253383855025, 0.503978818655014, 0.49263405622914436, 0.5331149113674958, 0.48287329454765177, 0.4444598112064294, 0.36772835553647615, 0.4497380900172851, 0.34807961175331115, 0.4070103230074239, 0.7336751958976189, 0.5239117344220479, 0.5502965138914684, 0.5291576393818079, 0.5067443184554576, 0.5099903682867686, 0.4923712315244807, 0.45447323755784474, 0.4884406963777211, 0.43226593194360086, 0.5331729147583246, 0.46856419586886966, 0.4655875115344922, 0.32937443200498817, 0.3816979887979952, 0.43160007012387114, 0.5197983507377406, 0.33027542004739485, 0.43016430114706355, 0.5033449653536082, 0.6665474666903416, 0.5921560402752625]
2025-12-23 15:40:44 - feda2ls - INFO - loss data:
2025-12-23 15:40:44 - feda2ls - INFO - [1.017796471549405, 1.070053962059319, 0.4777181973537573, 1.3696162659674882, 0.8854020056625207, 1.0560347457726795, 0.7243127803685088, 1.2432470234731834, 0.7805182221863005, 0.7672403786277425, 0.8634524812301, 1.9982909359037877, 0.6964161977623449, 0.7954460990925629, 0.6794034749269485, 0.5904502964292008, 0.7070898136857784, 1.3163374516774309, 0.6620015908032656, 1.0026091745123267, 0.8359456174075603, 0.6765942442146214, 0.5556083808342616, 0.7354052516321341, 0.5064171920530498, 0.6684031981688279, 0.5757412299513817, 0.4128430523238816, 0.6443570248944603, 0.497288218990841, 0.5832226673141122, 0.6755610196540753, 0.5069473011419177, 0.6519275829195976, 0.5462062180211598, 0.44239193729292126, 0.5540829747915268, 0.5408974640935228, 0.40578090055949156, 0.8355109547575315, 0.5570024438202381, 0.5783052914258506, 0.4921017987653613, 0.5139104094356298, 0.41888831549634536, 0.39423237460044525, 0.5088899097715814, 0.5431612958510716, 0.5529101724425952, 0.4280599650334228, 0.3686874202938507, 0.5125053861056981, 0.5486549475540717, 0.3401663625302414, 0.3364020000211895, 0.32280704220192447, 0.43910168020520357, 0.43312862447152534, 0.38030086959091325, 0.884128193391694, 0.5351503125081459, 0.533985685557127, 0.41970119591181476, 0.3610454871827229, 0.3401404861026467, 0.44203265936424335, 0.3415744982038935, 0.5468862841300892, 0.39637316546445206, 0.4360718897854289, 0.3372087890049443, 0.3908709795983589, 0.466848830908838, 0.45243459741274517, 0.3901993647647592, 0.2688501604211827, 0.47687047819296513, 0.3862747466812531, 0.5555338359748324, 0.6744762774324045, 0.6610191394885381, 0.5393231242481205, 0.4967834062010482, 0.4641302390305403, 0.3224832504028172, 0.5865363660578926, 0.3789143867790699, 0.4821839533181804, 0.38758462245265646, 0.5927215678824318, 0.2871920659409269, 0.3873665111760298, 0.37669812118491297, 0.4341152187182822, 0.29318049708590244, 0.3742824272788835, 0.46467844125899405, 0.4018501068719409, 0.5306583766515056, 0.41718511239371514, 0.4262610259465873, 0.2879178122285697, 0.693473608005378, 0.48985727075487373, 0.4918397056559721, 0.3358860584035611, 0.7288796582623669, 0.53816473732392, 0.36457860631247363, 0.5644364948074023, 0.45919281480213003, 0.430563783676674, 0.3245268188572178, 0.6653490274523696, 0.43696692744269966, 0.37244218929360307, 0.4224741976200179, 0.308857071488045, 0.42749038838470976, 0.3981637766584754, 0.45427452729394036, 0.5623193452053744, 0.3952026069785158, 0.7851921203122898, 0.4340153932571411, 0.3294925877036383, 0.5260461433480184, 0.5458997426473576, 0.2803792998505135, 0.7830667823553086, 0.2764457146037969, 0.4973212532577631, 0.42944893054664135, 0.37067955398198327, 0.5578115663745187, 0.23411632725336134, 0.4431909572953979, 0.3821934423328418, 0.5156276281019955, 0.5403827109684547, 0.4316002588098248, 0.37678816228201895, 0.3606931269168854, 0.45281274573734176, 0.1559535565589053, 1.2118935422764885, 0.4056035553838945, 0.4239494131878019, 0.5047862043890816, 0.4861788338671128, 0.43543444280512633, 0.5870810551568866, 0.49475490734583205, 0.3460120066570548, 0.5753969798485439, 0.6177773775289888, 0.3922650170058776, 0.46896535812152756, 0.392890586083134, 0.4503115503478191, 0.44337375851517374, 0.5039424598972867, 0.4329815090323488, 0.6066197434233294, 0.4219730498664307, 0.4067754870506399, 0.5938093604762917, 0.49137633554637433, 0.5741058713446061, 0.5028648256239566, 0.49034706527988114, 0.5313401826967796, 0.47785020553591573, 0.44629349747720437, 0.3647303278199755, 0.4482649536755605, 0.34475246196556275, 0.4066102591796945, 0.7385362890859445, 0.5180892030398051, 0.5468934111607571, 0.5336820373012052, 0.4975490531573693, 0.4983336575329304, 0.48979909362064467, 0.45255144091718125, 0.48141558865706124, 0.43600216901889355, 0.5329266837177178, 0.4716707779715459, 0.4580764193087816, 0.324090234686931, 0.3779348933561282, 0.42776679843664167, 0.52088271152849, 0.3295485282486135, 0.4311890325819453, 0.5018314661458134, 0.6621833552916845, 0.5872447665573822]
2025-12-23 15:41:13 - feda2ls - INFO - loss data:
2025-12-23 15:41:13 - feda2ls - INFO - [1.017796471549405, 1.070053962059319, 0.4777181973537573, 1.3696162659674882, 0.8854020056625207, 1.0560347457726795, 0.7243127803685088, 1.2432470234731834, 0.7805182221863005, 0.7672403786277425, 0.8634524812301, 1.998290939380725, 0.6964161407992695, 0.7954471036791801, 0.6793994031846523, 0.5903799887925673, 0.7062386629594999, 1.3185303729366171, 0.664905703937014, 1.00404177022477, 0.8354046493768692, 0.6743093472538573, 0.5539497698346774, 0.7327100945015748, 0.5042536320785681, 0.66782200589585, 0.573764859760801, 0.41048142691696443, 0.6446754222168871, 0.4911504404088547, 0.5782933539710939, 0.6740829971929392, 0.5066475629806518, 0.6457628066341082, 0.5339342082257975, 0.4381273987679145, 0.5494207590818405, 0.5378056893746058, 0.40524159632623197, 0.8318111805979049, 0.5568051677197219, 0.5766402877867222, 0.4878080903707693, 0.5197972839077314, 0.4166084848965208, 0.3922206560227399, 0.5065625863770644, 0.5400793851717658, 0.5492251072078944, 0.42365641634051615, 0.36671454285311955, 0.5139508745430604, 0.5473558487370611, 0.33944791899994015, 0.3381920135580003, 0.32027198846988153, 0.437852823920548, 0.4304536753023664, 0.3811240922504415, 0.8665815659695201, 0.5322482905040185, 0.5342589665204287, 0.41662792131925624, 0.35852170996509036, 0.33842350888328676, 0.4422856335217754, 0.3406587317585945, 0.5503241689819278, 0.39589113506636664, 0.43868620594342544, 0.33483604486100377, 0.39221824845704045, 0.46347304655596466, 0.4524379669378201, 0.392522300598331, 0.26714287721551955, 0.47840460054576395, 0.38182558019955953, 0.5676363755948841, 0.6607757218880579, 0.6714282713830471, 0.5499100869728459, 0.4955674015093541, 0.4644663382535024, 0.32145378155577364, 0.585547118447721, 0.3793309319764376, 0.48835094729367867, 0.3870071445281307, 0.5887731570336554, 0.28477865430944854, 0.38693332237501943, 0.3780908826069954, 0.44697559490503574, 0.2921315808725269, 0.37319841886108573, 0.4660972204398025, 0.3944818429987539, 0.532101566841205, 0.41711700735895924, 0.4244665945880115, 0.28439466309112804, 0.7111259725358751, 0.48798750291268034, 0.4997619835452901, 0.3283575870144444, 0.7312358999624848, 0.5323441485563913, 0.36866269540041685, 0.5627580347256018, 0.45845005543281636, 0.42624316904693843, 0.3257158203335065, 0.666828690841794, 0.430615846067667, 0.37414925030122204, 0.42460500587652805, 0.3175857295859287, 0.42693044293361404, 0.4033901223912835, 0.46923357401457094, 0.5780878650105518, 0.39996202836434047, 0.8107085607268594, 0.438273282845815, 0.33085183380171657, 0.5380919857571522, 0.5230259067662384, 0.28516525629286965, 0.7950667587419351, 0.27834920250074746, 0.4948931947735179, 0.43045372633406753, 0.3677047209983522, 0.5605105079117824, 0.2403579622160834, 0.44500653576105836, 0.38672548445427546, 0.5160829345272346, 0.5450946658849716, 0.4370956251397729, 0.37476591046786667, 0.3655268217126528, 0.4565381585405423, 0.15904994933113742, 1.2123020086023542, 0.413324722499502, 0.42665227080384893, 0.5113239361164279, 0.4870341549317042, 0.4409576740581542, 0.5860482566058636, 0.5037444621475056, 0.3488670388141122, 0.5855748761445283, 0.5963120729379032, 0.4014564227121763, 0.4725631892681122, 0.39521983779298187, 0.44809404457275104, 0.45696541285988956, 0.5005965207257996, 0.4448153971383969, 0.6008128131429354, 0.42513411089476916, 0.41822180600103104, 0.6022095323472784, 0.49543918818235394, 0.5733570837726196, 0.5079254069450226, 0.48988486975431444, 0.5324958694477876, 0.4882201444922072, 0.4430583021197564, 0.3665874648027313, 0.4498147781938314, 0.3486413086284742, 0.4091973286074324, 0.7334762766957283, 0.5248496723671754, 0.552659607368211, 0.5216436832622214, 0.5040914217631022, 0.5083637844771147, 0.49358840005265336, 0.4550507879505555, 0.4891834230679605, 0.4338517732353825, 0.5332631814293564, 0.4717176204547286, 0.46941572353243827, 0.3295201319962358, 0.38070379026572815, 0.43169399177034695, 0.5203199054735402, 0.330960658867355, 0.4321509712686141, 0.5056388030449549, 0.6643392235040665, 0.596563440333638]
2025-12-23 16:16:00 - feda2ls - INFO - loss data:
2025-12-23 16:16:00 - feda2ls - INFO - [0.9150125091274579, 0.8708225437750419, 0.9007016417281382, 0.660688536255448, 0.851807180950136, 0.5242758813831541, 0.7154952833428979, 0.827219493376712, 0.8215454791218806, 0.824973218035526, 0.6965209744742205, 0.4486579037581881, 0.5889596894383431, 0.9443788682110608, 0.43770497719136375, 0.8379225579676806, 0.4976824543128411, 0.38250008106783584, 0.5583489944752401, 0.501341652194107, 0.5097518866648898, 0.5077074042210976, 0.4934457362008592, 0.6639957193285226, 0.6705067847855388, 0.5852521383514007, 0.6587634452929099, 0.6956980695327123, 0.5748303458285637, 0.6035235390067101, 0.5117518700969717, 0.3138014662967719, 0.4513786282762885, 0.4333218963816762, 0.6212815440073609, 0.49154991724838815, 0.4903491402044892, 0.5136099596649687, 0.3804036160581745, 0.5997620802510668, 0.45216792112936405, 0.5895155657703678, 0.46379882702603936, 0.4997032644020187, 0.5483523389479766, 0.47375224344432354, 0.46969931170513685, 0.4828742382928779, 0.571344713990887, 0.4172380312595999, 0.4048369206488132, 0.5098355072240035, 0.5608544451495012, 0.45679396652640436, 0.5918917451798916, 0.280427231946184, 0.5386689302210624, 0.4324759560947617, 0.36609907494081806, 0.2546488116553519, 0.3178047279817595, 0.39227728044821153, 0.5713389071325461, 0.5609260263542334, 0.3775979230180383, 0.7405330085816483, 0.47245381292887034, 0.5296789765357971, 0.3401540382260767, 0.7492008903747672, 0.4674898091906851, 0.4458817541224562, 0.29937061921227726, 0.5774281734581261, 0.4174762220432361, 0.4876032706376139, 0.41692398010442655, 0.6084375870915559, 0.34939056409833336, 0.7046549990773201, 0.49239028528332707, 0.43916898102809987, 0.351219736248216, 0.5795551258401993, 0.5072938472265378, 0.4768571256349484, 0.5965606255456806, 0.45560295712202786, 0.48208704266810054, 0.7865646217018366, 0.4647365269872049, 0.38363426563640435, 0.3835933685721962, 0.6433075680558024, 0.41479156325486577, 0.4495215481768052, 0.48915692009031775, 0.470193180218339, 0.6460705641657114, 0.5257751934230328, 0.48140467203163595, 0.4527763196577629, 0.33506402784475575, 0.5504505322268233, 0.63997420600305, 0.5621360451753797, 0.6129857449820547, 0.5824320898701747, 0.7831433583827068, 0.7447679399202267, 0.6916500962649783, 0.3845943164563289, 0.3693207273837821, 0.4335578694366492, 0.5172751773148775, 0.24361249262777468, 0.7557660615444184, 0.3516195593789841, 0.6040785793895618, 0.44205054444571334, 0.4136074363236718, 0.42737949811006815, 0.36732467221855014, 0.5491594058771928, 0.6454804737120867, 0.5318046220011644, 0.3418224780509869, 0.46562451976040997, 0.29737847440291004, 0.585516113522409, 0.3436724698791901, 1.1765975322669897, 0.5117239110171795, 0.4287524172725777, 0.5192903195818266, 0.2989796994253993, 0.3103446916490793, 0.6431595056571744, 0.9721938267350196, 0.47796526116629445, 0.41379107235309975, 0.30480642956487525, 0.5504342414438724, 0.48680684639839455, 0.4304424882164368, 0.6203072777681653, 0.35020388708346417, 0.7742405608296394, 0.5213624431441228, 0.3824273189219336, 0.4325688639034827, 0.5803958636636918, 0.4984229439000289, 0.4005505579269745, 0.4956687544496396, 0.7175748149553935, 0.5211523715406656, 0.6591251748303573, 0.5209169247887244, 0.5341629473984927, 0.3944495762387912, 0.6481747813522816, 0.4632934511949619, 0.4341241905409278, 0.8921333545198042, 0.5760566182434559, 0.5500697517224277, 0.5328953221553203, 0.6047658629715442, 0.535975404533868, 0.73449331605914, 0.7124916661530734, 0.4899282840391, 0.36391598768532274, 0.7400050955514113, 0.6020294867731907, 0.6210528505621133, 0.523443794141834, 0.49946183039782904, 0.49834294324884043, 0.522235133498907, 0.5406018214093314, 0.5238656632602214, 0.4775311230371396, 0.6855851531028747, 0.8538316771388054, 0.5999891139702364, 0.7340780223409336, 0.6400126499434312, 0.6817429758608342, 0.5255714006721973, 0.6561304589283877, 0.6229623449345429, 0.6177402246856328, 0.5419829462965329, 0.5509166911843865, 0.6005971163511277, 0.5793506036822995, 0.513640262836065, 0.6539297806719939]
2025-12-23 17:58:23 - feda2ls - INFO - loss data:
2025-12-23 17:58:23 - feda2ls - INFO - [0.7897752231607834, 0.7042369173963865, 0.8549107134342193, 0.8773895138269896, 0.7738951516648134, 0.7924693750838439, 0.8015593173106512, 0.6378061841552456, 0.7925906351870962, 0.7116903088535323, 0.6692864893241361, 0.6120000359912713, 0.5974717989563942, 0.63823250696279, 0.8474689448873202, 0.4943492771436771, 0.6462271052598954, 0.4336218167096376, 0.6760580096642177, 0.7469704494331822, 0.6139155284974023, 0.5823687930074003, 0.4195410744597514, 0.7561555255543102, 0.7090938590466976, 0.5379367180878207, 0.6202169314578727, 0.6533923780752553, 0.4590278321132064, 0.7669838757040153, 0.5441039891275405, 0.4531645156350565, 0.5635891636567456, 0.5506855764322811, 0.5376136841873328, 0.5041128104863067, 0.4632782399678384, 0.5125533106426399, 0.4299449884643157, 0.5555280653138955, 0.5588183975838996, 0.32349555467565855, 0.39749271320584023, 0.5942449261330895, 0.47349727291751786, 0.5185730487936073, 0.3603197484700517, 0.42018112305196975, 0.5767731497974389, 0.5457515997605191, 0.44837068575575495, 0.6094052877615799, 0.5276686587681373, 0.5247849400362207, 0.5395871235609606, 0.3889265549571618, 0.32395614731139033, 0.3844609982616296, 0.4022789588198066, 0.49342085594045265, 0.5259647753578847, 0.3160710697372754, 0.5504366418403206, 0.4359028973599726, 0.6215963738504797, 0.5405888922236584, 0.4659361273602203, 0.3469121571009358, 0.8373867529867725, 0.4265892364084721, 0.4872225309825606, 0.4045900735797153, 0.31266432761242896, 0.5154814132178823, 0.5014033751686414, 0.35998375052451226, 0.4609299738524538, 0.3782718710262667, 0.37598526738584037, 0.49790395725341074, 0.3698529366403818, 0.4956837670670615, 0.4721018754601203, 0.621680368759014, 0.36338142143793395, 0.4015246166813153, 0.4697052066800771, 0.5265088318536679, 0.422092627061324, 0.5871482129312224, 0.39182560841242475, 0.44174700022646873, 0.41280482170934024, 0.37097363780845294, 0.3364704826846719, 0.6729353062808514, 0.42599866134779796, 0.4803112026372993, 0.3450838561912162, 0.4050714229155953, 0.36658952745298545, 0.5284194677294075, 0.30228826434661943, 0.3416536598280072, 0.9256740817534072, 0.5253439594991505, 0.26444265888733925, 0.5466196428984403, 0.3419640432986798, 0.37925369900961714, 0.41948747165087197, 0.46578413943989555, 0.5063531544186514, 0.3618209163658321, 0.669372910676016, 0.48306383887926735, 0.29450823590159414, 1.5186433034638565, 0.5046548294248404, 0.4253093358253439, 0.44732922262063735, 0.42292988908787565, 0.4106113911916812, 0.5426343626342713, 0.4266785681247711, 0.6429873791027378, 0.34507775728901224, 0.31720967998971106, 0.3656137078352596, 0.4692903393597314, 0.3373950995569644, 0.3202658266449968, 0.8280024249106646, 0.4678384297837814, 0.4688264316430798, 0.4998362735816927, 0.3611170729346297, 0.4923188474650184, 0.5065359541111523, 0.43974264385178685, 0.381571976095438, 0.4320878827323516, 0.3310749396851117, 0.43453560612418435, 0.32872537415888575, 0.36407542533740617, 0.5647406297425429, 0.4557398873797283, 0.4815417151898146, 0.4591312579189738, 0.446080777173241, 0.40604414397643673, 0.44097222804471303, 0.3707594612613321, 0.48220243044197564, 0.632181033740441, 0.47948138403665763, 0.4633155114638309, 0.5233497249583403, 0.47225921783182356, 0.5284894475769816, 0.47406817602614565, 0.4757793000642804, 0.40287074123819666, 0.5242257398311738, 0.4449332117321698, 0.44577815358837447, 0.460738138430548, 0.4859721388667822, 0.539450271303455, 0.516988353120784, 0.49956820033151994, 0.49466597019798225, 0.4585833983288871, 0.43099375677605467, 0.5440054974682185, 0.5979962843159834, 0.48421535170704555, 0.5507124850319491, 0.4623068747872656, 0.5220120228413079, 0.5671711106191981, 0.47471844057242074, 0.6024630894263585, 0.5169680446386338, 0.50310935071773, 0.5719507847683153, 0.507918574358674, 0.504696410375111, 0.5208067741696581, 0.48455881538114165, 0.5244939689420991, 0.5424731576504807, 0.5735181904087464, 0.49089024609161747, 0.5659828367953499, 0.49749253908601165, 0.5236013397988346, 0.6021239381017429, 0.5354346704979738]
2025-12-23 17:59:39 - feda2ls - INFO - loss data:
2025-12-23 17:59:39 - feda2ls - INFO - [0.7897752231607834, 0.7042369173963865, 0.8549107134342193, 0.8773895138269896, 0.7738951516648134, 0.7924693750838439, 0.8015593173106512, 0.6378061841552456, 0.7925906351870962, 0.7116903088535323, 0.6692864958806471, 0.6120015677685539, 0.5972675677078465, 0.6371698347986607, 0.8469682223818921, 0.4929181298034059, 0.6458666271964709, 0.4330793436616659, 0.6729496831695239, 0.7450115934691646, 0.6129191007843052, 0.5841160551541382, 0.420901910132832, 0.7565022241211299, 0.7113254465162754, 0.5353383303752968, 0.62117754171292, 0.6511163040995598, 0.4627297009900212, 0.7645191665599991, 0.5417673739397691, 0.4527746341104463, 0.5585762152581343, 0.5519509419246956, 0.5376683267454306, 0.5050857170174519, 0.4628756757609654, 0.5123683479924996, 0.43061941949029764, 0.5559585731476545, 0.5651185913132383, 0.3242246404911081, 0.38982616440541507, 0.5948766354471445, 0.47264482729412893, 0.5157280075881217, 0.35896070293066173, 0.41290506248672804, 0.5667714661156589, 0.5439285489420096, 0.4464328121393919, 0.615024781080358, 0.526022486264507, 0.5259376611146662, 0.5423962942635019, 0.3923666473356602, 0.3199594410136342, 0.37716397374416843, 0.3978352809155529, 0.49418215087747996, 0.5261212482935551, 0.3127119785174728, 0.5388800475520619, 0.437775624638254, 0.6145826706041893, 0.5411450745054969, 0.46472468930814004, 0.3442282600949208, 0.7941197385503487, 0.42372753607730074, 0.4851766653509453, 0.39667775986923115, 0.3100593568192739, 0.5129814746479193, 0.4972988141079744, 0.3590842991689409, 0.4579620864129428, 0.37844203869163084, 0.37201033625751734, 0.5001483508163974, 0.3619132145213476, 0.49110886901617046, 0.456023215799144, 0.6130636952679467, 0.36344148712937574, 0.3964348792615864, 0.4618458858794636, 0.5196477303488387, 0.4136138615819315, 0.5863481104994813, 0.3859205301851034, 0.43680276772515336, 0.4090550571792957, 0.3686746177415956, 0.33224926746139927, 0.6714795579512913, 0.4223590163957505, 0.4768599823531177, 0.3445328207578564, 0.401525843826433, 0.364043454784486, 0.5389326755683144, 0.29630524553358556, 0.3434593712248736, 0.8939361711964011, 0.5202252376514176, 0.26121273009727397, 0.5408640978236994, 0.33136081387373534, 0.3775387612481912, 0.410927942674607, 0.4620077231709939, 0.5031171339691024, 0.35771447013442714, 0.6509532952596518, 0.4823816122611364, 0.2910352841640512, 1.5278771800299484, 0.5013804355153331, 0.4192899588743846, 0.4413362413644791, 0.4218663714826107, 0.4036539978037278, 0.5455320027346412, 0.42364112356746636, 0.6494737158154512, 0.33792638813869824, 0.32511344974779566, 0.3552815300344989, 0.4571220966413466, 0.3243636358982843, 0.3143106145784259, 0.8022250808775425, 0.4650039177387953, 0.4542236990398831, 0.49243098696072896, 0.3487074539065361, 0.49883482608323293, 0.4982865216003524, 0.43967476988803933, 0.3659048777073622, 0.4395362692264219, 0.32083001611472084, 0.4252260227094997, 0.3191872862271137, 0.3691260350265221, 0.535141038770477, 0.46447814998066, 0.45808769116799036, 0.468874504044652, 0.42131126870711644, 0.4039329735355245, 0.4298256432292638, 0.37184478050718706, 0.46046486472090087, 0.6312625377128521, 0.46611235144993535, 0.46444339904313287, 0.5114756280838539, 0.46217373681565127, 0.5112940264470649, 0.4768129206697146, 0.45021747745897456, 0.39766921376188596, 0.504013171074567, 0.447544726204613, 0.4147156798591216, 0.44495461882415044, 0.4735672317445278, 0.5273766877750556, 0.504918675372998, 0.4890452102673325, 0.4831939420352379, 0.44382126236127484, 0.4188036980107427, 0.542737324744607, 0.5921712058285873, 0.4830231310610754, 0.5284386302310008, 0.47029250448174553, 0.516449542440198, 0.5609374045648358, 0.45575572345970256, 0.59328348711133, 0.5039499387145042, 0.499711773917079, 0.5567121136663616, 0.4943597064501997, 0.4960740386988177, 0.5097146452376338, 0.4694550192792608, 0.5169774099356599, 0.5330649225041271, 0.559660165073971, 0.4828172978427675, 0.5535405620311697, 0.4819043523447525, 0.5131866447213623, 0.5899034081293004, 0.5229688136527936]
2025-12-23 18:00:17 - feda2ls - INFO - loss data:
2025-12-23 18:00:17 - feda2ls - INFO - [0.7897752231607834, 0.7042369173963865, 0.8549107134342193, 0.8773895138269896, 0.7738951516648134, 0.7924693750838439, 0.8015593173106512, 0.6378061841552456, 0.7925906351870962, 0.7116903088535323, 0.6692864958806471, 0.6120015677685539, 0.5972675677078465, 0.6371698347986607, 0.8469682223818921, 0.4929181298034059, 0.6458666271964709, 0.4330793436616659, 0.6729496831695239, 0.7450115934691646, 0.6129191007843052, 0.5841160551541382, 0.42090190758721696, 0.7565022338181734, 0.7105965621769428, 0.5361822857033639, 0.6203603874202128, 0.6515323491560088, 0.4624680260196328, 0.7623968447171012, 0.5422888257437282, 0.4522385320724538, 0.5594891701558871, 0.552011278492433, 0.5380112352470556, 0.5054993306597073, 0.4639322249347797, 0.5118467840055625, 0.4306712288409471, 0.5562603930632274, 0.5607452315169495, 0.32442463779201114, 0.3974177410637123, 0.5891187977459695, 0.4714632313008662, 0.5197688352730538, 0.3617473605004224, 0.4152803846324483, 0.5764654009094969, 0.5481490592989657, 0.4460710462972973, 0.6092216337156116, 0.5314394018923243, 0.5223765060719516, 0.5445534239902541, 0.3940218701027334, 0.3264070530516514, 0.381761778614512, 0.40393470820378174, 0.4944425788042801, 0.5274910861155903, 0.3126671564454834, 0.5468965091149915, 0.4365026900273833, 0.6204002911380182, 0.5412370919353433, 0.46595913268349787, 0.34647181201726196, 0.830009034072811, 0.42398357708007095, 0.48866735551167617, 0.4023180902832084, 0.31248242794112724, 0.5142729531352719, 0.5013519310951233, 0.35765280501404106, 0.46210917103471183, 0.379615524106405, 0.37561298068612814, 0.49753904023340767, 0.36887763397147255, 0.494166089180443, 0.4698854791586874, 0.6165588204783422, 0.3649190195195749, 0.4001487280621573, 0.46711959488413946, 0.5264362570312288, 0.4208238858005239, 0.5893525456388792, 0.3877949712797999, 0.44107805370832937, 0.4117637196950841, 0.3703757567906921, 0.3343747012317181, 0.6705264482647181, 0.4247367248914781, 0.47644193661571654, 0.34615120631035257, 0.4025269793346524, 0.36954176945404876, 0.5343316793441772, 0.3021293289028108, 0.3434258319810033, 0.9161140126841408, 0.5268649629006783, 0.2625648880539381, 0.5433237947523594, 0.3360188004363215, 0.37806236900389195, 0.4154207868294584, 0.4642623466965945, 0.5086667910429903, 0.3603146273332337, 0.6649028088643469, 0.4831931273639202, 0.29290163336942593, 1.516566152870655, 0.5037061353800474, 0.42166581317782403, 0.4461661547643167, 0.42196703888475895, 0.40678398857514064, 0.5428376296845575, 0.4282159262371284, 0.64970211829845, 0.3426811401214864, 0.317576467278211, 0.35893977933927723, 0.46331416576573947, 0.3298230450146872, 0.31581427743037543, 0.8252644011750817, 0.47065700264647603, 0.461125118450986, 0.49339155493812126, 0.35600253661611564, 0.49280535069604714, 0.5018928406967057, 0.4434328036996621, 0.37364469630022845, 0.43184275925159454, 0.3286113943735307, 0.43069313690066335, 0.3240728651897775, 0.36783527318334236, 0.5527131522695223, 0.45826195641291945, 0.46939743012189866, 0.4613737667600314, 0.4316899112115304, 0.40745769428710144, 0.4352163890169727, 0.3725490864366293, 0.47673983313143253, 0.6296343918889761, 0.47401178972390684, 0.4641447570485373, 0.5195465263205045, 0.4663379218180974, 0.5203856069820397, 0.47266857181986177, 0.4604403518410265, 0.3984057689706485, 0.5167731261915631, 0.4428101491150649, 0.4313728421305617, 0.45396681358216184, 0.479704616094629, 0.5323427990078926, 0.5127607209297518, 0.4960107735612176, 0.49092899407777524, 0.44937033762258516, 0.4262814079100887, 0.5416622146448171, 0.5947673358851009, 0.484276467334965, 0.5400329302858423, 0.4666396659319148, 0.521471427736321, 0.5663046372885054, 0.46544781665910373, 0.5967951747278373, 0.5125423441330592, 0.5044183937625752, 0.5609409589266432, 0.49956306715806326, 0.5019416481331743, 0.5165528741185412, 0.4753681126768742, 0.522513655738698, 0.5395908991806209, 0.5635285348321001, 0.48674941182964376, 0.5575939569001396, 0.4880439699200041, 0.5184868813802799, 0.593353013774114, 0.5266515644888083]
2025-12-23 18:02:22 - feda2ls - INFO - loss data:
2025-12-23 18:02:22 - feda2ls - INFO - [0.7897752231607834, 0.7042369173963865, 0.8549107134342193, 0.8773895138269896, 0.7738951516648134, 0.7924693750838439, 0.8015593173106512, 0.6378061841552456, 0.7925906351870962, 0.7116903088535323, 0.6692864958806471, 0.6120015677685539, 0.5972675677078465, 0.6371698347986607, 0.8469682223818921, 0.4929181298034059, 0.6458666271964709, 0.4330793436616659, 0.6729496831695239, 0.7450115934691646, 0.6129191007843052, 0.584229909380277, 0.4209096415589253, 0.7568756803305763, 0.7094885361691317, 0.5373014115506695, 0.6209329101774428, 0.6513578694727686, 0.46067624822258946, 0.762994282676474, 0.5445418991062239, 0.45300231455183176, 0.5598054486992103, 0.5530320141050551, 0.5390171641276942, 0.5026179261195163, 0.4644406107036868, 0.5131254037221272, 0.4316411804407835, 0.5558552070210377, 0.5634553670496135, 0.32416385716448226, 0.3913642357386973, 0.5963884038643705, 0.47345268146859276, 0.5185564569577022, 0.3587157383222472, 0.41425575778952667, 0.5690072120632976, 0.5436776003489892, 0.4482896905843959, 0.6157352998739842, 0.5276428638646999, 0.527826096655594, 0.5423798710107803, 0.3924424475990236, 0.3202672239123047, 0.3803030917025877, 0.39925273114138027, 0.49601668658267173, 0.5302050278493853, 0.3135146647070845, 0.541598357124762, 0.4386493826996196, 0.613277753132085, 0.5422825891110632, 0.4646683634707221, 0.34382639036824303, 0.7975499111820351, 0.4260723225772381, 0.48596434829512025, 0.3988010751083493, 0.31242254061455077, 0.5176014722635349, 0.49756868357459705, 0.36032399615083915, 0.46075244568514107, 0.3809994528521643, 0.3731731632103522, 0.5042079679431424, 0.3630663641013097, 0.49239973289271194, 0.458007607039892, 0.6153213135622166, 0.3643089351341752, 0.39936591371617935, 0.465189325892263, 0.5201837656812536, 0.41565012957693803, 0.5907571175032191, 0.3875912631551425, 0.43883694388875455, 0.4119213318960233, 0.3707729717750441, 0.33203322968135274, 0.6753592535853385, 0.4246777320724158, 0.4789479377231113, 0.3487580423283836, 0.40178347618784754, 0.36416390668600795, 0.5389299530100513, 0.29918576702475547, 0.3430257436964247, 0.9014438183712108, 0.5234405658828716, 0.2634947397732649, 0.5419086258858443, 0.3371607593853365, 0.3799914307147264, 0.41467491522845296, 0.466322702228807, 0.5078608271750538, 0.35892311567440627, 0.6610470734197985, 0.48394794344902037, 0.29360262484600147, 1.534186543772618, 0.500911149189428, 0.42236576167245704, 0.4438631450633208, 0.4215948022902012, 0.4074937536070744, 0.5502228742465377, 0.4266091298863844, 0.6532831458108765, 0.34072172285781965, 0.32611352706031094, 0.36118581900778024, 0.4609397445814778, 0.33095746961300787, 0.3188771608968576, 0.8232967475429177, 0.46980232385297616, 0.460867865011096, 0.4977147553454746, 0.3541443580692565, 0.4996068713255227, 0.5031458563274808, 0.4418517581758682, 0.37083144088586173, 0.4396392898013194, 0.3236711209329466, 0.4346237889609553, 0.32355648482011423, 0.365259146425819, 0.547181606416901, 0.4637663635635093, 0.465421670054396, 0.4690623043105006, 0.42962656828264395, 0.40775154439939393, 0.4344429785454714, 0.37197933060427507, 0.46907766610383983, 0.6323868499447902, 0.47494601119188185, 0.46703760642558334, 0.5174446804618293, 0.4641147888286246, 0.5169875292728345, 0.47903841147820153, 0.46026574621597927, 0.400403526922067, 0.5092484319099674, 0.4494377829199252, 0.42449164427816866, 0.4535557990297926, 0.47882402986288075, 0.5341223888099194, 0.510596480530997, 0.494891279715706, 0.4882727539063328, 0.4500059381265331, 0.4236205227052172, 0.5436332570853825, 0.5958527252491977, 0.48786651588220525, 0.5355274711494092, 0.465841406538631, 0.5199585237229865, 0.5647371968085115, 0.46094260435890066, 0.597934024532636, 0.5089453021685282, 0.5013651084568765, 0.5628401606411174, 0.5018360981042834, 0.49750522945565406, 0.5154680792580951, 0.4780695383571816, 0.5200746568540733, 0.537652276456356, 0.5651813825592399, 0.48632524141834843, 0.558452123341461, 0.49022757584730015, 0.5177420567307207, 0.595327521807381, 0.5293315673867862]
2025-12-23 18:59:21 - feda2ls - INFO - loss data:
2025-12-23 18:59:21 - feda2ls - INFO - [0.9150125091274579, 0.8708225437750419, 0.9007016417281382, 0.660688536255448, 0.851807180950136, 0.5242758813831541, 0.7154952833428979, 0.827219493376712, 0.8215454791218806, 0.824973218035526, 0.6965209744742205, 0.4486579037581881, 0.5889596894383431, 0.9443788682110608, 0.43770497719136375, 0.8379225579676806, 0.4976824543128411, 0.38250008106783584, 0.5583489944752401, 0.501341652194107, 0.5097518866648898, 0.5078635414441427, 0.49330474622547626, 0.665686659887433, 0.6707099613733589, 0.585742024332285, 0.6564700039724509, 0.6972025507440169, 0.5761427998924866, 0.6050969578325749, 0.5111345772321025, 0.3137371360479544, 0.4521171496684353, 0.4329581479231517, 0.622526582237333, 0.4893443046603352, 0.49030990401903785, 0.5068364163014996, 0.3813143075676635, 0.5975269268508311, 0.4513483434684868, 0.5880729254335165, 0.4620307316072285, 0.5006876764750039, 0.5476230301273366, 0.47457508749018107, 0.4718209912958131, 0.485316225976655, 0.5785340544664197, 0.4223463146222962, 0.40614061517020067, 0.5116838499903679, 0.5673999587694805, 0.458012986345551, 0.5981339263916016, 0.27943105913388233, 0.542414103184755, 0.4299713745092352, 0.3628201425541192, 0.25584355273943704, 0.31752558194372493, 0.39008549811939397, 0.5801477069656054, 0.5593173198401928, 0.3747602984309196, 0.744179479777813, 0.4705804845970124, 0.5241177442794045, 0.3337073247608108, 0.7558284471449735, 0.4637305326759815, 0.4413016656104446, 0.2954482334045072, 0.5885517848616776, 0.41559989886979265, 0.4826024029586282, 0.41510391446451345, 0.6206908733225786, 0.3359997686930001, 0.707490644355615, 0.4930441471437613, 0.4430182092512647, 0.3487479909332857, 0.592319813127128, 0.5078267111908644, 0.47962737816075485, 0.5858637632802128, 0.45546731880555547, 0.4800687648130186, 0.8024185994019111, 0.4670219815646609, 0.38297680107255777, 0.3800333221933866, 0.6811086065296469, 0.4032131228595972, 0.44412705761690935, 0.48725430170694983, 0.47373756937682626, 0.6304421324282885, 0.5319567987322807, 0.47668372039924134, 0.4523495488658999, 0.33194959872160795, 0.5566505651781335, 0.6010688062136372, 0.5417780326358204, 0.6132533000951463, 0.5983038121834398, 0.7198070227478941, 0.7630853924900293, 0.675496541770796, 0.37596648676251926, 0.36153651646969986, 0.4386128326677359, 0.5075841159870227, 0.24094444084912536, 0.7631529250741005, 0.3456446459982544, 0.5780394238491471, 0.44260931427280104, 0.40734020805366794, 0.4185729326722636, 0.3661053353644631, 0.5400740582495928, 0.6127382533003887, 0.5196548543245225, 0.33719318577398855, 0.45845668330788614, 0.29098043147689445, 0.5644920199766926, 0.3374053872980629, 1.1647376092771689, 0.47390100720028083, 0.41693524732254444, 0.5057980041330059, 0.2873169899918139, 0.306834524795413, 0.6099666690340999, 0.9727184146642684, 0.4589300753548742, 0.396075856173411, 0.305952056744718, 0.5366870484004418, 0.4820798248595869, 0.42421261941011135, 0.6002773048120669, 0.34704590108659533, 0.7746977942685287, 0.4964945402306815, 0.376321070579191, 0.4257621141771475, 0.5784137079539972, 0.48822255204121273, 0.38877977878984177, 0.4848779209626791, 0.6967008396983148, 0.5121223259717226, 0.6510773797829946, 0.5175649922446744, 0.5212896783290238, 0.38133060398201146, 0.6471098785599072, 0.46062727967898054, 0.42594329307250905, 0.8823725593586762, 0.5525672886520624, 0.5162740607144466, 0.537770159429673, 0.5794839534908534, 0.5332010703316579, 0.7066246973457693, 0.6788591433316469, 0.4826318302502235, 0.3557265336314837, 0.7053874480227629, 0.5719328327173436, 0.6141938066316975, 0.5181545527263856, 0.4900904111468639, 0.4916756551426191, 0.513251065214475, 0.541322307523202, 0.5206901202599208, 0.4704329342891772, 0.6655686909953753, 0.8278556630015373, 0.5829274176196618, 0.6914243263502915, 0.6102996230125427, 0.6459932555754979, 0.4997091829776764, 0.6291091492463803, 0.6092806083460649, 0.599350901918881, 0.517124413450559, 0.5525643754622032, 0.5760541841387748, 0.576233105834884, 0.5036107714932698, 0.6262785317997137]
2025-12-23 18:59:48 - feda2ls - INFO - loss data:
2025-12-23 18:59:48 - feda2ls - INFO - [0.9150125091274579, 0.8708225437750419, 0.9007016417281382, 0.660688536255448, 0.851807180950136, 0.5242758813831541, 0.7154952833428979, 0.827219493376712, 0.8215454791218806, 0.824973218035526, 0.6965209744742205, 0.4486579037581881, 0.5889596894383431, 0.9443788682110608, 0.43770497719136375, 0.8379225579676806, 0.4976824543128411, 0.38250008106783584, 0.5583489944752401, 0.501341652194107, 0.5097518866648898, 0.5078635414441427, 0.49330474622547626, 0.665686659887433, 0.6707099613733589, 0.585742024332285, 0.6564700039724509, 0.6972025507440169, 0.5761427998924866, 0.6050969578325749, 0.5111345772321025, 0.3137371360479544, 0.4521171496684353, 0.4329581479231517, 0.622526582237333, 0.48934427597559993, 0.4902318434168895, 0.5064949004180949, 0.38138341342952725, 0.5970134061519747, 0.4509893670673827, 0.5871055675049623, 0.46205580164678395, 0.5009760143994181, 0.5473888786509633, 0.4743825699513157, 0.4685569655531171, 0.48216932352243447, 0.5715370780477922, 0.4174456785182917, 0.40597035468866427, 0.5100848731895288, 0.562310300519069, 0.4582962754158637, 0.5966183531284333, 0.2796341658026601, 0.5423294224475439, 0.43387093152850864, 0.36300117946229876, 0.2561418975839236, 0.31821074466667293, 0.3900839126082482, 0.5779021851718426, 0.5651465686659018, 0.37411060196657975, 0.7494300089621295, 0.46958731597289444, 0.5231283303971092, 0.3347588146617636, 0.7530125306359121, 0.4642485490305857, 0.44140843127170226, 0.294372405220444, 0.581974807830799, 0.4137726108854015, 0.484686326001074, 0.41354807143410044, 0.6308090451245124, 0.3343941039250543, 0.7004919294267893, 0.49171536763509116, 0.4416396870898704, 0.3476560904110859, 0.5975999662700372, 0.5041920735035091, 0.47670884082714715, 0.5910301199182868, 0.4514553338910142, 0.4782784028260997, 0.7980414257695279, 0.46656035905083015, 0.38024221584200857, 0.3799962276072796, 0.6817151715272459, 0.40908744592558255, 0.4432319438705842, 0.48547312170267104, 0.4694055612881979, 0.6250785030424595, 0.5308424070974191, 0.47782583711864235, 0.4469485976592158, 0.3284720772532401, 0.5529621851211414, 0.6065627784157792, 0.5404821093804364, 0.6014828699669151, 0.6083787104735772, 0.7200844580152382, 0.759396908680598, 0.6696439471095801, 0.37655713814483194, 0.3601623567913113, 0.4385485170323115, 0.5033171731978655, 0.23906354313173023, 0.7597752197086811, 0.3435824025111894, 0.5723503931210592, 0.4395730564991633, 0.40565947536132063, 0.4230046966324814, 0.3630688914304806, 0.5463013137380281, 0.6199799302344521, 0.5178211271189727, 0.3335441718498866, 0.4621399661898613, 0.291398438028633, 0.5747535304391178, 0.3356672567033181, 1.1574637181674823, 0.4663839685420196, 0.4210051100545873, 0.5024611916393041, 0.2850502170622349, 0.30289537854492665, 0.6253743971726208, 0.9247465640306473, 0.4571487575148543, 0.40073586961564917, 0.30544304617603, 0.5244072925299406, 0.4894568474963307, 0.4143023766806493, 0.6021943959525262, 0.3465109709236357, 0.7773926933606465, 0.5002005665252607, 0.38124624465902646, 0.4138522334396839, 0.5731362952922399, 0.483375690082709, 0.38927785278382626, 0.48299658897404485, 0.6934331404666105, 0.5022949397563934, 0.6624773266414802, 0.5123001818337124, 0.5199159999260272, 0.3811239438131452, 0.6432263731956482, 0.4573091693222523, 0.42539587155210246, 0.8856189172714949, 0.5502272712687651, 0.5210072762274649, 0.5381449314342304, 0.5825350023806095, 0.5372267208372553, 0.6988441788345232, 0.6730364233255386, 0.48491989970207217, 0.3525605255117019, 0.6981861670811971, 0.5731780355865205, 0.6117562682540328, 0.5176707902768006, 0.48868978662559615, 0.49123211965346947, 0.5032739363610744, 0.5423990925429044, 0.514253614594539, 0.4655161272734404, 0.6622386353711287, 0.8271506860852241, 0.5832699448953975, 0.6955533437430859, 0.6106079081694284, 0.6386706714828809, 0.507375282049179, 0.6247609095840618, 0.6067220747470856, 0.6013191152476903, 0.5199365692834059, 0.5498614895703464, 0.5840144567191601, 0.576651352069651, 0.5021471418822423, 0.6297288159529368]
2025-12-23 19:07:40 - feda2ls - INFO - loss data:
2025-12-23 19:07:40 - feda2ls - INFO - [0.9150125091274579, 0.8708225437750419, 0.9007016417281382, 0.660688536255448, 0.851807180950136, 0.5242758813831541, 0.7154952833428979, 0.827219493376712, 0.8215454791218806, 0.824973218035526, 0.6965209744742205, 0.4486579037581881, 0.5889596894383431, 0.9443788682110608, 0.43770497719136375, 0.8379225579676806, 0.4976824543128411, 0.38250008106783584, 0.5583489944752401, 0.501341652194107, 0.5097518866648898, 0.5077074042210976, 0.4934457362008592, 0.6639957193285226, 0.6705067847855388, 0.5852521383514007, 0.6587634452929099, 0.6956980695327123, 0.5748303458285637, 0.6035235390067101, 0.5117518700969717, 0.3138014662967719, 0.4513786282762885, 0.4333218963816762, 0.6212815440073609, 0.49154991724838815, 0.4903491402044892, 0.5136099596649687, 0.3804036160581745, 0.5997620802510668, 0.45216792112936405, 0.5895155657703678, 0.46379882702603936, 0.4997032644020187, 0.5483523389479766, 0.47375224344432354, 0.46969931170513685, 0.4828742382928779, 0.571344713990887, 0.4172380312595999, 0.4048369206488132, 0.5098355087141195, 0.5608547771970431, 0.4567983152870184, 0.5919010147452355, 0.2804415324004367, 0.538816413839276, 0.4325403357545535, 0.3644499025307596, 0.25447961649818657, 0.3180784237367334, 0.3910054458650174, 0.5695269481589397, 0.5587175962825617, 0.3773570111021399, 0.7455687618503968, 0.46857744753671193, 0.5318173466871182, 0.3371879970251272, 0.7556238161412987, 0.4638556506417014, 0.44573649730349035, 0.3015686637721956, 0.5871438358905532, 0.4156462324783206, 0.4861457771458826, 0.41843976366023217, 0.6216631585015701, 0.34189431520644575, 0.7107325720290343, 0.4936503697931766, 0.44000993194058535, 0.34909065159833214, 0.5980471830838957, 0.5084814897583176, 0.4772545424600443, 0.5907993170743187, 0.45505401045084, 0.4803760373456911, 0.8050643276423216, 0.47024727532019217, 0.3850515219072501, 0.37999655043923874, 0.668114614512386, 0.4100536157123067, 0.4489950833221277, 0.4900603150328, 0.4687800475209951, 0.6395151882121961, 0.5298750620086987, 0.47876811480813924, 0.451220579355052, 0.3326216674168353, 0.5561166060296818, 0.6190302757546305, 0.5507082467063747, 0.6109759191672007, 0.5955268702780208, 0.7392176970063398, 0.7539535642911991, 0.6897230215370656, 0.3829761989311211, 0.3660987013886715, 0.43646079948315253, 0.5103184144943953, 0.24333157072542233, 0.7702113427221775, 0.35024053168017416, 0.5829580806983778, 0.4416945028305054, 0.40796860176032357, 0.42923515383154154, 0.36466761548761967, 0.5536574373642604, 0.6332430106277267, 0.5301066128003014, 0.3373978359003862, 0.46378264265755814, 0.29718339019514717, 0.5846119591645125, 0.34148712959422756, 1.1844451440832553, 0.4886400120953719, 0.432026038520659, 0.5121459041411678, 0.2962606171146035, 0.3045469428598881, 0.6305818340317769, 0.9427101768553257, 0.4745642819131414, 0.4064725983111809, 0.30480701502722995, 0.53469744635125, 0.4944718568857449, 0.42025671049952507, 0.6165705542369135, 0.3482393122519608, 0.7767368984719117, 0.5095563397742808, 0.38160298150032756, 0.42598204774161186, 0.5852002251415681, 0.49176405693093933, 0.3971667081851399, 0.48809254118838374, 0.7081738871832689, 0.516083417336146, 0.6663019607464473, 0.5175197236617182, 0.5305276625115296, 0.3877358621607224, 0.6575150407850743, 0.4577804695814848, 0.433006375508778, 0.8916242491453886, 0.5651932726303737, 0.5291672694535615, 0.5375324243171649, 0.5965884186327457, 0.5381765443676462, 0.7198412331099483, 0.6894982326775789, 0.48823759804169337, 0.3605904278655847, 0.7184730899830659, 0.5850175973993761, 0.6158209417981131, 0.523725786867241, 0.49473623291422153, 0.4957748034443611, 0.5148362616697947, 0.542952834594029, 0.5197491940110922, 0.47533183520038924, 0.6744739768405755, 0.8523996695876122, 0.5924190068244934, 0.7288425167401631, 0.6328164341549078, 0.6603904982407888, 0.5168426789343357, 0.6461492133037797, 0.6169286273419856, 0.6084656503841732, 0.5369648141165575, 0.5517855742111288, 0.5929768458008766, 0.5760407742656146, 0.5074173033237457, 0.6409240727623304]
2025-12-23 19:11:42 - feda2ls - INFO - loss data:
2025-12-23 19:11:42 - feda2ls - INFO - [0.9150125091274579, 0.8708225437750419, 0.9007016417281382, 0.660688536255448, 0.851807180950136, 0.5242758813831541, 0.7154952833428979, 0.827219493376712, 0.8215454791218806, 0.824973218035526, 0.6965209744742205, 0.4486579037581881, 0.5889596894383431, 0.9443788682110608, 0.43770497719136375, 0.8379225579676806, 0.4976824543128411, 0.38250008106783584, 0.5583489944752401, 0.501341652194107, 0.5097518866648898, 0.5077074042210976, 0.4934457497050365, 0.6639971479773521, 0.670772940882792, 0.5853260962913434, 0.6600235092143218, 0.6966764560590188, 0.5738841197620599, 0.6026693398753802, 0.5105180406632523, 0.3122433001692924, 0.4495912411063909, 0.4324321220939358, 0.6174280693288893, 0.4912612745848795, 0.4898786744723717, 0.5133413439656704, 0.37789152302624035, 0.5995986097112851, 0.4501931250841288, 0.5878881856178244, 0.4648341275751591, 0.49886647627033576, 0.5451337786080936, 0.47416478612770635, 0.4704968093005433, 0.48432646324287354, 0.5755154996144551, 0.4205100780947961, 0.4051500212401151, 0.5098846707493067, 0.5568989805877209, 0.4560271789534734, 0.5933417637646199, 0.2794598554843105, 0.5381354511299958, 0.42950138449668884, 0.36269100648351016, 0.25808760801834674, 0.31878250480804127, 0.39077593031580804, 0.5709602070351442, 0.5586281612515449, 0.3752865879486005, 0.742508678821226, 0.46670665352915724, 0.5269812371581792, 0.33496982919052243, 0.7565928488657191, 0.4624051457372579, 0.44073747179063505, 0.2950758330795603, 0.5879958403728476, 0.4145773325115442, 0.4821012589325021, 0.41623609848320486, 0.6240115684958605, 0.33820257223366446, 0.709670522188147, 0.4918376346429189, 0.4419746637965242, 0.3468110884607692, 0.5941012175419391, 0.510083201682816, 0.48078065551817417, 0.5879274733364582, 0.45544394676884015, 0.4810234874374036, 0.8048815714816252, 0.4607024854669968, 0.3846993034084638, 0.3839445977320528, 0.6770289756100754, 0.409242849864743, 0.4465105990568797, 0.48841400742530827, 0.4738189256439606, 0.6309977911412716, 0.5307602254798015, 0.4777189930314784, 0.45404745339218416, 0.33050438812761396, 0.5577530368929728, 0.6104980985323588, 0.5519466730926571, 0.6140377595456261, 0.5990183748304844, 0.7282167545209328, 0.7616042764236529, 0.682264187435309, 0.3783487669123268, 0.3616442225809241, 0.4378151696576522, 0.5080315331617992, 0.24207029246802753, 0.7607087904214859, 0.3538084742768357, 0.5754528571851552, 0.44349182369808354, 0.40649452434966354, 0.42455585413104435, 0.3658366962991379, 0.5452159921328227, 0.622496191598475, 0.5220207390668509, 0.3376608463625113, 0.45918924803535144, 0.29303116582823585, 0.5715257846846662, 0.3415092861392733, 1.1733619752220619, 0.4763447360446056, 0.41956685598318777, 0.5101290818303823, 0.2897433613892645, 0.3068590874969959, 0.6115324713628401, 0.9765995047986508, 0.4620923103764653, 0.39930116419369976, 0.3053473380636812, 0.5389363714804252, 0.48436376253181757, 0.42656860835277116, 0.6015714537052588, 0.3470711093257975, 0.7709243501226107, 0.49833214273676274, 0.37773264466474454, 0.42709347245593865, 0.5821447710578258, 0.49116734196742373, 0.389156546387257, 0.4896233352904137, 0.697181998193264, 0.5088370474676291, 0.6548260654012362, 0.5162121515523823, 0.5215862244496058, 0.3839511747782429, 0.6420734810332458, 0.46328063098092875, 0.4303453124833829, 0.8912334777414799, 0.5549193589637678, 0.524583037069533, 0.537393933263692, 0.5893520434697469, 0.5336583167314529, 0.7090690951580289, 0.6804406430572272, 0.487708464016517, 0.36018934672077496, 0.7117014050483703, 0.57505384442155, 0.6139940587182839, 0.5230066725828995, 0.4940103539576133, 0.4931608196061391, 0.5251742278536161, 0.5404504271982997, 0.5248783542464177, 0.472251483425498, 0.6671414586404959, 0.8350279211997986, 0.5890351562608372, 0.7067650419970353, 0.6147909358143806, 0.6508779535690943, 0.5083666786551475, 0.6325981404760788, 0.6128804256518682, 0.6003835436521154, 0.5271329000592232, 0.555745748541821, 0.5820545583963395, 0.5725322967860847, 0.5058066519216085, 0.6326347219447295]
2025-12-24 06:03:54 - feda2ls - INFO - loss data:
2025-12-24 06:03:54 - feda2ls - INFO - [1.0210100028249953, 1.0462600700557232, 0.47072972740369057, 1.5112798971434436, 0.9156535472720861, 1.0654561748107274, 0.7293452641277602, 1.268026962255438, 0.7798552975274515, 0.7903576492183451, 0.9371629734834035, 2.244571361442407, 0.8061939989075516, 0.9002293686072032, 0.8845528324445089, 0.7749060931651351, 1.0905823728577657, 1.286930390040983, 0.7976084090769291, 1.226459464430809, 1.2925398819148541, 0.8638462978782075, 0.6766791179776191, 0.9406520031392575, 0.6608407781769832, 0.7966712610079691, 0.7036606984833876, 0.5384098782848854, 0.8059302516605543, 0.7070114308873752, 0.6578927160551151, 0.8090799113114675, 0.607232280385991, 0.7771324048439662, 0.6732541051777927, 0.5294247717715991, 0.7831776142120361, 0.6569143044667831, 0.5073719176981184, 1.117105715654113, 0.6621078796684742, 0.7077189840376377, 0.5666976730028788, 0.5835049346089363, 0.4910142375777165, 0.5037487364374101, 0.6007392992575964, 0.6404046932208365, 0.661763817196091, 0.4850661976041494, 0.45631272331609024, 0.6507590694919876, 0.669028031329314, 0.40544888051226735, 0.39842532997330027, 0.42085223545630773, 0.5166443774631868, 0.49023994952440264, 0.5124506829927364, 0.851314139035013, 0.6393300876021386, 0.5578558001667261, 0.5078926459265252, 0.4354778877741685, 0.39746703355071633, 0.5138049982488155, 0.4244980124135812, 0.58267788986365, 0.4709153384372422, 0.5071461127450069, 0.4161028108249108, 0.47199388658222946, 0.5422900704422382, 0.5011459698279699, 0.4727258279728584, 0.33010739406260353, 0.5798146753261486, 0.4372273291305949, 0.7205160902813077, 0.6727410424500704, 0.7122818877920508, 0.5935339294167028, 0.5612467102922392, 0.5574326800803344, 0.41130367900160225, 0.7432517215609551, 0.4673975141098102, 0.5510875013402917, 0.4558133405012389, 0.6272741058634387, 0.3336661856810468, 0.4537757808342576, 0.4240717550071004, 0.47449092748998245, 0.34487786899822265, 0.4260230684257818, 0.6166707409376448, 0.41497320546345273, 0.6176321879650155, 0.4963039396161383, 0.5251744142733514, 0.3389818240860195, 0.8247161597013474, 0.5475571072349946, 0.6002279853241311, 0.40833951615943354, 0.8820044184508531, 0.6196187467624743, 0.4095240755627553, 0.6479423935023638, 0.5340017570803562, 0.49104822777832546, 0.35489308618836934, 0.7552483789622784, 0.5075988294556737, 0.42910457601149876, 0.5145667348593248, 0.3778583911808733, 0.49998255129903557, 0.4664522631093859, 0.5628612635864152, 0.6558372530600298, 0.4464750763649742, 0.9385967178439553, 0.5169506972034772, 0.3840950312307821, 0.6361091126998266, 0.5836640510546125, 0.3223700791597366, 0.85989730656147, 0.33896010519832476, 0.5640670756768922, 0.49594783303447254, 0.4187351476005984, 0.6423160907897083, 0.28702878148223343, 0.5296568902830283, 0.4406132922588807, 0.6412532169597618, 0.6268518498788278, 0.4882183597733577, 0.44034262188907825, 0.4202200646201769, 0.5071338140047513, 0.200583247646976, 1.3249056187768777, 0.508970158355254, 0.5155895826717217, 0.5839112265656392, 0.6214619521051645, 0.4917441947385669, 0.6230295915156603, 0.5594400301236998, 0.4017213095839207, 0.7148065668841204, 0.6303337710788068, 0.44521947865111705, 0.5407029398406545, 0.4708635996167476, 0.5387423696519122, 0.5135637831620194, 0.5592140076277049, 0.5234081329777837, 0.6804439057078626, 0.4885066179464561, 0.4857507135719061, 0.6657727234281492, 0.5893446810543537, 0.6110921782751878, 0.6034745824607937, 0.5573255712166428, 0.6151044895251592, 0.5734932523220777, 0.5009925804363612, 0.4461336499414383, 0.5415825757842798, 0.4198732640142694, 0.4779196518927048, 0.7774311106652021, 0.5998712666332722, 0.6687802297373613, 0.5612795140099275, 0.5845707560578982, 0.5794137102862199, 0.5612259564300378, 0.5425175151590145, 0.5698611229244206, 0.5043249656756719, 0.6076199371367693, 0.5656317265083393, 0.51585717809697, 0.3946622260679037, 0.45913434921001844, 0.4974014623711507, 0.5753173998557031, 0.3948804849589413, 0.4755484574784835, 0.5806273466597001, 0.7295090315242607, 0.6546089943084452]
2025-12-24 06:04:03 - feda2ls - INFO - loss data:
2025-12-24 06:04:03 - feda2ls - INFO - [1.0210100028249953, 1.0462600756436586, 0.4707297272639922, 1.5112799218545359, 0.9156535519907871, 1.065456211566925, 0.7293465133191961, 1.2680124823004006, 0.7798720343749304, 0.7905235764916968, 0.93813513169686, 2.245212211708228, 0.8067639124664394, 0.9001840631167094, 0.884717324624459, 0.7747446539310309, 1.090696071697907, 1.2870608215982262, 0.7973965617517631, 1.2271197360008954, 1.2907588394979637, 0.8649503760265582, 0.6774266090244054, 0.9435082559784254, 0.661391089608272, 0.7977592655290395, 0.7059816201527913, 0.5386356465075608, 0.8135434024683807, 0.7195649342383486, 0.6684841897338629, 0.8198267129560312, 0.6100992513820529, 0.7788929817577204, 0.6755070760846138, 0.5340976771062765, 0.7804494649171829, 0.6620572286239569, 0.5135549750179053, 1.1195539599115198, 0.6658264144013326, 0.7100350931286812, 0.5677128496269386, 0.5898869719770219, 0.4880728063484033, 0.5024089047064384, 0.6009381912648678, 0.645050383121639, 0.6610482583443325, 0.4901876064681715, 0.45750053044732497, 0.6515013687312603, 0.6623588734616837, 0.4053715241762499, 0.399380612714837, 0.4233319091187282, 0.5189609316332886, 0.4907090622931719, 0.5058981000756224, 0.8738938048481941, 0.6416884258389473, 0.556638765335083, 0.5110411253136893, 0.43643682094742403, 0.39831528529429283, 0.5120164323598146, 0.42281989169617495, 0.5802652469864398, 0.47053270212332293, 0.508916345362862, 0.4189250860208025, 0.47315265077935614, 0.5522826746708216, 0.5053001181532939, 0.47610682168832197, 0.33267027914213637, 0.5801125788440307, 0.4414128132319699, 0.7023201273443798, 0.6665532435290515, 0.7259924558301767, 0.5973972189136678, 0.5635152875945189, 0.5561495650870105, 0.41079382961898137, 0.7271617483968535, 0.46398012290398283, 0.546420196799392, 0.4592089864425361, 0.6293616068032053, 0.332026441241412, 0.4514440086359779, 0.42278843480998124, 0.47997542182830244, 0.34459350006102635, 0.42867928882214157, 0.610041059892286, 0.4043571068481966, 0.6195983109374841, 0.4987621267636617, 0.5157013107091188, 0.342883193278403, 0.8315185988942781, 0.5460707440972328, 0.5890187722527318, 0.40779873170674996, 0.8825955602299909, 0.6230805742243926, 0.4111122244348129, 0.6366353080345271, 0.5382573809474707, 0.4907356092085441, 0.3574604905624357, 0.7510730056713024, 0.5138060076162219, 0.42902972077329954, 0.5187941843333344, 0.37596081839834583, 0.502658593809853, 0.4655736130972703, 0.5655666381120682, 0.6499523327726384, 0.4444896780575315, 0.9336225036531687, 0.5114661738276481, 0.38518701733734745, 0.6183283512790998, 0.5858587229057499, 0.324572595115751, 0.8458729729056358, 0.32565916758160907, 0.5671554997401393, 0.4935816833224052, 0.4158767207384561, 0.6451982496814295, 0.28410308766895187, 0.5289902905623118, 0.4330780814685251, 0.6447443133615183, 0.62636135344704, 0.4888469322274128, 0.4318874769872336, 0.41696287908901775, 0.4951722329625716, 0.19933689343563926, 1.3475614209969837, 0.49854287177775847, 0.5099975027143955, 0.5735220346981897, 0.615527697155873, 0.48044578824192286, 0.6235171556472778, 0.5529365151217489, 0.4079355236668235, 0.7048046324402094, 0.6431101475963774, 0.4424329955512897, 0.5404628748902016, 0.4631274516097246, 0.5305953501270929, 0.490649631077593, 0.5567178151637747, 0.5161086505278945, 0.69171441445748, 0.48406678208648557, 0.47870412656303607, 0.6639724789970163, 0.5800999837617079, 0.6051065941651662, 0.581083703447472, 0.5564880333840847, 0.610922275731961, 0.5649892565596736, 0.49492436472613077, 0.4372138065882982, 0.5360307739140131, 0.4096293974893563, 0.47357487792674546, 0.7613187710444133, 0.5920653016616901, 0.6620061924370626, 0.5558765454256869, 0.5789496846497059, 0.575230052570502, 0.5532338341077169, 0.5309992158729019, 0.5667383323113124, 0.49807644012299446, 0.6103724766522646, 0.5526181115458408, 0.5031721459080776, 0.38788174030681455, 0.4543926029042764, 0.491411404311657, 0.5773384855749706, 0.38567734262222175, 0.46959150743981204, 0.5745389023174843, 0.7278460058073203, 0.6423152130511072]
2025-12-24 06:04:19 - feda2ls - INFO - loss data:
2025-12-24 06:04:19 - feda2ls - INFO - [1.0210100028249953, 1.0462600700557232, 0.47072972740369057, 1.5112798971434436, 0.9156535472720861, 1.0654561748107274, 0.7293452641277602, 1.268026962255438, 0.7798552975274515, 0.7903576492183451, 0.9371629734834035, 2.244571361442407, 0.8061939989075516, 0.9002293686072032, 0.8845528324445089, 0.7749060931651351, 1.0905823728577657, 1.286930390040983, 0.7976084090769291, 1.226459464430809, 1.2925398819148541, 0.8635455140110218, 0.6756144478917122, 0.9398858244220416, 0.6606276304771503, 0.7957274529796381, 0.7025364776452383, 0.5377786058958594, 0.8045642771150755, 0.7064159876924216, 0.6576724323133627, 0.8074278843899567, 0.6067164447158575, 0.7750031404197216, 0.6700896864587611, 0.5294408638889972, 0.7821936793625355, 0.6557810790512872, 0.5068628120339579, 1.1136388924085732, 0.6613967530429363, 0.7081286289625697, 0.5654526501273116, 0.5822932709422377, 0.4891796547919512, 0.503445931399862, 0.596942999958992, 0.6372492619290733, 0.6600107936809461, 0.480554438671553, 0.4530364074541823, 0.6504091524883457, 0.6642630020777385, 0.4035672369102637, 0.39648352426787214, 0.41965160956324055, 0.516834364257132, 0.4871282277628779, 0.5054934662456314, 0.8595115817255444, 0.6365090663234393, 0.5565200209617615, 0.5041166358627379, 0.43496809614483606, 0.3948208072151129, 0.51133769787848, 0.4208399953320623, 0.5756832118964557, 0.46732612644237553, 0.5061018781115612, 0.4100515950936824, 0.4682790679938119, 0.5400873961472752, 0.49812512571613, 0.4676297055414089, 0.3284549440257251, 0.575730204085509, 0.43314422901409366, 0.7030894480024775, 0.6690754536539316, 0.7109037639262775, 0.587391973969837, 0.557984514977189, 0.5506995663978159, 0.4037928544662216, 0.7305499882126848, 0.46295711733400824, 0.5465945597004258, 0.45346039816116296, 0.6240416467189789, 0.32986048938895485, 0.44927316202471657, 0.418610980710349, 0.4715963895855979, 0.34072553131278627, 0.42209368483586746, 0.6142372959716753, 0.4092475399374962, 0.6107978095610938, 0.49152684771653377, 0.5188826667144895, 0.3350092674266886, 0.8333191708972056, 0.5415239413579305, 0.5926357942322891, 0.3946273220703006, 0.8855137887370328, 0.6107433177530766, 0.40596371466914816, 0.6320872179304178, 0.5275582353274028, 0.4841769489770134, 0.35316760525521307, 0.7455223793784778, 0.5089270252734422, 0.42512375855197504, 0.5094342069968468, 0.3751314034442712, 0.4985141342505813, 0.46388006123403713, 0.5538130777370598, 0.6476308335752591, 0.4392899890119831, 0.926204198632728, 0.5080717446282506, 0.37995802274403667, 0.6232048620780308, 0.5905148108368334, 0.31886499337852003, 0.8473214035232861, 0.3267780588467612, 0.5658410957042614, 0.4895778581404533, 0.41103248368158485, 0.6424751758406109, 0.2809418615252257, 0.5233062289655209, 0.43129722389352065, 0.6531722185286608, 0.6150766391307116, 0.4875384067495664, 0.43219843164763666, 0.4155697101106246, 0.4952266209114056, 0.19500158474637339, 1.3551171242362923, 0.5015647472192843, 0.5081119100252787, 0.5747894433732981, 0.6110170003026724, 0.48009074218571185, 0.6209793966263533, 0.5574764719966686, 0.39684344420734885, 0.7070536968608697, 0.6289033511167634, 0.43887373751554737, 0.5301549004390835, 0.46157216140283985, 0.5272276848407367, 0.4980521249500188, 0.5517062873620053, 0.5141589175909758, 0.681397675557269, 0.4842974448745901, 0.4789516899396073, 0.657770310893007, 0.5785173796117306, 0.6128301521142323, 0.5852735545486212, 0.5446620186790824, 0.6030276003604134, 0.5627344880817515, 0.4857556814662157, 0.43198548407795334, 0.5343561362666197, 0.4081396797389695, 0.4706054681386703, 0.7669982752452293, 0.5898251545925935, 0.6634375799447298, 0.550698344654345, 0.5746746157606443, 0.5661114816864332, 0.5553897327846951, 0.5319257358032645, 0.5657560307118628, 0.49497316506775946, 0.6083175721267859, 0.5569396254916985, 0.5049804205695788, 0.38226618003100155, 0.4509125762873075, 0.48915586670239763, 0.5712128109298646, 0.3831094727962167, 0.4671287077168624, 0.575022037078937, 0.7289305847138167, 0.6440003290772438]
2025-12-24 06:05:30 - feda2ls - INFO - loss data:
2025-12-24 06:05:30 - feda2ls - INFO - [1.0210100028249953, 1.0462600700557232, 0.47072972740369057, 1.5112798971434436, 0.9156535472720861, 1.0654561748107274, 0.7293452641277602, 1.268026962255438, 0.7798552975274515, 0.7903576492183451, 0.9371629734834035, 2.244571361442407, 0.8061939989075516, 0.9002293686072032, 0.8845528324445089, 0.7749060931651351, 1.0905823728577657, 1.286930390040983, 0.7976084090769291, 1.226459464430809, 1.2925398819148541, 0.8638462978782075, 0.6766791179776191, 0.9406520031392575, 0.6608407781769832, 0.7966712610079691, 0.7036606984833876, 0.5384098782848854, 0.8059302516605543, 0.7070114308873752, 0.6578927160551151, 0.8090799113114675, 0.607232280385991, 0.7771324048439662, 0.6732541051777927, 0.5294247717715991, 0.7831776142120361, 0.6569143044667831, 0.5073719176981184, 1.117105715654113, 0.6621078796684742, 0.7077189840376377, 0.5666976730028788, 0.5835049346089363, 0.4910142375777165, 0.5037487364374101, 0.6007392992575964, 0.6404046932208365, 0.661763817196091, 0.4850661976041494, 0.45631272331609024, 0.6507590694919876, 0.669028031329314, 0.40544888051226735, 0.39842532997330027, 0.42085223545630773, 0.5166443774631868, 0.49023994952440264, 0.5124506829927364, 0.851314139035013, 0.6393300876021386, 0.5578444536775351, 0.5077572465563813, 0.4356837720977086, 0.39738384786611186, 0.5137085609138012, 0.42374330057452125, 0.5826803201301531, 0.469243332256817, 0.5074739647408326, 0.4141530897002667, 0.4716648229033403, 0.5408420746374611, 0.5012293357402087, 0.4725873893938768, 0.32958389466317994, 0.5800011172269781, 0.4378474280859033, 0.7194060840023061, 0.6746319052763283, 0.7143707839772105, 0.5923142354521487, 0.5625581508637338, 0.5568896798416972, 0.4102871070644169, 0.7438024907683333, 0.4672016830494007, 0.5504217820411379, 0.45617720717564225, 0.6270860619843006, 0.3334842252410084, 0.4540097353359064, 0.4235164489859763, 0.4737483301961964, 0.34451293874090205, 0.42573363276367837, 0.616802431981672, 0.4140760241584345, 0.6174770094454288, 0.4963490867479281, 0.525110334623605, 0.339090333715307, 0.8222884065988991, 0.5472845795253912, 0.5989892863565021, 0.4065306480329197, 0.8798758263659219, 0.6194833594063918, 0.4091830473393202, 0.6492402905932604, 0.5336779897411664, 0.49073184315736096, 0.3540503150576519, 0.7561096804837386, 0.5073526073247194, 0.4288826304177443, 0.5154343524863096, 0.3776219658171519, 0.49971164275581637, 0.46629957351833584, 0.562825857889321, 0.6554183248916399, 0.44536468256264927, 0.9378141061487523, 0.5160847987979651, 0.38379638964453566, 0.636230020225048, 0.5819838967012323, 0.3222934962871174, 0.8598915415505568, 0.333912146455198, 0.5664023308933753, 0.4949332013630714, 0.41810699296042775, 0.6382487390021032, 0.2857828446759436, 0.5287264831364156, 0.4378088569147107, 0.6407683013402152, 0.6268884116162856, 0.4881857554117839, 0.4390755905007774, 0.41876963414251805, 0.5080908503956519, 0.19979112591737738, 1.3303792569372388, 0.5101229235529899, 0.5144205907980601, 0.5817095182358455, 0.6227351579815149, 0.49019626919180154, 0.6227154936641455, 0.5587242475588514, 0.4016934169838444, 0.7106524390478929, 0.6335944061612953, 0.444460933856093, 0.5418166697646181, 0.4702240273451958, 0.536982958068843, 0.5121544519947334, 0.5591713063202906, 0.5196703163906932, 0.6839576957126459, 0.4863046848713749, 0.48462789506849013, 0.6624788787809835, 0.5871873224774997, 0.6130724934240182, 0.6023526686159046, 0.5555772387112181, 0.61484486485521, 0.5709262042729693, 0.5011410239988412, 0.4430309286102271, 0.5415198539025509, 0.4187173486094583, 0.47695062327652404, 0.775438729301095, 0.5982628911733627, 0.6639765188097954, 0.5649147868885861, 0.5790477012594542, 0.5779935049513976, 0.5607285804218716, 0.540792292221026, 0.5683428479979435, 0.5058043254821589, 0.6057823590934277, 0.5635449652870497, 0.5149178050458432, 0.39679355951838, 0.458131968958134, 0.4967342240115007, 0.5726233082202574, 0.3964178924663709, 0.47570431667069596, 0.5780442887296279, 0.7227771407614152, 0.6489701656003792]
2025-12-24 06:07:18 - feda2ls - INFO - loss data:
2025-12-24 06:07:18 - feda2ls - INFO - [1.0210100028249953, 1.0462600700557232, 0.47072972740369057, 1.5112798971434436, 0.9156535472720861, 1.0654561748107274, 0.7293452641277602, 1.268026962255438, 0.7798552975274515, 0.7903576492183451, 0.9371629734834035, 2.244571361442407, 0.8061939989075516, 0.9002293686072032, 0.8845528324445089, 0.7749060931651351, 1.0905823728577657, 1.286930390040983, 0.7976084090769291, 1.226459464430809, 1.2925398819148541, 0.8635455140110218, 0.6756144478917122, 0.9398858244220416, 0.6606276304771503, 0.7957274529796381, 0.7025364776452383, 0.5377786058958594, 0.8045642771150755, 0.7064159876924216, 0.6576724323133627, 0.8074278843899567, 0.6067164447158575, 0.7750031404197216, 0.6700896864587611, 0.5294408638889972, 0.7821936793625355, 0.6557810790512872, 0.5068628120339579, 1.1136388924085732, 0.6613967530429363, 0.7082957149379783, 0.5666603140843411, 0.5843659703102376, 0.49079538509249687, 0.5042909554205834, 0.5996235395471254, 0.6389963356697042, 0.6618771863480408, 0.4824571783517624, 0.45643429332615243, 0.6519455527481826, 0.6704994635035595, 0.4041489425115288, 0.39851723667234185, 0.42139900454856233, 0.5169502727532138, 0.48981581795960666, 0.5157322894160946, 0.8490784336295393, 0.6385144926607609, 0.5571417883038521, 0.5053618658334017, 0.4334803904688945, 0.39594079790971215, 0.5128675614794096, 0.4212673711280028, 0.5777459818531167, 0.46816277502908965, 0.5068241668244202, 0.41181436376646163, 0.4692639402235331, 0.542592533835859, 0.4989879031976064, 0.4692514626357036, 0.32847251147031786, 0.5776377603411674, 0.4343460990426441, 0.7078588732518256, 0.6724087069742382, 0.7100847595992188, 0.5897452804156476, 0.5605242296189502, 0.5529648244070511, 0.4045122777760932, 0.7446971220274766, 0.4658329823364814, 0.5478956626276626, 0.45410352824255823, 0.6286854695942667, 0.3313946728635093, 0.4514649904022614, 0.4212904489861849, 0.4722658352164382, 0.3414289561206272, 0.42580590217628267, 0.616488214243542, 0.41212197359312663, 0.613809578679502, 0.49605084309975306, 0.522491754963994, 0.34088229790442826, 0.8312551728139321, 0.5459519162774086, 0.5953989923000336, 0.39633262808888386, 0.8878649111999117, 0.6117353204637765, 0.40848042281965413, 0.6355985898142442, 0.5256762247532607, 0.4862023101809124, 0.35734868527700503, 0.7533490528662999, 0.5118804188445211, 0.42647618309905133, 0.5126551000838817, 0.37785919398690265, 0.49821461051081617, 0.46331146086255715, 0.5589228193379111, 0.6529536175177149, 0.438754674171408, 0.9281438639895483, 0.5106932324667772, 0.3798503149659015, 0.6312470111995936, 0.591109411224075, 0.32102588595201575, 0.8542602616051833, 0.3291056129993493, 0.570974823532869, 0.49102244168902054, 0.41577593711289496, 0.6465848118744113, 0.28189801095555034, 0.5274649443725745, 0.43099941916601814, 0.6500385869633067, 0.6185679797083139, 0.4872784694035848, 0.4342976986007257, 0.4195596810430288, 0.4975454918323801, 0.1965099455555901, 1.3529353483683533, 0.5034635413663857, 0.5105527327706416, 0.5803177904051084, 0.6133222776154676, 0.48455666610971093, 0.611493619158864, 0.5573060028819423, 0.3985900534269137, 0.7084835258622963, 0.6322334891428119, 0.4396962537788428, 0.5354503516314758, 0.4657580442344531, 0.5338328196832784, 0.5047392777421258, 0.5532685600113177, 0.5213848932956656, 0.6786509743167295, 0.4904856018044732, 0.48289201803731197, 0.6575341689629832, 0.5820585320393244, 0.6142697910467784, 0.594362380152399, 0.5508667411282658, 0.604671380482614, 0.5660641792145642, 0.4859520611472619, 0.43643679137413316, 0.5376101789184106, 0.4106496695090424, 0.4727889587004215, 0.7682522453367711, 0.5935771418114504, 0.6698073742600779, 0.5527307812411051, 0.5796846603353818, 0.5702439149220784, 0.5580487276117008, 0.5368332968291009, 0.566575077176094, 0.5010358594019304, 0.6106532048434019, 0.5582706366976102, 0.5064971605936686, 0.38310002010220134, 0.451369323445992, 0.4900923546403646, 0.5775455329877635, 0.3874700323294301, 0.4704839441925287, 0.5763752908756336, 0.731119612728556, 0.6451454778305359]
2025-12-24 07:13:01 - feda2ls - INFO - loss data:
2025-12-24 07:13:01 - feda2ls - INFO - [0.7927365609134237, 0.7350013303756714, 0.8672067356606326, 0.9102150701083145, 0.778377782801787, 0.8243770728508631, 0.8563116246461868, 0.7040837481617928, 0.87322828537888, 0.8359765014413632, 0.7939683578231118, 0.7368706663449606, 0.8367176514739791, 0.7821328698077064, 0.9961066602556794, 0.5664472981459564, 0.8260726508994897, 0.533368000201881, 0.8752520782748858, 0.827893178955172, 0.7250926075638204, 0.6956740897562769, 0.5149133164021704, 0.9598416531966492, 0.8317634977400303, 0.6226335812182653, 0.8016600851659421, 0.8090332862403657, 0.5478758420236409, 0.8842433515519643, 0.6509095145975826, 0.5316527056397858, 0.6739810023988997, 0.6359003254660853, 0.6467725584904352, 0.5698724531258146, 0.5461154429964877, 0.6238468540211519, 0.5008758996923764, 0.6475930276016394, 0.6217437243306791, 0.3770381492873033, 0.4820371084023213, 0.6815675250358051, 0.5774312735431724, 0.6114325964616405, 0.41888979514214125, 0.4720526038358609, 0.6942895021374254, 0.6253856754965252, 0.5159999856668891, 0.7203901170555389, 0.6109198091551662, 0.6057687694620755, 0.6192323710700428, 0.467331455959736, 0.39222594232338925, 0.4399485766041008, 0.4992039955898442, 0.5834460144729486, 0.6356408310433228, 0.35035355494668086, 0.6053723742169412, 0.49000764091583815, 0.7322252060907583, 0.6340134732149265, 0.5427331803021608, 0.3602866650869449, 1.051894555037672, 0.47393625949819884, 0.5978977795727927, 0.4876584863290191, 0.3484870689046202, 0.5990585928161939, 0.573731981664896, 0.42869158731638524, 0.5447904054865693, 0.44912439829698114, 0.40363209502150615, 0.525066397315453, 0.4360711087459239, 0.5727888350685437, 0.5735503725052156, 0.721454941039836, 0.44937221449762343, 0.4774305465182772, 0.5416156097142785, 0.594690111072527, 0.5187748851668503, 0.727391702019506, 0.4708885795747241, 0.5099351199851795, 0.4667297516356815, 0.4197642740742727, 0.3835786323994398, 0.7531583582361538, 0.4783491693259705, 0.5328099637395806, 0.4254912505007309, 0.47015625696318847, 0.44122749500804476, 0.5397029089463221, 0.35599706166734296, 0.41846646984418234, 1.087982277678592, 0.6366159004780153, 0.30565103492767054, 0.5986832641065121, 0.39279327352503035, 0.44899757809937, 0.47354054337160456, 0.5556700972759205, 0.5613363060507585, 0.3862948751077056, 0.781140014867891, 0.5405159039298693, 0.341764478571713, 1.6122815676033497, 0.5583723965342398, 0.4763023146490256, 0.5056361595292886, 0.47253861129283903, 0.4690445584555467, 0.5929594207555056, 0.4905170253995392, 0.7364860331857359, 0.4191811324821578, 0.34307620624836155, 0.4291162404002271, 0.5629442153178682, 0.40823872200172884, 0.3665244350334008, 0.965843117237091, 0.5326967347413302, 0.5339262045368001, 0.5647537032085839, 0.4440321448776457, 0.5337721682774523, 0.5710285445882215, 0.5319611103781923, 0.42954110590120154, 0.49235876866926753, 0.3748839699465668, 0.49203642575578255, 0.39174432274368076, 0.4410045394305014, 0.6677416381736596, 0.5216844130248538, 0.5448680307716132, 0.5106961507350206, 0.5209701249996821, 0.47588930307990973, 0.5085199836089656, 0.42717861831188203, 0.5085525014127295, 0.7420983557899793, 0.5694500539532822, 0.5205314789277812, 0.582385703966473, 0.5528612201246951, 0.5616021802253794, 0.5330755523095528, 0.5819963398942913, 0.46074589925507703, 0.6179423318416984, 0.52537190226757, 0.5071119454999764, 0.5476567989045924, 0.5712310733894507, 0.6128185577690601, 0.5919472999560336, 0.5837345749817111, 0.5605144067667425, 0.5314422279044434, 0.46787069998681546, 0.6195041952285789, 0.6623780408667194, 0.5754246642894071, 0.6159910065156442, 0.5126278444447301, 0.6026340977426756, 0.6052337145940824, 0.5412684900291038, 0.6882631003856658, 0.5688569642603397, 0.5866117839184073, 0.6667451582525088, 0.6199518299729064, 0.5829568772830747, 0.5740354614050099, 0.5593969155140597, 0.6133500536282858, 0.6230185960419476, 0.6601349882781505, 0.5805467548469703, 0.640536868882676, 0.569420225078453, 0.5935533357991112, 0.6486046461920654, 0.5966620162129401]
2025-12-24 07:16:33 - feda2ls - INFO - loss data:
2025-12-24 07:16:33 - feda2ls - INFO - [0.7927365609134237, 0.7350013303756714, 0.8672067356606326, 0.9102150701083145, 0.778377782801787, 0.8243770728508631, 0.8563116246461868, 0.7040837481617928, 0.87322828537888, 0.8359765014413632, 0.7939683578231118, 0.7368706663449606, 0.8367176514739791, 0.7821328698077064, 0.9961066602556794, 0.5664472981459564, 0.8260726508994897, 0.533368000201881, 0.8752520782748858, 0.827893178955172, 0.7250926075638204, 0.6956740897562769, 0.5149133164021704, 0.9598416531966492, 0.8317634977400303, 0.6226335812182653, 0.8016600851659421, 0.8090332862403657, 0.5478758420236409, 0.8842433515519643, 0.6509095145975826, 0.5316527056397858, 0.6739810023988997, 0.6359003254660853, 0.6467725584904352, 0.5698724531258146, 0.546115455225158, 0.6238468517859777, 0.5008771871527036, 0.6475969279805819, 0.6217283837787517, 0.3768963823094964, 0.47913174794959845, 0.6832526969412962, 0.5769123259793829, 0.6099185863854708, 0.4180592029270801, 0.47180840268376323, 0.6890062840062786, 0.6221233629932006, 0.51743408510405, 0.7212994704700328, 0.6097215804271401, 0.6033332545517219, 0.6174447716351736, 0.46720559427352704, 0.3900348695453958, 0.43859936542470346, 0.4966526203788817, 0.5821450458440398, 0.6346298757978159, 0.35048526506870986, 0.5990971534484715, 0.48821235675703395, 0.7324301866504053, 0.634581439776553, 0.5414145405369777, 0.3594935259471337, 1.0382936617190188, 0.4732098296284676, 0.5986986473353222, 0.4860506329271529, 0.3476018387993628, 0.5973648611456156, 0.5722386189301809, 0.428816199745389, 0.5418849287498178, 0.4482039220744011, 0.4022088317821423, 0.5217457900326403, 0.4349825970450605, 0.5717969339340925, 0.5674014824821993, 0.7222456959110719, 0.4489960678179723, 0.4774210091680288, 0.5381113591017547, 0.5948095502331853, 0.5081894451545345, 0.7212215070095327, 0.4671873837709427, 0.5085586610278396, 0.4657472088255665, 0.41956136584959247, 0.38282793437441187, 0.7551038679977258, 0.4745955271912472, 0.5319388822548919, 0.4188609353226164, 0.4694620679753522, 0.4380599879970153, 0.5382491846556787, 0.3518563027338435, 0.4164826490812832, 1.0599989332258701, 0.6252290845538179, 0.30318033332410066, 0.5980448822180431, 0.38878816035999497, 0.4490309288104375, 0.4714760832488537, 0.5556085014580816, 0.5581523541107096, 0.38634963914131126, 0.763599098067392, 0.5413743390142918, 0.3396852329994241, 1.622914871821801, 0.557064713758451, 0.4766799313326677, 0.503892485273105, 0.46972564868628974, 0.46516303879519305, 0.5893515022471547, 0.4864078941582529, 0.7284276838619987, 0.4156297899368736, 0.34256010632961986, 0.42254010858149194, 0.5611066672988612, 0.401704069427822, 0.3656798066943884, 0.9382844319567084, 0.5303299661415318, 0.5284353914084259, 0.5619905276280461, 0.43733502070385, 0.5382010109722615, 0.5650611850950453, 0.5275422854518348, 0.42298740334808826, 0.49476606758932273, 0.37079739076734497, 0.48735817410729154, 0.3878660748402277, 0.4392909332839907, 0.6528081933657328, 0.5230234112413858, 0.5373200135926406, 0.5117433120807012, 0.5125649837156137, 0.47136142042775947, 0.5024347849328209, 0.42577725574374203, 0.4988653063774109, 0.7389381740242242, 0.5593391815200448, 0.5161132520375152, 0.575783638531963, 0.5476378789378538, 0.553712545515913, 0.5336200582484404, 0.5673004002674766, 0.458063435430328, 0.6089421696960926, 0.5230462371914283, 0.49328298221031824, 0.5371019473982981, 0.5633561681956052, 0.6076739807923635, 0.585139457664142, 0.5741863996637138, 0.5508339933067974, 0.5246770112326852, 0.4614867682258288, 0.6158057843393462, 0.6594506631294886, 0.5708963775494392, 0.6056838387968364, 0.5137949925932017, 0.5959831076950111, 0.6005512624979019, 0.534742751920765, 0.6807075964907805, 0.564164108534654, 0.5817479472193453, 0.6598339186630388, 0.6104164384305477, 0.5775818830036153, 0.5685679463048776, 0.5530316056777733, 0.605887679176198, 0.6173410904593766, 0.6525821979468067, 0.5733996878895495, 0.6335771897186835, 0.561316964119049, 0.5900868879424201, 0.6397656625402826, 0.591624175508817]
2025-12-24 07:17:09 - feda2ls - INFO - loss data:
2025-12-24 07:17:09 - feda2ls - INFO - [0.7927365609134237, 0.7350013303756714, 0.8672067356606326, 0.9102150701083145, 0.778377782801787, 0.8243770728508631, 0.8563116246461868, 0.7040837481617928, 0.87322828537888, 0.8359765014413632, 0.7939683578231118, 0.7368706663449606, 0.8367176514739791, 0.7821328698077064, 0.9961066602556794, 0.5664472981459564, 0.8260726508994897, 0.533368000201881, 0.8752520782748858, 0.827893178955172, 0.7250926075638204, 0.6956740897562769, 0.5149133164021704, 0.9598416531966492, 0.8317634977400303, 0.6226335812182653, 0.8016600851659421, 0.8090332862403657, 0.5478758420236409, 0.8842433515519643, 0.6509095145975826, 0.5316527056397858, 0.6739810023988997, 0.6359003254660853, 0.6467725584904352, 0.5698724531258146, 0.546115455225158, 0.6238468517859777, 0.5008771871527036, 0.6475969279805819, 0.6217283837787517, 0.3768633924424648, 0.48167104286992035, 0.681636178245147, 0.5779215222983449, 0.6124334028749554, 0.4190304697575894, 0.4723035828520854, 0.6941451955671338, 0.6253316328343418, 0.5163278759316061, 0.720699084234057, 0.6115087669963638, 0.6061471719294786, 0.618662901636627, 0.4678198516206897, 0.39306366119155844, 0.4414425423538143, 0.4996982952579856, 0.585802732501179, 0.6374963844815891, 0.34994387788077197, 0.6046827986610659, 0.4905434939536182, 0.7325807414638499, 0.6350028797156281, 0.54405902919394, 0.36131736778964596, 1.054870829494162, 0.4741165782014529, 0.6009981158857394, 0.4883967833593488, 0.34924143805083907, 0.5990107065066695, 0.5756800386309624, 0.430101590042097, 0.5447089806763512, 0.4492068555431835, 0.404357092268765, 0.5260538423345202, 0.43830480701897456, 0.574744022389253, 0.574660112960609, 0.7222210868641182, 0.44941989849988917, 0.4790069914388436, 0.5427046977259494, 0.5964216315084034, 0.5184271952861713, 0.7281422143181165, 0.471041077375412, 0.5105604529945236, 0.4672555072628187, 0.4196616224402731, 0.38380377031862734, 0.7540006794035434, 0.47940509591606406, 0.5326428404560796, 0.4236402208768371, 0.47000577542930844, 0.44096122653120096, 0.539465866886176, 0.35590917856122056, 0.4167348316229052, 1.0854967925697565, 0.6367825554683805, 0.30480712539907817, 0.5986789894600709, 0.39190955843324915, 0.44947219774127006, 0.4704481636277503, 0.5572599946696689, 0.5590081055733291, 0.38595419339835646, 0.7785827953537756, 0.5405118502179782, 0.3402062742039561, 1.6130786088605722, 0.5593085955966401, 0.47616429304083185, 0.5051671002142959, 0.47140428026517234, 0.4674182975043853, 0.5899530876427889, 0.4884429923776123, 0.7347142350944607, 0.4168745548774799, 0.34250094436271034, 0.42709915475730875, 0.5628632365377864, 0.4071413083892802, 0.36579112815360226, 0.9639805596321821, 0.531772604615738, 0.5325790875487857, 0.5624459644384456, 0.44202312037900643, 0.5323756472207606, 0.5704431228339673, 0.5311967487108301, 0.4270835210879643, 0.493045744424065, 0.37449718653365516, 0.4901577730747787, 0.3884106022616227, 0.44104997256707745, 0.6680807779232661, 0.5196473945830415, 0.5439271880934635, 0.5103414991249641, 0.5205937404185533, 0.476897704311543, 0.5081229062406002, 0.4257452170054118, 0.5057897510627906, 0.7411187894642353, 0.5658220585597598, 0.5194495329322915, 0.5807900906963782, 0.5522045766645007, 0.556953419948166, 0.5330234843989213, 0.5741665127484694, 0.46096374491850534, 0.6140086639810491, 0.5240400844294092, 0.5014638919383287, 0.5435288058286565, 0.568785892178615, 0.6118330242733161, 0.588664801294605, 0.5792134474454955, 0.5553042416253852, 0.5299848408058838, 0.4658778849989176, 0.6194063078570097, 0.6612526976399952, 0.5745547229937021, 0.6104852766626411, 0.5124258783956368, 0.6003418215722949, 0.6015924878418446, 0.5382491600332838, 0.6860075357059638, 0.5683153110245864, 0.5846311753822697, 0.6636536291543988, 0.6153967995466529, 0.5818442761747524, 0.5737282421778549, 0.557786743423152, 0.6124375239014626, 0.6190139658438663, 0.6557149650529027, 0.5792029971877735, 0.6406462471932173, 0.566754825125282, 0.5927415433857176, 0.6468601297321064, 0.5957435232897599]
2025-12-24 07:20:52 - feda2ls - INFO - loss data:
2025-12-24 07:20:52 - feda2ls - INFO - [0.7927365609134237, 0.7350013303756714, 0.8672067356606326, 0.9102150701083145, 0.778377782801787, 0.8243770728508631, 0.8563116246461868, 0.7040837481617928, 0.87322828537888, 0.8359765014413632, 0.7939683578231118, 0.7368706663449606, 0.8367176514739791, 0.7821328698077064, 0.9961066602556794, 0.5664472981459564, 0.8260726508994897, 0.533368000201881, 0.8752520782748858, 0.827893178955172, 0.7250926075638204, 0.6956841935714086, 0.5151136298146513, 0.9595390498976816, 0.8310577243566514, 0.6221461005508899, 0.8017224564596459, 0.809575709203879, 0.5483456539921463, 0.8839127978552943, 0.6508425499174606, 0.5320557684678098, 0.6738022537236767, 0.6358538774704492, 0.6456534680393007, 0.5710148039584358, 0.5461383398544288, 0.6217248052358627, 0.5004917317380508, 0.6467328322430452, 0.6231824907583076, 0.3758409330621362, 0.477905707579592, 0.6825842679374747, 0.5738637171409748, 0.607723585350646, 0.4169505362483588, 0.471978504600979, 0.6875427494418215, 0.620562235183186, 0.5124502318262151, 0.7190474460748109, 0.6079331705036263, 0.6006404962390661, 0.6136645967382248, 0.46459740066252975, 0.38761635447541876, 0.4365186705959566, 0.4935002400201153, 0.5802406872888761, 0.62916650909065, 0.35106049546351037, 0.5952831044906017, 0.4857630520652641, 0.7303281049864987, 0.6320731707745129, 0.5411657624774509, 0.35881662884106236, 1.0355497038161212, 0.47326726522296664, 0.5941711289413047, 0.4831990732087029, 0.3467851401504242, 0.5976267299925287, 0.5682301809390387, 0.4263356345395247, 0.5376230799339035, 0.4477918460739382, 0.40092045913139984, 0.5196873439209801, 0.4312238429281591, 0.5711604195750422, 0.5634262882242048, 0.718380304839876, 0.444943479479751, 0.47454869433961533, 0.5368545118305419, 0.5920482961253988, 0.5072923745028675, 0.7157232359879546, 0.4672818429768085, 0.5087569173086773, 0.4619625848351103, 0.41978486793285064, 0.37885762676596646, 0.7574002218743165, 0.46870806992408776, 0.5287035573963765, 0.4158684576281171, 0.46729825853059687, 0.4358014153937499, 0.5332610458135605, 0.35083057985951505, 0.4147655425883002, 1.0483505163873945, 0.6184203274237613, 0.2997433101947325, 0.5952761938174566, 0.38317371845584025, 0.44915066267053283, 0.4672669723216031, 0.5529440184002338, 0.5532691676423631, 0.3846660335548222, 0.7516679249026559, 0.5380695198476314, 0.3367295824612181, 1.628234448035558, 0.554285143867687, 0.4736494857817888, 0.49946469486863526, 0.4682137193779151, 0.45942554498712224, 0.5883869112469255, 0.4809450782421562, 0.7231509815175812, 0.411586490397652, 0.3386254350249858, 0.4166804315873246, 0.5560453213149248, 0.3964308447747127, 0.3626816230888168, 0.9282970586791635, 0.5260559232284625, 0.5189958649377028, 0.5599147956253905, 0.43137018321840853, 0.5386848001430432, 0.5616785216662619, 0.5251022823662921, 0.41217383320132894, 0.4957149780665835, 0.36557847717494674, 0.4834072398597544, 0.38041288641591864, 0.4383228759096872, 0.6435165345668793, 0.5260570726537775, 0.529076079900066, 0.515326320255796, 0.5010444648563862, 0.46904384626282586, 0.49892396809602224, 0.4249245263636112, 0.4857214462632934, 0.7394263784090678, 0.5510083379669357, 0.5133195271715522, 0.571183056384325, 0.5449712179932329, 0.5446813952064875, 0.5361479888856411, 0.5556561423600583, 0.45954081813494363, 0.5999328282972176, 0.5222327598475892, 0.47983969449996944, 0.5309397036880756, 0.556902642796437, 0.6036359804371993, 0.5799607410716514, 0.5706248286772858, 0.5440207545179874, 0.5221602538393604, 0.45783850774168966, 0.6147370209824443, 0.6603569055596987, 0.5655543693543776, 0.5977478086948395, 0.512258488391385, 0.5912616664233308, 0.5951732866466045, 0.5309934752231295, 0.6749968389670054, 0.5607917904853821, 0.5757974577446778, 0.6481272356881611, 0.6033403861673845, 0.5702149484569978, 0.5637601558909271, 0.5493356690613509, 0.6023954239984353, 0.6112131976832946, 0.6479576290895541, 0.5689915821784073, 0.6306128321836393, 0.5574343377145401, 0.583190885765685, 0.63893715372043, 0.5866444078584512]
2025-12-24 07:23:12 - feda2ls - INFO - loss data:
2025-12-24 07:23:12 - feda2ls - INFO - [0.7927365609134237, 0.7350013303756714, 0.8672067356606326, 0.9102150701083145, 0.778377782801787, 0.8243770728508631, 0.8563116246461868, 0.7040837481617928, 0.87322828537888, 0.8359765014413632, 0.7939683578231118, 0.7368706663449606, 0.8367176514739791, 0.7821328698077064, 0.9961066602556794, 0.5664472981459564, 0.8260726508994897, 0.533368000201881, 0.8752520782748858, 0.827893178955172, 0.7250926075638204, 0.6956841935714086, 0.5151136298146513, 0.9595390498976816, 0.8310577243566514, 0.6221461005508899, 0.8017224564596459, 0.809575709203879, 0.5483456539921463, 0.8839127978552943, 0.6508425499174606, 0.5320557684678098, 0.6738022537236767, 0.6358538774704492, 0.6456534680393007, 0.5710148039584358, 0.5461383244673603, 0.6217245178918043, 0.5003743917991718, 0.646586516747872, 0.6240431545423223, 0.3760397058601181, 0.4806444444302199, 0.6804682499004735, 0.574426380434522, 0.6087857744759984, 0.41688510311598126, 0.4711526666546152, 0.6882180459797382, 0.6242164411064651, 0.514462243934924, 0.7204650218683211, 0.6097873886736731, 0.6036845787117879, 0.6172701627257522, 0.4664831872948486, 0.39065280753741227, 0.44005117244228265, 0.4969578267244453, 0.5825140160242361, 0.6346765472506634, 0.35135463941842315, 0.6033361635876424, 0.48926657267592166, 0.7310554345138371, 0.6334772024993544, 0.5435443819948921, 0.3598918138071895, 1.0519811380654573, 0.4743272865811984, 0.5983532115892328, 0.4886667968912257, 0.3494835422628305, 0.5999546923364202, 0.5716622740030288, 0.4291769907580337, 0.5412917891460838, 0.44912051056144814, 0.40339260281374056, 0.524716497236301, 0.4357417597097979, 0.5730054614030653, 0.5726492971837245, 0.7196344008600271, 0.44646946223821615, 0.4771529242672302, 0.5413265855775939, 0.5917270492555367, 0.518197164301657, 0.7175994585785601, 0.4704766147459547, 0.5113358913949042, 0.4650070125857989, 0.42033564774827525, 0.3821061072250207, 0.7533410762747128, 0.47725374841441714, 0.5306300420865968, 0.42191924662801666, 0.46784646914650996, 0.4398729670792818, 0.5386542755287963, 0.35622444773713746, 0.4182618496567011, 1.0740292801388671, 0.6308043042197824, 0.303785448273023, 0.5975590149561564, 0.3881411621064851, 0.44893339765568574, 0.4681338519892759, 0.5535635940514613, 0.5552024378187277, 0.3836148937232792, 0.765697392211719, 0.5385383177300294, 0.3385349734375874, 1.6112315679589908, 0.556566081913533, 0.47503212692836916, 0.5028409901040571, 0.4677256528288126, 0.46359655285875, 0.5879568864280978, 0.4850519213963438, 0.7262613782054419, 0.41474925788740313, 0.34039137028022737, 0.42309759810998815, 0.5605546760212894, 0.40338945147783856, 0.36432723329712946, 0.9478289883583784, 0.527873501740396, 0.5274138333344901, 0.5600081757614107, 0.4378554179574604, 0.5322700176077584, 0.5662792759637039, 0.5265654461796988, 0.4201499667018652, 0.4919752301027378, 0.36901013718522857, 0.4856136524270881, 0.3829462548510896, 0.4394398191988756, 0.657629701246818, 0.5210344082061128, 0.5368219540764888, 0.511113473152121, 0.5132082484662532, 0.471221398231056, 0.5030291604223075, 0.42413857045272985, 0.4970181786765655, 0.7418601776162783, 0.5601968082153927, 0.5140118467621505, 0.5744733446926782, 0.5479647962252299, 0.5487078756093979, 0.5351898976167043, 0.5669797149041425, 0.45980110839009286, 0.6064987404754868, 0.5214998140801554, 0.49048060675462085, 0.5360523072206211, 0.5616385033975044, 0.6074894003570079, 0.5839579941083988, 0.5731721462004564, 0.5483524799346924, 0.5245108065229875, 0.4605770209183295, 0.6172650460387773, 0.6608339279062219, 0.5677974572972111, 0.6049236515329943, 0.5104763489329454, 0.5954195155279227, 0.5973972909829833, 0.5341366995690446, 0.6805477825303872, 0.5623246846099694, 0.5789389701353179, 0.6548037185293176, 0.608094493623661, 0.5759504301228908, 0.5689410855372747, 0.5539460496268289, 0.6081990148458216, 0.6151852497830987, 0.6532207895070314, 0.5734392067624463, 0.6347208259627223, 0.5614748043570541, 0.5877501681447028, 0.6457503207826188, 0.5893099625905355]
2025-12-24 08:19:11 - feda2ls - INFO - loss data:
2025-12-24 08:19:11 - feda2ls - INFO - [0.910328035056591, 0.8982681726415953, 0.9031081355508717, 0.6457878704700205, 0.8440911950035529, 0.5317621248049869, 0.7423848600437244, 0.935013722628355, 0.8322427744666736, 0.8837915611668274, 0.8072089964909286, 0.5389576890816291, 0.7011340459187825, 1.3453672835603356, 0.6164608354369799, 0.9971026878941942, 0.6314947463296078, 0.4968181485655131, 0.8350194860727359, 0.6894392567100348, 0.9575119453171889, 0.6452579762786627, 0.699165827439477, 0.7714895530293385, 0.8484418573478858, 0.7115750084320704, 0.8346006435031692, 1.0130494061857462, 0.7152843557489224, 0.6861785521109899, 0.6470893829440076, 0.3853798705049687, 0.561162423764666, 0.5324820574373007, 0.8829312017932534, 0.5822025294105212, 0.5996677258362373, 0.6139324893840407, 0.5002767130111655, 0.67393532163567, 0.6850822656932805, 0.7065091120700042, 0.5948920960072428, 0.6548728608146861, 0.7101526463404297, 0.5862712852656842, 0.6157941965555602, 0.5580571072445775, 0.7363586505806005, 0.5449539488095239, 0.47559489558140433, 0.5908060201754173, 0.6847517664233844, 0.5924510639256392, 0.7201565679907799, 0.3423292460773761, 0.6843395891327124, 0.5031529411673545, 0.4401762197104593, 0.3339818446780555, 0.37759798537008465, 0.5058693281340378, 0.7398754710952441, 0.6384523058931033, 0.4617394452293714, 0.9588837750876944, 0.6246801643197735, 0.6731990610559782, 0.4359787815467765, 0.9177758879699074, 0.5723879760232838, 0.5557848858336608, 0.4395320764354741, 0.7076197400068243, 0.48127444597582025, 0.5539578053761612, 0.508985884177188, 0.7365645451614491, 0.4733962918010851, 0.8167184131840866, 0.6121287267158428, 0.5207814942424496, 0.4592174736162027, 0.704211019910872, 0.6520511546948304, 0.5604825492948293, 0.7046360518162449, 0.5399721076091131, 0.5712719334345875, 0.9621338610847792, 0.5835675432501981, 0.48277099877595897, 0.440880241602171, 0.7846316686221237, 0.49814626574516296, 0.5217253910998504, 0.5704895588258903, 0.5632144054770469, 0.6573482881610593, 0.6219321455061435, 0.5494298770033813, 0.5477365116729881, 0.394605489709863, 0.7095229350961745, 0.6966215929637353, 0.6534958287174332, 0.717212977407105, 0.6676678457607825, 0.8776330975505213, 0.8509090612332026, 0.8532287899404765, 0.45464189598957694, 0.4449823631166384, 0.5263297652051999, 0.6223856136202812, 0.28899521492421626, 0.8311908851563931, 0.47689152727058776, 0.7158441720530391, 0.5514909102022648, 0.5024127947359249, 0.49770520794713363, 0.4412610703044467, 0.6133797445644935, 0.7354555856436491, 0.620575957703632, 0.38476087351640065, 0.5698857138305903, 0.35271170350293124, 0.6777886147857055, 0.40630844263077687, 1.3621489973213428, 0.6473110104600588, 0.5168308330078919, 0.6454802960157394, 0.41160101946443317, 0.39107363611459733, 0.7725294013818105, 1.0979482278227806, 0.5937385916709901, 0.46560847203557687, 0.35428005817035835, 0.6443669707824786, 0.5934855138146304, 0.5313421782392722, 0.7092930502932646, 0.42657731583824865, 0.8625247014065583, 0.6143414778014025, 0.4221975780713062, 0.49882811307907104, 0.6962228906269257, 0.579060738235712, 0.44851097501814363, 0.588693497578303, 0.8966782338917256, 0.6032485447824001, 0.7386505395174026, 0.6491756010110732, 0.6341762067600227, 0.4681030752758185, 0.702848566075166, 0.5552342430998882, 0.5091105920798851, 1.0937602107723554, 0.7125090484817822, 0.6884373396363419, 0.587965639116186, 0.7200090363621712, 0.6621744454527895, 0.8994123888598091, 0.8441131234169006, 0.5670341362555822, 0.4220376542458931, 0.8950929862757524, 0.7037272531263254, 0.7326402427973571, 0.6661110274183253, 0.5858377048984552, 0.5765346309695488, 0.6165236160159111, 0.5710225704091567, 0.6262273342659076, 0.562172814955314, 0.7833009970684847, 0.9612976692616939, 0.6943698073788123, 0.9061692208051682, 0.7390672306219737, 0.8113737394412359, 0.6369588737686476, 0.7916200377817812, 0.7593651394049327, 0.7333722137592056, 0.6504429471989472, 0.6263215917879823, 0.7326606094837189, 0.7571977461377779, 0.5979543112027339, 0.8017837529381115]
2025-12-24 08:22:23 - feda2ls - INFO - loss data:
2025-12-24 08:22:23 - feda2ls - INFO - [0.910328035056591, 0.8982681726415953, 0.9031081355508717, 0.6457878704700205, 0.8440911828116937, 0.5317621159194796, 0.7423889358838399, 0.9351244438439608, 0.8323842746325028, 0.8841546056075738, 0.8075690289702395, 0.5397197153108815, 0.7022414495547613, 1.346242661587894, 0.6162570354839165, 0.9982878702658194, 0.6331835665084697, 0.4983207491123014, 0.8438340150392972, 0.7013107534084055, 0.9815680359800656, 0.6535958107560873, 0.7089491025544703, 0.7800737685834368, 0.8587587520480156, 0.7184109043329954, 0.843861813377589, 1.0255552654465039, 0.7222241743252827, 0.6902872336407502, 0.6506470445543527, 0.38676943515979306, 0.5632479616751274, 0.5342966252937913, 0.8922045539133251, 0.5875403758138418, 0.6016267026464144, 0.6189886092706102, 0.5047585630478959, 0.6755400787487074, 0.6880437295056052, 0.7122031386941672, 0.6056574983522296, 0.6593140477383579, 0.717021625644217, 0.5898571766912937, 0.6184490068857982, 0.5595792967838671, 0.7487397856182522, 0.5514630362632926, 0.4770182272419334, 0.5958791024362048, 0.6895650575558345, 0.5924059681785412, 0.7292350271344186, 0.34401715589532006, 0.6863027740441836, 0.5061364252120256, 0.44255050402134655, 0.3364424366154708, 0.3803766622984161, 0.5067910574100636, 0.7368028864264489, 0.6419083843628566, 0.46278470108906433, 0.970716327490906, 0.6254087159410119, 0.6719417040546736, 0.4332427755060295, 0.9181451628935504, 0.5721595524928786, 0.5606437254697084, 0.4334294922882691, 0.7060036633163691, 0.4799997121095657, 0.5516836833912175, 0.5090662527829408, 0.7442852581922824, 0.4550131141052892, 0.8271901982525984, 0.6076671563337247, 0.5224729344248772, 0.45331222675740723, 0.7262132173881699, 0.6497170472207169, 0.5624367367476224, 0.6842287506287297, 0.5402166817337275, 0.5711221810543177, 0.9588398632903894, 0.5836205325555057, 0.48224286884069445, 0.4402345593360669, 0.8053435048666493, 0.49454455436630684, 0.5232287277777989, 0.5738756374766429, 0.566121559937795, 0.6388136180738608, 0.6287887227535247, 0.5461643347321274, 0.5519038544911327, 0.3974004764937692, 0.7230402634665369, 0.6762926377356052, 0.6456306016650692, 0.7014227706487431, 0.6955398127436638, 0.832248438661918, 0.8755895348886649, 0.8543513913949331, 0.4555828939709399, 0.4407850106193245, 0.5285629903009305, 0.6201453164219857, 0.28784960551808275, 0.8202864408493042, 0.4727502341382206, 0.6848891724545796, 0.5567188130319118, 0.5006027211600653, 0.5038111908149652, 0.43621864350581613, 0.6171045302102963, 0.7189220177009702, 0.6221101329876826, 0.384137774258852, 0.5790704909712077, 0.35219774189978265, 0.685135274723001, 0.4046966183987079, 1.3996821428147648, 0.6233082619806131, 0.5257514737236003, 0.6441904716193676, 0.40829144627787173, 0.3867227432876825, 0.780566493839477, 1.0605963557958602, 0.6021150626242161, 0.4663869611298045, 0.35549368949917454, 0.634298387169838, 0.6099389600947083, 0.5233303822691624, 0.7200147455022938, 0.4271727152030777, 0.8615960796674093, 0.6090874184543887, 0.4272187474338959, 0.4932749273876349, 0.7131329420094307, 0.581056851297617, 0.45253764711546174, 0.5814008249113193, 0.8880063963433107, 0.585091129442056, 0.760326003531615, 0.6332637402056543, 0.636272645604679, 0.4673161331564188, 0.7131113062302272, 0.5459973716487487, 0.5090587590341316, 1.079496581107378, 0.7147967395683129, 0.684211545085418, 0.5951135899194262, 0.710057092209657, 0.667641538536797, 0.8895234465256505, 0.8231728337705135, 0.5732938746611278, 0.4229479347666104, 0.883360103269418, 0.6870373771560413, 0.7299819434130633, 0.6758581409230828, 0.5892147317910805, 0.5792054745822381, 0.6217030356327693, 0.5725747101284839, 0.62751953403155, 0.5604594913621743, 0.7818906764189402, 0.9625220492482185, 0.6985478304732929, 0.8982248033086458, 0.7419178187847137, 0.8112377482155959, 0.6253836765885353, 0.7845920777012562, 0.7558499669035276, 0.7380103499148831, 0.6481665750344594, 0.6334210034502649, 0.7306983657181263, 0.7573790922760963, 0.5974833792027754, 0.8053223182757696]
2025-12-24 08:22:30 - feda2ls - INFO - loss data:
2025-12-24 08:22:30 - feda2ls - INFO - [0.910328035056591, 0.8982681726415953, 0.9031081355508717, 0.6457878704700205, 0.8440911828116937, 0.5317621159194796, 0.7423889358838399, 0.9351244438439608, 0.8323842746325028, 0.8841546056075738, 0.8075690289702395, 0.5397197153108815, 0.7022414495547613, 1.346242661587894, 0.6162570354839165, 0.9982878702658194, 0.6331835665084697, 0.4983207491123014, 0.8438340150392972, 0.7013107534084055, 0.9815680359800656, 0.6535958107560873, 0.7089491025544703, 0.7800737685834368, 0.8587587520480156, 0.7184109043329954, 0.843861813377589, 1.0255552654465039, 0.7222241743252827, 0.6902872336407502, 0.6506470445543527, 0.38676943515979306, 0.5632479616751274, 0.5342966252937913, 0.8922045539133251, 0.5875403758138418, 0.6016267026464144, 0.6189886092706102, 0.5047585630478959, 0.6755400787487074, 0.6880437295056052, 0.7121850504229466, 0.606009379029274, 0.6567653616545377, 0.7176314453439165, 0.5891769667466481, 0.6180902519263327, 0.5580933533282794, 0.7438222904586129, 0.5473907971409736, 0.47647726895908515, 0.5936575353145599, 0.6886059179902076, 0.5924755704135467, 0.7299058812856674, 0.34329113270311307, 0.6850371678746663, 0.5040935518530508, 0.44126904235842324, 0.3342147762615544, 0.3793762734625489, 0.5055739296669209, 0.7320035395522912, 0.6363252441088358, 0.4610776989410321, 0.9673232664664586, 0.6226588837988675, 0.666223713879784, 0.4313121672905982, 0.9122499599010794, 0.5727170377156952, 0.5586843556414047, 0.433066949659648, 0.7075532091160616, 0.48059089419742423, 0.5534989525388171, 0.5081361909086506, 0.7444243415043904, 0.44650709186680615, 0.8274341064194839, 0.607423488770922, 0.5204198800027371, 0.4494810324162245, 0.7380555440218021, 0.6494207897689194, 0.5653278086334467, 0.6847132702668508, 0.5421417421350876, 0.5704931245834539, 0.9709673312803109, 0.585959636590754, 0.48549231638511026, 0.4405819373550238, 0.8105869867421429, 0.4919004634022713, 0.5219673025111358, 0.5727409900476534, 0.5658124422530333, 0.6340482339883844, 0.6336299366752307, 0.5483132881874389, 0.5505436319970723, 0.39558362856645274, 0.7292855409439654, 0.6666604527582725, 0.6585184969650261, 0.7087478268665798, 0.6944824249794086, 0.8271174245669196, 0.882512350877126, 0.8574602988859018, 0.45661313873198295, 0.4418565218647321, 0.5270626897995289, 0.6190292430420716, 0.29217507331632075, 0.8143328502774239, 0.47564192103842895, 0.6943629889104228, 0.5522865197559198, 0.49858391160436905, 0.5042739032386718, 0.43568565478479426, 0.6149383959670862, 0.7088052434225878, 0.6206314282921644, 0.38218228469292326, 0.5807636109739542, 0.35278756435936653, 0.6842463890240453, 0.40325093763231323, 1.3832303129518642, 0.6131253687043985, 0.5204834902038177, 0.6441222666452329, 0.41026824042201043, 0.3873525428771973, 0.7762391672780117, 1.050729351490736, 0.5963693290948868, 0.47030623083313305, 0.35292363581247627, 0.6345567097266516, 0.6079169407782805, 0.5210530825990897, 0.713746974154793, 0.4252478812165834, 0.8484766066074372, 0.6077497775976857, 0.42681817468255756, 0.49553689621388913, 0.7103156257707339, 0.5786733961602052, 0.45155456777887815, 0.5791953955514308, 0.8863538404305776, 0.5789711388448875, 0.7635339111089706, 0.6323574908353664, 0.6318935803383932, 0.4662321800986926, 0.7055211491882801, 0.5467627931386232, 0.5049871383968628, 1.0708335156242053, 0.7085375970850388, 0.6774713742585543, 0.5944233645882571, 0.7035819907983144, 0.664899191694955, 0.8771010235979639, 0.815186121314764, 0.569428559889396, 0.4227029211819172, 0.8703921178976695, 0.6828672055430987, 0.7308954438677541, 0.6687880856916308, 0.5829708764759394, 0.5752342793421867, 0.6049540542066097, 0.5661394176659761, 0.6238982667525609, 0.5565710561970869, 0.7757878325879574, 0.9505141191184521, 0.6926096788590604, 0.88322605813543, 0.7337621512512367, 0.7996598447362582, 0.6136309588948885, 0.7774097510966762, 0.7537206885715326, 0.7343494016112704, 0.6387569084763527, 0.630489315889005, 0.7225247576832772, 0.7566721044480801, 0.5907686231036982, 0.7962512721618016]
2025-12-24 08:25:48 - feda2ls - INFO - loss data:
2025-12-24 08:25:48 - feda2ls - INFO - [0.910328035056591, 0.8982681726415953, 0.9031081355508717, 0.6457878704700205, 0.8440911828116937, 0.5317621159194796, 0.7423889358838399, 0.9351244438439608, 0.8323842746325028, 0.8841546056075738, 0.8075690289702395, 0.5397197153108815, 0.7022414495547613, 1.346242661587894, 0.6162570354839165, 0.9982878702658194, 0.6331835665084697, 0.4983207491123014, 0.8438340150392972, 0.7013107534084055, 0.9815680359800656, 0.6530926117052634, 0.7077479492872953, 0.7792459498470028, 0.8588509211937587, 0.7185182478278875, 0.843267230099688, 1.0221723824739457, 0.7205118779952709, 0.6892102378110091, 0.6493093411748607, 0.3860137793890856, 0.5613351883739233, 0.5331216401730975, 0.8861140425503253, 0.5836355513737848, 0.6006015145530303, 0.6140852658607965, 0.5016048278970022, 0.6733398303527522, 0.6818077358658667, 0.706098057453831, 0.5966245932504535, 0.6560139743128308, 0.7103134040255099, 0.585779844224453, 0.6135962559121915, 0.5567671774387961, 0.7439692172877215, 0.5430465625357572, 0.4760758889839053, 0.5905096816519897, 0.6832267331580322, 0.5886604431825571, 0.7188940650224686, 0.34140574333723633, 0.6798977845677963, 0.49654399647066993, 0.43853899075960123, 0.3324957906268537, 0.37705058979724226, 0.502045412444406, 0.7297853144506614, 0.6305735632777214, 0.45887493975460525, 0.956481778435409, 0.6129785681826373, 0.6626485044757525, 0.42496855432167646, 0.8948405569718851, 0.5633160902830687, 0.5528848797082901, 0.4289228691758278, 0.6998907548685869, 0.4755201892306407, 0.5450302811039911, 0.5044104517127077, 0.7262714384840085, 0.43973506249797845, 0.8207578087846439, 0.5950093160569668, 0.5158723204396665, 0.43963889734198647, 0.7025452722819188, 0.6394011179916561, 0.5561982817947865, 0.6827208352585634, 0.532142344241341, 0.559343539991162, 0.9437032081186771, 0.5782119048138459, 0.4748911062876383, 0.4365694443469713, 0.8013871051371098, 0.48567950786514713, 0.514420539389054, 0.5621529428909222, 0.5535716209808985, 0.6412902946894368, 0.6133951523403327, 0.5385499681782472, 0.5382845172602119, 0.38826210171812114, 0.6978189811762423, 0.6714623334507148, 0.6636827058190929, 0.6910645862194624, 0.699839115763704, 0.8573917123644303, 0.8404616571962834, 0.8310770820826292, 0.4491975823831227, 0.4363030567294222, 0.5150378639766804, 0.6105032578110694, 0.28559190179221333, 0.7906338946521283, 0.4689104109692077, 0.6981441128927355, 0.5351871646444003, 0.4898474522587159, 0.4818689268590375, 0.4350551377154059, 0.6149414086093505, 0.6922022371863326, 0.6096781744927793, 0.37533711393674213, 0.5649790726353725, 0.3486655950020903, 0.6671133829173685, 0.3959354420164318, 1.3315226865311462, 0.618730919311444, 0.5003546707332134, 0.6327073284735283, 0.39650771375745536, 0.3757044131308794, 0.748576784935413, 1.0587125845253467, 0.582690883676211, 0.4528850773970286, 0.3436552219868948, 0.6299057780454556, 0.5867783621339185, 0.5097703978419303, 0.6950502492059236, 0.4216953150376126, 0.8218601147333782, 0.6024882460633914, 0.4162328251016637, 0.4886877130717039, 0.6830617103248071, 0.5676989172399044, 0.4350673931679039, 0.5802073950186754, 0.8656233854591846, 0.5564103146394094, 0.7184437123437722, 0.6380353880425295, 0.6198267081174358, 0.4638608048359553, 0.672030786673228, 0.5454171930750211, 0.4865983172460939, 1.0773556023836135, 0.6822012290358543, 0.6717274137530087, 0.5816274918615818, 0.6745827284952004, 0.6504421573132276, 0.8681541722738879, 0.8220860693603754, 0.5500994957983494, 0.41038932241499426, 0.8624597360690436, 0.6800079736720632, 0.7233121714106312, 0.6489131602458655, 0.5703895732378348, 0.5570012063743213, 0.5834949587782223, 0.5350767353342639, 0.614408028870821, 0.5451098285615443, 0.7638470756510893, 0.9237223386764526, 0.6756500425663862, 0.8543540003399054, 0.7008902966976166, 0.7760227096577486, 0.5998801531891028, 0.7569493902140649, 0.7420340696970622, 0.7126713303002444, 0.6117038657267888, 0.6140582073437071, 0.6959598295390605, 0.744788126150767, 0.578579230262683, 0.7742163995901743]
2025-12-24 08:26:02 - feda2ls - INFO - loss data:
2025-12-24 08:26:02 - feda2ls - INFO - [0.910328035056591, 0.8982681726415953, 0.9031081355508717, 0.6457878704700205, 0.8440911828116937, 0.5317621159194796, 0.7423889358838399, 0.9351244438439608, 0.8323842746325028, 0.8841546056075738, 0.8075690289702395, 0.5397197153108815, 0.7022414495547613, 1.346242661587894, 0.6162570354839165, 0.9982878702658194, 0.6331835665084697, 0.4983207491123014, 0.8438340150392972, 0.7013107534084055, 0.9815680359800656, 0.6530926117052634, 0.7077479492872953, 0.7792459498470028, 0.8588509211937587, 0.7185182478278875, 0.843267230099688, 1.0221723824739457, 0.7205118779952709, 0.6892102378110091, 0.6493093411748607, 0.3860137793890856, 0.5613351883739233, 0.5331216401730975, 0.8861140425503253, 0.5836355513737848, 0.6006015145530303, 0.6140852658607965, 0.5016048278970022, 0.6733398303527522, 0.6818077358658667, 0.7088712720821302, 0.596609772183001, 0.6588074157497397, 0.711791066856434, 0.58602922745049, 0.6133301751053131, 0.5585519509258294, 0.741025272687828, 0.5510398807107575, 0.4763702007010579, 0.5949524798740944, 0.688385130961736, 0.5882875805195326, 0.7201077792048454, 0.34302591286444417, 0.6779296782154303, 0.496096865584453, 0.43855506886417667, 0.3352136994867275, 0.3777504385759433, 0.5044326462403491, 0.7322245687246323, 0.6364522454639276, 0.46038332867125675, 0.9735545618459582, 0.6130798589686552, 0.6665862560272217, 0.43036271968546014, 0.9051043444632233, 0.5659725029902025, 0.5582863974074522, 0.43316147148919604, 0.7055344667285681, 0.4798407177130381, 0.5497960389650368, 0.5080916900808613, 0.7412732281937049, 0.4441778343170881, 0.8302228922645252, 0.6016264219830434, 0.5174189833303293, 0.4464133576800426, 0.7106629776601225, 0.6507958324470868, 0.5598372206091881, 0.694416296792527, 0.5373878354827564, 0.5658664007304293, 0.9553924170633157, 0.585216792859137, 0.4777944914996624, 0.43904521331148605, 0.8023044586438557, 0.487780802290548, 0.518037890146176, 0.5678524992118279, 0.5586208188533783, 0.6408819304779172, 0.6192919700344404, 0.5420712849216445, 0.542893764624993, 0.38970660303063964, 0.6989686994627118, 0.6800030851115784, 0.6572488066579761, 0.6890578795224428, 0.7034199370692173, 0.8388417580785851, 0.8447695714732011, 0.8362590429683526, 0.45098946657445693, 0.43645153126797115, 0.5186991379008843, 0.6126732488473257, 0.28469101653123896, 0.792720105201006, 0.4676625247191017, 0.6878907352041166, 0.5391661664346854, 0.49306143037678396, 0.4865138397171077, 0.4354115116927359, 0.6154403259356817, 0.7054066504662235, 0.6235103366987689, 0.3759854421019554, 0.5676869667321444, 0.34904120304287434, 0.6800490602893734, 0.3954768839659113, 1.3586363285970995, 0.6188926850756009, 0.5077241261489689, 0.6389072438081105, 0.4032549020368606, 0.37586968623101713, 0.7591858580482729, 1.0740574419498443, 0.6011848079661528, 0.45343011294802027, 0.34932236615568396, 0.6254000958055257, 0.6028861378516013, 0.5098184720827983, 0.7112986870110035, 0.42733122219366054, 0.8310121824343999, 0.6054541214679678, 0.41850884997596344, 0.4856170603384574, 0.7013920302383411, 0.5734408357242744, 0.44111134775660255, 0.5778183890076785, 0.876332909365495, 0.5668284413715203, 0.7273880908886592, 0.6311642671072925, 0.6285332754511258, 0.46559257606665294, 0.6917036977907022, 0.5349638676891725, 0.4933396917175163, 1.081920916835467, 0.6925360305855671, 0.6808803591654093, 0.5832048602966649, 0.6766212319334348, 0.6594012112356722, 0.8720874384730712, 0.8370924077928066, 0.5568696891268095, 0.4135694169749816, 0.8665572802225748, 0.6798600274103659, 0.7163062150555628, 0.6570873436518013, 0.5770190626573868, 0.5614352003695109, 0.5931161460777123, 0.5499937510876745, 0.6136013098061085, 0.5489861910541852, 0.7707917518913746, 0.9377961851656437, 0.6847138669545001, 0.8733148413399855, 0.7088978511591753, 0.7936585351824761, 0.6081636669735113, 0.7653994566921529, 0.7448907737930617, 0.7189604747927549, 0.6182982665797074, 0.620012212065102, 0.7112220413982868, 0.7510825100044409, 0.5838476532735886, 0.7791724160313607]
