2025-12-24 00:45:05 - feda2ls - INFO - loss data:
2025-12-24 00:45:05 - feda2ls - INFO - [0.6309060352854431, 0.629725757572386, 0.5969966590404511, 0.5047772485348914, 0.6030051589012146, 0.5717260368168354, 0.5315778320655227, 0.8245180381668938, 0.779044213052839, 0.5808316685259343, 0.5662979401648045, 0.5664853028953075, 0.5827249470684264, 0.6178662214428187, 0.5995378568768501, 0.3660017352551222, 0.6044722013175488, 0.4806765793822706, 0.5017160484567285, 0.5520271956920624, 0.5058567076921463, 0.41840353459119795, 0.6186473661412795, 0.5179240969785799, 0.6707687094807625, 0.5552443034946919, 0.5187299656681716, 0.5926813390105963, 0.5362515609918369, 0.4131312104873359, 0.4317583102500066, 0.39558265283703803, 0.6173865859293275, 0.4453463080339134, 0.5238031432032585, 0.509031294286251, 0.6089728102087975, 0.5468457400798797, 0.42939631456716193, 0.4797118918763267, 0.3977482854388654, 0.4911603991770082, 0.5117820585146546, 0.5324669524199432, 0.4302435501012951, 0.461940074339509, 0.4533514644950628, 0.4403824761509895, 0.5703539922833443, 0.3881027366966009, 0.464449729397893, 0.31272836234420537, 0.4151136353611946, 0.5675547522389226, 0.525932883636819, 0.33601296311826445, 0.4253616131738656, 0.41702273711562154, 0.5825099451467395, 0.41273075370118023, 0.4945496469736099, 0.3467402569949627, 0.39635361681381864, 0.42513727126643064, 0.3358427688479424, 0.5104987103492021, 0.41853124322369695, 0.4386111605912447, 0.42558169472548696, 0.3396169789135456, 0.4038670614361763, 0.32862881475852596, 0.5201473659835756, 0.4383740499615669, 0.5848368139316639, 0.3890922248363495, 0.41641842406243085, 0.49459765404462813, 0.36248125715646895, 0.3586201298981905, 0.4991579558700323, 0.3645112474448979, 0.619210984557867, 0.37400171013238526, 0.3984319700859487, 0.5944804083555937, 0.503135365433991, 0.36555843651294706, 0.3611619137744937, 0.3693432895880606, 0.40938653945922854, 0.34828069321811195, 0.4882193602621555, 0.5351378140039742, 0.42974706226959825, 0.49731261655688286, 0.3573564328253269, 0.5185407582903281, 0.4786445386707783, 0.5083199571818113, 0.3340438573310772, 0.3414770466585954, 0.33676699325442316, 0.26887565783949363, 0.31841546706855295, 0.3524256069213152, 0.31878052167594434, 0.24474945217370986, 0.2943344619125128, 0.25503087118268014, 0.3480731065178083, 0.47589484676718713, 0.3822893463075161, 0.3282419927418232, 0.2932701148092747, 0.3737594336271286, 0.4152759451244492, 0.7700659491121769, 0.4843684874475002, 0.30841149182783234, 0.26990484404895043, 0.26150478724804194, 0.30042280023917556, 0.32448318134993315, 0.4927645236253738, 0.34793007345870136, 0.3753040788695216, 0.26916351831621593, 0.3020279305492295, 0.3027678548998665, 0.4396866364404559, 0.529860083013773, 0.3099999478707711, 0.41632196009159084, 0.5125838462263346, 0.37468203734606503, 0.43395615089684725, 0.3278817106038332, 0.42292367964982985, 0.3797294175252318, 0.2276271775364876, 0.3909538546577096, 0.36399482376873493, 0.29944603336043657, 0.3539901625365019, 0.27835286483168603, 0.503762190231555, 0.3629172177364429, 0.42667885636910796, 0.29911104808561506, 0.3402417166624218, 0.3057373574469239, 0.3425260934150881, 0.3937772682557503, 0.4289281476289034, 0.3610924184322357, 0.28447055423425305, 0.431976118683815, 0.45689860358834267, 0.3322137938812375, 0.30745539454122384, 0.31876631993800403, 0.2944635830819607, 0.428209326043725, 0.35328603237867356, 0.3688965681940317, 0.36382268397137524, 0.35112338261678816, 0.3797093774709437, 0.3149871868805753, 0.414672183804214, 0.32644372563809154, 0.3052799606488811, 0.31055094922582305, 0.5696682677371427, 0.3513900563120842, 0.45301220193505287, 0.3777685845270753, 0.41124976985156536, 0.36376597387716175, 0.4681405033916235, 0.2791691776365042, 0.3756121188402176, 0.3978711921721697, 0.522863219678402, 0.46261646831408143, 0.36647311397828164, 0.35665315538644793, 0.4564150501042604, 0.5526781845837831, 0.3382643207907677, 0.3452387820929289, 0.2949271831661463, 0.37172915786504745, 0.44565652683377266, 0.4360333777964115, 0.33584016039967535, 0.4013390403240919, 0.3329448323696852, 0.38692266792058944]
2025-12-24 00:59:12 - feda2ls - INFO - loss data:
2025-12-24 00:59:12 - feda2ls - INFO - [0.6309060352854431, 0.629725757572386, 0.5969966590404511, 0.5047772485348914, 0.6030051589012146, 0.5717260368168354, 0.5315778320655227, 0.8245180381668938, 0.779044213052839, 0.5808316685259343, 0.5662979401648045, 0.5664853028953075, 0.5827249470684264, 0.6178662214428187, 0.5995378568768501, 0.3660017352551222, 0.6044722013175488, 0.4806765793822706, 0.5017160484567285, 0.5520271956920624, 0.5058567076921463, 0.4183323886245489, 0.6190900255201591, 0.5167165910049032, 0.6746639929711818, 0.5575038626790046, 0.5176861235871911, 0.5921968566253781, 0.530295875026948, 0.40881104990839956, 0.4299583009444177, 0.37941174283623696, 0.6062231927903162, 0.447540664114058, 0.5300916768610477, 0.4983511332422495, 0.6098719518631697, 0.5478546753525734, 0.4188102440080709, 0.478531146215068, 0.3844008518382907, 0.4631218938674364, 0.4905596232041717, 0.5004953176611, 0.40404331078752875, 0.43865660466253753, 0.42552047930657866, 0.41562905146016016, 0.5235470061500868, 0.3788828045129776, 0.44366615600883963, 0.2952275348827243, 0.3879803605377674, 0.5433582932584815, 0.48594502690765595, 0.30645047520738444, 0.39563590727953446, 0.40803768783807753, 0.5497406264767051, 0.3874566527665593, 0.4422126542776823, 0.3183827318251133, 0.37381031964388156, 0.43486435173545035, 0.3271931208670139, 0.4570279337465763, 0.3909486073276235, 0.4175387941300869, 0.39478952570094, 0.33103352449834345, 0.39467554092407225, 0.2989930229054557, 0.46657851664349437, 0.3964112864807248, 0.5249827953262461, 0.360633865557611, 0.40618820283561946, 0.4629139591008425, 0.3505783927161247, 0.3239077363163233, 0.4495912967249751, 0.3707062639761716, 0.5473007280379534, 0.37488372473874026, 0.38297910504043103, 0.6188454022631049, 0.5296699861064553, 0.3638638918288052, 0.34752712196980917, 0.34486791065169703, 0.38366379030048847, 0.3355454754084349, 0.4473374390974641, 0.4862721933983266, 0.3757017841562629, 0.46395167894661427, 0.3627714550122619, 0.4150049334857613, 0.48688411228358747, 0.48080372251570225, 0.30264802215, 0.31295726435879867, 0.3226202149875462, 0.24319882384604877, 0.339342775195837, 0.324870228767395, 0.30360130202025176, 0.2348030224442482, 0.2932808827608824, 0.24895393066108226, 0.3106552287418809, 0.4728986699134111, 0.3648001492023468, 0.3163345780223608, 0.30914419144392014, 0.41492627643876606, 0.38224782634642906, 0.7543199028819799, 0.4646327517926693, 0.26411394795609844, 0.24800749557713667, 0.2500223444153865, 0.273239036439918, 0.32379870174918324, 0.4472831919789314, 0.32487175799906254, 0.35387139171361925, 0.24503154762917095, 0.2597627589428157, 0.27398873628117143, 0.4105526697821915, 0.5937294661998749, 0.29094509246448674, 0.3940014604479074, 0.448754146695137, 0.3588847376406193, 0.33957175398245454, 0.3186593521386385, 0.3869864035397768, 0.36249157618731265, 0.2040058858692646, 0.41895765252411366, 0.34597125872969625, 0.2985705609666184, 0.3316862918436527, 0.26397093906998637, 0.4746530427178186, 0.2933827206078503, 0.3716773909982294, 0.28242350397631527, 0.3179279782809317, 0.2778520213454613, 0.3135457545932796, 0.3679808832705021, 0.3998464230448008, 0.3727472275495529, 0.26790546654827063, 0.3852395907044411, 0.3999985188245773, 0.3071075174957514, 0.2746180967117349, 0.34077331852167847, 0.27916080728173254, 0.4183366707526147, 0.31287968792021276, 0.361238744109869, 0.3293191531440243, 0.3297827737405896, 0.3419349770165152, 0.30547447784079446, 0.3886282476596534, 0.3318812480196357, 0.2827991479386886, 0.2870967567380932, 0.44872472444549205, 0.33204895816743374, 0.3949639252904389, 0.3861839729361236, 0.3621043324884441, 0.3458159532397985, 0.44531333073973656, 0.2558125723153353, 0.3549908697605133, 0.3751000313088298, 0.4980565279722214, 0.4118337780237198, 0.35074535505846144, 0.3310866627842188, 0.4162857338786125, 0.5221210857853293, 0.31708782762289045, 0.3143332749605179, 0.27169507145881655, 0.38623473793268204, 0.4193480107933283, 0.4133122108876705, 0.33118423335254193, 0.38472966738045217, 0.31560973078012466, 0.37559420755133033]
2025-12-24 01:02:09 - feda2ls - INFO - loss data:
2025-12-24 01:02:09 - feda2ls - INFO - [0.6309060352854431, 0.629725757572386, 0.5969966590404511, 0.5047772485348914, 0.6030051589012146, 0.5717260368168354, 0.5315778320655227, 0.8245180381668938, 0.779044213052839, 0.5808316685259343, 0.5662979401648045, 0.5664853028953075, 0.5827249470684264, 0.6178662214428187, 0.5995378568768501, 0.36600233241915703, 0.6045546414330601, 0.4810798426158726, 0.5015988009981811, 0.5522958923131227, 0.5060611948370933, 0.41895699463784697, 0.6202654787856672, 0.5176276648675816, 0.6740866057574749, 0.555762930214405, 0.5190144284628332, 0.5865189405158162, 0.5316360036118163, 0.4116899898275733, 0.42946475655771793, 0.3821673024445772, 0.6080386387184262, 0.44883046820759775, 0.5278347633779049, 0.5030203107744455, 0.6133941747248173, 0.5543545491993427, 0.42400904324733546, 0.4691934684912364, 0.3869682398624718, 0.4749689320516255, 0.4898454574868083, 0.50679049740235, 0.4078721303958446, 0.44147732108831406, 0.427499458193779, 0.42104501401384675, 0.5304249847928683, 0.38203137256205083, 0.4448339454829693, 0.29981211833655835, 0.3939800402149558, 0.5429872578630844, 0.48236312634415096, 0.31139238821924664, 0.39669961016625166, 0.3963386662304401, 0.5503385188058019, 0.3894088590168394, 0.4400050463154912, 0.3219293627887964, 0.3745773535221815, 0.4450042138108984, 0.33199288304895164, 0.4588194891810417, 0.3919545692495174, 0.4222989328205585, 0.4045737195346091, 0.33605075627565384, 0.3917464666068554, 0.3091159619804886, 0.48028414137661457, 0.4285571824759245, 0.5331529985285468, 0.37464669393375516, 0.4145888313651085, 0.4704161547124386, 0.36311530622188004, 0.3480826862156391, 0.5003588870167732, 0.3792619195766747, 0.5639966428279877, 0.3848483246337209, 0.3995235781185329, 0.6048282282426953, 0.5076498249545693, 0.37646901682019235, 0.3634424097318616, 0.3536531299766567, 0.3992863602936268, 0.3481551107019186, 0.4681330658495426, 0.5007423191331327, 0.37708856468088925, 0.45592236891388893, 0.3734469756484032, 0.43829298904165626, 0.5010134037584066, 0.5048852246254683, 0.3162980429828167, 0.32297120466828344, 0.32571414606645704, 0.2502458476771911, 0.3361077904701233, 0.3348906056955457, 0.3157458018511534, 0.2403240969404578, 0.2945077046751976, 0.24842764306813478, 0.3180236119466523, 0.470869205519557, 0.3674485445022583, 0.31967153772711754, 0.3044324014335871, 0.3988806013431814, 0.3827910644176882, 0.7706914030015468, 0.46855868175625803, 0.2746476779381434, 0.2479838819967376, 0.25478344423075516, 0.2819358801934868, 0.3355096329469234, 0.45689546763896943, 0.33617853131145237, 0.3629231547936797, 0.2572672867940532, 0.285857686966483, 0.2832063804846257, 0.4157343050464988, 0.6187838315963745, 0.29570308766431275, 0.40595735386013987, 0.454934811219573, 0.39281152598559854, 0.3682037745602429, 0.3240850414149463, 0.4168481945991516, 0.3702382313087582, 0.21099488902837038, 0.41942536644637585, 0.3704052522778511, 0.3060141263529658, 0.3374413900077343, 0.2711528852581978, 0.48832972934951613, 0.30487536928719944, 0.3839357050601393, 0.2881222363328561, 0.3309021944180131, 0.2865217608574312, 0.32362616881728173, 0.3757578058789174, 0.40321039929986, 0.3565970826894045, 0.27071917355060576, 0.40158222764730456, 0.4075655732303858, 0.31346749095246196, 0.2833845174974865, 0.30793419294059277, 0.2824278861284256, 0.42247893223538996, 0.3375927146524191, 0.37048979848623276, 0.3328023948241025, 0.3266282008029521, 0.3465817938248317, 0.3098662639243735, 0.4041767658200115, 0.33625706322491167, 0.28924161497917444, 0.29173274590737286, 0.4819886698154733, 0.33301461953669786, 0.40692964465253884, 0.4112061941996217, 0.37958751867214835, 0.3518929289653897, 0.48775105830281973, 0.2556876947896348, 0.36213625632226465, 0.38343325452879073, 0.5213287310674787, 0.4341471241787076, 0.3568468214944005, 0.3397406008094549, 0.4606545280665159, 0.530801622197032, 0.32866572886705403, 0.3234098680317402, 0.2805435448884964, 0.38934216648340225, 0.43122472800314426, 0.4172697626054287, 0.3339428957551718, 0.3941822396591306, 0.31944878436625, 0.3931420538574457]
2025-12-24 01:12:03 - feda2ls - INFO - loss data:
2025-12-24 01:12:03 - feda2ls - INFO - [0.3993634127080441, 0.7036297377198935, 0.464668782800436, 0.9460672259330749, 0.754334419965744, 0.6298122264444828, 0.9629513174295425, 0.2943081079050899, 0.6417443808168173, 0.5579878218472004, 0.421526987478137, 0.6210778266191482, 0.38257540930062534, 0.5454863496124744, 0.7417583927512169, 0.4487016106024384, 0.5395347829908133, 0.6008427292108536, 0.5460264831781387, 0.4843635680153966, 0.24065184937790035, 0.7810421660542488, 0.5640127945691347, 0.38528503142297266, 0.3185404993593693, 1.0140990391373634, 0.39111630003899334, 0.9568007059395314, 0.5626876227557659, 0.44402519166469573, 0.2292015278711915, 0.37796596623957157, 0.5520208224654197, 0.46403879560530187, 0.8886217482388019, 0.37483126427978275, 0.5200576793402434, 0.4631414592266083, 0.3970537129789591, 0.36296771094202995, 0.3576298534870148, 0.28998108506202697, 0.5602962300181389, 0.5112254790961742, 0.4253463573753834, 0.3882503386586904, 0.5073936708271504, 0.35337843410670755, 0.558994310349226, 0.4044125963002443, 0.4129533521831036, 0.3263870067894459, 0.4031389247626066, 0.626362069696188, 0.485688822157681, 0.3032904265448451, 0.3046581409871578, 0.15919988485984504, 0.15755672235973178, 0.8168928831815719, 0.3794905960559845, 0.4259528674185276, 0.25061098765581846, 0.22962689232081174, 0.5391348704695702, 0.7780868865549564, 0.4629021231085062, 0.903829301148653, 0.2636010837275535, 0.32445318372920157, 0.41750129088759425, 0.3425782885402441, 0.29238784350454805, 0.3258594749495387, 0.4022845387458801, 0.4816637566313148, 0.25872200904414056, 0.5095087002962828, 0.2474788160994649, 0.33017316665500407, 0.60135454274714, 0.6518751841038466, 0.38151344731450076, 0.39762133471667765, 0.380330416560173, 0.3713522367179394, 0.3984657181426883, 1.0059925600886346, 0.3189339588396251, 0.7424524005036801, 0.27578838467597966, 0.5393424067646265, 0.3739351138472557, 0.5700468193739653, 0.365978616848588, 0.7793009132146835, 0.32702259719371796, 0.36595121398568153, 0.5616569202393293, 0.41389968395233157, 0.357779785990715, 0.32515892051160333, 0.24219837570562958, 0.3055291000753641, 0.7125642791390419, 0.40733483657240865, 0.38280249312520026, 0.4732383517548442, 0.4060085153207183, 0.567145586013794, 0.31504353350028397, 0.3736490800976753, 0.33208548165857793, 0.5720057915896177, 0.3704038515686989, 0.34540013074874876, 0.2874984318390489, 0.4588085656054318, 0.3155357051640749, 0.22835836932063103, 0.38316178396344186, 0.421566129475832, 0.5471924595534802, 0.41164068803191184, 0.41948995739221573, 0.3165822878479958, 0.6701016280800104, 0.2966191232204437, 0.3182648565620184, 0.2760973947122693, 0.45205093175172806, 0.3291635222733021, 0.19483128720894455, 0.12783904923126102, 0.31543427240103483, 0.2894202901981771, 0.198836724832654, 0.7945462318137287, 0.48449426516890526, 0.4365665722638369, 0.3428965538740158, 0.3244509730488062, 0.40593293625861404, 0.3447014607489109, 0.39917858205735685, 0.47854287549853325, 0.29661703296005726, 0.3491949334740639, 0.44499724358320236, 0.3216936346143484, 0.3441966278478503, 0.5072781853377819, 0.33354857936501503, 0.2980069600045681, 0.20847505759447812, 0.5571310371160507, 0.3607585821300745, 0.1701795130968094, 0.3510078703984618, 0.23035696875303985, 0.2676682312041521, 0.24195078536868095, 0.21506882328540086, 0.3359338488429785, 0.7888893425464629, 0.246405616030097, 0.38037758581340314, 0.3988674595952034, 0.3519358057528734, 0.3069296360015869, 0.22910588197410106, 0.3817213736474514, 0.39123762976378207, 0.41754844300448896, 0.20897461362183095, 0.23388435859233142, 0.7736999288201332, 0.43268613182008264, 0.33945108279585834, 0.4036255232989788, 0.4530380805954337, 0.5076342245563865, 0.2150596199557185, 0.8012655735015869, 0.5726518236100674, 0.4229527823626995, 0.484568652510643, 0.41121962387114763, 0.32928451150655746, 0.6599828027188778, 0.24040391203016043, 0.34716131947934625, 0.4839709646999836, 0.4819755762815475, 0.2817036729305983, 0.22486781030893327, 0.5725395247340203, 0.4642849799245596, 0.4209575988352299, 0.312098203971982]
2025-12-24 01:25:46 - feda2ls - INFO - loss data:
2025-12-24 01:25:46 - feda2ls - INFO - [0.3993634127080441, 0.7036297377198935, 0.464668782800436, 0.9460672259330749, 0.754334419965744, 0.6298122264444828, 0.9629513174295425, 0.2943081079050899, 0.6417443808168173, 0.5579878218472004, 0.421526987478137, 0.6210778266191482, 0.38257540930062534, 0.5454863496124744, 0.7417583927512169, 0.4487016106024384, 0.5395347829908133, 0.6008427381515503, 0.5460079312324524, 0.48503355886787175, 0.23953404584899546, 0.7834153041243553, 0.5609726116061211, 0.3853686094284058, 0.3183689845725894, 1.0273788124322891, 0.38882465809583666, 0.9746309101581574, 0.5628577962517738, 0.44597869329154494, 0.22946559032425284, 0.3878474812954664, 0.5516346041113138, 0.44980457089841364, 0.897133631259203, 0.37627511061728003, 0.5250996641814709, 0.46793606951832767, 0.39967773761600256, 0.3664559032768011, 0.35987144950777294, 0.29690481200814245, 0.5677537493407727, 0.5130325667560101, 0.4174660496413708, 0.39096731282770636, 0.5135659217834473, 0.35854539796710017, 0.5695609435439111, 0.4146489519625902, 0.42266523018479346, 0.35856017004698515, 0.40664478875696664, 0.63547900095582, 0.47912125643342734, 0.31677153836935756, 0.3202853901311755, 0.15976776932366193, 0.15927530736662449, 0.8737927168607712, 0.39210934937000275, 0.44372611716389654, 0.24295343440026046, 0.23212483748793603, 0.5157863540574908, 0.9109118595719338, 0.49155144654214383, 0.7156551977619529, 0.25957505744881926, 0.3461410442367196, 0.42300926595926286, 0.3602710235863924, 0.2828097693156451, 0.34989451970905067, 0.36596243511885407, 0.5042225947603584, 0.25973418839275836, 0.473430335521698, 0.2350555241573602, 0.4149771144613623, 0.5205474184826017, 0.5518429551273585, 0.38220102228224273, 0.393439881131053, 0.3919347174465656, 0.4287442822009325, 0.4184829467907548, 0.8438679851591587, 0.330387725494802, 0.7465932364575565, 0.27495090644806625, 0.6103929720818997, 0.35846468843519685, 0.5583830587565899, 0.31136746034026147, 0.8806972429156303, 0.3548645548522472, 0.39237952344119553, 0.545533861592412, 0.3897969160228968, 0.35274755395948887, 0.3286164183169603, 0.24287262461148204, 0.3126529410481453, 0.5931042939424515, 0.5161464266479016, 0.2925400081090629, 0.485424102563411, 0.3866955038160086, 0.586110538430512, 0.2985467277467251, 0.3835509855300188, 0.30318200066685674, 0.5159805086441338, 0.33698864467442036, 0.34094852581620216, 0.27486981814727185, 0.5192429823800921, 0.2920846577733755, 0.23136919178068638, 0.3452987164258957, 0.47496832981705667, 0.4624518685042858, 0.5223204262554646, 0.3361107364296913, 0.32599999504163857, 0.6589071571826934, 0.294807287491858, 0.3206048827618361, 0.28238331731408833, 0.40893735848367213, 0.3192440763115883, 0.19284232323989273, 0.12274763211607934, 0.34037347249686717, 0.2788210978731513, 0.19112231424078346, 0.804740609228611, 0.45688102282583715, 0.5863867804408074, 0.33217709735035894, 0.3349557347595692, 0.38616445641964675, 0.3650614369660616, 0.4355708505958319, 0.547750573977828, 0.27560584954917433, 0.36412309668958187, 0.4471210315823555, 0.3502153273671865, 0.3428519347682595, 0.570027981698513, 0.32901427075266837, 0.28169899955391886, 0.1822393893264234, 0.540596229583025, 0.3212872685864568, 0.12954592928290368, 0.3662899347022176, 0.22639245390892027, 0.2522060669958591, 0.2535589072853327, 0.21498497314751147, 0.3477139251306653, 0.780705638602376, 0.26668302826583384, 0.3157312568277121, 0.35673803500831125, 0.3443678399547935, 0.30037156902253626, 0.2167470656335354, 0.4106698362156749, 0.3968374606221914, 0.4094049748033285, 0.207351141795516, 0.22162352371960878, 0.8109381273388863, 0.43491264702752236, 0.33006407171487806, 0.3870760284364223, 0.43219567388296126, 0.5168441887013614, 0.21067540310323238, 0.8648067995905876, 0.5778649285435677, 0.4127992786467075, 0.4718634445220232, 0.4094214616343379, 0.3329324457794428, 0.6563139013946055, 0.2532582189887762, 0.3204670440405607, 0.49031874537467957, 0.426226220279932, 0.2805661467835307, 0.22579917218536139, 0.5688403133302927, 0.42626316249370577, 0.3756035193800926, 0.3033469201996922]
2025-12-24 01:28:26 - feda2ls - INFO - loss data:
2025-12-24 01:28:26 - feda2ls - INFO - [0.3993634127080441, 0.7036297377198935, 0.464668782800436, 0.9460672259330749, 0.754334419965744, 0.6298122264444828, 0.9629513174295425, 0.2943081079050899, 0.6417443808168173, 0.5579878218472004, 0.421526987478137, 0.6210778266191482, 0.38257540930062534, 0.5454863496124744, 0.7417583927512169, 0.4487016106024384, 0.5395347829908133, 0.6008427292108536, 0.5460264831781387, 0.4843635680153966, 0.24065184937790035, 0.7809214137494565, 0.5615788850933314, 0.3847542878240347, 0.3191100159659982, 1.0083221569657326, 0.38790952526032924, 0.9600971184670926, 0.559924240410328, 0.44396252892911436, 0.22855658512562513, 0.3844354832544923, 0.5503143975511193, 0.45081768073141576, 0.8943009443581105, 0.3729006851091981, 0.5179668057709932, 0.45685497373342515, 0.391990227624774, 0.3600972030311823, 0.3537721743807197, 0.2938817728310823, 0.5398515861481428, 0.4931131236255169, 0.4013255454599857, 0.3779587745666504, 0.49863385185599324, 0.3679605096578598, 0.5438817575573921, 0.39285291023552416, 0.402587429061532, 0.3425960963591933, 0.3958278143778443, 0.6057208530604838, 0.46003029849380256, 0.34430359248071907, 0.3350233780220151, 0.15798371038399636, 0.15898737837560475, 0.8611437767744065, 0.37503739185631274, 0.42737260088324547, 0.23354026153683663, 0.2282764920964837, 0.5109888264909387, 0.8891468022018671, 0.44334027003496884, 0.6826755367219448, 0.24855348782148212, 0.348246110137552, 0.40299762934446337, 0.3281348664313555, 0.27683899248950183, 0.34809328373521564, 0.3516531899571419, 0.4762449260801077, 0.2453058914281428, 0.4924011152237654, 0.23110662139952182, 0.3796135132201016, 0.5208687994629144, 0.5772500976920127, 0.36381119303405285, 0.394576508924365, 0.350154784694314, 0.3585834141820669, 0.38621820490807296, 0.7206735000014305, 0.2948465495370328, 0.7722262835595757, 0.27302674353122713, 0.6464935321360826, 0.33231376688927416, 0.5717265572398901, 0.302817049715668, 0.7924801707267761, 0.35453151874244215, 0.38203907012939453, 0.4388733675703406, 0.3587264269590378, 0.3405741147696972, 0.31078738234937187, 0.22712130367290229, 0.3098410708829761, 0.47571693994104863, 0.5615098305046557, 0.2230384474620223, 0.49485744331032033, 0.34282146468758584, 0.5236965428106487, 0.2979974128771573, 0.3713992368429899, 0.3366451796144247, 0.45910807978361845, 0.32771885208785534, 0.32248738743364813, 0.2675508731044829, 0.4682427235879004, 0.2874293079599738, 0.2417277256026864, 0.3316787116229534, 0.41777458786964417, 0.40643127597868445, 0.5284266024827957, 0.27097241543233397, 0.3291612725704909, 0.5696201145648956, 0.28711831830441953, 0.3194481711834669, 0.2882386852055788, 0.40769795551896093, 0.3262674376368523, 0.18358264891430737, 0.12639189297333359, 0.28007225673645736, 0.24920996446162463, 0.18001519455574452, 0.7822675613686442, 0.40310737043619155, 0.5919891871511936, 0.33280743174254895, 0.30851916670799256, 0.3758635316044092, 0.3577270109206438, 0.3629986371845007, 0.5537875752896071, 0.2560615471564233, 0.3429018083959818, 0.42480687648057935, 0.34153268225491046, 0.3115140257403255, 0.4932578794658184, 0.28180977553129194, 0.28611685521900654, 0.1708200177177787, 0.5566629126667977, 0.3166223779320717, 0.1219809977337718, 0.36907009445130823, 0.21720009446144103, 0.2412186773493886, 0.23321103006601335, 0.22295901775360108, 0.34849788788706065, 0.7735440988093615, 0.2604188371449709, 0.32455180659890176, 0.318237492069602, 0.3097070846706629, 0.2903673531487584, 0.1990075262263417, 0.4066592827439308, 0.38486657738685603, 0.3861897084861994, 0.19969327971339226, 0.21337688257917764, 0.8450909562408924, 0.46122767254710195, 0.31544954013079407, 0.36418446339666843, 0.3289667408913374, 0.5300776610150933, 0.19317596592009068, 0.8149529092013836, 0.5823655240237713, 0.4218795470893383, 0.4382090218365192, 0.39254466723650694, 0.3348752174526453, 0.6375180430710317, 0.2884038742631674, 0.31507999375462536, 0.45831476524472237, 0.4291960932314396, 0.2967303728684783, 0.22358859032392503, 0.5468531232327223, 0.3657300014048815, 0.3848230727016926, 0.289286439307034]
2025-12-24 01:30:20 - feda2ls - INFO - loss data:
2025-12-24 01:30:20 - feda2ls - INFO - [0.6309060352854431, 0.629725757572386, 0.5969966590404511, 0.5047772485348914, 0.6030051589012146, 0.5717260368168354, 0.5315778320655227, 0.8245180381668938, 0.7790437809191644, 0.5808441162109375, 0.5662903640419245, 0.566392370313406, 0.5823576489256488, 0.6173735350370407, 0.5990492403507233, 0.3664379805326462, 0.6041027729399502, 0.48097606296651063, 0.5015371046029031, 0.5501169051975012, 0.5052655637264252, 0.41901873126626016, 0.6179676281495227, 0.5183936631720927, 0.6684018813073636, 0.5554644249379634, 0.5206048185937107, 0.5980182392522693, 0.5378818213939667, 0.412984736636281, 0.43204520862782375, 0.39460767544806, 0.6216666433028877, 0.45013027284294366, 0.531804796308279, 0.5143295302987099, 0.6154875066131353, 0.5554866798222065, 0.4328616579166717, 0.4834316000342369, 0.3963659296743572, 0.4992572145226101, 0.5069331025704742, 0.5338339109387662, 0.4209589855163358, 0.4594359442591667, 0.45402021482586863, 0.44406165927648544, 0.5659615380896462, 0.3888824015855789, 0.46529101468622686, 0.30873790830373765, 0.4026675568893552, 0.5821429211646318, 0.5232868724399142, 0.3301475495463819, 0.4311863240371976, 0.4470241915434599, 0.5770462155342102, 0.40626082927919926, 0.47447977121919394, 0.3379896767437458, 0.39163150178889433, 0.4234051160514355, 0.3339113799855113, 0.47375358566641806, 0.4057990160977675, 0.4264963660389185, 0.4192264771295918, 0.33972110971808434, 0.4042468436062336, 0.32006156833635435, 0.4950557271949947, 0.407701401412487, 0.5495188455614779, 0.37059226045385, 0.4065766952931881, 0.48468010500073433, 0.3530723463976756, 0.3331936724483967, 0.48206841526553035, 0.3687723600771278, 0.572990546002984, 0.3673460898248272, 0.39399744402617215, 0.6411726847290993, 0.49576955288648605, 0.36924207508563994, 0.3527982763221694, 0.3569741781387064, 0.3937861084938049, 0.33618937283754347, 0.4406195530667901, 0.5079479231499135, 0.4065568045480177, 0.4719516523182392, 0.3824203170835972, 0.46913908328861, 0.47288260273635385, 0.49833715707063675, 0.31882861186232836, 0.3244527022043864, 0.3334700340405107, 0.2474814110642506, 0.33844618014991285, 0.3461461650207639, 0.31399284675717354, 0.23560346029698848, 0.2941910233348608, 0.24436704125255346, 0.3347028351595832, 0.4621651291847229, 0.378968495503068, 0.32351293526589875, 0.3046381790190935, 0.38491917691297, 0.4005374313273933, 0.7039973039180041, 0.4902953468263149, 0.28639669012692237, 0.24979093546668688, 0.2574708058809241, 0.2944606984965503, 0.32982205343432724, 0.47689722906798127, 0.318826640304178, 0.36793139334768055, 0.25199978798627853, 0.2856671598710818, 0.288475950807333, 0.43692554580047727, 0.5460201986134052, 0.29048665567404697, 0.4060262031853199, 0.49461820907890797, 0.36864113379269836, 0.38897249940782785, 0.31141478661447763, 0.39261283464729785, 0.379143350571394, 0.21706751007586716, 0.40183835569769144, 0.3513487748801708, 0.30314569668844343, 0.34222859926521776, 0.2629467088729143, 0.4572028710372251, 0.3195188045501709, 0.4028020603582263, 0.29481630893424154, 0.3268724312540144, 0.2965096870320849, 0.3323679911593596, 0.38225860790246063, 0.4177112735807895, 0.36183985881507397, 0.26861283561835686, 0.403277038782835, 0.4346228076145053, 0.31735549587756395, 0.2880335793313053, 0.333404235355556, 0.292045003734529, 0.41836478216573597, 0.33863322883844377, 0.35510365944355726, 0.3444408596958965, 0.3412966770119965, 0.36437361439069116, 0.30226047295663094, 0.3796346834860742, 0.3264737600460649, 0.29356852192431687, 0.29725493701795735, 0.5649785260902718, 0.34506290405988693, 0.40993286545077956, 0.3798593613319099, 0.40369141122533214, 0.34938262924551966, 0.4394674962386489, 0.27447035991483265, 0.36660791374742985, 0.37815224155783655, 0.5197999358177186, 0.44228762947022915, 0.3649184426292777, 0.3549395088106394, 0.43812462165951727, 0.5369315128773451, 0.32695462852716445, 0.33262380175292494, 0.2872485309839249, 0.395213533192873, 0.4374169073998928, 0.42631765343248845, 0.332621493563056, 0.39385815858840945, 0.3242457449436188, 0.3840391017496586]
2025-12-24 01:30:47 - feda2ls - INFO - loss data:
2025-12-24 01:30:47 - feda2ls - INFO - [0.6309060352854431, 0.629725757572386, 0.5969966590404511, 0.5047772485348914, 0.6030051589012146, 0.5717260368168354, 0.5315778320655227, 0.8245180381668938, 0.779044213052839, 0.5808316685259343, 0.5662979401648045, 0.5664853028953075, 0.5827249470684264, 0.6178662214428187, 0.5995378568768501, 0.3660017352551222, 0.6044722013175488, 0.4806765793822706, 0.5017160484567285, 0.5520271956920624, 0.5058567076921463, 0.41840353459119795, 0.6186473661412795, 0.5179240932532896, 0.6707686506211757, 0.5552266590297222, 0.5196638516150415, 0.5914239771664143, 0.5356206533809502, 0.4125183280557394, 0.4321867871214636, 0.39682932794094083, 0.6198393342913024, 0.44404922779649497, 0.5228916063904763, 0.5085203044116497, 0.6092924550175667, 0.5549800589680671, 0.4302234479536613, 0.4813522050778071, 0.39522860776633023, 0.4955722195510235, 0.5134973283857107, 0.5338287287288241, 0.4325740538770333, 0.4687834411859513, 0.4500974930822849, 0.4407779743274053, 0.5720529539717568, 0.39478346332907677, 0.4661332547664642, 0.3153812738135457, 0.4136184277012944, 0.5758487998197477, 0.5251319402207931, 0.33869804836285766, 0.43017637341593706, 0.4065276999026537, 0.5910578975453973, 0.41566126289544625, 0.46664206497371197, 0.34341425634920597, 0.40106325927707887, 0.42501504321116956, 0.34663996994495394, 0.5049970086663962, 0.41448944786356556, 0.4421271808445454, 0.43847937484582267, 0.3394720867276192, 0.41267024502158167, 0.3310230435596572, 0.5461877649649978, 0.43177870027720927, 0.5705320932384994, 0.3833344826474786, 0.4082356749102473, 0.48867316693067553, 0.3543382342439145, 0.3461234148591757, 0.49026721389964223, 0.37720919512212275, 0.6040439568459988, 0.3768635189367665, 0.4012688294518739, 0.592536305077374, 0.4747511902824044, 0.36199735244736075, 0.36168434786506826, 0.3636465170731147, 0.4103914499282837, 0.3496393889188767, 0.4564036723226309, 0.5235471695661544, 0.420378886628896, 0.45870405435562134, 0.34197174571454525, 0.47012439044192433, 0.4937061950564384, 0.5308800991624594, 0.3385389246874385, 0.3378609731793404, 0.33031372586265206, 0.26902766974849834, 0.32015457972884176, 0.3534254042431712, 0.32092469967901704, 0.24521599430590868, 0.3112287577241659, 0.2508663419634104, 0.3392684817469368, 0.48021044991910455, 0.3875691551715136, 0.3275821536779404, 0.291499275714159, 0.3822200542522801, 0.42262801513425075, 0.6912439864128828, 0.5129134744405747, 0.29950960973898566, 0.2674311281492313, 0.2566124544789394, 0.2916450183838606, 0.3375174681423232, 0.484168865904212, 0.3543853463605046, 0.36190244816243644, 0.26285204519000316, 0.29806982150184924, 0.2996322374092415, 0.4577778051607311, 0.584543589502573, 0.3018714068664445, 0.41656784452497964, 0.5122338067740202, 0.36655263900756835, 0.43658968759700656, 0.32608592323958874, 0.41816884428262713, 0.380531532689929, 0.22854714430868625, 0.39192577451467514, 0.3684522982686758, 0.30417260294780135, 0.3523897934705019, 0.27693837191909554, 0.4825195459761744, 0.3462032577436831, 0.42732525151222944, 0.3011288479610812, 0.3384929705411196, 0.2991216910770163, 0.3419419262144301, 0.3888782958189646, 0.4265066459774971, 0.3846525773406029, 0.27493053200758166, 0.412505517154932, 0.4508174743503332, 0.32527046790346503, 0.2993968626691235, 0.31489951238036157, 0.28851955179125066, 0.4249878599308431, 0.3395861215889454, 0.3720427230000496, 0.37134979825932535, 0.3352159965783358, 0.36772470739152696, 0.3132175104485618, 0.4021851879078895, 0.34285541176795964, 0.3038470595661137, 0.30684453228281605, 0.5557671688729897, 0.35501434095203876, 0.4861324512296253, 0.3704684837721288, 0.4423974303321706, 0.3592897806316614, 0.4705752767622471, 0.279634576704767, 0.3768979698419571, 0.40645624687895177, 0.5363703515380621, 0.46594322798773646, 0.36773915681988, 0.3537465240806341, 0.4625302776694298, 0.5516461152583361, 0.33130911663174634, 0.334251419454813, 0.2918550278991461, 0.40597010776400566, 0.47846085019409657, 0.4282937217503786, 0.33922459557652473, 0.4056033235043287, 0.32136138118803503, 0.3956130212172866]
2025-12-24 01:42:19 - feda2ls - INFO - loss data:
2025-12-24 01:42:19 - feda2ls - INFO - [0.49654503632336855, 0.4963214763750633, 0.45015495996922256, 0.49123968547210095, 0.7286225810647011, 0.5166991360485553, 1.041340746730566, 0.6523021847009659, 0.6333251997828484, 0.5025287186726928, 0.6485771607607603, 0.3049999077804387, 0.5619202360510827, 0.4276663857512176, 0.36783358925022186, 0.22292797779664397, 0.7535775856425365, 0.6953462436795235, 0.47205979339778426, 0.6233545079827308, 0.5175477560609579, 0.4602979125455022, 0.3539413740858436, 0.3705818348874649, 0.5573858253657817, 0.3070360518991947, 0.1933195057325065, 0.3190407273670038, 0.5086099612216155, 0.3595262115355581, 0.4498000659048557, 0.37532807504758237, 0.22833611918613314, 0.1579979139380157, 0.6099558182060718, 0.35360455811023717, 0.47813143404200675, 0.5932176366448403, 0.3397613531211391, 0.12933370969258248, 0.5513274872054656, 0.8982075650244952, 0.1513898478471674, 0.6037534609436989, 0.3529826132580638, 0.3642912399023771, 0.3276798116974533, 0.4197950819507241, 0.3660400103777647, 0.3366567548364401, 0.21653785156086086, 0.5031027358025313, 0.5737938277423382, 0.32622167393565177, 0.31146798338741066, 0.13810426897834988, 0.1990091108949855, 0.2620811372684936, 0.3344492997974157, 0.2673599420270572, 0.09697475002612918, 0.3317703988403082, 0.4366821859031916, 0.4258662797510624, 0.18957445819396526, 0.5655571187380701, 0.16686516208574176, 0.463513122452423, 0.3892614908516407, 0.4085855262974898, 0.277726513100788, 0.6493006952106952, 0.531461808582147, 0.22806541519239545, 0.3582151056267321, 0.45713611990213393, 0.263455830514431, 0.18434893125668167, 0.3008576886262745, 0.3340242405732473, 0.32834605379030113, 0.2377735358197242, 0.3481559148058295, 0.3002526594015459, 0.2152525962330401, 0.5839604802429676, 0.5376650229096412, 0.21859621694311498, 0.21287299655377864, 0.3523896671831608, 0.3304107256233692, 0.359680620332559, 0.23008524177130313, 0.27696936363354324, 0.20513768335804344, 0.3695136615075171, 0.2536380460485816, 0.2784712562337518, 0.3439992483705282, 0.4379288777709007, 0.31830992503091693, 0.1201544578652829, 0.34419645499438045, 0.2241477057803422, 0.16882515959441663, 0.24993392986555896, 0.24032666806597264, 0.18333788025192915, 0.17975762877613305, 0.3501956071704626, 0.2822813121601939, 0.1789209757000208, 0.5202058501541614, 0.8722649800280731, 0.14285427145659924, 0.5210073562921025, 0.27032490614801646, 0.22959636468440295, 0.2543412377126515, 0.19858937477692962, 0.3333667177706957, 0.11733588147908448, 0.1460274334298447, 0.3648876427983244, 0.11348139781039207, 0.3040390480775386, 0.2525756870396435, 0.28149008480831983, 0.38140522576868535, 0.40147566273808477, 0.4517526221461594, 0.1519216066924855, 0.43248001411557196, 0.1560487141367048, 0.3301819518324919, 0.09199405007530004, 0.4140218349173665, 0.2978408494964242, 0.2913245872283975, 0.24916462553665042, 0.21562205767259002, 0.470042172819376, 0.29008288607001304, 0.27240035207942126, 0.3550814436748624, 0.47190612759441136, 0.25967718213796614, 0.3488817760099967, 0.34438316002488134, 0.28005673363804817, 0.2937772355042398, 0.2587766598444432, 0.4198967888019979, 0.23752828314900398, 0.30320764812640844, 0.2842759294435382, 0.3309404615312815, 0.2664184321959814, 0.19376294606675704, 0.2264958655461669, 0.07097331141121685, 0.3515943295322359, 0.6429964125156402, 0.2723191637545824, 0.2996137054637074, 0.2387535400999089, 0.22522593322210013, 0.17598246419802308, 0.2778014142997563, 0.22572605600580573, 0.3331187918471793, 0.40902658365666866, 0.18904025880619885, 0.15343623259104788, 0.8748040042817593, 0.5537193654105067, 0.34224246833473443, 0.2717980113811791, 0.25236783865839246, 0.21282497951760887, 0.7624314457178116, 0.22373535158112645, 0.21722625819966196, 0.26618072846904395, 0.7073737059254199, 0.7703496541827917, 0.3400009974837303, 0.355487116612494, 0.2851257142610848, 0.29048573272302747, 0.773216100037098, 0.4030035551637411, 0.3360586304838459, 0.6982583568897098, 0.648267955891788, 0.23933154977858068, 0.16565043665468693, 0.21784738372080029, 0.14467765744775535, 0.14619152760133147]
2025-12-24 01:49:00 - feda2ls - INFO - loss data:
2025-12-24 01:49:00 - feda2ls - INFO - [0.49654503632336855, 0.4963214763750633, 0.45015495996922256, 0.49123968547210095, 0.7286225810647011, 0.5166991360485553, 1.041340746730566, 0.6523021847009659, 0.6333251997828484, 0.5025287186726928, 0.6485771607607603, 0.3049999077804387, 0.5619202360510827, 0.4276663857512176, 0.36783358925022186, 0.22292797779664397, 0.7535775856425365, 0.6953462436795235, 0.47205979339778426, 0.6233545079827308, 0.5175477560609579, 0.4602840358391404, 0.3538516807369888, 0.37072414718568325, 0.5575727827847003, 0.30838421601802113, 0.19314604252576828, 0.31906155766919253, 0.5084481916079918, 0.359867581911385, 0.45007582046091554, 0.3730214096605778, 0.2292514647357166, 0.15784267517738043, 0.607970517128706, 0.35594544336199757, 0.47693097358569503, 0.6162283211946488, 0.34994762572459875, 0.12851785118691622, 0.5553945248325666, 0.9078754847869277, 0.1509730841498822, 0.6011787579705318, 0.35305903875268996, 0.3656218696385622, 0.3259294094983488, 0.4201406231150031, 0.36642805226147174, 0.3369890209287405, 0.22036252936037876, 0.5122782081365586, 0.5822877518832683, 0.32727165818214415, 0.311448263656348, 0.13809826921205967, 0.19918375019915402, 0.26100974498937524, 0.3333490267395973, 0.26695529570182164, 0.09750892495503649, 0.3305320657789707, 0.44093718510121105, 0.4338689919561147, 0.19496431974694134, 0.518439975567162, 0.16928381607867776, 0.427477966202423, 0.3880358345806599, 0.40669312365353105, 0.28627219737973064, 0.6083693474531173, 0.5398535020649433, 0.2301261137239635, 0.3574021361768246, 0.4584875553846359, 0.26845095716416834, 0.18289892747998238, 0.2993453312665224, 0.3349387440830469, 0.3264642030932009, 0.2355776632670313, 0.35171426832675934, 0.2964846102210382, 0.20986901177093387, 0.5566284470260143, 0.5212864436209201, 0.23200741214677692, 0.21127631096945454, 0.3404700256884098, 0.32052782494574783, 0.35231237610181176, 0.22345257713459432, 0.26958610536530614, 0.1965648272074759, 0.34377181036397814, 0.23331199623644353, 0.2760146507062018, 0.3368008378893137, 0.43258187398314474, 0.3100631469860673, 0.11797881296370179, 0.307960014231503, 0.2241205762916555, 0.1647702973568812, 0.24581107118477424, 0.23108295165002346, 0.16743676764890553, 0.16540378304198383, 0.35846446780487895, 0.2806801599450409, 0.17173884576186538, 0.4682911977171898, 1.0791812874376774, 0.16327404915355145, 0.5933495738330142, 0.2658213807269931, 0.23480865731835365, 0.2480127427726984, 0.19371507707983254, 0.31657141596078875, 0.11593084088526666, 0.14486687909811735, 0.3427182517324885, 0.10673432815819979, 0.3158970243297517, 0.24911221959628166, 0.2754963128827512, 0.3567780673503876, 0.3637545254081488, 0.43513524578884244, 0.14495311941718683, 0.41856048479676244, 0.14688411452807487, 0.29022055814857595, 0.0885091664036736, 0.405707430280745, 0.292021513171494, 0.2830848312781503, 0.2386873176321387, 0.20078144397120923, 0.45742065608501437, 0.26525177657604215, 0.2816589891910553, 0.34423593524843454, 0.4577872541267425, 0.24597194269299505, 0.3442698077609142, 0.32555798552930354, 0.26991320624947546, 0.2829830102622509, 0.2516342184972018, 0.3732115774415433, 0.2861840941011906, 0.28154489435255525, 0.2743387771770358, 0.31386833029488725, 0.2681883151332537, 0.1863146266589562, 0.22831723876297474, 0.06616712326649576, 0.356273947970476, 0.6612019276246428, 0.25138408194761724, 0.25810319017618893, 0.23262030269640188, 0.21576889532928667, 0.16794408890418708, 0.26154162650927903, 0.2116710432805121, 0.320737480573977, 0.3838354233031471, 0.18017875966615976, 0.14927611015737058, 0.8258618675172329, 0.49542130371555687, 0.3576418239623308, 0.27383037377148867, 0.23048121808096766, 0.20794232313831648, 0.7071549599058926, 0.2056348083540797, 0.21876528710126877, 0.24552099434658883, 0.6532830416224897, 0.7391823951154948, 0.3077436354011297, 0.356419706530869, 0.27503143553622067, 0.2916086777113378, 0.7023341268301011, 0.3776870444417, 0.30691246079901857, 0.6481130656786263, 0.5864898087456822, 0.23376013431698084, 0.16687785750254988, 0.21071405080147088, 0.1501819076947868, 0.15059557743370533]
2025-12-24 01:50:26 - feda2ls - INFO - loss data:
2025-12-24 01:50:26 - feda2ls - INFO - [0.49654503632336855, 0.4963214763750633, 0.45015495996922256, 0.49123968547210095, 0.7286225810647011, 0.5166991360485553, 1.041340746730566, 0.6523022033274174, 0.6333251938223838, 0.5025286576710641, 0.648585944250226, 0.30500497967004775, 0.5621428333222867, 0.4272469110786915, 0.3672578083118424, 0.22234725719317794, 0.7511117485662302, 0.6914459683001042, 0.47171810306608675, 0.622625683248043, 0.5151374238232771, 0.45963739771395923, 0.3562346708960831, 0.37380878503123915, 0.5573333017528057, 0.3113247873261571, 0.19454230600968003, 0.3200438353853921, 0.5097126041849455, 0.35922074639238416, 0.4576861120760441, 0.3687238577287644, 0.22854820247739555, 0.1593990779016167, 0.6048314116895199, 0.354293165076524, 0.4778022576123476, 0.6126510083675385, 0.34204698191024363, 0.1305424502119422, 0.5597563241918881, 0.8902806594967843, 0.15124842557124793, 0.6175492891420921, 0.3571896367240697, 0.3681727487593889, 0.3304765672422945, 0.4187719196081161, 0.3626954574137926, 0.3365384594847759, 0.21775722613868614, 0.5075387988239527, 0.5752366915345192, 0.3293337247334421, 0.3107383276335895, 0.13857082778122276, 0.20035023977980018, 0.25882384149978555, 0.33120888136327264, 0.2656549850478768, 0.09432078229729086, 0.33178563467226924, 0.4466742306947708, 0.4274597100913525, 0.19094795469427484, 0.5570168773178011, 0.1656407192349434, 0.4321484369691461, 0.3828860387206078, 0.4006636167565981, 0.2779762961436063, 0.6089779920876026, 0.5319222132364909, 0.2283462847582996, 0.35831122705712914, 0.4378230832517147, 0.26045602671802043, 0.1833367535844445, 0.2982576509937644, 0.3375260842343172, 0.32446458209306, 0.2365155500204613, 0.34155118372291327, 0.2968925186432898, 0.21455275057815015, 0.5651211887598038, 0.5107513666152954, 0.2312418197048828, 0.20684067737311124, 0.3445533148944378, 0.3211111010983586, 0.35690285762151086, 0.2234005096834153, 0.2698762337677181, 0.19255170468240976, 0.3515061198733747, 0.23419371589552612, 0.2771360628306866, 0.3360460545867682, 0.42966245040297507, 0.30947354109957814, 0.11846590174827726, 0.3135511027649045, 0.22317362733495733, 0.16183359291171656, 0.24316152331108848, 0.23696524158585816, 0.16881989529356362, 0.17108677015639842, 0.3557563475333154, 0.2771466143429279, 0.17400622728746384, 0.4658008191734552, 1.049144707620144, 0.16378869897453113, 0.5854003193235258, 0.26798560507595537, 0.22058253837749361, 0.24950566897168755, 0.1893092842772603, 0.3070288415066898, 0.11524043949320913, 0.1449639757629484, 0.3419548182437817, 0.10474219203460962, 0.3106109853833914, 0.25013563632965086, 0.2662604908458889, 0.3446458858748277, 0.3654758378863335, 0.42285754485055804, 0.14249260902870448, 0.40817518495023253, 0.149072047136724, 0.282662470464129, 0.09010595751460641, 0.396366171259433, 0.28970004622824486, 0.2799164213550588, 0.2388643065467477, 0.20314244485925884, 0.4281820558011532, 0.2506142366677523, 0.2824442098848522, 0.3194469939917326, 0.4601780514698476, 0.24362230189144612, 0.3364793134232362, 0.31567308418452744, 0.2676014794036746, 0.2801845347508788, 0.2507372105804583, 0.38075429275631906, 0.274473176151514, 0.28125220141373575, 0.27465529665350913, 0.30430788894494376, 0.2702030806491772, 0.1850882318491737, 0.22679263968020677, 0.06716253233607858, 0.3536139644565992, 0.6527683502063155, 0.2544116161298007, 0.2630372175946832, 0.22427976233884692, 0.21870727829324701, 0.16898231520317494, 0.2503435295075178, 0.21284574968740344, 0.3192613966142138, 0.3787686441714565, 0.18147177658975125, 0.1496566962916404, 0.8115562314167619, 0.49721542820334436, 0.33048542570322753, 0.2558133313432336, 0.22909961231052875, 0.2000193180826803, 0.7083860475569963, 0.20002516452223063, 0.21266396455466746, 0.23392918333411217, 0.6569970136508345, 0.7346389085054398, 0.30414141453802584, 0.3280914518050849, 0.2650184123776853, 0.28503415174782276, 0.7049260504543782, 0.371955219656229, 0.3042984201262394, 0.6472523175878451, 0.5916988976299763, 0.23928618840873242, 0.1634010875131935, 0.21350747505202888, 0.1497555933892727, 0.1489660889841616]
2025-12-24 01:58:53 - feda2ls - INFO - loss data:
2025-12-24 01:58:53 - feda2ls - INFO - [0.3993634127080441, 0.7036297377198935, 0.464668782800436, 0.9460672259330749, 0.754334419965744, 0.6298122264444828, 0.9629513174295425, 0.2943081079050899, 0.6417443808168173, 0.5579878218472004, 0.421526987478137, 0.6210778266191482, 0.38257540930062534, 0.5454863496124744, 0.7417583927512169, 0.4487016106024384, 0.5395347829908133, 0.6008427292108536, 0.5460264831781387, 0.4843635680153966, 0.24065184937790035, 0.7810421660542488, 0.5640127945691347, 0.38528503142297266, 0.3185404993593693, 1.0140990391373634, 0.39111630003899334, 0.9568007059395314, 0.5626876227557659, 0.44402519166469573, 0.2292015278711915, 0.37796596623957157, 0.5520208224654197, 0.46403879560530187, 0.8886217482388019, 0.37483126427978275, 0.5200576793402434, 0.4631414592266083, 0.3970537129789591, 0.36296771094202995, 0.3576298534870148, 0.28998108506202697, 0.5602962300181389, 0.5112254790961742, 0.4253463573753834, 0.3882503386586904, 0.5073936708271504, 0.35337843410670755, 0.558994310349226, 0.4044125963002443, 0.4129533521831036, 0.3263870067894459, 0.4031389247626066, 0.626362069696188, 0.485688822157681, 0.3032904265448451, 0.3046581409871578, 0.15919988485984504, 0.15755672235973178, 0.8168928831815719, 0.3794905960559845, 0.42592213973402976, 0.2456237867474556, 0.22699641082435845, 0.526071292720735, 0.8306034866720438, 0.45659821592271327, 0.8509874481707811, 0.2597444499377161, 0.3363950687460601, 0.42010512575507164, 0.34300376400351523, 0.2830973334610462, 0.3397718818858266, 0.3788050498813391, 0.4796338571235538, 0.2565028785727918, 0.5208410248160362, 0.23876644349656997, 0.36999734584242105, 0.5615143107250333, 0.630277755856514, 0.38106626123189924, 0.39576146304607396, 0.3771560937166214, 0.37637464962899686, 0.3912732549011707, 0.9301585152745246, 0.31878699725493786, 0.7273398682009429, 0.2762502662837505, 0.5549225185066462, 0.3676519511267543, 0.5612447474151849, 0.3637099926359951, 0.7849890813231468, 0.3316159792244434, 0.3701604943722486, 0.5554806988686323, 0.4159105494618416, 0.35906467102468015, 0.32215336263179783, 0.2397914994508028, 0.2989926846697927, 0.6942419730126858, 0.4212340895086527, 0.37798892669379713, 0.4764669563621282, 0.393030259758234, 0.5743420629762113, 0.31296891188248993, 0.38106087483465667, 0.3349367156624794, 0.5648940755054355, 0.3616880174726248, 0.34413900487124915, 0.2803392437286675, 0.47393993409350516, 0.3093066392466426, 0.22518694307655096, 0.37033018544316293, 0.43778430223464965, 0.531321594119072, 0.4359284181147814, 0.38558413498103616, 0.3134964576922357, 0.6685114573687315, 0.2946238532662392, 0.32047976516187193, 0.27912929803133013, 0.43885086067020895, 0.31638919450342656, 0.19107306618243458, 0.1272082470357418, 0.31279697082936764, 0.2828515276312828, 0.19560251142829657, 0.7986997997388243, 0.46824729144573213, 0.466264159604907, 0.33778267353773117, 0.3379656419157982, 0.39844966288656, 0.34822800010442734, 0.40980164110660555, 0.4826444048434496, 0.28902484104037285, 0.3481930732727051, 0.4415979400277138, 0.3246892750263214, 0.34121503606438636, 0.5201634123921395, 0.3283899426460266, 0.2980699699372053, 0.20250276811420917, 0.5499418571591377, 0.3530039073899388, 0.1483287250623107, 0.357070629298687, 0.2272549781948328, 0.25846333485096695, 0.2426306577399373, 0.20658284723758696, 0.3301545841619372, 0.7891988970339299, 0.25113907363265753, 0.3585185971111059, 0.3845333315432071, 0.3532903749495745, 0.30228631775826215, 0.22008106801658867, 0.3885370295494795, 0.3872832331806421, 0.4109401348978281, 0.20270230062305927, 0.22834258265793322, 0.7933898791670799, 0.43836687402799723, 0.3348120998591184, 0.4020004261285066, 0.4653930846601725, 0.5068598356097936, 0.20924420710653066, 0.815653732419014, 0.5754262298345565, 0.4219736583530903, 0.4742629051208496, 0.4188858801499009, 0.33179231621325017, 0.6624156609177589, 0.23148657009005547, 0.3367343332618475, 0.47826783545315266, 0.47237171828746793, 0.27849470917135477, 0.22071717269718646, 0.5709601677954197, 0.4547806456685066, 0.4087907180190086, 0.3067385176196694]
2025-12-24 02:01:51 - feda2ls - INFO - loss data:
2025-12-24 02:01:51 - feda2ls - INFO - [0.3993634127080441, 0.7036297377198935, 0.464668782800436, 0.9460672259330749, 0.754334419965744, 0.6298122264444828, 0.9629513174295425, 0.2943081079050899, 0.6417443808168173, 0.5579878218472004, 0.421526987478137, 0.6210778266191482, 0.38257540930062534, 0.5454863496124744, 0.7417583927512169, 0.4487016106024384, 0.5395347829908133, 0.6008427292108536, 0.5460264831781387, 0.4843635680153966, 0.24065184937790035, 0.7810421660542488, 0.5640127945691347, 0.38528503142297266, 0.3185404993593693, 1.0140990391373634, 0.39111630003899334, 0.9568007059395314, 0.5626876227557659, 0.44402519166469573, 0.2292015278711915, 0.37796596623957157, 0.5520208224654197, 0.46403879560530187, 0.8886217482388019, 0.37483126427978275, 0.5200576793402434, 0.4631414592266083, 0.3970537129789591, 0.36296771094202995, 0.3576298534870148, 0.2901182774454355, 0.5469812989234925, 0.4995542913675308, 0.42552809193730357, 0.3830506894737482, 0.5018668331205844, 0.35949244871735575, 0.5560767598450184, 0.39819697104394436, 0.4085830930620432, 0.3253799922764301, 0.401637801155448, 0.6143143210560084, 0.4695644503459334, 0.31121001970022916, 0.30700814398005605, 0.15867319419048725, 0.15666230036877096, 0.851350075006485, 0.376384274661541, 0.42116799503564833, 0.23440269082784654, 0.2195035483688116, 0.5080745140090585, 0.8596937600523233, 0.4542367810383439, 0.7870396863669157, 0.2555624010274187, 0.33414400592446325, 0.42587674781680107, 0.3543399930000305, 0.2786152629181743, 0.3428794540464878, 0.3650115329772234, 0.4886213021352887, 0.2542879978194833, 0.49728889055550096, 0.235376800596714, 0.40001588091254237, 0.53038812559098, 0.6021339435130357, 0.3774945329874754, 0.3943888917565346, 0.3712291903793812, 0.3902531534433365, 0.4042551277205348, 0.8519039154052734, 0.3188587292097509, 0.7362505625933409, 0.2726918084546924, 0.5931565772742033, 0.36008251626044513, 0.5607490040361881, 0.32918584598228334, 0.8183468952775002, 0.34240365996956823, 0.3721369240432978, 0.5620411407202482, 0.39829877838492395, 0.3505385424941778, 0.31707591749727726, 0.23549933354370295, 0.30022421628236773, 0.6357377238571644, 0.4580459009855986, 0.3504118903540075, 0.4722339984960854, 0.3768273888155818, 0.5688872464932502, 0.3017490183934569, 0.3831215534359217, 0.3164369102567434, 0.5305547178722918, 0.34299292378127577, 0.3417229119688272, 0.2754782962612808, 0.4920689433813095, 0.2977146226912737, 0.23564071767032146, 0.3504756525158882, 0.45832371786236764, 0.484035175293684, 0.46457260586321353, 0.34225043151527645, 0.3163267059251666, 0.642370118573308, 0.2942418020218611, 0.31929950378835203, 0.27858548127114774, 0.4149855528026819, 0.31842829957604407, 0.1890588527545333, 0.12395850447937846, 0.33363812509924173, 0.27925987299531696, 0.19261711221188305, 0.8145806597545743, 0.45654180869460104, 0.5214089255779981, 0.337069358676672, 0.3383154269307852, 0.3969258412718773, 0.35059728771448134, 0.4180001050233841, 0.5269502464681863, 0.2802375413477421, 0.35887966230511664, 0.43683995455503466, 0.33189100958406925, 0.34038456100970504, 0.5330847896635532, 0.3357798792421818, 0.28406713902950287, 0.19415911845862865, 0.5356375925242901, 0.33498758245259525, 0.13476463695988058, 0.3635055670514703, 0.22676716577261685, 0.2500721596181393, 0.2484367709606886, 0.2163317000493407, 0.3324029378592968, 0.7789141416549683, 0.25752026624977586, 0.3525378961116076, 0.3722416445612907, 0.34909982159733777, 0.30071618519723414, 0.21726862881332637, 0.40618861503899095, 0.3881101505830884, 0.41233972720801826, 0.19861694127321244, 0.22484218068420886, 0.8075025767087937, 0.44508564742282036, 0.3317256987094879, 0.39398807287216187, 0.4526580335572362, 0.5116653619334102, 0.20537321027368305, 0.842870918661356, 0.5789697378873825, 0.4215447667986154, 0.4662285462021828, 0.41081289667636156, 0.3363989718258381, 0.6635228961706161, 0.24131126794964075, 0.32774027325212957, 0.4832162439823151, 0.453894118219614, 0.2747384110465646, 0.22046964447945355, 0.5719411209225655, 0.4387436527758837, 0.3902699679136276, 0.3038098715245724]
2025-12-24 02:15:05 - feda2ls - INFO - loss data:
2025-12-24 02:15:05 - feda2ls - INFO - [0.49654503632336855, 0.4963214763750633, 0.45015495996922256, 0.49123968547210095, 0.7286225810647011, 0.5166991360485553, 1.041340746730566, 0.6523021847009659, 0.6333251997828484, 0.5025287186726928, 0.6485771607607603, 0.3049999077804387, 0.5619202360510827, 0.4276663857512176, 0.36783358925022186, 0.22292797779664397, 0.7535775856425365, 0.6953462436795235, 0.47205979339778426, 0.6233545079827308, 0.5175477560609579, 0.4602979125455022, 0.3539413740858436, 0.3705818348874649, 0.5573858253657817, 0.3070360518991947, 0.1933195057325065, 0.3190407273670038, 0.5086099612216155, 0.3595262115355581, 0.4498000659048557, 0.37532807504758237, 0.22833611918613314, 0.1579979139380157, 0.6099558182060718, 0.35360455811023717, 0.47813143404200675, 0.5932176366448403, 0.3397613531211391, 0.12933370969258248, 0.5513274872054656, 0.8982075650244952, 0.1513898478471674, 0.6037534609436989, 0.3529826132580638, 0.3642912399023771, 0.3276798116974533, 0.4197950819507241, 0.3660400103777647, 0.3366567548364401, 0.21653785156086086, 0.5031027358025313, 0.5737938277423382, 0.32622167393565177, 0.31146798338741066, 0.13810426897834988, 0.1990091108949855, 0.2620811372684936, 0.3344492997974157, 0.2673599420270572, 0.09697475002612918, 0.3317389308474958, 0.4386840363964438, 0.4314706817269325, 0.19185007165651768, 0.5447525152005255, 0.16801476799882947, 0.4431083682458848, 0.3872874595224857, 0.4056770861148834, 0.27897779098711906, 0.6197074927389622, 0.5358740381896496, 0.22832890087738633, 0.3583931031636894, 0.4522323399782181, 0.26602502781897785, 0.18407578915357592, 0.300950934085995, 0.33434029358128703, 0.3271664086729288, 0.23707976900041103, 0.3480598647147417, 0.2977697431730727, 0.21270813238807024, 0.5686267208307982, 0.5217642053961754, 0.22837390517815948, 0.2095126357395202, 0.34503538385033605, 0.325686870329082, 0.35133098500470317, 0.22465611887164413, 0.2754116035997868, 0.2016137471422553, 0.36193595500662923, 0.24451279358472675, 0.2841322185471654, 0.33739905133843423, 0.42711399495601654, 0.30960547854192555, 0.11920955101959407, 0.3191813027020544, 0.22279595035749178, 0.16797918521333485, 0.24836074278379477, 0.23627867926843465, 0.1729990070220083, 0.17526074363850058, 0.35028688330203295, 0.2764625171199441, 0.17442801578436046, 0.5038375362753869, 1.0295312479138374, 0.15523874862119558, 0.5500407178139236, 0.26728196209296584, 0.23064905935898422, 0.25460964147932824, 0.19733513444662093, 0.3301795993000269, 0.11812397632747888, 0.14479309723246842, 0.35451904765019815, 0.11193974392954259, 0.3113801296800375, 0.24839147375896573, 0.2814009841531515, 0.3703690095494191, 0.3819233201444149, 0.4396959198638797, 0.14627438879106194, 0.42273885682225226, 0.16015305225737392, 0.30659280268009753, 0.08843472204171121, 0.411345377843827, 0.29350463724695147, 0.2913340455852449, 0.24716547429561614, 0.20748866240028294, 0.453147229552269, 0.2816612455993891, 0.28099850527942183, 0.3453417734708637, 0.464919388666749, 0.2537252904847264, 0.34369865618646145, 0.33587818369269373, 0.2790543602779508, 0.2895059305243194, 0.2564906013042977, 0.3975643552839756, 0.2613918758928776, 0.2924417794216424, 0.2817852245643735, 0.32088291384279727, 0.26584195656081044, 0.19007959303756555, 0.2291189908981323, 0.06916578719392419, 0.3549785777926445, 0.6526926383376122, 0.2672724316827953, 0.2850403991062194, 0.23607949817863605, 0.22228542546120783, 0.17357575595378877, 0.270294939680025, 0.22989062033593655, 0.32428821246139705, 0.3960124184687932, 0.18679566630162298, 0.15226249024271965, 0.8411696121096611, 0.5253306512720883, 0.34743831641972067, 0.2680401122197509, 0.2444670078344643, 0.2128652242012322, 0.7401224448345601, 0.21553639601916075, 0.21507947999052704, 0.2556605818681419, 0.6808752869721502, 0.7538351155817509, 0.32515184953808784, 0.3502752775326371, 0.2762330768164247, 0.2842816049233079, 0.7347923219203949, 0.3916831575334072, 0.3219621458401283, 0.6763664525002241, 0.6172044603154063, 0.2384811697527766, 0.1649545152205974, 0.21182764722034336, 0.14791208459064364, 0.1497799763455987]
2025-12-24 02:17:27 - feda2ls - INFO - loss data:
2025-12-24 02:17:27 - feda2ls - INFO - [0.49654503632336855, 0.4963214763750633, 0.45015495996922256, 0.49123968547210095, 0.7286225810647011, 0.5166991360485553, 1.041340746730566, 0.6523021847009659, 0.6333251997828484, 0.5025287186726928, 0.6485771607607603, 0.3049999077804387, 0.5619202360510827, 0.4276663857512176, 0.36783358925022186, 0.22292797779664397, 0.7535775856425365, 0.6953462436795235, 0.47205979339778426, 0.6233545079827308, 0.5175477560609579, 0.4602979125455022, 0.3539413740858436, 0.3705818348874649, 0.5573858253657817, 0.3070360518991947, 0.1933195057325065, 0.3190407273670038, 0.5086099612216155, 0.3595262115355581, 0.4498000659048557, 0.37532807504758237, 0.22833611918613314, 0.1579979139380157, 0.6099558182060718, 0.35360455811023717, 0.47813143404200675, 0.5932176366448403, 0.3397613531211391, 0.12933370969258248, 0.5513274872054656, 0.8982089806348086, 0.1512535654124804, 0.6028572556873163, 0.35286621446721256, 0.3632389053702354, 0.32657269393093885, 0.4172549328766763, 0.36569768078625203, 0.3357918796439966, 0.21779782697558403, 0.5058876849710942, 0.5720194630324841, 0.32629692312330005, 0.3114920935127884, 0.13822829599957914, 0.19704815899021924, 0.261806590637813, 0.3333122182637453, 0.26798025287377336, 0.09602274892386048, 0.33047052677720784, 0.429450255446136, 0.4272439546883106, 0.19344657043693586, 0.5441980178933591, 0.16779879312962293, 0.4440711953677237, 0.3884786248207092, 0.40639554386337595, 0.27989951479248704, 0.6219153992831707, 0.5355875223875046, 0.22915538297966123, 0.36041433373466136, 0.4544220581650734, 0.26440702117979525, 0.18314150096848608, 0.30007399213500324, 0.3296225890517235, 0.32728539472445844, 0.23735963564055662, 0.3455746313557029, 0.29888442888235056, 0.2122160667553544, 0.567583566531539, 0.5240016102790832, 0.22557165396865458, 0.21138633667336157, 0.34337213113903997, 0.32283183597028253, 0.35641354570786155, 0.22551553337834776, 0.2702606695704162, 0.19905695589259267, 0.3620654487982392, 0.24679513266310096, 0.2774506913498044, 0.330298512801528, 0.4340218000113964, 0.31563955219462514, 0.11909756434615701, 0.3270420665852725, 0.2239638085787495, 0.16631050740834324, 0.24611393719290695, 0.23522774404846133, 0.17629334987141193, 0.17839267626404762, 0.35600854782387614, 0.2826183740980923, 0.17521671559661628, 0.5103214230388403, 0.8809824424485366, 0.15337164679076523, 0.5449844838488692, 0.26717609437182543, 0.22768743583001197, 0.25037749339826404, 0.19420605404302477, 0.3252393276430666, 0.11748804771341384, 0.14258940420113503, 0.3464553744842609, 0.10512427357025445, 0.3119583640713245, 0.2509111055638641, 0.2679553057067096, 0.3653570987284184, 0.3874702926725149, 0.4086545533500612, 0.15283195099327712, 0.42088837586343286, 0.1500019386410713, 0.3050120342173614, 0.08744899993762373, 0.413236337993294, 0.29439711826853454, 0.2839900273053596, 0.23838376803323627, 0.20857580243609847, 0.44023832455277445, 0.2627544790506363, 0.27885791528970005, 0.34233759995549917, 0.47613962814211847, 0.2511241538450122, 0.33989127092063426, 0.32598975859582424, 0.2752376668155193, 0.2875587415881455, 0.2554991267776737, 0.3968910084106028, 0.24813764542341232, 0.2871391492895782, 0.2767407417297363, 0.31785082432130973, 0.26440317928791046, 0.18747886220614113, 0.21915698554366828, 0.06787051898427307, 0.35228968027513474, 0.6595459146425128, 0.2685142605099827, 0.2809570638462901, 0.23221547822467983, 0.22200526517505448, 0.1703250888036564, 0.26627029473893343, 0.20717607550323008, 0.3308075706008822, 0.39491472514346243, 0.1835118998773396, 0.15294483629986644, 0.8633172424510122, 0.5329268588684499, 0.3484111214056611, 0.25779376784339547, 0.23790717460215094, 0.20306397589544456, 0.7399708264507353, 0.21010189848020672, 0.21329202353954316, 0.2426482643932104, 0.6780777057167142, 0.7536607127636671, 0.3177608631551266, 0.3472940647043288, 0.2808067419100553, 0.28805910563096404, 0.7382350400090217, 0.3917770829051733, 0.3232719834893942, 0.675483990041539, 0.6182508541736752, 0.2357102060690522, 0.15865586162544787, 0.21230507157742978, 0.1435281729325652, 0.1461552493274212]
2025-12-24 21:00:23 - feda2ls - INFO - loss data:
2025-12-24 21:00:23 - feda2ls - INFO - [0.6423634462058544, 0.6200280984242756, 0.5785346802324056, 0.5037762075662613, 0.6289623692631722, 0.5750416859984397, 0.5616335328668356, 0.7223804576529397, 0.6651784967049025, 0.598885553330183, 0.5770831473171711, 0.5811952728778124, 0.5917422396441301, 0.5828808240359649, 0.6004721485078335, 0.3813068088144064, 0.7196570942178369, 0.5399504305794836, 0.538429603446275, 0.6307105783373117, 0.5420504529029131, 0.4529710732400417, 0.656535754704641, 0.5573452726109989, 0.683038042485714, 0.6023072376847267, 0.6110550986602903, 0.552414933219552, 0.6403973032202985, 0.440308528020978, 0.5382894016802311, 0.42505635842680933, 0.7414389904588461, 0.42969230376183987, 0.5837411969900131, 0.5008823934942483, 0.6894409917294979, 0.555377010628581, 0.46799503328899544, 0.5469712648126814, 0.4657860078383237, 0.5367094165283359, 0.605773463472724, 0.5851872387031714, 0.49410654548410093, 0.5321552224457264, 0.5016331821680069, 0.5276173493100538, 0.6464467917879422, 0.4224394176155329, 0.5563403308391571, 0.3715300627052784, 0.5299840373918414, 0.6066674643920528, 0.6376681663095951, 0.41133967274799943, 0.5075644096359611, 0.5836366325616836, 0.653833924792707, 0.5030743057373911, 0.5297789126634598, 0.46406730376183986, 0.4794824358489778, 0.4788735882611945, 0.38133910708129404, 0.6020326778292656, 0.5490929232910275, 0.4962247997522354, 0.5481717218127515, 0.37702994160354136, 0.5428329020738601, 0.41941099448336494, 0.6460762498900294, 0.5609166897833348, 0.6881046779453754, 0.4361816835589707, 0.4804563973098993, 0.5828431699424982, 0.4247085813200101, 0.4919245130382478, 0.7786348620429635, 0.42188036823645236, 0.6503640785813332, 0.49058767759965527, 0.4787017885129899, 0.6464998815208673, 0.6257024547085166, 0.46378104779869317, 0.4821411694089571, 0.44487264363302126, 0.4554239626973867, 0.41064093038439753, 0.41775198467075825, 0.6075650343671442, 0.4904209687374532, 0.792422704398632, 0.5178779451176524, 0.7569066435098648, 0.5018596574664116, 0.4615091122686863, 0.4294891673243708, 0.4274369809776545, 0.3947542795911431, 0.33973797876387835, 0.36037624813616276, 0.3897096000611782, 0.36198532916605475, 0.2632704023271799, 0.4306373633444309, 0.3028273694217205, 0.4898633563684093, 0.48061720952391623, 0.41650182679295544, 0.3503985304385424, 0.37481723725795746, 0.4775033038523462, 0.5547029562294483, 0.5821291916072369, 0.5556999035179615, 0.3875802316599422, 0.33879681738714373, 0.3584051520460182, 0.45768022537231445, 0.3437551670940593, 0.5241719394922256, 0.3772948294878006, 0.40190267749130726, 0.31999025493860245, 0.3776875860989094, 0.37513703675940635, 0.5852160695940256, 0.5131224580109119, 0.389689377322793, 0.4529452476650476, 0.58173091057688, 0.4314662143588066, 0.48850406147539616, 0.40457273833453655, 0.5233436837792397, 0.42837743870913986, 0.2776341628283262, 0.5324531504884362, 0.5354195289313793, 0.3592574403155595, 0.4022137574851513, 0.3112299788743258, 0.5264689924088088, 0.4136199592095282, 0.44797579012811184, 0.336784245679155, 0.39397049238905313, 0.3713642689981498, 0.40221807050208247, 0.4430046225587527, 0.43929684087634085, 0.4059087671339512, 0.35512418953908814, 0.48904677778482436, 0.4964307822287083, 0.3925971435091924, 0.3680512289620108, 0.3854006078094244, 0.33490619380027054, 0.5113293306902051, 0.3978861510753632, 0.413819532841444, 0.47754756193608044, 0.43544559367001057, 0.43776986420982417, 0.37695512626734046, 0.5451344167813659, 0.35872148461639886, 0.3769010528094239, 0.35121219377550816, 0.523712914576754, 0.39094892726279795, 0.4729813788500097, 0.4670718563720584, 0.4842200645556053, 0.407927028182894, 0.48290836066007614, 0.33927289148171746, 0.4174784567207098, 0.4285176223143935, 0.6647725895047187, 0.5129165532998741, 0.45756624788045885, 0.41755380034446715, 0.38505629561841487, 0.5678146071732044, 0.3657381031662226, 0.39598180279135703, 0.3677864659577608, 0.36474962532520294, 0.4596079010516405, 0.4749050457030535, 0.38600059710443024, 0.40147910779342055, 0.3722391612827778, 0.44915553033351896]
2025-12-24 21:00:30 - feda2ls - INFO - loss data:
2025-12-24 21:00:30 - feda2ls - INFO - [0.6423634462058544, 0.6200280984242756, 0.5785346802324056, 0.5037762075662613, 0.6289623692631722, 0.5750416859984397, 0.5616335328668356, 0.7223804576529397, 0.6651784967049025, 0.598885553330183, 0.5770831473171711, 0.5811952728778124, 0.5917422396441301, 0.5828808240359649, 0.6004721485078335, 0.3813068088144064, 0.7196570942178369, 0.5399504305794836, 0.538429603446275, 0.6307105783373117, 0.5420504529029131, 0.4529710732400417, 0.656535754704641, 0.5573452726109989, 0.683038042485714, 0.6023072376847267, 0.6110550986602903, 0.552414933219552, 0.6403973032202985, 0.440308528020978, 0.5382894016802311, 0.42505635842680933, 0.7414389904588461, 0.42969230376183987, 0.5837411969900131, 0.5008823934942483, 0.6894409917294979, 0.555377010628581, 0.46799503328899544, 0.5469712648126814, 0.4657860078383237, 0.5366563241307933, 0.6056850492954254, 0.5850213652683629, 0.49418343551951693, 0.53005835339427, 0.5017010245472193, 0.5281165651977062, 0.6449066367414262, 0.4241866175085306, 0.5578311286866665, 0.3713913086801767, 0.5299020996317267, 0.6049418759842713, 0.640778256373273, 0.4149178694933653, 0.5107049852506154, 0.5867178402841091, 0.6578035838901997, 0.5056682552210987, 0.5314439907670021, 0.4675842173397541, 0.4795655120578077, 0.48154587991302833, 0.3817538473755121, 0.5958002794533968, 0.5505986618292, 0.49528688639402385, 0.5490754277341896, 0.37431469820439817, 0.5408758498728276, 0.4172963462356064, 0.6376331662759185, 0.5594728671014308, 0.6825754878421624, 0.4371568108908832, 0.48079190254211424, 0.5795696750283241, 0.4215125825459836, 0.49248522585257887, 0.7683067619800568, 0.424393145320937, 0.6455632522702217, 0.48946979434953797, 0.47641013893298806, 0.6369174774736166, 0.6235366947948933, 0.46135874884203076, 0.48169992046637666, 0.4433135393593046, 0.4539647441357374, 0.4088884510099888, 0.4152671374380589, 0.6066979454830289, 0.49178221728652716, 0.7663131430745125, 0.5014596972614527, 0.7548330784775317, 0.5002419583499431, 0.45976799353957176, 0.4283521747009622, 0.42497936698297656, 0.3966464748606086, 0.3378439562395215, 0.36019119843840597, 0.3904727056622505, 0.3647939745336771, 0.2648600745946169, 0.42429535277187824, 0.3023229457437992, 0.48700267925030655, 0.4787380926311016, 0.4142530735582113, 0.34820515401661395, 0.3764664474874735, 0.4635823220014572, 0.55318499263376, 0.5895344629883766, 0.5518040079623461, 0.38639949510494864, 0.33616004387537635, 0.3552142642852333, 0.45080475602298975, 0.34256602195091546, 0.5236194357275963, 0.3731452815234661, 0.3979796256870031, 0.31560345201028717, 0.37206124849617483, 0.37239246079698207, 0.5732050323858857, 0.5136025659739971, 0.38911261206699743, 0.4477990165352821, 0.5767405098304152, 0.42574935480952264, 0.4701309227384627, 0.4012205330654979, 0.5181026820093393, 0.4230728518217802, 0.2737386791035533, 0.519365020096302, 0.5211182259023189, 0.3582578290021047, 0.39870561510324476, 0.31127699799835684, 0.5186150445551903, 0.4022652660755234, 0.44916893914341927, 0.3363028381252661, 0.39005425944924355, 0.36602278152131473, 0.3981561713748508, 0.440004264894459, 0.4348692253232002, 0.40289757400751114, 0.35004558604624536, 0.48543352633714676, 0.4884923495352268, 0.3932892457814887, 0.3635480675018496, 0.38043958954513074, 0.3323285894468427, 0.5102449007332325, 0.39065981432795527, 0.4039198122918606, 0.4734638070687652, 0.42937537748366594, 0.4289139695879486, 0.3740560568869114, 0.5323630543425679, 0.36084437742829323, 0.37627626661625174, 0.3446464495112499, 0.5162568294908851, 0.3879515347070992, 0.4624794028285477, 0.4556322079151869, 0.48349184253149563, 0.40659543508663776, 0.47214130498468876, 0.33522203419771457, 0.41517332531511786, 0.4243225989863276, 0.6547123894095421, 0.5075274729169905, 0.4583644026890397, 0.41388144008815286, 0.37794054485857487, 0.5621876772493124, 0.3632737837731838, 0.38985545709729197, 0.35671384669840334, 0.3839545249938965, 0.4540380649268627, 0.47255091518163683, 0.3795155752450228, 0.3953187508508563, 0.3678961776196956, 0.4465343525633216]
2025-12-24 21:02:25 - feda2ls - INFO - loss data:
2025-12-24 21:02:25 - feda2ls - INFO - [0.6423634462058544, 0.6200280984242756, 0.5785346802324056, 0.5037762075662613, 0.6289623692631722, 0.5750416859984397, 0.5616335328668356, 0.7223804576529397, 0.6651782211381942, 0.5988855272531509, 0.5770626820623874, 0.5810750726610422, 0.5916512948771318, 0.5829253239324317, 0.6001286059617996, 0.38138170540332794, 0.7191698521375656, 0.539661843329668, 0.5384257831610739, 0.6307958964258432, 0.5414478115737438, 0.4528708390891552, 0.6560953789287143, 0.5568151086853403, 0.6817374184727669, 0.6008776888251305, 0.6079934453591704, 0.5507369386032224, 0.6398273538798094, 0.4383245720295236, 0.5353958943858743, 0.4215311847627163, 0.7339568569635351, 0.42674563005566596, 0.5835397377610206, 0.5022867932915688, 0.6896614208817482, 0.5579014539718627, 0.46756962231463856, 0.5467032997144593, 0.46375595214776694, 0.5352035948696237, 0.6053452434018254, 0.583912620941798, 0.49366708193701925, 0.5342742942273617, 0.49952810555696486, 0.5247136228614383, 0.6461474481556151, 0.4207428269088268, 0.5555515825748444, 0.3711435431614518, 0.5304355844855309, 0.6072534794608753, 0.6373589481744502, 0.41052009304985404, 0.5051831538375053, 0.5809438690543175, 0.6535410219803452, 0.5022274907212705, 0.5273164436221123, 0.4637472353875637, 0.4774310866991679, 0.47491669610608367, 0.3816224027425051, 0.5978954154998064, 0.5450248232939177, 0.4937826756387949, 0.5454817680848969, 0.37632334381341936, 0.5411935269832611, 0.41598694030609396, 0.6397922392934561, 0.563765961676836, 0.6848883637123637, 0.43513950435444715, 0.4801091358065605, 0.5845656145364047, 0.4248569044022588, 0.494825039524585, 0.7802455388009548, 0.4262043063528836, 0.6516289860010147, 0.4939859558103813, 0.4787725793663412, 0.6512586213648319, 0.6334056006744504, 0.46807241151109336, 0.4837200967594981, 0.4434018416537179, 0.45634901821613316, 0.4151042975485325, 0.41206610985100267, 0.6021242115646601, 0.48649754747748375, 0.7945693656802177, 0.5177327133715153, 0.7539567621424794, 0.4991064727306366, 0.46244413033127785, 0.42843299272159735, 0.42797906104889183, 0.3956872411072254, 0.3434430446889665, 0.36421576924622057, 0.3923270162194967, 0.36228514760732655, 0.2671273436397314, 0.4172630812972784, 0.301535252481699, 0.4967352142557502, 0.4904671974480152, 0.41816768385469916, 0.3490342892706394, 0.3754824250936508, 0.47404443389839596, 0.5504992278292775, 0.592275296151638, 0.5542005717754364, 0.3856580642362436, 0.3414012944946686, 0.36027098678880265, 0.45449717063456774, 0.3464951638597995, 0.5213973339647054, 0.37274478282779455, 0.3991999886929989, 0.3253432752357589, 0.38433809410780667, 0.37349499403499065, 0.5797153674066067, 0.5148201920092106, 0.3941449793676535, 0.4545187532901764, 0.5731847109273076, 0.42496318705379965, 0.4848801982589066, 0.40215235855430365, 0.5246042232960463, 0.4253001753240824, 0.27406784109771254, 0.5320892035961151, 0.513883338868618, 0.3568990666884929, 0.4046910431236028, 0.3120695307850838, 0.5223324351500196, 0.424248141158993, 0.4397671464830637, 0.3394926100736484, 0.3946039643138647, 0.37702336963266136, 0.4034941248595715, 0.4433580527702967, 0.44200640842318534, 0.40695585310459137, 0.3545745418717464, 0.48365129679441454, 0.4965993020683527, 0.39322989372885786, 0.3699684714691507, 0.382824644818902, 0.33261465560644865, 0.5113851476460696, 0.4034681644290686, 0.41438697651028633, 0.47563678603619336, 0.43643215643242, 0.43802714964581857, 0.38122098706662655, 0.5373966814950109, 0.35983229205012324, 0.38133152503934176, 0.3537905454221699, 0.5245265531353652, 0.38575143553316593, 0.4742499560945564, 0.4611134482547641, 0.48216944022311103, 0.4039757240563631, 0.47241757716983557, 0.3434025100949738, 0.4127113424241543, 0.4288345448672771, 0.6504772439599037, 0.5107616474851966, 0.46560933329164983, 0.4174019079655409, 0.3873806204646826, 0.561272669583559, 0.3681372173130512, 0.3976221285760403, 0.36536048874259, 0.34998275339603424, 0.4598367866128683, 0.4743838459253311, 0.3847842074930668, 0.40127744283527134, 0.3718527968972921, 0.4437792101874948]
2025-12-24 21:06:07 - feda2ls - INFO - loss data:
2025-12-24 21:06:07 - feda2ls - INFO - [0.6423634462058544, 0.6200280984242756, 0.5785346802324056, 0.5037762075662613, 0.6289623692631722, 0.5750416859984397, 0.5616335328668356, 0.7223804576529397, 0.6651784967049025, 0.598885553330183, 0.5770831473171711, 0.5811952728778124, 0.5917422396441301, 0.5828808240359649, 0.6004721485078335, 0.3813068088144064, 0.7196570932865143, 0.5399503916501999, 0.538430783431977, 0.6306780066341162, 0.5421162743121386, 0.4528627809137106, 0.6565764584682054, 0.5571131147573598, 0.6819610878825187, 0.6006639525294304, 0.6099184418097139, 0.55164500977844, 0.640480490711828, 0.4402137642959133, 0.5380603468045593, 0.42339823320508, 0.7371108713042405, 0.4286401000805199, 0.5844320744276047, 0.5044138360768556, 0.6933953166007996, 0.5582258678972721, 0.4683451480749581, 0.5476262287961112, 0.46690516024827955, 0.5372654660346193, 0.6075182963162661, 0.5855170470145014, 0.49538550776196644, 0.5312795281410218, 0.5016399592161178, 0.5274868329366048, 0.6440826782749759, 0.42218415401875975, 0.5576263092458248, 0.3707872375845909, 0.528736924752593, 0.6081594998637836, 0.6398729541235499, 0.4137503874953836, 0.5067722201347351, 0.5729112587869167, 0.6540872864425182, 0.5006760588847101, 0.5285148620605469, 0.4658918738365173, 0.47550875958469174, 0.4794596246094443, 0.3794641055166721, 0.5889609601348639, 0.5442686869452397, 0.4912694595754147, 0.5416272600491842, 0.3718437451869249, 0.5277361162006855, 0.41212469240029653, 0.6280769873410463, 0.5587376728653908, 0.6729271958271663, 0.43264680868014693, 0.4749959550797939, 0.5764675039798022, 0.41934349668445065, 0.48992062676697967, 0.7620154302567244, 0.4258234622888267, 0.6438350789248943, 0.4888537341935767, 0.47077212226577103, 0.637445829808712, 0.6302148224785924, 0.45589833464473484, 0.4728288544962803, 0.4338288943800661, 0.44493810720741744, 0.4068495359271765, 0.4110690038651228, 0.5919288754463196, 0.4941538614220917, 0.8188112899661064, 0.5027056653052568, 0.7589501263573766, 0.4959291510283947, 0.45406668819487095, 0.4191004581749439, 0.4200596589181158, 0.3886345855891704, 0.33035586815741325, 0.35080643482506274, 0.3867854218930006, 0.3577735960483551, 0.2570464085787535, 0.42985858023166656, 0.29552308805286887, 0.4812299398084482, 0.48190850466489793, 0.40991736128926276, 0.3432730384171009, 0.3650038279592991, 0.4738883094655143, 0.5457899365574121, 0.5940060287714004, 0.5471310716122388, 0.3851847402337525, 0.33118724781605935, 0.3489739867962069, 0.43249562475830317, 0.3398588619893417, 0.5165945995599032, 0.3706138668581843, 0.3928650852292776, 0.3117855141560236, 0.3671093529090285, 0.36463416679762306, 0.5706358281895518, 0.5082629770040512, 0.3867101732227537, 0.4461706209927797, 0.5712417531758547, 0.4379284009337425, 0.458713230676949, 0.38783064391463995, 0.5200805835425854, 0.4176048882305622, 0.27267593517899513, 0.5236839456483722, 0.5450874648988246, 0.348666581697762, 0.39618789143860345, 0.30471737757325174, 0.5142489753889095, 0.39639190605117214, 0.4380885399878025, 0.3346533532720059, 0.38382918601855637, 0.3648272193036973, 0.39067951945794954, 0.42625626135203576, 0.4292230248451233, 0.3945681694895029, 0.33878864029215444, 0.4857351116836071, 0.4730507180094719, 0.391377685329644, 0.35393073128329383, 0.3739424206316471, 0.3254572130739689, 0.5045204916968942, 0.3869545828551054, 0.3954118983820081, 0.4586288021877408, 0.4071139586158097, 0.4258477388156785, 0.374942778216468, 0.5174749679863453, 0.360775825753808, 0.37012646169298224, 0.33969845059845183, 0.504094409942627, 0.3765313387848437, 0.4554717064731651, 0.45253781508654356, 0.4699256978929043, 0.4008402275852859, 0.46118949819356203, 0.3317428299536308, 0.4072401270270347, 0.41300530526787044, 0.5909978739917279, 0.4944980014115572, 0.4501437710598111, 0.4099843319505453, 0.3821272157132626, 0.5442015882581472, 0.3602516189217567, 0.37961375936865804, 0.3564886890351772, 0.34712930396199226, 0.4570020567625761, 0.46521620191633706, 0.37182575576007365, 0.3872980806976557, 0.3640070777386427, 0.44326100051403045]
2025-12-24 21:08:22 - feda2ls - INFO - loss data:
2025-12-24 21:08:22 - feda2ls - INFO - [0.6423634462058544, 0.6200280984242756, 0.5785346802324056, 0.5037762075662613, 0.6289623692631722, 0.5750416859984397, 0.5616335328668356, 0.7223804576529397, 0.6651784967049025, 0.598885553330183, 0.5770831473171711, 0.5811952728778124, 0.5917422396441301, 0.5828808240359649, 0.6004721485078335, 0.3813068088144064, 0.7196570942178369, 0.5399504305794836, 0.538429603446275, 0.6307105783373117, 0.5420504529029131, 0.45297134965658187, 0.6565683220202725, 0.5572552700113091, 0.68234074562788, 0.6012666150927544, 0.6094076348468661, 0.5516686178743839, 0.6401615457402335, 0.44004592651035634, 0.5372219507582485, 0.42140681967139243, 0.735782762678961, 0.4275770228356123, 0.5833830520510673, 0.5034673549234867, 0.6930848471820354, 0.5579203993082047, 0.4678575529406468, 0.5476949041088421, 0.46618137233890594, 0.5369975231587887, 0.6080038893967867, 0.5853915373484293, 0.49510563763033133, 0.5327839881181717, 0.5016916621476412, 0.526864095694489, 0.6460613057845168, 0.4218862120062113, 0.5570775084197521, 0.3706951133906841, 0.5307610807940364, 0.6074110054307513, 0.6391652354763614, 0.41224791877903044, 0.5080157057382166, 0.5782416678965092, 0.6524757146835327, 0.5022900452837348, 0.5295389164239168, 0.4653399918228388, 0.47655863927470316, 0.4797955483663827, 0.3799024078994989, 0.5956089105457067, 0.5446375312490596, 0.49298882149159906, 0.544062006721894, 0.3718298453837633, 0.5324965432286263, 0.4129160898013247, 0.6308477576822042, 0.5596783228218556, 0.6771203217407067, 0.43237307462841273, 0.4766197243705392, 0.5766854733228683, 0.4186117562960135, 0.4879060913808644, 0.7646321654319763, 0.422119870595634, 0.6480115950107574, 0.4910191987744636, 0.47573456056416036, 0.6397252529859543, 0.6195513568818569, 0.4585948050022125, 0.477723419200629, 0.4376876190304756, 0.4498847465962172, 0.4080175142735243, 0.4087011646479368, 0.5931330079212784, 0.4892118717543781, 0.7857058569788933, 0.49949145782738924, 0.7517037019133568, 0.5009812340140343, 0.4597536027431488, 0.4236099681092633, 0.42118311300873756, 0.3930511064827442, 0.3342507117531366, 0.35692561902105807, 0.3873718861490488, 0.3600586999207735, 0.2628459446132183, 0.4149073977023363, 0.2980170290917158, 0.4838261598100265, 0.4803892448544502, 0.41272793896496296, 0.3462075803428888, 0.3759641498327255, 0.467137158744865, 0.5499256318435073, 0.5926309362053871, 0.5534144900739193, 0.38245900140868294, 0.3354181361695131, 0.352336713216371, 0.44726272765547037, 0.3414412905694917, 0.5220065820962191, 0.3696809887886047, 0.3966140318661928, 0.31374092089633143, 0.37109558992087843, 0.3682822396047413, 0.5755633609369397, 0.5170252583920956, 0.3883836388587952, 0.44932451397180556, 0.5776488101109862, 0.4192110847681761, 0.474623569753021, 0.39886598009616137, 0.5258862305432558, 0.42172093167901037, 0.2734223512932658, 0.5217155739665031, 0.5234849900007248, 0.35513721841853113, 0.3971165966242552, 0.3087177950888872, 0.5172679284760306, 0.4012832450421734, 0.45079509913921356, 0.3334355347556993, 0.38735174806788564, 0.3637944744667038, 0.3966447114116616, 0.4393239162862301, 0.4348596051335335, 0.39562471210956573, 0.34814210356109676, 0.48538792356848715, 0.4873635057359934, 0.39798600575886667, 0.36199488586021794, 0.37602812685072423, 0.33221984542906285, 0.5115357371047139, 0.3863505020737648, 0.40322848316282034, 0.4686985297128558, 0.4262923271395266, 0.4285561662995153, 0.3740223274462753, 0.5365356653928757, 0.36088275648653506, 0.37423109552926487, 0.344232771338688, 0.5191107274498791, 0.3847672464326024, 0.464912624615762, 0.4577693063765764, 0.4819021502302753, 0.4021589887328446, 0.47146383486688137, 0.3347148481342528, 0.41473170220851896, 0.42003840021789074, 0.6565698530524969, 0.5091157639399171, 0.4578676722943783, 0.40998333096504214, 0.3818835258483887, 0.5580763584002852, 0.3611469533294439, 0.38937503583729266, 0.35695951879024507, 0.3732716180384159, 0.45739262364804745, 0.4723131097853184, 0.3798675749450922, 0.39470093762502073, 0.3673764143139124, 0.44344995012506844]
2025-12-24 21:26:51 - feda2ls - INFO - loss data:
2025-12-24 21:26:51 - feda2ls - INFO - [0.39537778384983535, 0.611917270347476, 0.463660741224885, 0.8925654694437981, 0.6839868873357773, 0.7768286645412446, 0.9377702474594116, 0.3078593615442514, 0.6526808004826308, 0.5578385628759861, 0.4612592432647944, 0.6418894156813622, 0.3896266039460897, 0.564571825414896, 1.004565465450287, 0.48740486726164817, 0.6068777140229941, 0.6125454895198346, 0.562030640989542, 0.540373633056879, 0.26541409865021703, 0.7598721370100975, 0.593463284894824, 0.421632806584239, 0.3555443629622459, 1.139163824915886, 0.5055760607123375, 0.840345922857523, 0.5923340752720833, 0.4672476969659328, 0.25312073715031147, 0.4150260277092457, 0.5778049860149622, 0.5287189371883869, 0.9373625449836254, 0.39103029035031794, 0.5528588067740202, 0.5130020026117563, 0.4093760624527931, 0.4220146402716637, 0.39828856680542235, 0.31534583233296876, 0.7644834958016873, 0.6446640007197857, 0.5969205364584923, 0.47772729098796846, 0.5834373928606511, 0.4258084002882242, 0.7099037691950798, 0.4851927749812603, 0.5075035627931357, 0.3882041616365314, 0.5051047094166279, 0.6045842148363589, 0.7070758193731308, 0.47389651238918307, 0.3118511652573943, 0.18792148884385823, 0.18913058396428822, 1.2038974642753602, 0.507819851487875, 0.5171596556901932, 0.37339457087218764, 0.3296268776059151, 0.5767958315089345, 0.9491062104701995, 0.4477336207404733, 0.9000446442514658, 0.3800472799688578, 0.4133992027491331, 0.491235426813364, 0.47216481268405913, 0.3732555606402457, 0.4352191358804703, 0.5267512805759906, 0.6823144428431988, 0.35676717236638067, 0.5409884005784988, 0.3376101294532418, 0.3929066024720669, 0.6029658645391465, 0.743435375392437, 0.4913155250251293, 0.5243643462657928, 0.46527763456106186, 0.458641117811203, 0.5468334663659334, 0.8906988985836506, 0.3774517416954041, 0.7780224825255573, 0.3528869073837996, 0.8066003151237965, 0.44423905871808533, 0.7909066125750541, 0.42958274595439433, 0.7457858547568321, 0.5081354238092899, 0.44092168360948564, 0.5982669472694397, 0.4953624404966831, 0.49227699041366574, 0.42524362951517103, 0.32813571728765967, 0.35809214040637016, 0.7089561998844147, 0.4917093213647604, 0.40676876064389944, 0.6044140916317702, 0.4306337025016546, 0.6774950873106718, 0.38724985904991627, 0.4804950371384621, 0.4099302615970373, 0.44513940438628197, 0.4826433934271336, 0.4469424720853567, 0.3870959401130676, 0.3842894408851862, 0.4154142487794161, 0.2725906353443861, 0.5531445354223252, 0.4626222290098667, 0.5422906652092934, 0.48067847415804865, 0.3779875235632062, 0.3712643780745566, 0.6994041822850704, 0.38978086784482, 0.4305532567203045, 0.33648415021598344, 0.5925373710691929, 0.4456173848360777, 0.2853335924446583, 0.16879463512450457, 0.4403821650892496, 0.33381294533610345, 0.22996014980599286, 0.9054648317396641, 0.529890700429678, 0.4974841892719269, 0.44570486061275005, 0.3566156193614006, 0.4998603243380785, 0.35865551978349686, 0.4090921152383089, 0.5540437139570713, 0.3689262196421623, 0.33867578133940696, 0.5543785735964775, 0.4219057116657495, 0.4045209590345621, 0.5621214285492897, 0.3527885779738426, 0.42855371311306956, 0.29306290969252585, 0.5639245703816413, 0.4057590067386627, 0.23492374885827302, 0.42060784716159105, 0.2926851149648428, 0.33340025022625924, 0.316509997844696, 0.329976543225348, 0.454022017121315, 0.9279257692396641, 0.3068170938640833, 0.4686479065567255, 0.48574340417981143, 0.41689443662762643, 0.42598941586911676, 0.306065321713686, 0.47454852312803264, 0.4998794823884964, 0.5201957948505879, 0.27415356002748015, 0.28287541400641203, 0.8334715820848941, 0.5385435707867146, 0.42199175134301187, 0.5111277878284455, 0.46017318181693556, 0.5835948828607798, 0.28707374446094036, 0.7391012661159039, 0.6691281840205192, 0.5340399578213691, 0.5100884277373552, 0.3372160103172064, 0.40670259557664395, 0.7701302833855153, 0.24696892499923706, 0.426749461889267, 0.6164839692413806, 0.6057972684502602, 0.32422616779804225, 0.3071851793676615, 0.6954609431326388, 0.42080799154937265, 0.5517416335642338, 0.38865792006254196]
2025-12-24 21:28:06 - feda2ls - INFO - loss data:
2025-12-24 21:28:06 - feda2ls - INFO - [0.39537778384983535, 0.611917270347476, 0.463660741224885, 0.8925654694437981, 0.6839868873357773, 0.7768286645412446, 0.9377702474594116, 0.3078593615442514, 0.6526808004826308, 0.5578385628759861, 0.4612592432647944, 0.6418894156813622, 0.3896266039460897, 0.564571825414896, 1.004565465450287, 0.48740486726164817, 0.6068777140229941, 0.6125454895198346, 0.562030640989542, 0.540373633056879, 0.26541409865021703, 0.7598721370100975, 0.593463284894824, 0.421632806584239, 0.3555443629622459, 1.139163824915886, 0.5055760607123375, 0.840345922857523, 0.5923340752720833, 0.4672476969659328, 0.25312073715031147, 0.4150260277092457, 0.5778049860149622, 0.5287189371883869, 0.9373625449836254, 0.39103029035031794, 0.5528588067740202, 0.5130020026117563, 0.4093760624527931, 0.4220146402716637, 0.39828856680542235, 0.31532111689448356, 0.7630371235311031, 0.6458906434476376, 0.5963555701076985, 0.4769326440989971, 0.5818465888500213, 0.42590290065854786, 0.7061497479677201, 0.4845721621066332, 0.5081375204026699, 0.38092512879520657, 0.5023186959326267, 0.6051612362265587, 0.7020185522735118, 0.472358551248908, 0.2992319716140628, 0.18770175706595182, 0.18776332326233386, 1.2061492264270783, 0.5028505995869637, 0.5186964549124241, 0.3646849147975445, 0.3254229035228491, 0.5791335782036185, 0.9293255276978016, 0.4682583204470575, 0.9042393587529659, 0.37616606410592796, 0.4156318075954914, 0.494945602118969, 0.4644337773323059, 0.3609426793642342, 0.43340964410454036, 0.5003375064581632, 0.6670253209769725, 0.346954957395792, 0.5509374029934406, 0.32823188360780475, 0.40210077725350857, 0.6129767620004714, 0.7329874590039254, 0.4835218973457813, 0.5117069080471992, 0.46027886942029, 0.4553056925535202, 0.5363365650177002, 0.8808901190757752, 0.3651986390352249, 0.8358597960323095, 0.34821615815162654, 0.7989144690334797, 0.4353619560599327, 0.7968427643179893, 0.4235383827239275, 0.7892604842782021, 0.5044599547982216, 0.4367147855460644, 0.557699441164732, 0.4804760206490755, 0.47826636731624605, 0.41065322756767275, 0.31653206665068867, 0.35840733610093595, 0.6996939435601235, 0.4883095059543848, 0.39062697235494853, 0.5937372766435147, 0.43394522480666636, 0.6835030872374773, 0.38803700953722, 0.47341420501470566, 0.3830010272562504, 0.4654229786247015, 0.4587436217814684, 0.4426612131297588, 0.37194871306419375, 0.3888305589556694, 0.3996906280517578, 0.26411896012723446, 0.5410328838974237, 0.4317397490143776, 0.49135747998952867, 0.4518556036055088, 0.38108949437737466, 0.37587869660928847, 0.690188255161047, 0.3829486217349768, 0.4203742191195488, 0.3315633784979582, 0.5927815556526184, 0.43181237280368806, 0.2798515949398279, 0.1616723917424679, 0.4277726262807846, 0.3277209926396608, 0.2280066472478211, 0.8992988906800747, 0.525491202622652, 0.5003779575228691, 0.44906423091888426, 0.3550877057015896, 0.4893254891037941, 0.3619398526847363, 0.4202722668647766, 0.5608978703618049, 0.3663025535643101, 0.300356063246727, 0.5557280048727989, 0.41100283414125444, 0.4095073726028204, 0.5438917055726051, 0.35021557919681073, 0.425828343629837, 0.28032358549535275, 0.6060958415269851, 0.41066563576459886, 0.22434655986726285, 0.4197300544008613, 0.28690720833837985, 0.32535355538129807, 0.3067801639437675, 0.32210133858025075, 0.450822326913476, 0.923730532079935, 0.3044210035353899, 0.4544911988079548, 0.48450292199850087, 0.4131157547235489, 0.4143497761338949, 0.29901347942650314, 0.4696036074310541, 0.4824393898248673, 0.5174230724573134, 0.2667211856693029, 0.27817111685872076, 0.8358019612729549, 0.5254778020083904, 0.41446708142757416, 0.4968959551304579, 0.4056921135634184, 0.5809825852513313, 0.282237707823515, 0.7273872651159763, 0.6621263541281224, 0.5242503114044665, 0.5331795781850814, 0.3330026399344206, 0.3944478526711464, 0.7558664970099926, 0.2593800751492381, 0.42267399467527866, 0.5978770613670349, 0.5747982695698738, 0.31664859168231485, 0.3005509525537491, 0.6781808473169804, 0.4172606039792299, 0.543459677696228, 0.38702767975628377]
2025-12-24 21:28:14 - feda2ls - INFO - loss data:
2025-12-24 21:28:14 - feda2ls - INFO - [0.39537778384983535, 0.611917270347476, 0.463660741224885, 0.8925654694437981, 0.6839868873357773, 0.7768286645412446, 0.9377702474594116, 0.3078593615442514, 0.6526808004826308, 0.5578385628759861, 0.4612592432647944, 0.6418894156813622, 0.3896266039460897, 0.564571825414896, 1.004565465450287, 0.48740486726164817, 0.6068777140229941, 0.6125454895198346, 0.562030640989542, 0.540373633056879, 0.26541409865021703, 0.7598721370100975, 0.593463284894824, 0.421632806584239, 0.3555443629622459, 1.139163824915886, 0.5055760607123375, 0.840345922857523, 0.5923340752720833, 0.4672476969659328, 0.25312073715031147, 0.4150260277092457, 0.5778049860149622, 0.5287189371883869, 0.9373625449836254, 0.39103029035031794, 0.5528588067740202, 0.5130020026117563, 0.4093760624527931, 0.4220146402716637, 0.39828856680542235, 0.31534583233296876, 0.7644834958016873, 0.6446640007197857, 0.5969205364584923, 0.47772729098796846, 0.5834373928606511, 0.4258084002882242, 0.7099037691950798, 0.4851927749812603, 0.5075035627931357, 0.3882041616365314, 0.5051047094166279, 0.6045842148363589, 0.7070758193731308, 0.47389651238918307, 0.3118511652573943, 0.18792148884385823, 0.18913058396428822, 1.2038974642753602, 0.507819851487875, 0.5170860752463341, 0.3730607558041811, 0.32957283444702623, 0.5748941062018276, 0.9457509435713292, 0.4501512601971626, 0.8991440322250128, 0.3795719822868705, 0.41281879879534245, 0.48968868628144263, 0.4719570234417915, 0.3706084650941193, 0.43736960981041195, 0.5206875801086426, 0.6780901972204447, 0.35408199168741705, 0.5402182742953301, 0.3404872266575694, 0.38621994815766814, 0.6037096526473761, 0.7498616673052311, 0.4919148996472359, 0.5274216078221798, 0.4670701362192631, 0.45538091771304606, 0.5367742385715246, 0.8822491064667701, 0.3629732847213745, 0.7008206569589674, 0.3544517636299133, 0.7837021358311176, 0.45381283573806286, 0.7890298165380956, 0.42815360315144063, 0.7423732951283455, 0.49393996968865395, 0.43803338296711447, 0.5606493055820465, 0.49900553226470945, 0.4878811836242676, 0.4250714465975761, 0.32698019221425056, 0.35939618237316606, 0.7092822641134262, 0.48986564874649047, 0.4110106807202101, 0.6036716502159833, 0.41901142746210096, 0.6861770257353783, 0.38388538360595703, 0.4778782092034817, 0.4052047099918127, 0.4429837968200445, 0.47900300174951554, 0.4472237750887871, 0.388184142485261, 0.3951570210978389, 0.4135065879672766, 0.27987124398350716, 0.5539337433874607, 0.445965064689517, 0.5563619613647461, 0.43567768707871435, 0.38139724396169183, 0.3681712714955211, 0.7163230620324612, 0.38708254136145115, 0.43063430190086366, 0.3356664922088385, 0.5909793607890605, 0.4484163124114275, 0.2848339190706611, 0.16597566101700068, 0.4549468271434307, 0.33255675733089446, 0.22878972850739956, 0.8995012771338224, 0.5370408907532692, 0.511827488988638, 0.43278873935341833, 0.3641793571412563, 0.4996097516268492, 0.36390351206064225, 0.41228707171976564, 0.5536969728767872, 0.36755174174904826, 0.33765472024679183, 0.5414275527000427, 0.42134607806801794, 0.40433776564896107, 0.5610996305942535, 0.3526631765067577, 0.426827659457922, 0.291230708360672, 0.5731370076537132, 0.41235482022166253, 0.23052663840353488, 0.4191099878400564, 0.2922605212777853, 0.33268971778452394, 0.31416634581983094, 0.3270781127735972, 0.4578604519367218, 0.9403407007455826, 0.3066548701375723, 0.4593397121876478, 0.48246752843260765, 0.41600314155220985, 0.42607938684523106, 0.30271946676075456, 0.47743451707065104, 0.5013836931437254, 0.5160940781235694, 0.2741879247128963, 0.28138865530490875, 0.840713195502758, 0.5337670631706715, 0.418110229447484, 0.5109182979911566, 0.4583105057477951, 0.5909651465713978, 0.2850060399621725, 0.7541456967592239, 0.6720356404781341, 0.5377349734306336, 0.5127597607672214, 0.33432223089039326, 0.4084858108311892, 0.7693436399102211, 0.25419569946825504, 0.42472441904246805, 0.6140306539833547, 0.6011788517236709, 0.324735688790679, 0.30312502197921276, 0.6971605516970159, 0.4317599553614855, 0.5556426987051963, 0.38767252601683144]
2025-12-24 21:32:47 - feda2ls - INFO - loss data:
2025-12-24 21:32:47 - feda2ls - INFO - [0.39537778384983535, 0.611917270347476, 0.463660741224885, 0.8925654694437981, 0.6839868873357773, 0.7768286645412446, 0.9377702474594116, 0.3078593615442514, 0.6526808004826308, 0.5578385628759861, 0.4612592432647944, 0.6418894156813622, 0.3896266039460897, 0.564571825414896, 1.004565465450287, 0.48740486726164817, 0.6068777140229941, 0.6125454895198346, 0.562030640989542, 0.540373633056879, 0.26541409865021703, 0.7599370807409287, 0.5934671360999346, 0.42250138856470587, 0.3568626530468464, 1.1476719051599502, 0.5063371248543262, 0.8405441731214524, 0.5916529923677445, 0.46602268144488335, 0.2520720694214106, 0.4069879865273833, 0.5727681677788496, 0.5159020476043225, 0.9364104248583317, 0.39021491035819056, 0.5498143233358861, 0.5104015834629536, 0.4058176688849926, 0.4188974354416132, 0.39819758320227266, 0.31373446881771083, 0.7487790733575821, 0.6387354798614979, 0.593926677852869, 0.474745200201869, 0.5788158737123013, 0.4209073718637228, 0.7026116669178009, 0.4846895959228277, 0.5068020515143872, 0.3816924521699548, 0.5002138487994671, 0.6092615462839603, 0.689093267917633, 0.4618482295423746, 0.29549255408346653, 0.18697029389441014, 0.1874748063273728, 1.1971794933080673, 0.49779421910643573, 0.5167303748428822, 0.35574439615011216, 0.320973601937294, 0.5827278414741158, 0.9155306771397591, 0.46492317132651806, 0.9457926217466592, 0.3753736771643162, 0.42297825049608945, 0.49188654124736786, 0.4560194410383701, 0.35407495964318514, 0.4384293289855123, 0.4745141722261906, 0.622263640165329, 0.33693147748708724, 0.5488513007760047, 0.32131801750510935, 0.42677614018321036, 0.5834329827688635, 0.7294462732970715, 0.474036380648613, 0.5009561419486999, 0.4667745381593704, 0.4539811760187149, 0.5137010082602501, 0.8524570651352406, 0.33952384181320666, 0.8509203181602061, 0.34278685934841635, 0.824112167954445, 0.4097787579521537, 0.7822174780070782, 0.3994217194616795, 0.797141395509243, 0.5035409942269325, 0.43076587431132796, 0.5325164027512074, 0.4657542645931244, 0.45537125021219255, 0.3888130638748407, 0.30232369247823954, 0.3572847228497267, 0.6511816181242466, 0.5137656629085541, 0.3697140276432037, 0.5660629317164421, 0.427131750062108, 0.6983265418559312, 0.3781173126772046, 0.458576724678278, 0.3927583619952202, 0.4173795022070408, 0.4207627277821302, 0.4294315580278635, 0.3535934135317802, 0.40488657504320147, 0.38598084039986136, 0.26930216513574123, 0.5125129073858261, 0.4171287216246128, 0.4398640915751457, 0.47833341360092163, 0.3624206943437457, 0.37549602147191763, 0.6971526376903057, 0.3768766261637211, 0.4067534048110247, 0.3232854560017586, 0.570733642578125, 0.4255874570459127, 0.26659005638211963, 0.1565590722486377, 0.4026981022208929, 0.3187599144876003, 0.2231323632411659, 0.8921501118689775, 0.5129862204194069, 0.5314602691680193, 0.4508821815252304, 0.347389017790556, 0.4783255893737078, 0.36268410459160805, 0.4280299890786409, 0.5647731609642506, 0.3443133343011141, 0.297458291426301, 0.5352547824382782, 0.3973085198551416, 0.3961830850690603, 0.5455953203141689, 0.3461756195873022, 0.42628359869122506, 0.27393492572009565, 0.5890194080770016, 0.40429699681699277, 0.20941869560629128, 0.4152539081871509, 0.2840149275958538, 0.3219471851363778, 0.30294591486454014, 0.3169429324567318, 0.44086336344480515, 0.9046701781451701, 0.30745781473815437, 0.4503760732710361, 0.4699459865689277, 0.4038679610937834, 0.39217585958540435, 0.2867494817823172, 0.4564009610563517, 0.473566385358572, 0.5066267363727093, 0.25706766210496423, 0.26705875229090453, 0.8234979622066021, 0.5113147035241127, 0.4067937880754471, 0.490667798742652, 0.4065638013184071, 0.576396431773901, 0.27257515415549277, 0.7338735371828079, 0.6503950022161007, 0.5091441318392753, 0.5338885746896267, 0.33256968669593334, 0.38964548259973525, 0.7350561067461967, 0.25414066668599844, 0.4158035825937987, 0.5855234228074551, 0.541620534658432, 0.30729565359652045, 0.29649475738406184, 0.6618585027754307, 0.42897120900452135, 0.5074127249419689, 0.3789728324860334]
2025-12-24 21:37:16 - feda2ls - INFO - loss data:
2025-12-24 21:37:16 - feda2ls - INFO - [0.39537778384983535, 0.611917270347476, 0.463660741224885, 0.8925654694437981, 0.6839868873357773, 0.7768286645412446, 0.9377702474594116, 0.3078593615442514, 0.6526808004826308, 0.5578385628759861, 0.4612592432647944, 0.6418894156813622, 0.3896266039460897, 0.564571825414896, 1.004565465450287, 0.48740486726164817, 0.6068777140229941, 0.6125454895198346, 0.562030640989542, 0.540373633056879, 0.26541409865021703, 0.7599370807409287, 0.5934671360999346, 0.42250138856470587, 0.3568626530468464, 1.1476719051599502, 0.5063371248543262, 0.8405441731214524, 0.5916529923677445, 0.46602268144488335, 0.2520720694214106, 0.4069879865273833, 0.5727681677788496, 0.5159020476043225, 0.9364104248583317, 0.39021491035819056, 0.5498143233358861, 0.5104015834629536, 0.4058176688849926, 0.4188974354416132, 0.39819758320227266, 0.3137135706841946, 0.7490060493350028, 0.6402924910187722, 0.5927093967795372, 0.4757499672472477, 0.5783256754279136, 0.4162418097257614, 0.7054982855916023, 0.4845573503524065, 0.5053704522550106, 0.3851207414641976, 0.5028369519859552, 0.6119468964636325, 0.6915759727358818, 0.4660715155303478, 0.29782978259027004, 0.18472127057611942, 0.18570196237415076, 1.217882439494133, 0.4979484915733337, 0.5154352083802223, 0.35875253155827524, 0.32329170517623423, 0.5710635149851442, 0.9121829010546207, 0.4605080531910062, 0.9025237753987312, 0.37295892015099524, 0.42824061103165145, 0.48623965308070183, 0.45902527272701266, 0.3609203344210982, 0.434899016469717, 0.49611215405166154, 0.6449867997318506, 0.3525504358112812, 0.5442704655230045, 0.3278943065553903, 0.405410448089242, 0.5801783928647637, 0.7525677755475044, 0.4778938263654709, 0.512184077501297, 0.45080403685569764, 0.4515242300927639, 0.5256710216403008, 0.9254377141594887, 0.3809431025758386, 0.8589882515370846, 0.3438337218016386, 0.840054078400135, 0.4222840005531907, 0.803637707233429, 0.408242778852582, 0.7972163334488869, 0.510971412807703, 0.4380530156195164, 0.5675991021096707, 0.4788558166474104, 0.46601104065775867, 0.4023272793740034, 0.3072632450610399, 0.3545951910316944, 0.6424419060349464, 0.5211059987545014, 0.38813282307237384, 0.5861777942627668, 0.4223736083135009, 0.6676409980282187, 0.36904933415353297, 0.4678187370300293, 0.3990142077207565, 0.4360581198707223, 0.438003583997488, 0.42873497903347013, 0.3608049584552646, 0.3914335988461971, 0.39288394972681995, 0.2636868692934513, 0.5198263883590698, 0.46721288524568083, 0.46558698117733, 0.4653108522295952, 0.34154121670871973, 0.3820899106562138, 0.6846635401248932, 0.37869173400104045, 0.40597648173570633, 0.3264054153114557, 0.5626470856368542, 0.446289287135005, 0.267387292906642, 0.16204709708690643, 0.43333467915654184, 0.32351538725197315, 0.21865588538348674, 0.894969779253006, 0.5128317765891552, 0.5577886492013931, 0.4682488203048706, 0.342207795381546, 0.4855419389903545, 0.3425557196140289, 0.3886491976678371, 0.5432765107601881, 0.35238700583577154, 0.31537731662392615, 0.5193822860717774, 0.4018186222761869, 0.3904310669749975, 0.5528709501028061, 0.3531562503427267, 0.41545175611972807, 0.2786588463932276, 0.5651411361992359, 0.41143636032938957, 0.21197134405374526, 0.40919474568217995, 0.2799715675413609, 0.3207572653889656, 0.30970152243971827, 0.3359605647623539, 0.4477726753801108, 0.8991909071803093, 0.3052866365760565, 0.45137206837534904, 0.4621324047446251, 0.4030206188559532, 0.4002988331019879, 0.28874888047575953, 0.46742186695337296, 0.4810662504285574, 0.502672154456377, 0.25654850751161573, 0.2615522226318717, 0.8361828826367855, 0.5153134036809206, 0.4066306229680776, 0.4840688735246658, 0.44532329179346564, 0.574724842607975, 0.26779352948069574, 0.7428068533539772, 0.664023756980896, 0.5120840966701508, 0.49384333603084085, 0.32396763004362583, 0.3949462253600359, 0.7439481884241104, 0.2419691914692521, 0.4089419458061457, 0.5940401777625084, 0.5825227543711662, 0.31050551123917103, 0.29406741820275784, 0.6763491421937943, 0.43197920434176923, 0.5204888299107552, 0.3737470585852861]
2025-12-24 21:54:16 - feda2ls - INFO - loss data:
2025-12-24 21:54:16 - feda2ls - INFO - [0.4933563306927681, 0.49030334719767177, 0.4296549076214433, 0.4692775787785649, 0.7680181846022606, 0.4847866170108318, 1.068801039457321, 0.5726028330624103, 0.6284266650676728, 0.5746128857135773, 0.505930346250534, 0.3368129976093769, 0.6424183420836925, 0.48043081518262626, 0.4037214641459286, 0.2701739826239645, 0.9172629916419586, 0.48097249008715154, 0.5243142895400524, 0.6509091556072235, 0.5393467679619789, 0.5054503938183188, 0.3865696913562715, 0.4012567338844141, 0.6030798792839049, 0.3765634262934327, 0.20571768200024962, 0.3296954688305656, 0.5397651811440786, 0.4079100264236331, 0.499570944160223, 0.383554958878085, 0.2507275619544089, 0.18017024016007782, 0.7748911991715431, 0.4257106054574251, 0.4468868443742394, 0.6686264339834451, 0.3308354681823403, 0.1536729486193508, 0.8159190696974595, 0.516220037266612, 0.15594766079448164, 0.6422442467262348, 0.4234886802267283, 0.4156366201117635, 0.3791154585778713, 0.5981123856268823, 0.4555343955755234, 0.41081991170843446, 0.27788721725034216, 0.7564334604889155, 0.7113008499145508, 0.3838543182238936, 0.37837617420591413, 0.1529070904944092, 0.327220105426386, 0.28917696215212346, 0.4518127925693989, 0.3294105980545282, 0.1329699772875756, 0.4913609609007835, 0.5174557283520699, 0.5295311726629734, 0.30674252901226284, 0.6267925854772329, 0.20015562730841338, 0.6798007669858634, 0.46106582283973696, 0.4530325525750717, 0.36422216589562595, 0.8513095036149025, 0.5718834166725477, 0.2758201487828046, 0.45126604326069353, 0.5562397718429566, 0.2866973353549838, 0.21245735455304385, 0.39816944659687575, 0.34001272854705655, 0.3886815272271633, 0.27011831977094214, 0.42333078663796186, 0.3576054709653059, 0.2605698834173381, 0.7684448204934597, 0.5773475959897041, 0.2625793070532382, 0.24078315244987608, 0.5144176436588168, 0.42257370240986347, 0.41115212409446633, 0.2988060551229864, 0.34077368061989544, 0.2417093980591744, 0.4658826233819127, 0.359259688295424, 0.30944836474955084, 0.4644457049667835, 0.5156656220555306, 0.4133030390366912, 0.157687811460346, 0.4917183102108538, 0.28290535776565473, 0.23164108376950027, 0.2839904452984532, 0.3037129696458578, 0.2685007621534169, 0.3053282189182937, 0.5837121116928756, 0.42583643142133953, 0.24941201889887452, 0.8335548460483551, 0.4933491641034683, 0.15938023263588547, 0.4682331795338541, 0.3402888369746506, 0.36450078831985594, 0.3332496722228825, 0.26247677048668266, 0.48991040186956525, 0.15950511666014788, 0.19131027162075043, 0.43435962287088237, 0.1682862219400704, 0.3718774463515729, 0.35087099596858023, 0.36113770212978125, 0.4978277714302143, 0.5759029358625412, 0.49655843572691083, 0.2165795530192554, 0.5156901173293591, 0.22024843320250512, 0.403376669343561, 0.13257510927505792, 0.8537250347435474, 0.4677768440917134, 0.3303635704020659, 0.3179024443030357, 0.3422880755737424, 0.5646951571106911, 0.4269232749938965, 0.39721706714481114, 0.47793081821873784, 0.6424345654435456, 0.321563739515841, 0.3777641168485085, 0.4808546923100948, 0.33877899013459684, 0.37261769799515604, 0.3318236431417366, 0.5683455710299313, 0.2573356173932552, 0.4242294210940599, 0.35336542818695305, 0.4359323727587858, 0.32200483977794647, 0.24315547036627927, 0.2790872149169445, 0.1450434749945998, 0.4232212278991938, 0.7855519935488701, 0.3831958597525954, 0.37106589497998355, 0.2481548635599514, 0.2582004919337729, 0.2469160021748394, 0.40293284291401504, 0.2664948428049684, 0.3753047535816828, 0.4777820701400439, 0.24026283035054802, 0.22487892471253873, 1.064794421941042, 0.7250310909003019, 0.38859560526907444, 0.43491207249462605, 0.34652107693254947, 0.255476613342762, 0.8777949633076787, 0.21773904534056782, 0.48658788241446016, 0.36265774834901093, 0.7912441596388817, 0.8866316169500351, 0.4187637076713145, 0.3799263840541244, 0.4573287246748805, 0.5170286949723959, 0.9265589758753776, 0.5540070295333862, 0.47058208746214714, 0.9072016723453998, 0.7590722694061697, 0.26199171002954247, 0.22919246787205338, 0.28537477776408193, 0.17920183902606368, 0.19574093166738749]
2025-12-24 21:55:09 - feda2ls - INFO - loss data:
2025-12-24 21:55:09 - feda2ls - INFO - [0.4933563306927681, 0.49030334719767177, 0.4296549076214433, 0.4692775787785649, 0.7680181846022606, 0.4847866170108318, 1.068801039457321, 0.5726028330624103, 0.6284266650676728, 0.5746128857135773, 0.505930346250534, 0.3368129976093769, 0.6424183420836925, 0.48043081518262626, 0.4037214641459286, 0.2701739826239645, 0.9172629916419586, 0.48097249008715154, 0.5243142895400524, 0.6509091556072235, 0.5393467679619789, 0.5054503938183188, 0.3865696913562715, 0.4012567338844141, 0.6030798792839049, 0.3765634262934327, 0.20571768200024962, 0.3296954688305656, 0.5397651811440786, 0.4079100264236331, 0.499570944160223, 0.383554958878085, 0.2507275619544089, 0.18017024016007782, 0.7748911991715431, 0.4257106054574251, 0.4468868443742394, 0.6686264339834451, 0.3308354681823403, 0.1536729486193508, 0.8159190696974595, 0.516220037266612, 0.15594766079448164, 0.6422442467262348, 0.4234886802267283, 0.4156366201117635, 0.3791154585778713, 0.5981123856268823, 0.4555343955755234, 0.41081991170843446, 0.27788721725034216, 0.7564334604889155, 0.7113008499145508, 0.3838543182238936, 0.37837617420591413, 0.1529070904944092, 0.327220105426386, 0.28917696215212346, 0.4518127925693989, 0.3294105980545282, 0.1329699772875756, 0.49134067925624547, 0.5177522107958794, 0.5291478015482426, 0.307318779733032, 0.6276658058166504, 0.19828512114472685, 0.6835884587373584, 0.4635302074253559, 0.45357625546554725, 0.36137967826798556, 0.8532680317759513, 0.5662756137549877, 0.274776791036129, 0.4499637883156538, 0.5586290948092938, 0.28621056834235786, 0.21189802046865225, 0.39716806816868483, 0.34263842459768057, 0.3911569584161043, 0.2712442940721909, 0.4194903504103422, 0.3571554464288056, 0.2604724136646837, 0.778589168190956, 0.56528085693717, 0.2655651946552098, 0.24367048852145673, 0.5143396314233541, 0.42899324037134645, 0.4205494957665602, 0.29939495055004955, 0.34200898418202996, 0.24830998959951103, 0.4722366531379521, 0.3573367311619222, 0.3124061203561723, 0.4659574829041958, 0.5186267867684364, 0.422099684830755, 0.1584686605259776, 0.4926825218833983, 0.2837115521232287, 0.2351122777443379, 0.28679755311459304, 0.3058511214796454, 0.2677351302467287, 0.30027413330972197, 0.5818318235687912, 0.4339658910408616, 0.25190427154302597, 0.8357051014900208, 0.5029897311081489, 0.16380998343229294, 0.47427933263437205, 0.34038007259368896, 0.3669002235867083, 0.3350362185388803, 0.26399111822247506, 0.4932669448666275, 0.16201452910900116, 0.19209945695474745, 0.4331199730436007, 0.16898346561938524, 0.3765744763426483, 0.35524710258468983, 0.35993428863585, 0.4983232017606497, 0.574448649212718, 0.48386562429368496, 0.2157692464068532, 0.5135503090918064, 0.21970517807640136, 0.4040355833712965, 0.13444671165198088, 0.8716516338288784, 0.4712803639471531, 0.3285964808116356, 0.32042512129992246, 0.3519229070283472, 0.5832475699484349, 0.4300311028957367, 0.3857117421925068, 0.4806502442806959, 0.6419944544322789, 0.32306959517300127, 0.38086755673090616, 0.4783183380961418, 0.34253692589700224, 0.3759214302524924, 0.3281598576965431, 0.568383706919849, 0.26236637532711027, 0.42089411625638606, 0.3569012159481645, 0.435374699657162, 0.32031271544595563, 0.24562883836527666, 0.28174438662827017, 0.1448286614380777, 0.4285332909785211, 0.7980591468513012, 0.383002891857177, 0.375979405362159, 0.2522822546772659, 0.26048429465542233, 0.248596266284585, 0.4014428825583309, 0.26236048759892583, 0.3741956724164387, 0.48427995269497237, 0.24520746078342198, 0.2266148690134287, 1.0693006187677383, 0.7263978354632854, 0.3939215399324894, 0.42563843354582787, 0.3509772375226021, 0.2586688311149677, 0.8696661716327071, 0.22027895580977203, 0.5067064687609673, 0.36225003339350226, 0.7898724826052785, 0.8718810971826315, 0.4228576780296862, 0.3905046507716179, 0.46394762117415667, 0.5164818074554205, 0.9257637038826942, 0.5556836307048798, 0.4777629695832729, 0.9155901938676834, 0.7553973276168108, 0.26339940931648015, 0.22741471212357284, 0.2863878957927227, 0.1800653447397053, 0.19683367777615784]
2025-12-24 21:55:25 - feda2ls - INFO - loss data:
2025-12-24 21:55:25 - feda2ls - INFO - [0.4933563306927681, 0.49030334719767177, 0.4296549076214433, 0.4692775787785649, 0.7680181846022606, 0.4847866170108318, 1.068801039457321, 0.5726028330624103, 0.6284266650676728, 0.5746128857135773, 0.505930346250534, 0.3368129976093769, 0.6424183420836925, 0.48043081518262626, 0.4037214641459286, 0.2701739826239645, 0.9172629916419586, 0.48097249008715154, 0.5243142895400524, 0.6509091556072235, 0.5393467679619789, 0.5054503938183188, 0.3865696913562715, 0.4012567338844141, 0.6030798792839049, 0.3765634262934327, 0.20571768200024962, 0.3296954688305656, 0.5397651811440786, 0.4079100264236331, 0.499570944160223, 0.383554958878085, 0.2507275619544089, 0.18017024016007782, 0.7748911991715431, 0.4257106054574251, 0.4468868443742394, 0.6686264339834451, 0.3308354681823403, 0.1536729486193508, 0.8159190696974595, 0.5147096838802099, 0.15572444032877683, 0.6401455670595169, 0.42184842512942855, 0.41541538964957, 0.3791145356604829, 0.5949181557632983, 0.45600462704896927, 0.4107810681064924, 0.27719116027777396, 0.7488464944064617, 0.7163844138383866, 0.382599376142025, 0.3789161758497357, 0.15295846476219593, 0.3251626109238714, 0.28939735082288587, 0.45114583522081375, 0.32784982888648906, 0.1331003766041249, 0.4851364159490913, 0.51580940335989, 0.5285942241549492, 0.3062382057774812, 0.6278967216610909, 0.19937661360017955, 0.6756790040060878, 0.4591568309813738, 0.45216976292431355, 0.3594489912968129, 0.8497633934020996, 0.5687744051218033, 0.2713050924241543, 0.44921811707317827, 0.5546647578477859, 0.28571071857586505, 0.2104961230419576, 0.3953125218395144, 0.3406541508932909, 0.3882173141464591, 0.27045884768789014, 0.41794383246451616, 0.3536203533100585, 0.25905696153640745, 0.7659126609563828, 0.5718623660504818, 0.2625267905183136, 0.2439263187969724, 0.5064890218898654, 0.4229210000485182, 0.4123875598112742, 0.29658280354924504, 0.33695311527699234, 0.24714198412839322, 0.4655104181729257, 0.3520272239111364, 0.3143289782106876, 0.4608030289411545, 0.5108842112123966, 0.4117960059083998, 0.1567467955406755, 0.48397384500131013, 0.2814451564103365, 0.22927262568846346, 0.28377692184100545, 0.29963358999229966, 0.26630614111199974, 0.3010023687034845, 0.5691050747409463, 0.42312294598668815, 0.2469938903581351, 0.8109614953398705, 0.5007666150728861, 0.15845491937361658, 0.4676005065363521, 0.3354487758129835, 0.3501192003488541, 0.32717351024039093, 0.2617434147745371, 0.48515502735972404, 0.1594150590710342, 0.19055185914039613, 0.4262862260142962, 0.16789715038612485, 0.37130432561971244, 0.3482885336503386, 0.3465030178427696, 0.4877524543553591, 0.5570512112230063, 0.47790567809715867, 0.21040470898151398, 0.5110336080193519, 0.21771982880309224, 0.39780131429433824, 0.1321032837033272, 0.8537357583642006, 0.43978473227471115, 0.32251494129498803, 0.31048012543469666, 0.34311561230570076, 0.5688971601426601, 0.42042514234781264, 0.3804553341120481, 0.47330387821421027, 0.6301476988941431, 0.3165467008948326, 0.3693572491407394, 0.46661624535918234, 0.3369813801720738, 0.3658864754252136, 0.3204747598307828, 0.5524463200941682, 0.25666024405509236, 0.4085761268623173, 0.34873915445059533, 0.4263058502227068, 0.3164374940097332, 0.2413254709293445, 0.2679751330986619, 0.14134944286197423, 0.4234034206718207, 0.7922876991331578, 0.3748358469456434, 0.3614932720549405, 0.24946740247930088, 0.2514807065638403, 0.24402667498216032, 0.38756301612593236, 0.25060225268825886, 0.3627326851710677, 0.47319104224443437, 0.23728032670915128, 0.22374510588124394, 1.0457061253488065, 0.7068671828135847, 0.38015914186835287, 0.4106100518256426, 0.3400345776230097, 0.2531228595102827, 0.8544461271725595, 0.2217295628041029, 0.46819935385137795, 0.35464003011584283, 0.7785464018583298, 0.8494316376745701, 0.41494124829769136, 0.3843935389071703, 0.45480690244585276, 0.5010355710983276, 0.9020868837833405, 0.5389909200370312, 0.4656251185884078, 0.8998831771314144, 0.7473414855077862, 0.2618010057136416, 0.2238146130926907, 0.28300594529137013, 0.17912269085645677, 0.19408236518502237]
2025-12-24 21:57:36 - feda2ls - INFO - loss data:
2025-12-24 21:57:36 - feda2ls - INFO - [0.4933563306927681, 0.49030334719767177, 0.4296549076214433, 0.4692775787785649, 0.7680181846022606, 0.4847866170108318, 1.068801039457321, 0.5726028330624103, 0.6284266650676728, 0.5746128857135773, 0.505930346250534, 0.3368130050599575, 0.64241838529706, 0.4804308444261551, 0.40372512079775336, 0.270173308160156, 0.9173433563361565, 0.480939912982285, 0.5243143800646066, 0.6510206103324889, 0.539191031207641, 0.5057468147948384, 0.3864261141978204, 0.40109849721193314, 0.6025594130158425, 0.37590251620858905, 0.20571561064571142, 0.32809503295769293, 0.5365876133243243, 0.40684040915220976, 0.4956828411668539, 0.3860486674588174, 0.25036749225109817, 0.1798238932155073, 0.7847330123186111, 0.421946604270488, 0.44362698327749966, 0.6592379389330745, 0.32504761186428366, 0.15223627514205873, 0.7980920907109976, 0.5460368987172842, 0.15439156447537244, 0.6450271752973398, 0.4209218421485275, 0.4184891615062952, 0.3833699102047831, 0.5862218809314073, 0.4573475129902363, 0.41474299132823944, 0.2723714031434307, 0.7355515629053115, 0.7186799325048924, 0.38451807759702206, 0.38181699267588554, 0.1525424739345908, 0.3377281706314534, 0.28615251245597995, 0.45724294893443584, 0.33232510862872006, 0.13311442015692593, 0.4894463344942779, 0.510157635807991, 0.5258703239262104, 0.3017280932981521, 0.6336636254563928, 0.19853226174600422, 0.6710662904195488, 0.4538318108767271, 0.45206153864661847, 0.3704201865475625, 0.8417547404766083, 0.5697421168287595, 0.2751194809563458, 0.45444949381053446, 0.5582240641117096, 0.2855701694265008, 0.20894777737557887, 0.3948647036682814, 0.3395844493061304, 0.38664825409650805, 0.26892021065577865, 0.42809192184358835, 0.3548689722083509, 0.25789798418991267, 0.7480816744267941, 0.5752811066806316, 0.2592438210733235, 0.24041463552663722, 0.5086756961420178, 0.41871859394013883, 0.40410796056191123, 0.2975187686737627, 0.33323599947616456, 0.23307362985797225, 0.46033360809087753, 0.3693598030135036, 0.3161128950305283, 0.4586630344390869, 0.4953538320958614, 0.41002641152590513, 0.1546556016430259, 0.4716307240538299, 0.27582484868665536, 0.2207836386281997, 0.2758811331974963, 0.3018302573589608, 0.2701098402030766, 0.2927348768804222, 0.5448522535152733, 0.40450208354741335, 0.24609491117298604, 0.816512867808342, 0.5097161370019118, 0.16027030907571316, 0.4497176085909208, 0.3336328700184822, 0.3560429603792727, 0.3257705488242209, 0.2550626514479518, 0.481665282510221, 0.1596941076219082, 0.19229071531444786, 0.42465088839332266, 0.16493794303387405, 0.37027385816909375, 0.34350117687135934, 0.3296721573919058, 0.48171838782727716, 0.5623285882174969, 0.4692260045558214, 0.21518426155671477, 0.49656354933977126, 0.215218535810709, 0.40303586032241584, 0.13326254533603787, 0.777650224417448, 0.44724621754139665, 0.32942842769746983, 0.309701362811029, 0.3316141488030553, 0.5468420207500457, 0.4195672355592251, 0.3649069268256426, 0.456904583144933, 0.6399151176214218, 0.3159738777205348, 0.37199407294392584, 0.4734493814408779, 0.33063058629632, 0.36090953191742303, 0.329506539972499, 0.5576189750805497, 0.2526232585310936, 0.4214592917822301, 0.3496766036376357, 0.43286379451553025, 0.3342894700666269, 0.2349716391414404, 0.2754330437630415, 0.14019938139244914, 0.4125581389293075, 0.7431509479880333, 0.3788954990915954, 0.37297127265483143, 0.24422057196497918, 0.2477699925967803, 0.24395102406851948, 0.3955077869817614, 0.25554040595889094, 0.3736944415140897, 0.4690578818321228, 0.23782441187649966, 0.22687120959162713, 0.999748233705759, 0.6986982515081763, 0.406276129744947, 0.3839964233338833, 0.33828825857490297, 0.2481007132679224, 0.8600958958268166, 0.22221304289996624, 0.46028531435877085, 0.36528547909110787, 0.7723559573292732, 0.872476764768362, 0.4235510593280196, 0.3703489612787962, 0.44067050563171506, 0.4783657640218735, 0.9180852934718131, 0.5361544117331505, 0.4477402474731207, 0.8830567702651024, 0.747380161844194, 0.2735383126884699, 0.2254087864421308, 0.2846965864300728, 0.18056677682325245, 0.19666942078620198]
2025-12-24 22:00:15 - feda2ls - INFO - loss data:
2025-12-24 22:00:15 - feda2ls - INFO - [0.4933563306927681, 0.49030334719767177, 0.4296549076214433, 0.4692775787785649, 0.7680181846022606, 0.4847866170108318, 1.068801039457321, 0.5726028330624103, 0.6284266650676728, 0.5746128857135773, 0.505930346250534, 0.3368129976093769, 0.6424183420836925, 0.48043081518262626, 0.4037214641459286, 0.2701739826239645, 0.9172629916419586, 0.48097249008715154, 0.5243142895400524, 0.6509091556072235, 0.5393467679619789, 0.5054479729384184, 0.3865644552744925, 0.40125863502422965, 0.6028774105012418, 0.37708896342664955, 0.20580826634541155, 0.3294739708304405, 0.5390882395207882, 0.40841355863958595, 0.4982644565403461, 0.38258123085834084, 0.2508785848505795, 0.18022884093225, 0.7738891676068306, 0.42585182851180436, 0.4435426130890846, 0.6681637085974217, 0.32804092043079436, 0.15356957246549427, 0.8141281824558974, 0.5255672078579664, 0.1553025071974844, 0.641642831514279, 0.420593030564487, 0.4169870089739561, 0.3783064308343455, 0.5885151991620661, 0.4565016388893127, 0.4130328930914402, 0.276667926258718, 0.7427749209105968, 0.7199247293174267, 0.3823683839291334, 0.3792627841699868, 0.152263722429052, 0.3279307034332305, 0.28773297726487124, 0.45094568803906443, 0.3289698565378785, 0.13230796586722135, 0.48715759795159097, 0.5135125800967216, 0.5232193812727928, 0.30463274419307707, 0.6275671755895018, 0.20032884422689676, 0.670570590114221, 0.4560292076319456, 0.451520440975825, 0.36525507518090305, 0.8379477083683013, 0.573211245238781, 0.27406105389818547, 0.44639067240059377, 0.558700679987669, 0.2869242800399661, 0.21135052954778077, 0.39296034099534155, 0.342803407770892, 0.3868416838347912, 0.2687213186795513, 0.42186449840664864, 0.35439977888017893, 0.25813215649686755, 0.7614360488951206, 0.576615309715271, 0.26164944199845197, 0.2404470535926521, 0.5064234517514705, 0.4241746935993433, 0.4100171302755674, 0.29491668520495296, 0.336147516220808, 0.24970975380856544, 0.4669649487361312, 0.3562588377855718, 0.313345114979893, 0.4563577938824892, 0.5075772926211357, 0.4123726012185216, 0.15537484781816602, 0.48162404373288153, 0.2809160276626547, 0.23308226098306478, 0.2839924062291781, 0.2992417726898566, 0.2679876709356904, 0.30165070816874506, 0.5816882071085274, 0.4265303025022149, 0.24642836186103523, 0.7958460852503777, 0.5342839161554973, 0.16043738266453145, 0.46924859879072756, 0.3341797538101673, 0.35089206174015997, 0.32371033779345454, 0.26252565225586294, 0.48209462156519295, 0.15699753984808923, 0.19002564745023848, 0.42759239512185254, 0.1639695166610181, 0.3724044506903738, 0.3453910095617175, 0.3500174393877387, 0.4889609143137932, 0.549683028459549, 0.4758169394917786, 0.20933141438290476, 0.5075892828404903, 0.21601735870353878, 0.3933673525229096, 0.13140279781073333, 0.8563764028251171, 0.4307157380506397, 0.32536377866442, 0.308650790899992, 0.33803892647847533, 0.5712352886795997, 0.42016959860920905, 0.3699467070400715, 0.4768835729919374, 0.6185576478019357, 0.3189246837049723, 0.3709232515345017, 0.46153061762452124, 0.33238783497363333, 0.3654371552169323, 0.3204210689291358, 0.5499208997935057, 0.2573178863152862, 0.4101976859383285, 0.3463243320584297, 0.4224834841986498, 0.32386328776677453, 0.23930657717088857, 0.267292526550591, 0.13986562471836805, 0.42137554502114655, 0.7779921427369118, 0.3750384021550417, 0.3630530284717679, 0.24780154703184962, 0.2504192601889372, 0.2412207423709333, 0.3892126484308392, 0.25422018114477396, 0.3635413940064609, 0.4694646492600441, 0.23386536464095115, 0.2235744258388877, 1.0361838795244693, 0.6992607077583671, 0.3787950787693262, 0.41812059096992016, 0.33693918045610194, 0.2515629410743713, 0.8580684228800237, 0.2208514664322138, 0.4764763552695513, 0.354028582200408, 0.7764419494196773, 0.8532366469502449, 0.41302469465881586, 0.38649623524397614, 0.4582550562918186, 0.5077848434448242, 0.9027194753289223, 0.5407916381955147, 0.4659005702783664, 0.901844959706068, 0.7427660365588963, 0.26180477906018496, 0.22227150485850872, 0.28222599225118755, 0.180222437530756, 0.193298152834177]
