2025-12-23 22:03:31 - feda2ls - INFO - loss data:
2025-12-23 22:03:31 - feda2ls - INFO - [0.68415168573459, 0.5017054793424904, 0.5836883470959341, 0.5770883660923668, 1.1756658159817257, 0.2988050653482787, 0.5728276927622895, 1.0569578847223586, 0.5769452023009459, 0.10628841449312555, 0.3440084666586839, 0.5774597082287073, 0.40758681083098053, 0.4198622849517657, 0.5022845209021831, 0.17257355573625924, 0.5326238372721351, 0.3973008847341706, 0.3133508881301774, 0.5245614708168432, 0.7241770341061056, 0.11281308165566503, 0.9163722608783758, 0.6058953920761647, 0.3211765570837694, 0.3677773172274614, 0.41665508489434916, 0.25240235373609776, 0.36880140472203493, 0.3489375155419111, 0.1603450396010885, 0.890900838188827, 0.10258167496261497, 1.1244021392949335, 0.355448293284728, 0.28422567337208116, 0.36338250625412916, 0.3197448105784133, 0.287276996147986, 0.33733945712447166, 0.4035803811003764, 0.20843357311872146, 0.5393139096209779, 0.30675485415073733, 0.4431526716798544, 0.3663330193608999, 0.252850746208181, 0.36639257749208276, 0.263122792619591, 0.3163210467086174, 0.37816042550839485, 0.3185147508357962, 0.2224744444518971, 0.3739931765677673, 0.3888814337551594, 0.3751448145757119, 0.22616763908881693, 0.23032202023702364, 0.171283116650496, 0.36836529626614517, 0.23326676290210646, 0.45935778151375845, 0.7398903194814921, 0.39275070975224174, 0.3126560950651765, 0.3208962141225735, 0.2365576477876554, 0.15681010299595072, 0.24695203466108068, 0.16703052522304157, 0.32326311464421453, 0.16511724895099178, 0.4099817029391535, 0.2166695338764435, 0.3596873662124077, 0.294905216130428, 0.32657122492599183, 0.21501342573035986, 0.17445155569450932, 0.3460227997973561, 0.2011160869764817, 0.44578443854633304, 0.4586581020719475, 0.37906031785532834, 0.24481919729099472, 0.7535182143251101, 0.331852510654264, 0.1440492873235295, 0.3581242013446332, 0.1847006012999023, 0.20186012190145752, 0.21234117098785787, 0.5881527389089266, 0.24156971896688145, 0.2996842763386667, 0.21889767252529663, 0.25549780554138124, 0.22947401914764973, 0.22108978817227465, 0.14865368109894916, 0.1574039927800186, 0.45332199869056544, 0.22554135189857333, 0.34337751447622267, 0.041739701722975704, 1.8236962071309486, 0.29646789273247126, 0.4934765763580799, 0.11892270371511889, 1.4182327091693878, 0.3641474085549513, 0.1936739108644617, 0.38639719931480404, 0.38732109057406583, 0.3225482022079329, 0.24286179772496003, 0.40453065621356166, 0.27591092890749375, 0.2335493522385756, 0.32397830623279633, 0.21593543936032802, 0.4042829284887938, 0.2544344819150865, 0.5543003873899579, 0.4185982565395534, 0.22426710398091626, 0.7305847309762612, 0.2746813105574499, 0.2200552924048333, 0.7267314240049858, 0.3386516463942826, 0.2724806722253561, 0.42908113958934946, 0.14884148644826684, 0.8963775036723486, 0.3067319821255903, 0.1668511353665963, 0.46887084327283357, 0.10582838468641663, 0.9221708211737374, 0.46716426552406376, 0.2039816607837565, 0.4840651286765933, 0.2874232463252086, 0.23397656195641803, 0.2114505644344414, 0.3702434129392107, 0.1444180033593771, 1.4945649915685255, 0.31218302756496996, 0.3837950236331194, 0.30903019852315383, 0.4232924045373996, 0.29492863513943224, 0.3686157460324466, 0.34205924095585943, 0.14577008072907727, 0.9466589075823625, 0.30032222199120695, 0.28727664792289337, 0.3399052856490016, 0.3162142894541224, 0.3083487511612475, 0.32163705335309106, 0.6228285663450758, 0.29220363683998585, 0.6015884455293417, 0.3783946033877631, 0.20357140378716093, 0.815399355130891, 0.38962402467926344, 0.3788135535394152, 0.40437454637140036, 0.36124833754840346, 0.29781244931121664, 0.2907704318330313, 0.22160278884693982, 0.524711416554279, 0.3578443652018905, 0.1449672154461344, 0.6475796449595155, 1.122238537669182, 0.6534801343921572, 0.7904961605866749, 0.17370241900789551, 0.5286903521557357, 0.39516727044155786, 0.48496093243981403, 0.552555250720336, 0.5532055878390869, 0.1810723732225597, 0.49614249953172274, 0.3343059147762902, 0.38407540068340795, 0.12479437600510816, 0.20215564044192433, 0.24263541928182047, 0.5222911988518067, 0.16170188199418287, 0.13912212449107683]
2025-12-23 22:57:47 - feda2ls - INFO - loss data:
2025-12-23 22:57:47 - feda2ls - INFO - [0.68415168573459, 0.5017054793424904, 0.5836883470959341, 0.5770883660923668, 1.1756658159817257, 0.2988050653482787, 0.5728276927622895, 1.0569578847223586, 0.5769452023009459, 0.10628841449312555, 0.3440084666586839, 0.5774597082287073, 0.40758681083098053, 0.4198622849517657, 0.5022845209021831, 0.17257355573625924, 0.5326238372721351, 0.3973008847341706, 0.3133508881301774, 0.5245614708168432, 0.7241770341061056, 0.11281020257721298, 0.9157541325609825, 0.6049667261576966, 0.32127117440104486, 0.36934954181122476, 0.4150982014213999, 0.25240678521102594, 0.3692777286904554, 0.34860978843644264, 0.16062565142444024, 0.895327553153038, 0.1037070373732907, 1.1171500725098529, 0.3599263495550706, 0.28616614474837354, 0.3647372676292434, 0.3156365443719551, 0.2894572154272539, 0.3408390237018466, 0.40238161467326183, 0.21112714666329943, 0.5537400848620261, 0.31374835011859736, 0.44747544328371686, 0.36664017736911775, 0.2549320211944481, 0.36728415607641907, 0.26839823136106133, 0.3374756759808709, 0.39759555769463384, 0.3281503411320349, 0.22797778084253273, 0.3823562941647002, 0.4206741042435169, 0.3888755097364386, 0.23511667652831725, 0.2339167985909929, 0.1724171133886557, 0.36603050033251444, 0.23866861898762484, 0.4417863475949261, 0.881613614782691, 0.39419594295322896, 0.3221527724837263, 0.32171808304708627, 0.2399248543350647, 0.15701345895261815, 0.2513614875342076, 0.16437141966695587, 0.3308226433504994, 0.1679519418248674, 0.41835670135437675, 0.21709335629905885, 0.34225424242516356, 0.29492657238151876, 0.3161636686549546, 0.21312630459164772, 0.16900764125657705, 0.3434191798170408, 0.20628885148377296, 0.4267252698540688, 0.455378455006414, 0.34198705898597836, 0.2343210450541365, 0.7505362264811992, 0.33999319258663385, 0.13974066174123437, 0.3557963326552903, 0.18837251800995988, 0.20254062245367094, 0.2106939298106904, 0.6016888157775004, 0.2450011503882706, 0.30147231320540113, 0.2189167763416966, 0.21409959229640663, 0.2260791582436165, 0.20637048485700804, 0.14448534087083922, 0.20808253249318417, 0.4458323289329807, 0.22427928515244275, 0.3463490659903203, 0.038886518464078465, 1.8490173121293385, 0.2931185823865235, 0.4819390580058098, 0.11362781475569743, 1.3932173560476966, 0.361955389007926, 0.19036512770928826, 0.36834778435384996, 0.3954167377203703, 0.32774597220122814, 0.2311705938889645, 0.3962780572474003, 0.25661981496959924, 0.2324316831926505, 0.3185755306505598, 0.20217631813914824, 0.4212370527287324, 0.2577937244127194, 0.5397509114195903, 0.4154807119630277, 0.22298495632906756, 0.7202727364492603, 0.2726237460738048, 0.22542497840310846, 0.7363380758235087, 0.3435187730938196, 0.2756419300346117, 0.41473158312340574, 0.14252394530922174, 0.9208893015581583, 0.3041632507927716, 0.15470856320656215, 0.49403758249467333, 0.10345782454241997, 0.9224820128988284, 0.4471950517036021, 0.19801772121572866, 0.44459683358048396, 0.300019150485213, 0.22412150260837127, 0.2081728855147958, 0.35827258249434335, 0.14499221296725973, 1.5122018621613582, 0.2935717808782451, 0.3578217512187667, 0.31630761300524074, 0.4194593373686075, 0.2891683727916744, 0.3677800511941314, 0.3399610717470447, 0.1410325558773954, 0.9449365394810836, 0.29537572824795333, 0.28304556477814913, 0.33186034895479677, 0.3100021057451765, 0.28912740022254485, 0.30446801784758765, 0.6354528356343507, 0.2897686650954364, 0.6248622829715411, 0.37688837070018055, 0.19535056840007503, 0.8460892976572116, 0.38020877850552404, 0.36744904766480124, 0.38989420110980666, 0.3506858288354817, 0.27958222925662995, 0.2843354538160687, 0.2053446122134725, 0.5295994557738782, 0.3790769369341433, 0.1323579233760635, 0.6670660509877145, 1.2034921346853178, 0.6429516644993176, 0.7866322437094317, 0.1698584509062736, 0.5104732975765478, 0.37553165643749864, 0.4592038076991837, 0.528480638534977, 0.5362155258655548, 0.17881832262501118, 0.4967211004243129, 0.3368127859361908, 0.37763752810036144, 0.11671646400354803, 0.1958057117648423, 0.2361509102396667, 0.5272715794188636, 0.15568355390181143, 0.13009260318552454]
2025-12-23 22:57:55 - feda2ls - INFO - loss data:
2025-12-23 22:57:55 - feda2ls - INFO - [0.68415168573459, 0.5017054793424904, 0.5836883470959341, 0.5770883660923668, 1.1756658159817257, 0.2988050653482787, 0.5728276927622895, 1.0569578847223586, 0.5769452023009459, 0.10628841449312555, 0.3440084666586839, 0.5774597082287073, 0.40758681083098053, 0.4198622849517657, 0.5022845209021831, 0.17257355573625924, 0.5326238372721351, 0.3973008847341706, 0.3133508881301774, 0.5245614708168432, 0.7241770341061056, 0.11281020257721298, 0.9157541325609825, 0.6049667261576966, 0.32127117440104486, 0.36934954181122476, 0.4150982014213999, 0.25240678521102594, 0.3692777286904554, 0.34860978843644264, 0.16062565142444024, 0.895327553153038, 0.1037070373732907, 1.1171500725098529, 0.3599263495550706, 0.28616614474837354, 0.3647372676292434, 0.3156365443719551, 0.2894572154272539, 0.3408390237018466, 0.40238161467326183, 0.21099579931857684, 0.5622072510964548, 0.31249114490735036, 0.45170337905486424, 0.3661058753314945, 0.2536382764577866, 0.36716233670042875, 0.2679207074662877, 0.3232533290128534, 0.38430724140877526, 0.32329115448519585, 0.2230117151940552, 0.38288414391822045, 0.38986237184144557, 0.381284324452281, 0.23062203081790358, 0.2340412753789375, 0.17508872542045234, 0.3677148522602187, 0.23504418380422673, 0.42643483187866343, 0.8327005750189225, 0.39252090901136394, 0.3100803796201944, 0.32178902292535416, 0.23956670541471492, 0.155737093805025, 0.24345212895423174, 0.1545257352059707, 0.32712789785582574, 0.16612672609820342, 0.40108451148590596, 0.21606474773596146, 0.34661503015086054, 0.29035434866091236, 0.312496400411981, 0.2148557937811487, 0.173566989523714, 0.3502519142193099, 0.19978515118495768, 0.431514227266113, 0.4532702865286006, 0.361378797950844, 0.23258153423307437, 0.815070711572965, 0.33763155399097333, 0.13681893165921793, 0.35032434264904116, 0.18374898868586081, 0.19957243380292009, 0.2088084893784624, 0.5666422940790653, 0.23981525025640926, 0.2948862675577402, 0.21311142781438924, 0.24929138174047694, 0.22314723285938573, 0.20151096657037926, 0.1504462733185695, 0.19127556783011337, 0.42748959927509234, 0.22167017833368544, 0.34032674386565176, 0.038991806044863304, 1.9045232823739449, 0.29153815265744926, 0.47245615236461164, 0.11669090038631111, 1.3294203206896782, 0.35508024332424004, 0.1838626756834296, 0.383514529090518, 0.3916926292081674, 0.3237179758204591, 0.2196330743670628, 0.40261022572716076, 0.2705308227489392, 0.22839373822013537, 0.31725012290407906, 0.20702372463808083, 0.3950204174876923, 0.2523870661544303, 0.5279620241994659, 0.4174411976709962, 0.2172400516613076, 0.7455815525609069, 0.2675763978001972, 0.2186256532579483, 0.6859747141313095, 0.3534575807861984, 0.2619249881434832, 0.41666685889164606, 0.13153986948018428, 0.9770113728009164, 0.2999997536962231, 0.15880247997508073, 0.4648571411990339, 0.09637690723175182, 0.8710728159914605, 0.4315766314310687, 0.19905401591289168, 0.44505476153766116, 0.2861746169340152, 0.22385664590013526, 0.1974641517037526, 0.3477677795880785, 0.1386690051742508, 1.4829825401306151, 0.2856837784900283, 0.346977827946345, 0.30164749796191853, 0.41270357978840666, 0.28808870176888174, 0.3621655167080462, 0.3167965950444341, 0.1383238953063447, 0.9169212425748507, 0.29630539120574084, 0.2735925411805511, 0.3187551889568567, 0.308755235063533, 0.2903354306084414, 0.3102620722881208, 0.6212365201363961, 0.28581830195727803, 0.6067945942282676, 0.3568685295060277, 0.19773466940969228, 0.8340155754238368, 0.37739915363490584, 0.3717930773893992, 0.3933186177164316, 0.3504016293656258, 0.2787935938065251, 0.2814594156264017, 0.20612501877670486, 0.5411572103508008, 0.37303636350358527, 0.13518023894478876, 0.652190032452106, 1.2018902132908504, 0.6403720714151859, 0.7740209672186109, 0.17011359514726793, 0.5128172959328866, 0.3745073165525408, 0.4623962232532601, 0.5258982220234779, 0.5239615271488826, 0.17904937618101635, 0.4911903095017705, 0.34009132232955275, 0.38499939879402517, 0.11698937717204291, 0.19471436926784613, 0.23516569359538458, 0.5198763190280823, 0.15734874069069824, 0.13231149405405362]
2025-12-23 23:16:24 - feda2ls - INFO - loss data:
2025-12-23 23:16:24 - feda2ls - INFO - [0.441121628302533, 0.9042635975261823, 0.672179755000841, 0.42819868157772967, 0.49034459503988426, 0.4037888314781917, 0.3933597589713625, 0.3647146097456033, 0.4500371415168047, 0.48650216456680073, 0.42585125590364137, 0.3181033821953904, 0.48002072840188603, 0.23012273466116384, 0.4515999565999477, 0.22798298336306794, 0.5437451913952828, 0.1059063495731809, 0.39651840739808547, 0.37607413360050745, 0.41659117149455205, 0.11654518661347942, 0.47850921199257884, 0.22980917596997805, 0.22588433730998075, 0.5367609846982218, 0.35218893916656574, 0.08890074884421588, 0.5316088844977673, 0.31747067645192145, 0.3532008068717044, 0.3873451907457649, 0.40150146149098875, 0.12179868705958749, 0.8561843846892488, 0.2742952874308685, 1.947994403541088, 0.41448818299298484, 0.40965080513439567, 0.39136808818827074, 0.21395392421164333, 0.36086909448107085, 0.2673603110338768, 0.355215979828721, 0.39328535885000837, 0.18333814101448903, 0.2888863187520959, 0.39516304564000904, 0.33805275078275765, 0.2817461911744128, 0.10200426070403087, 0.06569586204326092, 0.6624903601522629, 0.3886391431004519, 0.3633259298327641, 0.24140325281470537, 0.2925225803240513, 0.5851499341104341, 0.3672362210593004, 0.2164045035677393, 0.21300371234149984, 0.2709858906409685, 0.2854133343721247, 0.5900347022753623, 0.37549846210706994, 0.19328530457181237, 0.22388445875686036, 0.197991216930506, 0.44133074163562724, 0.3156871107246341, 0.31549973008570786, 0.198670274624601, 0.493222757600821, 0.21795612106668866, 0.3415939128244402, 0.21322395030526076, 0.05237575975365426, 0.32113074640898653, 0.3076936176046729, 0.21056637996779975, 0.4400382130492083, 0.21003662524287164, 0.230877250547166, 0.2414619474388335, 0.2038524258065514, 0.32837029696841324, 0.3539353458521267, 0.4338561725513689, 0.19764338174327034, 0.5673841844002405, 0.2612760846503079, 0.36167052107907477, 0.3730319714439767, 0.429789576413376, 0.33209251640808013, 0.20117618950887345, 0.17403803049431493, 0.20933890498298055, 0.2261066761876767, 0.3020785314607478, 0.3384159461284677, 0.3595969997389221, 0.10715879632706572, 0.4070486195385456, 0.332956753272031, 0.3856916449581965, 0.2539986311846102, 0.336274226000976, 0.24802540965999165, 0.5385342619485325, 0.1708882920696245, 0.3219383712680567, 0.2006951286722267, 0.3464310540507237, 0.26478307313569216, 0.27995850235844655, 0.41846431361941194, 0.350696374475956, 0.4094174630366839, 0.36956977595885593, 0.2967003023872773, 0.4145016157378753, 0.3096476786759222, 0.3437141919242484, 0.33227270418970745, 0.2699174171934525, 0.31402566979328794, 0.32485247535838024, 0.33978008055885145, 0.5599155446084646, 0.31097642286192806, 0.11781903020649528, 0.4075635905829369, 0.6224902373417711, 0.20451166737281407, 0.25973932184278964, 0.47977939508855344, 0.3161274596841799, 0.5895810264392175, 0.3342361668220315, 0.3612411792079607, 0.27720956429839133, 0.4507776888870243, 0.2773827880413996, 0.24528747744237384, 0.2846711570397019, 0.1861499833198739, 0.33894729681122, 0.25208146212888616, 0.21413437448708073, 0.5366749193519353, 0.25174758144630455, 0.4438242123151819, 0.3285679718597777, 0.3308602083208305, 0.30122027781215455, 0.34200669843703513, 0.28144901677345235, 0.5720271091080373, 0.31866300813853743, 0.3343444708734751, 0.4930795315239165, 0.33957571650252627, 0.3234832868546895, 0.3200627501180648, 0.3149198962641614, 0.3713683435072501, 0.328672106936574, 0.33345223109548294, 0.34090063112477464, 0.3338450706253449, 0.2923338568936556, 0.3745399206167176, 0.3747184065481027, 0.3498976367629237, 0.41708173832068074, 0.36368198390456213, 0.32293406073004005, 0.21335355091012187, 0.4204723536347349, 0.3562581901047109, 0.34403442756997216, 0.36082969279638655, 0.2944681969002571, 0.4041931222253604, 0.3340349726378918, 0.28410970502186056, 0.3891411003967126, 0.3131839681002829, 0.30124022349139346, 0.42792345620691774, 0.4134953691313664, 0.33053663402052635, 0.33731875171994463, 0.35817733251800143, 0.33314248571831806, 0.38410486918356684, 0.4388879485428333, 0.3484453907059062, 0.5019620771209399]
2025-12-23 23:52:01 - feda2ls - INFO - loss data:
2025-12-23 23:52:01 - feda2ls - INFO - [0.441121628302533, 0.9042635975261823, 0.672179755000841, 0.42819868157772967, 0.49034459503988426, 0.4037888314781917, 0.3933597589713625, 0.3647146097456033, 0.4500371415168047, 0.48650216456680073, 0.42585125590364137, 0.3181033821953904, 0.48002072840188603, 0.23012273466116384, 0.4515999565999477, 0.22798298336306794, 0.5437451913952828, 0.1059063495731809, 0.39651840739808547, 0.37607413360050745, 0.41659117149455205, 0.11645747703215521, 0.47376681494393513, 0.2290232944530526, 0.2255965960600103, 0.5386833043414212, 0.3524821152999288, 0.09136627625759228, 0.5272543875234468, 0.31461960685749846, 0.3517998383056534, 0.3849254449964433, 0.3989952483524879, 0.12524955052067527, 0.8432706430040557, 0.26900362199521627, 1.8766836499174435, 0.3929913387944301, 0.4127210440040869, 0.3881332338477175, 0.21508400660617366, 0.36056870594620705, 0.2682779101279771, 0.3523132688765015, 0.3873196595754379, 0.18194508847470087, 0.2844042178413171, 0.3935479504420706, 0.3360858909040014, 0.2809179903939366, 0.10143466954639949, 0.06472256006478952, 0.6433324601787787, 0.39082293134360085, 0.36196427914576657, 0.23718071225473386, 0.28830160592139387, 0.5794487114509811, 0.3676589761942739, 0.21884125813958233, 0.2114730114713893, 0.26317805130874705, 0.2720370447564432, 0.6861601011543017, 0.374925120992206, 0.18788414451604085, 0.22190391496331313, 0.19619985071316765, 0.44054319200416403, 0.31225303578479535, 0.30837650118320753, 0.1921721059828997, 0.49865442915604663, 0.2156725877093979, 0.33585250947038864, 0.21113179889586328, 0.052576161576343663, 0.31113191166401116, 0.30442999337489407, 0.2084639984119262, 0.42852734128907055, 0.20953928011879483, 0.22860078797564798, 0.23805856059534827, 0.19731098319053197, 0.32736131223805603, 0.3429550055103997, 0.45056141119921345, 0.19561604163121035, 0.5510578184078136, 0.2571361718388895, 0.35872697715780566, 0.37352968313332113, 0.42763073037245447, 0.32535781099327976, 0.20027051220657122, 0.1712261325793852, 0.20599739991731064, 0.22234062165177115, 0.29663396587684043, 0.337553295151641, 0.35801145588957717, 0.0969887043945265, 0.4007770102471113, 0.32692379881406114, 0.3854867421472684, 0.24815209455943357, 0.3290301757953351, 0.22737095739382007, 0.5948746610432863, 0.16544963263828927, 0.3178320904838897, 0.19113185533833707, 0.35211165683964885, 0.25420505065147, 0.2824685908659982, 0.4112532422201246, 0.354846053943038, 0.41219769117350763, 0.3666909563044707, 0.29361916488657397, 0.4171387487401565, 0.30579173316344105, 0.3380595018998498, 0.3277631564643876, 0.2616024542599916, 0.3107675721247991, 0.32134669596950216, 0.32832391288480145, 0.5405036300802842, 0.3037588245989311, 0.11653478757943958, 0.3525314244211629, 0.5197126049266643, 0.19317886545565366, 0.2686819979144881, 0.449616277590394, 0.34232769212168124, 0.5074160950717287, 0.33199257895063894, 0.3464922146250804, 0.27528035073644586, 0.425363907493327, 0.26904653372498705, 0.23298423616215586, 0.2781505859146516, 0.16233139940007935, 0.3336670762644364, 0.23377091932509625, 0.21066551908761974, 0.48008754936357334, 0.24046491158959002, 0.38843509859095016, 0.28386957567953874, 0.32657790261187725, 0.2967423778027296, 0.3258107968295614, 0.26468373015522956, 0.511077319789264, 0.3133420992642641, 0.31642689336505203, 0.5821829823156197, 0.36169426010958117, 0.3197866743187542, 0.3112516873157941, 0.3086354980777417, 0.33880347218364476, 0.35154335349798205, 0.33575933163418714, 0.3388229406128327, 0.30862593636330626, 0.2823491734810747, 0.36889944197166535, 0.3632043585181236, 0.3475813705060217, 0.41834080305237037, 0.35862065786900726, 0.32103570426503814, 0.20184146896418598, 0.429662732531627, 0.35258220123747985, 0.33972204563518366, 0.3520273803893862, 0.28911057748874414, 0.39934848256095157, 0.3361546018662361, 0.2851009087162275, 0.38346889019012453, 0.29904716532263487, 0.29139005294708525, 0.42830808150271577, 0.4037761675814787, 0.3262690810767739, 0.32947705461114063, 0.3476138105854774, 0.3281301798657601, 0.3807521564265092, 0.4487906116992235, 0.3387633742143711, 0.5110626246780157]
2025-12-23 23:54:43 - feda2ls - INFO - loss data:
2025-12-23 23:54:43 - feda2ls - INFO - [0.68415168573459, 0.5017054793424904, 0.5836883470959341, 0.5770883660923668, 1.1756658159817257, 0.2988050653482787, 0.5728276927622895, 1.0569578847223586, 0.5769452023009459, 0.10628841449312555, 0.3440084666586839, 0.5774597082287073, 0.40758681083098053, 0.4198622849517657, 0.5022845209021831, 0.17257355573625924, 0.5326238372721351, 0.3973008847341706, 0.3133508881301774, 0.5245614708168432, 0.7241770341061056, 0.11281308165566503, 0.9163722608783758, 0.6058953920761647, 0.3211765570837694, 0.3677773172274614, 0.41665508489434916, 0.25240235373609776, 0.36880140472203493, 0.3489375155419111, 0.1603450396010885, 0.890900838188827, 0.10258167496261497, 1.1244021392949335, 0.355448293284728, 0.28422567337208116, 0.36338250625412916, 0.3197448105784133, 0.287276996147986, 0.33733945712447166, 0.4035803811003764, 0.20843357311872146, 0.5393139096209779, 0.30675485415073733, 0.4431526716798544, 0.3663330193608999, 0.252850746208181, 0.36639257749208276, 0.263122792619591, 0.3163210467086174, 0.37816042550839485, 0.3185147508357962, 0.2224744444518971, 0.3739931765677673, 0.3888814337551594, 0.3751448145757119, 0.22616763908881693, 0.23032202023702364, 0.171283116650496, 0.36836529626614517, 0.23326676290210646, 0.4445028510649039, 0.7845353423307339, 0.39151191599667073, 0.31037954570104676, 0.31943467966325223, 0.23762586705076197, 0.15563208819366992, 0.24538972472461562, 0.16294632120989264, 0.3212935992128526, 0.16424053822023174, 0.4119036874208504, 0.21526697377105142, 0.35209795481835804, 0.29435894074849783, 0.32062879335612826, 0.2126401629143705, 0.17302406729858869, 0.341314028793325, 0.19987990261182786, 0.4330591370869014, 0.45909199780888027, 0.3743199705456694, 0.24441952287349575, 0.6836489863072832, 0.3282101694494486, 0.14063241805609628, 0.3603153717601774, 0.18185900837982982, 0.20051531041584286, 0.2079719562211026, 0.5959218747913837, 0.23920231107622386, 0.2976265467392901, 0.21288521467552832, 0.25847934623016044, 0.2261840122063101, 0.2208151424158878, 0.14403546933317557, 0.1697170374682173, 0.44313861435900126, 0.2223049156193156, 0.33687344871993574, 0.04089922445956629, 1.7502518344670535, 0.2897168969114622, 0.4820180330425501, 0.12257150660928649, 1.3625295903119776, 0.358157238488396, 0.1842573289031115, 0.40723418029120717, 0.3828158926218748, 0.3177712240832902, 0.23312590284861953, 0.4074318764110406, 0.2755872474362453, 0.2314785565560063, 0.3185623353308377, 0.21037040130856136, 0.39428626839958486, 0.25437871819982927, 0.5369089761128027, 0.4228336843661964, 0.2225085061819603, 0.7620045559015125, 0.26898407970244687, 0.21861395452038518, 0.7122169051032801, 0.3505817363038659, 0.2656783382766522, 0.4216094732284546, 0.14138448899514816, 0.9224389947817794, 0.3048736107846101, 0.17194006281594437, 0.4459978170205085, 0.10112587382706503, 0.8901773178424591, 0.4473184418332364, 0.1980403821566142, 0.49200728144496675, 0.27539142540250067, 0.23528164698897552, 0.20152977123701324, 0.36133983101074896, 0.14162917997732402, 1.4668340233465036, 0.31363992275664015, 0.3758520715320722, 0.30397940898935, 0.421425515289108, 0.2919902914100223, 0.35818436788395047, 0.3302927841121952, 0.14425226268449834, 0.9117464238156875, 0.3018055532260665, 0.28135632295161483, 0.3219042597338557, 0.3126915570969383, 0.30075217007348937, 0.3123239365716775, 0.6450604852288961, 0.26790254083683807, 0.6711536647131046, 0.3706582868782182, 0.18879669761906068, 0.8247734074791273, 0.3791261882831653, 0.3787225507820646, 0.4083792011563977, 0.35128126451302144, 0.29736503871778647, 0.28192618747707454, 0.22714928214748703, 0.4898409828304862, 0.3567881496623158, 0.13901526792906224, 0.6553835589193906, 1.1406351247181497, 0.6332734302928051, 0.7569736808538436, 0.1804616213106783, 0.4898958926253459, 0.3748934700172029, 0.4464362367987633, 0.5250550326294242, 0.5206059546520313, 0.18227259799217185, 0.48393577976773183, 0.33664264595683885, 0.3803297327210506, 0.1235098050131152, 0.1982679952556888, 0.2365560889864961, 0.5110825031818378, 0.16203695773147048, 0.13752195208022994]
2025-12-23 23:57:27 - feda2ls - INFO - loss data:
2025-12-23 23:57:27 - feda2ls - INFO - [0.68415168573459, 0.5017054793424904, 0.5836883470959341, 0.5770883660923668, 1.1756658159817257, 0.2988050653482787, 0.5728276927622895, 1.0569578847223586, 0.5769452023009459, 0.10628841449312555, 0.3440084666586839, 0.5774597082287073, 0.40758681083098053, 0.4198622849517657, 0.5022845209021831, 0.17257355573625924, 0.5326238372721351, 0.3973008847341706, 0.3133508881301774, 0.5245614708168432, 0.7241770341061056, 0.11281308165566503, 0.9163722608783758, 0.6058953920761647, 0.3211765570837694, 0.3677773172274614, 0.41665508489434916, 0.25240235373609776, 0.36880140472203493, 0.3489375155419111, 0.1603450396010885, 0.890900838188827, 0.10258167496261497, 1.1244021392949335, 0.355448293284728, 0.28422567337208116, 0.36338250625412916, 0.3197448105784133, 0.287276996147986, 0.33733945712447166, 0.4035803811003764, 0.20825360879922905, 0.5329413193510846, 0.3076337152781586, 0.44001173973083496, 0.36606701513131457, 0.25286987697084745, 0.3659827893026746, 0.2619822629986124, 0.31932093046295146, 0.3748503586432586, 0.3194815290858969, 0.22223150636224698, 0.3746337571979633, 0.3902516833040863, 0.37349710222333665, 0.22378807431863001, 0.22765235717718801, 0.1665353853648412, 0.3689598568611675, 0.23288794902327936, 0.4241922008775629, 0.8261193737387658, 0.38965350737174353, 0.3076020593444506, 0.3193535083550073, 0.23536209940599898, 0.15408063468833763, 0.24373171258096893, 0.15757177474442868, 0.3227024169328312, 0.1637114794284571, 0.40300415226568775, 0.21215976240734258, 0.34024372280885773, 0.2869297760538757, 0.31473120696699386, 0.21190545099238173, 0.16651395898194107, 0.3416772796151539, 0.1991241257606638, 0.4280096253173219, 0.4535798264874352, 0.3593028526753187, 0.23724464792929426, 0.706519321600596, 0.32650230278571446, 0.13303361102783431, 0.35869503940281633, 0.18003418370200774, 0.20060281068241845, 0.20721559414730517, 0.6056176194300255, 0.2404863412491977, 0.29593694796785713, 0.2151143974508159, 0.25740788609255105, 0.22420511648524555, 0.20789272336286302, 0.14508927666853802, 0.18854685982417627, 0.4344979257633289, 0.22210135610657744, 0.3431140575557947, 0.04182610503973111, 1.7202167137215534, 0.29288487825542686, 0.4895308740437031, 0.1222841601294931, 1.3402183678829007, 0.36064623209337393, 0.18857964225089513, 0.40744993858851297, 0.3900061498085658, 0.318746319519622, 0.23430073952699518, 0.4093403889487187, 0.2697677494337162, 0.22923559503008922, 0.31836522463321065, 0.21369190789991988, 0.3975264185684777, 0.254685905110091, 0.5408993226165573, 0.4258816307410598, 0.22365407476512095, 0.7383952545933425, 0.2711100523903345, 0.22082943266834176, 0.7076206725950425, 0.35499309841543436, 0.26784811967486577, 0.4240080355356137, 0.13777502345037645, 0.9708135722737228, 0.3019554991895954, 0.16447041425465916, 0.4476680315010959, 0.09930065763473976, 0.8815991014504853, 0.44863872615886585, 0.20111517640568005, 0.4770658270766338, 0.27703998516767453, 0.231971148114341, 0.19941397468404223, 0.36113956885722776, 0.14259700307323198, 1.5117092849065858, 0.3051241913199192, 0.3669511273025702, 0.3001396878777693, 0.4119043730199337, 0.28584412092136013, 0.3621798539534211, 0.33095764204238853, 0.14335620201503235, 0.893702361236016, 0.3045543359725603, 0.2769368737315138, 0.31982636128862696, 0.31277409587055444, 0.3003155063682546, 0.31243688163037103, 0.6404413517564536, 0.2790009895827444, 0.6368140696237485, 0.37119647466267147, 0.19406051880990466, 0.8221081845462322, 0.3800085318585237, 0.37429877240210774, 0.4024254915614923, 0.3547208875949894, 0.29048564458886783, 0.28096896914454794, 0.21774030389885107, 0.5071835923868303, 0.3619689632517596, 0.13791801567810277, 0.6502902467860482, 1.1441808575143417, 0.6343641511785487, 0.7582932355503241, 0.17667095714132303, 0.5028161088735157, 0.37596291407723637, 0.4614194523543119, 0.5182869449520531, 0.5271619303772846, 0.18009521225467323, 0.482353872153908, 0.3329137873781078, 0.3788476068681727, 0.12239221055060626, 0.19609809089452027, 0.23654300638784964, 0.5193440442638738, 0.16097808831060928, 0.13603793904459213]
2025-12-23 23:57:33 - feda2ls - INFO - loss data:
2025-12-23 23:57:33 - feda2ls - INFO - [0.441121628302533, 0.9042635975261823, 0.672179755000841, 0.42819868157772967, 0.49034459503988426, 0.4037888314781917, 0.3933597589713625, 0.3647146097456033, 0.4500371415168047, 0.48650216456680073, 0.42585125590364137, 0.3181033821953904, 0.48002072840188603, 0.23012273466116384, 0.4515999565999477, 0.22798298336306794, 0.5437451913952828, 0.1059063495731809, 0.39651840739808547, 0.37607413360050745, 0.41659117149455205, 0.11645747703215521, 0.47376681494393513, 0.2290232944530526, 0.2255965960600103, 0.5386833043414212, 0.3524821152999288, 0.09136627625759228, 0.5272543875234468, 0.31461960685749846, 0.3517998383056534, 0.3849254449964433, 0.3989952483524879, 0.12524955052067527, 0.8432706430040557, 0.26900362199521627, 1.8766836499174435, 0.3929913387944301, 0.4127210440040869, 0.3881332338477175, 0.21508400660617366, 0.36054930699368315, 0.26816019251709805, 0.351380995465886, 0.3804066672157019, 0.18055772365640022, 0.2805636935219809, 0.39307184360543457, 0.33605599620183796, 0.28084098755692444, 0.10094749146442422, 0.06402894539254096, 0.644288987494432, 0.3909232926333234, 0.36159290726750326, 0.23691572769720137, 0.2845479781622998, 0.5776945397905682, 0.36818869888668315, 0.21870273383424824, 0.21113011261477369, 0.26576857771815765, 0.27448848723296954, 0.6611892231610706, 0.3737028572758205, 0.18841381048162778, 0.22152817612946726, 0.19603415458170953, 0.43723108089632456, 0.31255047748229287, 0.3096573497369436, 0.19417080262986322, 0.5008079601595035, 0.2169008405154778, 0.337520655257048, 0.21121062460953846, 0.0529143891104777, 0.31316466987029545, 0.30373763836299383, 0.20896314217243345, 0.43132364353499353, 0.20985003216112524, 0.22901162812153675, 0.23741171359206023, 0.19882972422333078, 0.3269155731335992, 0.3454393468952427, 0.45065476720531783, 0.19712167060121105, 0.5554412373652061, 0.2564074328169227, 0.359898554161191, 0.3759173343756369, 0.42369894137872116, 0.3281476308281223, 0.2012055661132121, 0.16994822998394205, 0.2060721568982391, 0.22116039553657174, 0.2981772580228391, 0.3453466284709672, 0.35943587693417894, 0.09885661861335393, 0.4024240182091793, 0.32827778218225356, 0.38748996294079685, 0.24760649639259402, 0.33094154983492835, 0.22737957439385353, 0.5888506307784054, 0.16690252163874297, 0.3178880400423493, 0.18864623605291927, 0.352929215071102, 0.25358648729591593, 0.2881347314959082, 0.41032222040698063, 0.3552007988095284, 0.41518547385931015, 0.36869069437185925, 0.2935688362146417, 0.414910792807738, 0.30446131698059287, 0.33871672552611143, 0.3273483480187668, 0.25667251013219355, 0.3124997799595197, 0.3253370229982667, 0.3269577604842377, 0.5305703144807081, 0.30378814152486266, 0.11448819760310774, 0.33954403439704384, 0.46567142044953186, 0.19213090192254945, 0.27355030368392663, 0.4229840083047748, 0.3614604189991951, 0.4758239161034209, 0.3374036095272272, 0.3366441451013088, 0.27790977970386543, 0.4202797600108644, 0.27068247274781754, 0.23189453318094216, 0.2802945196007689, 0.15515289488887668, 0.3344008938624309, 0.22706779508984515, 0.21247288949477178, 0.45936897136271, 0.240742845638679, 0.3707810083404184, 0.2723804375097628, 0.32941300335916734, 0.2957493428229576, 0.31869074515998363, 0.25913823556361926, 0.48662594718237717, 0.3155169965078433, 0.30459993411269454, 0.6295905907948812, 0.3650685448564735, 0.3183166175621791, 0.3125168425832694, 0.30888664124622234, 0.32732614638904733, 0.35798635246853033, 0.3315535913950399, 0.3376374458273252, 0.3033656813411249, 0.27895326593604225, 0.36796225139072963, 0.36041030921041967, 0.34999264958832, 0.4127630078448699, 0.3595401320048577, 0.3217568824067712, 0.19410879438122114, 0.4379892999927203, 0.3546038001343824, 0.33509947429928516, 0.349182622323091, 0.2915869450647067, 0.3984672062213165, 0.3403790274778238, 0.28770325080144643, 0.3850603343298038, 0.2971495219402843, 0.28909131902121543, 0.4304390333592892, 0.39985912603636586, 0.3306289726387128, 0.33477343260219283, 0.34781079565007716, 0.3274359437203185, 0.38203241671952937, 0.4341031375030676, 0.33896786338161855, 0.5054535849640767]
2025-12-24 00:16:40 - feda2ls - INFO - loss data:
2025-12-24 00:16:40 - feda2ls - INFO - [0.35397262613505426, 0.5408790415152908, 0.3773347182255803, 0.7571178694566091, 0.5986794715126356, 0.6431915968656541, 0.29550489412827624, 0.43546844788573, 0.4102897838999827, 0.3576461352824205, 0.17109645040840232, 1.2120524664365109, 0.35512622324820386, 0.369256321886893, 0.2538880316812234, 0.23207530313067964, 0.3197448413984878, 0.12029003170836303, 0.475273400094981, 0.43130326645803596, 0.3456502123735845, 0.4561294921052953, 0.2075994273608861, 0.355301156862905, 0.4537924036383629, 0.1482795974818256, 0.518405954943349, 0.5129621089546985, 0.33993126840020216, 0.2323841184956219, 0.2733940829971938, 0.5471655687938134, 0.3530544465407729, 0.1860069645752171, 0.13614889187786805, 0.32760213129222393, 0.3110413257343074, 0.2499506848576394, 0.37795333121385843, 0.4464593268930912, 0.3248420088448458, 0.10788556826236244, 0.5100039566556613, 0.22633086689941895, 0.31240411012743907, 0.3717427282438924, 0.42560869570200643, 0.2638861554082144, 0.346751784373607, 0.24023265232840046, 0.4238246046571118, 0.3403945600613952, 0.2287824885531639, 0.2913660547075172, 0.41631275278826557, 0.4245868265628815, 0.4577392516214223, 0.3342198457630972, 0.23106476019092953, 0.45045791673163577, 0.27962336478134, 0.25363186839332974, 0.10256275078475785, 0.24214055316212277, 0.36231581171353655, 0.4647990714758634, 0.3464943231393893, 0.3853520844131708, 0.21490158692209257, 0.2658767256740895, 0.8011495574067036, 0.1366245535664105, 1.23695745273973, 0.23926357844336468, 0.20496857855468986, 0.20859467956987726, 0.4669454145969616, 0.33322994310098386, 0.3625625725835562, 0.39293399242063365, 0.3835565715821253, 0.10114730404139581, 0.9516835847093413, 0.2966000939408938, 0.19949856404111616, 0.41753891615404026, 0.4272513757149379, 0.28625022732991384, 0.41598182131225864, 0.460866283873717, 0.3561238822793322, 0.23851002945395355, 0.590036234135429, 0.3408124601158003, 0.27959652120868367, 0.35133386257415017, 0.5656378561542148, 0.2679682042299196, 0.3009967788433035, 0.3899611766139666, 0.22737140844886503, 0.27368478338855007, 0.2992547046889862, 0.39253667987544427, 0.31217887789349663, 0.2219890404182176, 0.39042418263852596, 0.44089046466009074, 0.5100037111058122, 0.34846692073896723, 0.3540830313006327, 0.2868266606806881, 0.36851627938449383, 0.5034427689610138, 0.21585878227779176, 0.4077398372193177, 0.30266207731018463, 0.4369035503516595, 0.14098109023567912, 0.6905001087190612, 0.3053175347081075, 0.2876571858245315, 0.3333528390713036, 0.4088126000016927, 0.2281177937561138, 0.36666291158180686, 0.3013470141926692, 0.4979941663194041, 0.30964544229209423, 0.2847439664726456, 0.4278913416607039, 0.3068189225702857, 0.8612802553921939, 0.29020511203191496, 0.4588751212826797, 0.34268491855925987, 0.24446916901224267, 0.2537028497990428, 0.14109894408223528, 0.12764411921405958, 1.036129231660655, 0.18450027591888868, 0.45982492404679454, 0.37560690526540086, 0.23049247255548835, 0.49906131969321343, 0.3183909082992209, 0.3193332051237424, 0.5461778375009696, 0.21774985644345482, 0.7042369962980349, 0.4109128417861131, 0.36985893062471104, 0.44923320688928164, 0.42306374882658326, 0.24951267141227923, 0.3200545528734272, 0.3702448196709156, 0.638733681374126, 0.37336237989366056, 0.45605675702293713, 0.4210158779596289, 0.43733675355712576, 0.3781343657523394, 0.4059162838384509, 0.35194297855099044, 0.22655421187536734, 0.8704662759389197, 0.48538949495802325, 0.4399416989513806, 0.382718502549511, 0.479126677972575, 0.5017451124058829, 0.5426279286543528, 0.579723663391575, 0.4006391598000413, 0.40841122863902934, 0.4078014583637317, 0.36957784729699295, 0.46603126873572664, 0.45092977984911864, 0.3964838571846485, 0.345043470710516, 0.3927189899608493, 0.4390816634676109, 0.5219139365568047, 0.30685307619472346, 0.45600391166905563, 0.9778630435466766, 0.4523478020998565, 0.8626211166381836, 0.5002738659580548, 0.640315309639961, 0.4581032360881745, 0.5672909058630466, 0.5078244273033407, 0.4453314650690917, 0.5315097118506119, 0.38529833145439624, 0.7533141581548585]
2025-12-24 00:43:19 - feda2ls - INFO - loss data:
2025-12-24 00:43:19 - feda2ls - INFO - [0.35397262613505426, 0.5408790415152908, 0.3773347182255803, 0.7571178694566091, 0.5986794715126356, 0.6431915968656541, 0.29550489412827624, 0.43546844788573, 0.4102897838999827, 0.3576461352824205, 0.17109645040840232, 1.2120524664365109, 0.35512622324820386, 0.369256321886893, 0.2538880316812234, 0.23207530313067964, 0.3197448413984878, 0.12029003170836303, 0.475273400094981, 0.43130326645803596, 0.3456502123735845, 0.45557037896166247, 0.20852547231285523, 0.3581583117999668, 0.45190185320874054, 0.14940100907573872, 0.5158237565774471, 0.5110169703894782, 0.34204371335605777, 0.2340097412262394, 0.27838927447529777, 0.5512891287604968, 0.3530001734693845, 0.18701742300058177, 0.13809273039029601, 0.33074514687061307, 0.31208779277900855, 0.25153260687620127, 0.376310578878555, 0.45328216304381685, 0.3268151449350019, 0.10940628316408645, 0.5108704993190865, 0.22385633094106905, 0.31135588423348964, 0.3662632686777435, 0.4142125658380489, 0.2646771755831485, 0.3501080501824617, 0.2415724109477279, 0.43308306189649026, 0.3498153952571253, 0.23086517198632162, 0.29817692398404083, 0.4265706474582354, 0.4369151300440232, 0.4553819101836, 0.31416945622613035, 0.2307005371694686, 0.4567454080407818, 0.2823019303640144, 0.2529350127742598, 0.10396863756306832, 0.24467900429153816, 0.3618807680904865, 0.46350505836308, 0.3350342124286625, 0.3841054086883863, 0.20916102590660254, 0.2609292630602916, 0.805895133751134, 0.1348805020439128, 1.2066183880423054, 0.24454419519074938, 0.21275110251606544, 0.19964392001792375, 0.5027689407864171, 0.35788382425283394, 0.36392026919532905, 0.4036035464455684, 0.39130289800879026, 0.10161305483303626, 0.9034371224232018, 0.2947119772558411, 0.20927690549029246, 0.40492123779323363, 0.4394367667535941, 0.29469810797070917, 0.4418524521624758, 0.44561250520249207, 0.3887511486808459, 0.24527978008104998, 0.6310483883652422, 0.3309558881446719, 0.294580691633746, 0.3668324147040645, 0.581813953568538, 0.25643837813175085, 0.3058632311411202, 0.3921835992485285, 0.23191147382681568, 0.26896628811955453, 0.28927127694090204, 0.3678385490608035, 0.3194739881790046, 0.2190397014220556, 0.3362517822157084, 0.4670282135213104, 0.4732356219774201, 0.36021741904173193, 0.3403015892154404, 0.27321976310373025, 0.32086644102301864, 0.4599648533566367, 0.20888891739353616, 0.4042528927326202, 0.29456144026791053, 0.43114571447173755, 0.12269584053428843, 0.676149333663246, 0.28727580338406067, 0.2744648814850459, 0.3253402779251337, 0.40463815331459047, 0.21215425344946032, 0.3597294956135253, 0.2872180687707095, 0.4826226561342386, 0.3044998464880116, 0.28344430262222886, 0.3960485781409911, 0.31881744769828707, 0.8679157940049966, 0.2848713926970959, 0.4535210462996647, 0.31963300957447954, 0.2392254720512552, 0.25439743321120556, 0.13348585284771303, 0.12607912276561062, 0.9681440742178397, 0.22281631138471386, 0.4277090257654588, 0.40171546066800756, 0.2260014972339074, 0.48515847069876533, 0.3264847965290149, 0.3167928593854109, 0.5204337871323029, 0.20888775481532018, 0.6503958543141682, 0.3853108047507703, 0.3899877712635013, 0.45474675717867086, 0.41932608510057134, 0.23979948877046506, 0.31961977853242196, 0.3676195275038481, 0.6313605003472831, 0.36979405457774794, 0.4386551211277644, 0.40155316306692035, 0.43378101959824567, 0.37198157167683044, 0.4197928708046675, 0.3438226476311684, 0.22159630135830605, 0.8700750432908535, 0.4697671876599392, 0.40301803889359156, 0.39153440940109163, 0.5129146605109175, 0.5268048687320617, 0.5373664144426584, 0.5362305040397342, 0.3918181960781415, 0.3917171373431172, 0.3799492206424475, 0.36172852193315824, 0.4729426691929499, 0.4624614644795656, 0.3917084564765294, 0.33609688840806484, 0.38779885799934466, 0.49597122709577285, 0.5204402933606789, 0.30513877756893637, 0.44812804944813256, 1.0108510901530583, 0.4465527970411561, 0.841482941309611, 0.4827647931252917, 0.6300110200213062, 0.45939255594497636, 0.5500612600809998, 0.49097463819715714, 0.43483300974423233, 0.5280605277401351, 0.3779846391330163, 0.6981472261250019]
2025-12-24 00:47:41 - feda2ls - INFO - loss data:
2025-12-24 00:47:41 - feda2ls - INFO - [0.35397262613505426, 0.5408790415152908, 0.3773347182255803, 0.7571178694566091, 0.5986794715126356, 0.6431915968656541, 0.29550489412827624, 0.43546844788573, 0.4102897838999827, 0.3576461352824205, 0.17109645040840232, 1.2120524664365109, 0.35512622324820386, 0.369256321886893, 0.2538880316812234, 0.23207530313067964, 0.3197448413984878, 0.12029003170836303, 0.475273400094981, 0.43130326645803596, 0.3456502123735845, 0.45557037896166247, 0.20852547231285523, 0.3581583117999668, 0.45190185320874054, 0.14940100907573872, 0.5158237565774471, 0.5110169703894782, 0.34204371335605777, 0.2340097412262394, 0.27838927447529777, 0.5512891287604968, 0.3530001734693845, 0.18701742300058177, 0.13809273039029601, 0.33074514687061307, 0.31208779277900855, 0.25153260687620127, 0.376310578878555, 0.45328216304381685, 0.3268151449350019, 0.1094103636375318, 0.5106138726385931, 0.22395705416824463, 0.31002181555987113, 0.36519622646808403, 0.418362939885507, 0.26518996267113837, 0.35278158245963, 0.24097514429806988, 0.4362413551009289, 0.3525984239454071, 0.23249827497638761, 0.2981573751817147, 0.42691052878896396, 0.4364318503687779, 0.45491645866561503, 0.3134942306143542, 0.23086861361152844, 0.45726520789787173, 0.2832581514958292, 0.2539141362779915, 0.10473880170773353, 0.24660642275509115, 0.3648681239535411, 0.4553377428402503, 0.33589415614389706, 0.38572032091518244, 0.20985372686344717, 0.2635654928421395, 0.7951603622486194, 0.1362662325465741, 1.211742240935564, 0.24568363917144864, 0.21300270001455726, 0.20085515822930677, 0.5006970477510346, 0.35886091298113265, 0.3640108359695384, 0.4045550943662723, 0.39643694688048625, 0.10148190990810028, 0.9100641709131498, 0.29704298604279755, 0.20934786832270524, 0.4052939694788721, 0.4410642996430397, 0.29456433994046444, 0.4422452127560973, 0.4409278124570847, 0.3868798068236737, 0.24798569013505722, 0.6247245824999279, 0.33208554405719043, 0.29549441090784967, 0.3648817817370097, 0.5772899840204488, 0.2568757628006014, 0.3059417203689615, 0.3942770724495252, 0.23180305978904167, 0.27066772944914796, 0.287046353071928, 0.3687082681466233, 0.31866882181528844, 0.21924000093713403, 0.3351664956836876, 0.4732560327082562, 0.4689044678849833, 0.35667830779422804, 0.33821551915967746, 0.2710679920218859, 0.3194395246398118, 0.4517548328842081, 0.20741477091343968, 0.4028339505195618, 0.29682911081860464, 0.43129587757090726, 0.12300883375573902, 0.6855054560441204, 0.2877707896909366, 0.2736100396705848, 0.32553238149111474, 0.40578112068275607, 0.21131780741482295, 0.3603263351134956, 0.2858967400000741, 0.48268396706407657, 0.30446040429965116, 0.2829752754109601, 0.39383723641080515, 0.32405120217202543, 0.8623969296614329, 0.2839203264225613, 0.45337293119657607, 0.31991674970421524, 0.24033318246630106, 0.2527714751710947, 0.13327427804963946, 0.12752488537070653, 0.9616695688077899, 0.22617047141113925, 0.42345713886121905, 0.39843030559519926, 0.22471154256879042, 0.4838693795459611, 0.3228356222725577, 0.3207621495487789, 0.5169868980844816, 0.20915277246385813, 0.6404523003846407, 0.38999681634207567, 0.38108771419307835, 0.4489956181806823, 0.4191667335728804, 0.23980643914391597, 0.31506328082671675, 0.36646308427055674, 0.6262489777472284, 0.3711766049265861, 0.4353636447754171, 0.3999970875783927, 0.4310428272932768, 0.37118057714154323, 0.4139711736390988, 0.34406354936460654, 0.21980461379174482, 0.8713945767709186, 0.46864469163119793, 0.3991747903674545, 0.3898577409485976, 0.5288491706674298, 0.5170776816912823, 0.5377297920485338, 0.5357955364244325, 0.39176522156312354, 0.3897745770712694, 0.3808278034130732, 0.3598897057895859, 0.47432015612721445, 0.45938003589916565, 0.3956152652700742, 0.3334476713091135, 0.38789989836513994, 0.48611451576774317, 0.5182630421327693, 0.3048262913400928, 0.4468004974226157, 1.0154165658685896, 0.4435220366919583, 0.8403941671053569, 0.48219692092388866, 0.6308722064963409, 0.45888280416173594, 0.5507651011976931, 0.4915272461457385, 0.4324984429686359, 0.5136560816761283, 0.3773747024436792, 0.6935233001907667]
2025-12-24 01:03:06 - feda2ls - INFO - loss data:
2025-12-24 01:03:06 - feda2ls - INFO - [0.441121628302533, 0.9042635975261823, 0.672179755000841, 0.42819868157772967, 0.49034459503988426, 0.4037888314781917, 0.3933597589713625, 0.3647146097456033, 0.4500371415168047, 0.48650216456680073, 0.42585125590364137, 0.3181033821953904, 0.48002072840188603, 0.23012273466116384, 0.4515999565999477, 0.22798298336306794, 0.5437451913952828, 0.1059063495731809, 0.39651840739808547, 0.37607413360050745, 0.41659117149455205, 0.11654518661347942, 0.47850921199257884, 0.22980917596997805, 0.22588433730998075, 0.5367609846982218, 0.35218893916656574, 0.08890074884421588, 0.5316088844977673, 0.31747067645192145, 0.3532008068717044, 0.3873451907457649, 0.40150146149098875, 0.12179868705958749, 0.8561843846892488, 0.2742952874308685, 1.947994403541088, 0.41448818299298484, 0.40965080513439567, 0.39136808818827074, 0.21395392421164333, 0.36086909448107085, 0.2673603110338768, 0.355215979828721, 0.39328535885000837, 0.18333814101448903, 0.2888863187520959, 0.39516304564000904, 0.33805275078275765, 0.2817461911744128, 0.10200426070403087, 0.06569586204326092, 0.6624903601522629, 0.3886391431004519, 0.3633259298327641, 0.24140325281470537, 0.2925225803240513, 0.5851499341104341, 0.3672362210593004, 0.2164045035677393, 0.21300371234149984, 0.27080404869938157, 0.284637055674787, 0.594489800135812, 0.3757007331166877, 0.19295835386340818, 0.22337144905672424, 0.19800368488410158, 0.44155502803623675, 0.3156369001144308, 0.3143093291959115, 0.19803973917538922, 0.4916320666670799, 0.21782505492576296, 0.34066872873084997, 0.21263960250518354, 0.052147579930640536, 0.31982151768040945, 0.30765295767535766, 0.21025877034740656, 0.43852844392887624, 0.2091353373695563, 0.2306926963418456, 0.2408101279153556, 0.20320982914265534, 0.3284927079498413, 0.353391735892122, 0.4341186815080629, 0.19695469849099317, 0.565982781474789, 0.26119919763877986, 0.3613870522184741, 0.37177154262151035, 0.4297252228217465, 0.3309680300631693, 0.20092188329709804, 0.1731811276312881, 0.20842589834869346, 0.22571416187565774, 0.3004646374533574, 0.339538651270171, 0.3594954608500689, 0.1050870467497993, 0.40522144697606566, 0.3316242297490438, 0.3854027201349919, 0.25305139777871466, 0.3347800291099009, 0.24230193865175048, 0.5462633701662223, 0.17023429643595592, 0.3213127654134518, 0.1982751332396897, 0.34704462153216203, 0.26399396161508304, 0.2801642488494205, 0.4167241125216341, 0.34893601133177676, 0.4064708617157661, 0.36985035594552756, 0.2964399714022875, 0.41547806474069754, 0.3093227367912387, 0.3436670750734352, 0.33220169291585344, 0.26829321881135304, 0.3130972694605589, 0.32293111218346493, 0.33778319364239284, 0.5538227082445071, 0.3100135115285715, 0.11775881526215623, 0.39572760225634, 0.6060454026334176, 0.20254043749203748, 0.2600966095303496, 0.4730597760528326, 0.31689924239698386, 0.5767921736004992, 0.3327342086017896, 0.3583600115651886, 0.27626535543240605, 0.44729729837913446, 0.2747623186156738, 0.24376213078697523, 0.28308609866847595, 0.18222899423985212, 0.3385238224497208, 0.24887642108702235, 0.2131902706498901, 0.5281459390910135, 0.24971485684554165, 0.43437938739856086, 0.32041097055411055, 0.3304507544264197, 0.30060840939127265, 0.3410618563493093, 0.2795351261893908, 0.5624167515585821, 0.316940272351106, 0.33039270345535543, 0.5004505001836352, 0.3404536431034406, 0.32280462192290504, 0.31829896535137636, 0.3136649224641067, 0.3663388336077332, 0.3305002823472023, 0.3326391851178546, 0.3397643302877744, 0.32866291337543063, 0.29099782269734603, 0.3729265988937446, 0.37255887774129703, 0.348370996158984, 0.4134061919668546, 0.3611680875005929, 0.32232408281415703, 0.21100596903512875, 0.4210090001113713, 0.3551185855183049, 0.3419319938868284, 0.3593465308862171, 0.2916099256501089, 0.4029360791218692, 0.3326199532128298, 0.28312499290880033, 0.38781432149310907, 0.31025148096183935, 0.29900542915695244, 0.4274106229345004, 0.41145406340559326, 0.32947843440848845, 0.3359360362092654, 0.3550032796577001, 0.3319737121451253, 0.3828557298415237, 0.44026730718712015, 0.3473986645362207, 0.5031421950707833]
2025-12-24 01:07:03 - feda2ls - INFO - loss data:
2025-12-24 01:07:03 - feda2ls - INFO - [0.441121628302533, 0.9042635975261823, 0.672179755000841, 0.42819868157772967, 0.49034459503988426, 0.4037888314781917, 0.3933597589713625, 0.3647146097456033, 0.4500371415168047, 0.48650216456680073, 0.42585125590364137, 0.3181033821953904, 0.48002072840188603, 0.23012273466116384, 0.4515999565999477, 0.22798298336306794, 0.5437451913952828, 0.1059063495731809, 0.39651840739808547, 0.37607413360050745, 0.41659117149455205, 0.11654518661347942, 0.47850921199257884, 0.22980917596997805, 0.22588433730998075, 0.5367609846982218, 0.35218893916656574, 0.08890074884421588, 0.5316088844977673, 0.31747067645192145, 0.3532008068717044, 0.3873451907457649, 0.40150146149098875, 0.12179868705958749, 0.8561843846892488, 0.2742952874308685, 1.947994403541088, 0.41448818299298484, 0.40965080513439567, 0.39136808818827074, 0.21395392421164333, 0.3608693679173788, 0.2669647725829337, 0.3541157725488856, 0.3873883668237772, 0.18233090004004124, 0.28500114668592386, 0.3948352876996648, 0.33744013396537176, 0.2814053569920361, 0.10139661155887605, 0.06537086883326992, 0.6638338941221054, 0.38907326011962834, 0.36299587573187475, 0.24078061066281337, 0.2879308698854099, 0.5826024923311628, 0.3666869721650164, 0.21540124137083896, 0.21183129635173828, 0.272891516461238, 0.28268417803680196, 0.6303582845333343, 0.37575831068648546, 0.1925317433817933, 0.2226783646082577, 0.19737369600551058, 0.4369170635524723, 0.31451812981702815, 0.31204116642314556, 0.19615657958202065, 0.4898391113831447, 0.2178629259423663, 0.33907484664366794, 0.21215878074408334, 0.05176374502860472, 0.3201422094729625, 0.30549923308814564, 0.21009030857184416, 0.43534410096049964, 0.21064912732571173, 0.22949466441891023, 0.2414885364148928, 0.20142912780339386, 0.3286660600808405, 0.35071971996997797, 0.4445213314488359, 0.19624155475257898, 0.5654935548702876, 0.25946021132792035, 0.36064999858360913, 0.3736691287319575, 0.43084674049168825, 0.3301501387907636, 0.2009471476009554, 0.17168613343828304, 0.20846458236942542, 0.22463781502253066, 0.3006094668060541, 0.3334708176242809, 0.360131216674358, 0.10085444548603845, 0.4031525498876969, 0.3312233721039125, 0.3827051285367746, 0.2513683696743101, 0.33408853509241626, 0.2358106289214144, 0.5686952507330312, 0.16693143756710926, 0.3219411882971014, 0.19320416544089275, 0.350434452916185, 0.25846243055496854, 0.28528463976690543, 0.40964008928236795, 0.3481758991877238, 0.40472225185770255, 0.37011914427081744, 0.29528542192031937, 0.4142687922964493, 0.3073087930293946, 0.341111699669134, 0.3297710251148747, 0.2633876409381628, 0.3119956932341059, 0.3222751984372735, 0.32739467064395844, 0.5276900432430781, 0.3081906035675534, 0.11573092791950329, 0.3459801259636325, 0.49364200465287233, 0.19507916691024246, 0.2712680207254986, 0.43333699479699134, 0.348054629471153, 0.4912282760808433, 0.33597090458736206, 0.3395071811353167, 0.27808718615625466, 0.4247205523099157, 0.2693378913210206, 0.23430303524558743, 0.2826757442827026, 0.1593988138835366, 0.33849120742808547, 0.2352950076705643, 0.21218033552701987, 0.4747760291935669, 0.24421591116234853, 0.37883365601301194, 0.28250919774706873, 0.3310628885491973, 0.30008037330671433, 0.32319315858185294, 0.26606210640424655, 0.4936212183700668, 0.3157560366516312, 0.3117601717925734, 0.6064376077718205, 0.36052596989799945, 0.32212660852549735, 0.31519001462384244, 0.31324591547073355, 0.3371149722486735, 0.35307411539057887, 0.33310630266973074, 0.34186196215450765, 0.306537778965301, 0.2806695819569704, 0.37602856137922835, 0.3659470108648141, 0.34980616374976103, 0.413698499592451, 0.3603008629007328, 0.3169570429250598, 0.19811156663215823, 0.434645166558524, 0.3578613017672214, 0.3382208890799019, 0.35182336863001873, 0.28987202922405764, 0.3978617327337749, 0.34365849959162564, 0.28865455431388876, 0.3894877053797245, 0.30375597133404675, 0.2919192436614618, 0.43019339926540845, 0.4032898426055908, 0.3320151104989564, 0.3359479906073972, 0.3525247803578774, 0.33144820689784815, 0.38142981984549096, 0.4355882938951254, 0.34389523119621335, 0.5014102871219317]
2025-12-24 01:54:56 - feda2ls - INFO - loss data:
2025-12-24 01:54:56 - feda2ls - INFO - [0.35397262613505426, 0.5408790415152908, 0.3773347182255803, 0.7571178694566091, 0.598679456114769, 0.6431918320556481, 0.295507017398874, 0.43546139716424725, 0.41027024500072, 0.3576910259625451, 0.1712497133109811, 1.2114003838172982, 0.3548475523429894, 0.3689314735672352, 0.25345114428699683, 0.2313961864552564, 0.32422501874636067, 0.12058932815367976, 0.47390017950286467, 0.43169618385090003, 0.344445656457295, 0.4557725658329824, 0.20779434822422144, 0.35589777793336125, 0.4533007506281137, 0.1481132149305947, 0.5213873377069831, 0.5150741162517714, 0.34137411482321717, 0.2313498333689164, 0.27333551806597306, 0.5456570371985435, 0.35155193470418455, 0.18570055091033943, 0.13604466947120575, 0.3317474038153887, 0.3120769220404327, 0.2505191026272422, 0.3765161203323967, 0.44777346551418307, 0.3247143430635333, 0.10963007863869684, 0.5105020710888009, 0.2237078647219783, 0.31559920276382136, 0.36645656079759426, 0.4195537371871372, 0.2637718952493742, 0.34847027045186785, 0.23843339322642848, 0.4256319236941636, 0.3406085103129347, 0.23005960635685674, 0.29517250768840314, 0.42238904225329554, 0.4294090247402589, 0.45464855725211756, 0.3238482057737807, 0.23133444160436437, 0.4432307843739788, 0.2867538707434303, 0.2516803300759586, 0.10291776085278899, 0.24169815472171952, 0.36199990849321084, 0.4572000363220771, 0.3486195922311809, 0.3842516276985407, 0.21395953377294874, 0.26828622685745357, 0.8125662832210462, 0.1357666774788716, 1.2738813701452631, 0.24358351306143133, 0.20518618420141543, 0.19349681157618762, 0.49004847698896714, 0.34087644641598064, 0.35946068393461633, 0.3981200264145931, 0.38295768449703854, 0.1007002525645393, 0.963646604353562, 0.29736050592114527, 0.2025959285803967, 0.41740674273007444, 0.4308093105753263, 0.29024172869200504, 0.4319060917544578, 0.45865251546104746, 0.36901888146641704, 0.24522838875877134, 0.613041435347663, 0.3415391304840644, 0.2867756906689869, 0.3576946106428901, 0.5808727137389637, 0.2632739426135415, 0.3043188572240373, 0.39290765300393105, 0.22989273328954973, 0.2736081596308698, 0.30920998129993676, 0.3942013891470252, 0.31907136473014497, 0.22464953052500886, 0.39577395168387075, 0.44037355224136265, 0.5218293658324651, 0.35720389822570536, 0.3510008487052151, 0.2896384259155538, 0.36674688671612077, 0.4909925377883372, 0.21864891106217532, 0.41348396105070906, 0.3000816604122519, 0.4407711486021678, 0.14214139867884418, 0.6822898475861681, 0.3059695126178364, 0.2916736603912079, 0.33685903633634245, 0.41341287369529406, 0.22646007568321447, 0.37002912105526775, 0.29885434034679614, 0.4974526903754547, 0.3122665856146451, 0.29138247221708297, 0.4282639443395393, 0.31426758829814694, 0.8663118133942287, 0.29289069129436307, 0.45902220017853235, 0.33748694567216764, 0.24542002859948708, 0.25407477347762325, 0.13884241236703038, 0.12813370927340453, 1.0248002097913713, 0.19296569050481868, 0.46022966789702574, 0.3667293923906982, 0.23218799723933142, 0.49955465417532696, 0.32439017233749234, 0.3199505720660091, 0.5484533814092477, 0.2168681264544527, 0.7239631260434787, 0.41695897385684977, 0.3785821601205195, 0.45209916979074477, 0.424206764002641, 0.24853871467212835, 0.32541519686805476, 0.3724014544238647, 0.6444251945035325, 0.3698836428423723, 0.45957438891960517, 0.4200668400256998, 0.4433857218672832, 0.38329315794010954, 0.3934104067583879, 0.351789619276921, 0.22525682254609736, 0.8728914250220572, 0.4886828164259593, 0.4312289993441294, 0.3862529811985565, 0.4960112454990546, 0.5118340763366884, 0.5500783223658801, 0.5699202965885874, 0.40313117521859354, 0.4052983272554619, 0.4045480394115051, 0.3736395827184121, 0.4655162307123343, 0.4570649670230018, 0.4009982477873564, 0.34761701251069704, 0.38847943190485235, 0.4396131753921509, 0.5198645398552929, 0.30882271820058427, 0.4609850361943245, 0.9505524337291718, 0.4562006342817437, 0.8536311914523442, 0.49865568814178307, 0.6446320289184176, 0.4774968289504094, 0.5672795134286086, 0.5067040299375851, 0.44559681582631483, 0.5412260143618499, 0.38692677207291126, 0.7461484794815382]
2025-12-24 02:00:04 - feda2ls - INFO - loss data:
2025-12-24 02:00:04 - feda2ls - INFO - [0.35397262613505426, 0.5408790415152908, 0.3773347182255803, 0.7571178694566091, 0.5986794715126356, 0.6431915968656541, 0.29550489412827624, 0.43546844788573, 0.4102897838999827, 0.3576461352824205, 0.17109645040840232, 1.2120524664365109, 0.35512622324820386, 0.369256321886893, 0.2538880316812234, 0.23207530313067964, 0.3197448413984878, 0.12029003170836303, 0.475273400094981, 0.43130326645803596, 0.3456502123735845, 0.4561294921052953, 0.2075994273608861, 0.355301156862905, 0.4537924036383629, 0.1482795974818256, 0.518405954943349, 0.5129621089546985, 0.33993126840020216, 0.2323841184956219, 0.2733940829971938, 0.5471655687938134, 0.3530544465407729, 0.1860069645752171, 0.13614888809048958, 0.3276021620382865, 0.31106837261468173, 0.24782124598044902, 0.3790514402712385, 0.44618846985201044, 0.3251543338927958, 0.10916362436320115, 0.510148863028735, 0.22619091554208554, 0.31472355605413516, 0.38395539630260883, 0.4182962032655875, 0.26179286090473675, 0.3443830287039635, 0.23471776338886807, 0.42207673931720135, 0.3406097404969235, 0.2296453735868757, 0.293506332517912, 0.41729816819230714, 0.42283953341344993, 0.45462891423986074, 0.3260501116886735, 0.22994207964802627, 0.4491059274102251, 0.2817427107055361, 0.2524926455388071, 0.1013587300164444, 0.24048650295396026, 0.36114615214367707, 0.44902628945807616, 0.3443348752334714, 0.38322793679932754, 0.2124929663932158, 0.2663501962305357, 0.8123200123508771, 0.13419439274158018, 1.2185076890569744, 0.23957880250770935, 0.20219247301574794, 0.1966517629774494, 0.47368454607203603, 0.3338626195676625, 0.3563293697820468, 0.3927302985141675, 0.3781088698241446, 0.10002177812116728, 0.957622596466293, 0.29573903197422624, 0.2009356779874199, 0.4140821742928691, 0.4233615467945735, 0.2847735976447549, 0.41798855794948486, 0.44901409447193147, 0.3567728073957066, 0.23821758955406647, 0.5971999341828955, 0.33828006756181517, 0.2800819682578246, 0.35197523242483536, 0.5608931857560362, 0.26498111774862715, 0.300271031477799, 0.3872189295788606, 0.22670927671094737, 0.26986689131396513, 0.29994444421182076, 0.38705915040477656, 0.3130063916133209, 0.22079745881880322, 0.3809928434773941, 0.44120338894426825, 0.5073127204108806, 0.3476625347219698, 0.3486414525125708, 0.2846867119861094, 0.3605719582281179, 0.47365408585894675, 0.21514925213155545, 0.40436153026918575, 0.3011523512999217, 0.4326871645947297, 0.13968490932990485, 0.7268783230612704, 0.3039435949564601, 0.2888817847565268, 0.333483323485901, 0.40383191145956515, 0.22278223845007067, 0.36461753798648716, 0.2984263580802473, 0.48814013822363145, 0.30894996121412877, 0.28378077180435257, 0.4237754626465695, 0.307355770621992, 0.8703731566667556, 0.2880414463128104, 0.4538320016470693, 0.33188705150451925, 0.24135921283088851, 0.25141132916129816, 0.13910516683303875, 0.12749230814476809, 1.0137203431942248, 0.18929497548748575, 0.4535674368341764, 0.3666902815923095, 0.22849209712197383, 0.49664313720450515, 0.3189073966195186, 0.31634149625276525, 0.5313789294411738, 0.21302729034796358, 0.7363909535109996, 0.3955430657499367, 0.37406903410640857, 0.4566322574598921, 0.4216029390692711, 0.24187196282669904, 0.315540443992976, 0.36820763871073725, 0.627535823153125, 0.3768475255618493, 0.4445067297253344, 0.41328237653813427, 0.4318239871412516, 0.3733636034652591, 0.3862776897847653, 0.34682669875522454, 0.22166724537471028, 0.8682749282036508, 0.4764986302082737, 0.42566181983917006, 0.38292572261257607, 0.45497464425861833, 0.5062751419014401, 0.5384966636697451, 0.5655182194378641, 0.39990345864068894, 0.4031919674149581, 0.39906570191184676, 0.3673664551228285, 0.46474600074191885, 0.4506140414521926, 0.3920244396974643, 0.33991068465014296, 0.40069600269198413, 0.4240647855214774, 0.5234240340778515, 0.30321585678805907, 0.45333414897322655, 0.9585770335462358, 0.4462437665394761, 0.8770249622563522, 0.4919756899898251, 0.6368114858688343, 0.4502172182602364, 0.5596692685451772, 0.49918073510958094, 0.43926287749499987, 0.5402910489411581, 0.38235840474565824, 0.7423874313632648]
2025-12-24 18:26:32 - feda2ls - INFO - loss data:
2025-12-24 18:26:32 - feda2ls - INFO - [0.6850333690643311, 0.4950367515906692, 0.5763378214614931, 0.583967653966206, 1.228739367875581, 0.297812154982239, 0.7313852575127765, 1.234264628022684, 0.6557281603415808, 0.1515856002884296, 0.5484339453812157, 0.5417514258995653, 0.4797079125419259, 0.4970512214776439, 1.193548163372491, 0.18093291420179108, 0.7503729149555931, 0.3289709597837944, 0.3335311971585421, 0.4965419276927908, 0.8854200099594891, 0.1614367208265535, 0.9779360092130406, 0.6085426131170758, 0.3524045767378994, 0.41229324138794954, 0.41082662424693506, 0.2986552134852436, 0.4147014738681416, 0.3750494352852305, 0.16672837215689168, 0.845831842161715, 0.12082040922056572, 1.0434010889340233, 0.36705670462777984, 0.2815905126898239, 0.4405505088313172, 0.24482933897525072, 0.3259077381868011, 0.41060890071094036, 0.4624820911635955, 0.20817332442772266, 0.6412587436498143, 0.3403727961083253, 0.5347111813724041, 0.4041865510659085, 0.2968551470975702, 0.442573787463017, 0.286222451661403, 0.31165344707745435, 0.42829498030866187, 0.34195059050495424, 0.235224834519128, 0.4295993906312755, 0.4419095660559833, 0.41602021381258963, 0.24140433032686512, 0.2566404246414701, 0.1867669194500195, 0.3766427689542373, 0.24397764399958155, 0.5105358238611761, 0.7601635053753852, 0.4377730241666238, 0.33938363728423915, 0.33291904623841956, 0.26370675875029215, 0.16030204256724878, 0.2852208350629856, 0.19041156123081843, 0.35064931617428863, 0.19529227998282295, 0.4578650510511719, 0.22837255303230553, 0.4206254531939825, 0.3258170476881787, 0.3533176776141119, 0.2484846942222271, 0.19644586160646604, 0.362892456818372, 0.22294316371453712, 0.5993330151463548, 0.46965917562031084, 0.3961812815939387, 0.28066033959416126, 0.7336517530803879, 0.4044936704552836, 0.14897939837149654, 0.3725207236053033, 0.1957139746309855, 0.21651390051313985, 0.2298673550917895, 0.5899534466365973, 0.28540488267317415, 0.33683386960377293, 0.23141640269507963, 0.2077243586536497, 0.2445806871711587, 0.2892410543095022, 0.15187828533817083, 0.10296377397996063, 0.5101527315874894, 0.25046587002580056, 0.3835484297680003, 0.043146114864309006, 1.85699990876019, 0.32712093175699314, 0.543355181068182, 0.1168663122865837, 1.777471704615487, 0.39607352055609224, 0.2279398393459045, 0.39009972057926157, 0.42603844925761225, 0.3520624405704439, 0.27176298585665576, 0.4230077594518661, 0.28242487708727515, 0.255890093697235, 0.34089373474319773, 0.22523330113617704, 0.4232355197093316, 0.2809279611023764, 0.5544291025648515, 0.47393693402409554, 0.24231894445450355, 0.7643072220962495, 0.29138265335932373, 0.22756328373437834, 0.7473689678769846, 0.3540948792360723, 0.3150798216234572, 0.4370580237358809, 0.18413384383699546, 0.8045517863273355, 0.32514477100533745, 0.18976262233530483, 0.5059506346338561, 0.11804468487001335, 1.0157254006450949, 0.5607003178447485, 0.23393450166719654, 0.5201080972949663, 0.30332137448474383, 0.2526093503770729, 0.22200329493110377, 0.393463284522295, 0.14040580349974335, 1.4692036370436352, 0.3507573371529221, 0.4493575963263329, 0.32866937359794973, 0.46379178265730536, 0.3407398803366555, 0.38633417524397373, 0.3809371036477387, 0.1537871525394639, 1.046704184015592, 0.33381352560328587, 0.33488123814264936, 0.4129887296507756, 0.353065267081062, 0.3550061491938929, 0.35086102356823784, 0.6734157824267943, 0.29429923334114605, 0.638694733257095, 0.40684798210859296, 0.22316636540926993, 0.8773561626672745, 0.42334018523494404, 0.3560082960873842, 0.4300479320809245, 0.3762111312399308, 0.31200026789059243, 0.31650471257356305, 0.2323126805325349, 0.5545638309576764, 0.3883446974058946, 0.15109081886087855, 0.6773296074070131, 1.1524298233290513, 0.6837859968965252, 0.8829793131185902, 0.17591285437811166, 0.5708479677856553, 0.42750403819715277, 0.556329920825859, 0.5939496672616745, 0.6259373898307483, 0.18440747251734138, 0.5360734568391409, 0.3491931482053855, 0.38082406104852756, 0.12685197689570488, 0.22863118370684485, 0.27151202168315647, 0.5530265324616006, 0.16866080525020757, 0.14644338009769425]
2025-12-24 18:30:05 - feda2ls - INFO - loss data:
2025-12-24 18:30:05 - feda2ls - INFO - [0.6850333690643311, 0.4950367515906692, 0.5763378214614931, 0.583967653966206, 1.228739367875581, 0.297812154982239, 0.7313852575127765, 1.234264628022684, 0.6557281603415808, 0.1515856002884296, 0.5484339453812157, 0.5417514258995653, 0.4797079125419259, 0.4970512214776439, 1.193548163372491, 0.18093291420179108, 0.7503729149555931, 0.3289709597837944, 0.3335311971585421, 0.4965419276927908, 0.8854200099594891, 0.1614367208265535, 0.9779360092130406, 0.6085426131170758, 0.3524045767378994, 0.41229324138794954, 0.41082662424693506, 0.2986552134852436, 0.4147014738681416, 0.3750494352852305, 0.16672837215689168, 0.845831842161715, 0.12082040922056572, 1.0434010889340233, 0.36705670462777984, 0.2815905126898239, 0.4405505088313172, 0.24482933897525072, 0.3259077381868011, 0.41060890071094036, 0.4624820911635955, 0.2077960638717438, 0.6331842988030985, 0.33928308986748257, 0.5307829555124044, 0.40179444899161654, 0.2973716714186594, 0.44580879440674415, 0.28462695942467287, 0.30950510555412625, 0.4240823111496866, 0.3400284959934652, 0.23576490220924218, 0.4279579473659396, 0.44178440421819687, 0.413961232577761, 0.24042319577808183, 0.2556494824588299, 0.1858877902152017, 0.3751678250316116, 0.24200989943152915, 0.5007359864495444, 0.7563090838491917, 0.43588104483981926, 0.3363759348789851, 0.3321956770228488, 0.2624532944212357, 0.1593418864455695, 0.28315278178391357, 0.18792865225113928, 0.3491315025758619, 0.19409310750294634, 0.4537445511048039, 0.22827372384878497, 0.4177245861850679, 0.32493949986528603, 0.35146536101133397, 0.24604853645731242, 0.1955352718470119, 0.3608228692164024, 0.22042935839825648, 0.6005982369805376, 0.46847998785475886, 0.3929639732465148, 0.27714655617635475, 0.7360068197672566, 0.4038606003340748, 0.14853667500040804, 0.3702850906628665, 0.19580265951271242, 0.21638116968873267, 0.2279004825490833, 0.587834757566452, 0.2828857882258793, 0.33421333159009614, 0.23089198184510074, 0.20516432484146208, 0.24318798174887585, 0.28641165058406143, 0.14896526447652528, 0.10173761880529734, 0.5028800791750352, 0.2490944989336034, 0.3811193525658122, 0.04285213554748243, 1.8568640476713578, 0.32401838128765426, 0.5334887912496924, 0.1162497082084883, 1.747671497364839, 0.3912692472338677, 0.22318807407998698, 0.3905418988723212, 0.4243149247020483, 0.3505501539801203, 0.2677976724013741, 0.42238181779781975, 0.28325903657823803, 0.2549701701694479, 0.3392376046162099, 0.22532504272724813, 0.41944801858848046, 0.2806043026658396, 0.550296314433217, 0.46920069167390466, 0.24022489712418366, 0.7665985692292452, 0.28934214138425884, 0.22683133959238017, 0.7370514792318528, 0.3501107404008508, 0.31171790167596614, 0.4339478821804126, 0.17872115154750645, 0.8205394718762753, 0.3215752092966189, 0.1867010151889796, 0.49850819339709623, 0.11663783489105602, 1.011274455432804, 0.549891160801053, 0.23124810090909403, 0.5097453580237925, 0.30184789444678106, 0.24800251368433238, 0.21889765017355484, 0.38769389800727366, 0.13888607400946232, 1.4811457920819522, 0.34102570902905427, 0.44348401610667887, 0.3250680687837303, 0.45612821566561856, 0.3379728477448225, 0.3777016568928957, 0.37650380870327355, 0.15189750294073248, 1.0414393596351146, 0.3320337827982647, 0.33146449631700914, 0.40779967928926153, 0.3472291973109047, 0.349205972161144, 0.3454787425386409, 0.6746748446176449, 0.29174957417306446, 0.6486092107991378, 0.40091875164459145, 0.21632658786450823, 0.8843046555916468, 0.4178521121541659, 0.35725075714290144, 0.42484684102237225, 0.37090184422475947, 0.3070171165590485, 0.3124744319512198, 0.2302048673853278, 0.54981526529106, 0.3893104467540979, 0.14770249373589953, 0.6845703348302498, 1.161174751073122, 0.6782953755930066, 0.8752677275074853, 0.17573083395448824, 0.5602457159911008, 0.41916728411600285, 0.5481245374307037, 0.5854590378809147, 0.6157389757533868, 0.18482746640220282, 0.5284360012246503, 0.3475345203324276, 0.3737510327560206, 0.12510066110019882, 0.22552469374301531, 0.27005671520407, 0.5499617010798482, 0.16659092077364523, 0.14583935069979406]
2025-12-24 18:32:11 - feda2ls - INFO - loss data:
2025-12-24 18:32:11 - feda2ls - INFO - [0.6850333690643311, 0.4950367515906692, 0.5763378214614931, 0.583967653966206, 1.228739367875581, 0.297812154982239, 0.7313852575127765, 1.234264628022684, 0.6557281603415808, 0.1515856002884296, 0.5484339453812157, 0.5417514258995653, 0.4797079125419259, 0.4970512214776439, 1.193548163372491, 0.18093291420179108, 0.7503729149555931, 0.3289709597837944, 0.3335311971585421, 0.4965419276927908, 0.8854200099594891, 0.1614367208265535, 0.9779360092130406, 0.6085426131170758, 0.3524045767378994, 0.41229324138794954, 0.41082662424693506, 0.2986552134852436, 0.4147014738681416, 0.3750494352852305, 0.16672837215689168, 0.845831842161715, 0.12082040922056572, 1.0434010889340233, 0.36705670462777984, 0.2815905126898239, 0.4405505088313172, 0.24482933897525072, 0.3259077381868011, 0.41060890071094036, 0.4624820911635955, 0.20817332442772266, 0.6412587436498143, 0.3403727961083253, 0.5347111813724041, 0.4041865510659085, 0.2968551470975702, 0.442573787463017, 0.286222451661403, 0.31165344707745435, 0.42829498030866187, 0.34195059050495424, 0.235224834519128, 0.4295993906312755, 0.4419095660559833, 0.41602021381258963, 0.24140433032686512, 0.2566404246414701, 0.1867669194500195, 0.3766427689542373, 0.24397764399958155, 0.5098766861170405, 0.7589426880081495, 0.437620655571421, 0.3402511606613795, 0.33280815798789265, 0.26374312410286316, 0.16030051395258246, 0.28523023982997986, 0.18996531078591944, 0.3505832757645597, 0.19521770606418914, 0.45626375824690635, 0.2285819130535755, 0.41972502386197447, 0.32551329201087353, 0.35260784836629266, 0.24790385404171852, 0.19576900910884384, 0.3623891222290695, 0.2221114934148728, 0.6005013811919424, 0.46865055637641084, 0.39467029366642237, 0.2789651436881875, 0.7349055052424471, 0.4041630706025494, 0.14906612361470858, 0.373214964478553, 0.19499080672036284, 0.21560417858030026, 0.22827860931677552, 0.5889656947304805, 0.2842995241594811, 0.3362502341469129, 0.2308339568398272, 0.20861436380073428, 0.2442645323491888, 0.28711469383173, 0.15066007720694566, 0.10242574693984352, 0.5075948635737102, 0.2497427571293277, 0.3830994754098356, 0.04310261438641807, 1.857963965088129, 0.32547533741841717, 0.5404111880809068, 0.1163153457979206, 1.7682589040034347, 0.3943167484054963, 0.22636341409614452, 0.3869513039381649, 0.42502682072420916, 0.35108857854225095, 0.27045065893599873, 0.42175356373190875, 0.2821242758383353, 0.254870532049487, 0.3404521540893862, 0.22527971301072586, 0.4217422856727526, 0.2796361107068757, 0.5551621686667204, 0.47132659470662475, 0.24093071105113872, 0.7636440505739301, 0.28936155228875576, 0.22733442690223454, 0.742322344906055, 0.3494749260134995, 0.3134885883586675, 0.43458387851715086, 0.18125166131649167, 0.8078382207812476, 0.322440038031588, 0.18818942519525686, 0.5034630963844913, 0.11734396322863178, 1.0165964691959417, 0.5554933583230844, 0.2308293202969556, 0.5144766288809479, 0.3040442904887291, 0.25016335661833483, 0.22090105721727013, 0.39182622175042825, 0.13894398349802942, 1.473946416626374, 0.344789457861155, 0.4463341855467894, 0.3277174434314172, 0.46212499514222144, 0.33763515361481244, 0.3833212722092867, 0.37831484774748486, 0.1530951375114348, 1.0466563634574413, 0.3340466191459979, 0.33262624194224677, 0.41083938963711264, 0.3487369405726592, 0.35070638405159116, 0.351267645911624, 0.6766116828347246, 0.2921530114043327, 0.6494793624927601, 0.40503028575330974, 0.21803428477142006, 0.8859776253501574, 0.42097476795315747, 0.35589604781319695, 0.4268203042447567, 0.37343711847705496, 0.30807483432193594, 0.3137445904004077, 0.2293563144902388, 0.554027432231949, 0.3899279819180568, 0.1488040426125129, 0.6860797366163192, 1.1680647918333609, 0.685807354003191, 0.8797071725957923, 0.17535940134354555, 0.5664196778161854, 0.4238310443803522, 0.553744162991643, 0.5901307472063658, 0.6238240977128346, 0.1844152966203789, 0.5300587655976414, 0.3510558936635361, 0.3794009460757176, 0.12569013472336032, 0.22748138778842986, 0.27111147831504545, 0.5524896082024844, 0.167866506613791, 0.14597797706431034]
2025-12-24 18:33:06 - feda2ls - INFO - loss data:
2025-12-24 18:33:06 - feda2ls - INFO - [0.6850333690643311, 0.4950367515906692, 0.5763378214614931, 0.583967653966206, 1.228739367875581, 0.297812154982239, 0.7313852575127765, 1.234264628022684, 0.6557281603415808, 0.1515856002884296, 0.5484339453812157, 0.5417514258995653, 0.4797079125419259, 0.4970512214776439, 1.193548163372491, 0.18093291420179108, 0.7503729149555931, 0.3289709597837944, 0.3335311971585421, 0.4965419276927908, 0.8854200099594891, 0.1614360833037234, 0.9778574015061783, 0.6081505832186092, 0.3518948166553552, 0.4118832554906989, 0.4103065500035882, 0.29806422134695854, 0.4147127276907364, 0.3751086652899782, 0.16649059986812062, 0.8479148782789707, 0.11933930872279841, 1.0481886156108025, 0.3626836698788863, 0.2809840956935659, 0.43920539985410867, 0.24407853081356734, 0.3252085515154669, 0.41241099685430527, 0.46101857172325256, 0.207622606443086, 0.635535045581249, 0.33826566029650473, 0.5317564658820629, 0.40103887158135576, 0.2981304824197044, 0.4447929441546783, 0.28395057256954415, 0.3096296894014813, 0.4225694532506168, 0.3390596908206741, 0.23191157029941678, 0.4281937920355371, 0.4393990463577211, 0.41343317267795404, 0.23960186652839183, 0.2548195309937, 0.1866870370945738, 0.3728277183241314, 0.24202633313446614, 0.5017206085309731, 0.7489034596830607, 0.43279860553642113, 0.33410842617352804, 0.33072567037971956, 0.2608942616575708, 0.15876820061239413, 0.2813800064691653, 0.1856382959987968, 0.3460726228542626, 0.19378916299804888, 0.44751524729415393, 0.22681375135305443, 0.41361763977135224, 0.3214299532119185, 0.349111413788528, 0.24440402325768118, 0.193154873780003, 0.3594608791482945, 0.21832068765678045, 0.606056365205182, 0.4676558807906177, 0.38873054838428894, 0.27690821886884376, 0.7428047477578124, 0.3997908836437596, 0.14937040157771359, 0.36525308609950347, 0.1966567627261751, 0.21442420177627355, 0.22357817570115077, 0.5832343816757202, 0.28392628257473307, 0.3310564992018044, 0.23038896326130875, 0.20659793057711795, 0.2410514169304709, 0.2860104402882429, 0.14843083110948405, 0.10351039046266426, 0.5037355585644643, 0.24518051948204328, 0.3786303115609501, 0.042336313065949496, 1.8774449383219083, 0.3209427820518613, 0.5299143821001053, 0.11562173824252872, 1.7674500917394957, 0.3884177690992753, 0.22326497217485058, 0.3797917769672588, 0.42237876343230407, 0.34595028873799105, 0.27323325330747616, 0.41849161349236963, 0.29160363220920166, 0.2533708021044731, 0.33610997098342826, 0.22487787688927102, 0.41961091174965814, 0.2772419277268151, 0.5499216221272945, 0.47077690064907074, 0.2399963206766794, 0.7551421436946839, 0.286658049452429, 0.2262005808896252, 0.7418863276162972, 0.3502777377143502, 0.31180901257995497, 0.4355422078321377, 0.18051895649017147, 0.8092233373484176, 0.32228872204820314, 0.18706462460104378, 0.5013066348398015, 0.11754249199681605, 1.0082247875415935, 0.5435469861674521, 0.22737755797958623, 0.5115493954159319, 0.3008568358918031, 0.24729379024356601, 0.21849927296862004, 0.38596941685924924, 0.13789667486700985, 1.4686417527496816, 0.33870534889977605, 0.43880408087219946, 0.3254499911641081, 0.45509775876998904, 0.3308511380934053, 0.3790343012660742, 0.37140513891354204, 0.15214416177432033, 1.0413765450318655, 0.32800080600593773, 0.33024362847208977, 0.4083744363238414, 0.34131978402535124, 0.3461529562094559, 0.35031167631192756, 0.6755083814263344, 0.2859978723827572, 0.6611068467299144, 0.3998072400689125, 0.21262035184384634, 0.8852958244582017, 0.4141622765610615, 0.3597642220556736, 0.41760911947737134, 0.3678249570230643, 0.30379255066315336, 0.30876004366048926, 0.23090467558552819, 0.54376837383502, 0.3864320709059636, 0.1468814459939798, 0.6885205558190743, 1.1681102933983007, 0.6766765370965004, 0.864860348817375, 0.17259133195814985, 0.5519631250195352, 0.41411910130843227, 0.5389106141403317, 0.5806030628557962, 0.6117749083787203, 0.18463828569899002, 0.5255694603030052, 0.34987520683995066, 0.37467968423540393, 0.12481846424440543, 0.22705134713711836, 0.2667322343836228, 0.5474214262195995, 0.16645190098012486, 0.14495335396233142]
2025-12-24 18:34:00 - feda2ls - INFO - loss data:
2025-12-24 18:34:00 - feda2ls - INFO - [0.6850333690643311, 0.4950367515906692, 0.5763378214614931, 0.583967653966206, 1.228739367875581, 0.297812154982239, 0.7313852575127765, 1.234264628022684, 0.6557281603415808, 0.1515856002884296, 0.5484339453812157, 0.5417514258995653, 0.4797079125419259, 0.4970512214776439, 1.193548163372491, 0.18093291420179108, 0.7503729149555931, 0.3289709597837944, 0.3335311971585421, 0.4965419276927908, 0.8854200099594891, 0.1614360833037234, 0.9778574015061783, 0.6081505832186092, 0.3518948166553552, 0.4118832554906989, 0.4103065500035882, 0.29806422134695854, 0.4147127276907364, 0.3751086652899782, 0.16649059986812062, 0.8479148782789707, 0.11933930872279841, 1.0481886156108025, 0.3626836698788863, 0.2809840956935659, 0.43920539985410867, 0.24407853081356734, 0.3252085515154669, 0.41241099685430527, 0.46101857172325256, 0.20765828142951553, 0.6332671071829585, 0.3379221246112138, 0.5306658018380404, 0.40061100663410293, 0.29830354849497476, 0.4449881555942389, 0.2830742062535137, 0.308879653395464, 0.4202122375679513, 0.3384559120051563, 0.2321617430386444, 0.4261072143646223, 0.43858996499329805, 0.4130576125035683, 0.23944644595806797, 0.2544198323041201, 0.18584233254077845, 0.3718026303582721, 0.24129903097248945, 0.5003788507261759, 0.7514275848865509, 0.43233743732174235, 0.3327561911195517, 0.33055612918521676, 0.2607399104706322, 0.1588751968559033, 0.28099409174950174, 0.18603748087771235, 0.3450012011375899, 0.19313849705698277, 0.4498079270745317, 0.22762903973149756, 0.4121499028367301, 0.3233541862107813, 0.34947016318925683, 0.2445886780006381, 0.19451583350190263, 0.35688771776234113, 0.2175981954229749, 0.6025062939979964, 0.46410958417173886, 0.38574830821404854, 0.27262285426396, 0.7542202989881237, 0.4011233525143729, 0.14995619806383426, 0.3602780298135438, 0.19682812900580943, 0.2133811548235826, 0.22403578780763828, 0.5717523563653231, 0.2812872243113816, 0.33067381543417773, 0.23218558180766802, 0.2023568617296405, 0.24098869863082656, 0.2784307952865791, 0.14846373269877708, 0.10297129862980607, 0.5031840691963831, 0.24419034385161162, 0.3773754694765168, 0.04218495919599709, 1.884067845220367, 0.32180061771844826, 0.5293037213385106, 0.11305612385234173, 1.7736261929902766, 0.3895813660075267, 0.2256152215389869, 0.37111512360115273, 0.4224715106189251, 0.3444715251880033, 0.2704490082365844, 0.4137299188723167, 0.2897969723368684, 0.2537737228597204, 0.3372910298329468, 0.21896242200164123, 0.42388271837539615, 0.2767276314397653, 0.5375008594244719, 0.46548024704679847, 0.237600052364481, 0.7359812812646851, 0.28437369922176003, 0.22397789260195122, 0.7429404195684652, 0.34688518289476633, 0.31671130366842537, 0.43554818915824095, 0.17812866629101337, 0.7910195095464587, 0.3217278884879003, 0.1781735364968578, 0.5246279414831883, 0.1192051249439828, 1.0215622211233355, 0.537900664976665, 0.22671678899011266, 0.4935813065307836, 0.3077851163605467, 0.24315004333232842, 0.22242434746585787, 0.3809188317041844, 0.1378038024005946, 1.4537988339861232, 0.32713019123296433, 0.42856941460034786, 0.3277231693888704, 0.44838912586371105, 0.3344217284479075, 0.38105492666363716, 0.37101522320881486, 0.15159609005786479, 1.0680463848014674, 0.32564203361315386, 0.33513680171842375, 0.4114397297302882, 0.3408960136895378, 0.34022710666370887, 0.3404147832188755, 0.6700352327898145, 0.29592940337246376, 0.6429402397324642, 0.3976035819078485, 0.21484185391260932, 0.8898839508493741, 0.4123755713303884, 0.3620119007925192, 0.4150916781897346, 0.36773430366246473, 0.2996571801602841, 0.30954857618392756, 0.22399437092244626, 0.5575168991330056, 0.39122490473091603, 0.1447011924503992, 0.6914710522295, 1.1811323373268048, 0.6810018903265397, 0.8737644308971034, 0.1706289082299918, 0.5615543331512634, 0.4138240943078463, 0.5444749132419626, 0.5830333170134765, 0.6119456085066001, 0.18338077993442614, 0.5263656247407198, 0.34640060902080116, 0.37290097114940485, 0.12262357760531206, 0.22693330816303692, 0.26839241739362474, 0.5524742721313877, 0.1641016158896188, 0.14376383327385958]
2025-12-24 19:34:28 - feda2ls - INFO - loss data:
2025-12-24 19:34:28 - feda2ls - INFO - [0.4470888179288629, 0.8897610872323289, 0.6806884635062445, 0.42757236281306377, 0.5039027985495825, 0.4136646841756172, 0.4161970982069357, 0.4314269753029713, 0.5088141463696957, 0.5856592908856415, 0.5052814534554879, 0.368403017793649, 0.5761350587195491, 0.2680908695929319, 0.5082543157041073, 0.26320840321584704, 0.6713272961477439, 0.12266327863261621, 0.4344155771593595, 0.43300270188067636, 0.46079322695732117, 0.11852688197589789, 0.5421880365305003, 0.2498078128336655, 0.24936011631119376, 0.5445152908741009, 0.4083018939498635, 0.12807444264667922, 0.5634342382706348, 0.3551878956456979, 0.38572393882803724, 0.43190648632960904, 0.43149287266035874, 0.1251716315416464, 1.0966747088422035, 0.2767506552375077, 2.3212113330761595, 0.519101076417913, 0.43433084292626534, 0.44683484062552453, 0.23707214270460142, 0.4046612133582433, 0.2906898401923374, 0.3950072287980999, 0.40104833426765907, 0.2037561149142372, 0.309606180836757, 0.4502640742646611, 0.3710874737665543, 0.3058024333634724, 0.11893161082544418, 0.05955603734926424, 0.6822455640022571, 0.43754501874070795, 0.4125458833021231, 0.3005885634627034, 0.3206070066507285, 0.7275519233358942, 0.4172932252972975, 0.2237975480306583, 0.25079294003080577, 0.31673885477232, 0.33193419611437575, 0.6106110756906371, 0.41500949584271596, 0.22850080524416022, 0.252040717297564, 0.21954440627721888, 0.4630205456995302, 0.34891930268328075, 0.35742166241224127, 0.2327258976486822, 0.5129931709514215, 0.22672467395766743, 0.38710165812468844, 0.2572539313083317, 0.0658378591616425, 0.34347536655970745, 0.34928709554175535, 0.22745686388557912, 0.4827507191197776, 0.2322701998706708, 0.24428295003072845, 0.2600656546436358, 0.23533867004513187, 0.36517191311965386, 0.4176168976506839, 0.4820101605321484, 0.21695483872060123, 0.6703027386839191, 0.28237287792532395, 0.40524245820762145, 0.4094297631776759, 0.4001576911125864, 0.3463399449718141, 0.2175285527514586, 0.18797594498495993, 0.2370965339152106, 0.2464544061028088, 0.33882670955998556, 0.3952459750076135, 0.40701188237202923, 0.11759692177616267, 0.5109500737239917, 0.35924983370516983, 0.40977348492313653, 0.27782170449694, 0.39055470675230025, 0.2752906075678766, 0.6197816858275069, 0.1905874151290239, 0.36994495415793993, 0.23379959344462145, 0.4007753968238831, 0.2764685698379965, 0.32311573531478643, 0.4188767434058026, 0.39925753766049943, 0.49363564642576074, 0.39794334893425304, 0.3304307211190462, 0.47877936686078704, 0.3374221948350127, 0.38800131325565634, 0.36932886290396083, 0.2897082944090168, 0.35094662979245184, 0.3625970842109786, 0.3826164250615342, 0.5418418095662043, 0.35227586982683057, 0.13188286996446552, 0.3686843751265856, 0.688461928072722, 0.22017174794649086, 0.29792804146030294, 0.5234667044132948, 0.33080036449763506, 0.5631288531087879, 0.37169164290221834, 0.398320602811873, 0.2967241617747479, 0.467273609124232, 0.3022657010850369, 0.259172765025869, 0.3184072620545825, 0.1821229847093277, 0.40438967651854724, 0.25947360408359343, 0.2604899811203636, 0.4609323665499687, 0.27526550678870615, 0.40885446444153783, 0.3472543478544269, 0.36781969167114725, 0.3503566978587991, 0.36694292991111677, 0.3176562202887403, 0.4985865238226122, 0.35702567199865975, 0.3459514664693011, 0.6349541023373604, 0.4344129977857365, 0.36783209576986836, 0.3716771231670847, 0.34500276387802187, 0.3720311460395654, 0.4056838504970074, 0.4058887343718738, 0.3778629844387372, 0.3213192890501685, 0.32764787721232724, 0.4200553347578361, 0.4021179267515739, 0.3920676644891501, 0.400869822416168, 0.3955592280568708, 0.3697915156682332, 0.2536343340658479, 0.4500762953422963, 0.412902820688011, 0.3873831721643607, 0.3774668886015813, 0.3298480955433417, 0.41671149829452525, 0.3833935217215465, 0.33283001578906, 0.4267865819235643, 0.3210332032707003, 0.34353318840157293, 0.4621413646886746, 0.44164525158703327, 0.36092273526065183, 0.3705444880706422, 0.4009585480611676, 0.3888922002895371, 0.41512940136922727, 0.46109612546861173, 0.384962333632367, 0.4512367674460014]
2025-12-24 19:35:12 - feda2ls - INFO - loss data:
2025-12-24 19:35:12 - feda2ls - INFO - [0.4470888179288629, 0.8897610872323289, 0.6806884635062445, 0.42757236281306377, 0.5039027985495825, 0.4136646841756172, 0.4161970982069357, 0.4314269753029713, 0.5088141463696957, 0.5856592908856415, 0.5052814534554879, 0.368403017793649, 0.5761350587195491, 0.2680908695929319, 0.5082543157041073, 0.26320840321584704, 0.6713272961477439, 0.12266327863261621, 0.4344155771593595, 0.43300270188067636, 0.46079322695732117, 0.11852688197589789, 0.5421880365305003, 0.2498078128336655, 0.24936011631119376, 0.5445152908741009, 0.4083018939498635, 0.12807444264667922, 0.5634342382706348, 0.3551878956456979, 0.38572393882803724, 0.43190648632960904, 0.43149287266035874, 0.1251716315416464, 1.0966747088422035, 0.2767506552375077, 2.3212113330761595, 0.519101076417913, 0.43433084292626534, 0.44683484062552453, 0.23707214270460142, 0.404661072169741, 0.2908151461173677, 0.3951637989353566, 0.4020363202270789, 0.20380340112606063, 0.3091990499621412, 0.45025394802940066, 0.3703905630154886, 0.3053967936274906, 0.11897114513250179, 0.05923280389914806, 0.681953197488418, 0.4377212105762391, 0.41281825308807385, 0.30009509207338536, 0.32039219779738537, 0.7267976344927498, 0.4174211593309125, 0.2237253388768295, 0.2502525176629812, 0.31225306230651984, 0.32777429083088305, 0.6289695901278821, 0.41429245059555986, 0.22744092156644913, 0.25051201531378964, 0.21911376331859797, 0.46189575236704616, 0.34852947079758534, 0.35482048863095456, 0.23134979852475226, 0.5097565467541034, 0.2260552407332903, 0.38431839254937045, 0.25542238330781225, 0.06436408154995125, 0.33822440174278906, 0.34844979234039786, 0.2265410892898217, 0.4780279027345853, 0.23101707640488067, 0.24454013398804125, 0.25889510685658973, 0.2331530788932772, 0.36504000898095823, 0.41469574052219593, 0.48449426365309745, 0.21559125405238494, 0.6701113157595198, 0.28061877278766284, 0.40501057697193965, 0.4084451330293502, 0.3997232939249703, 0.34457129766011524, 0.21625615775758658, 0.18640202642509748, 0.23535080523613622, 0.24513138142259172, 0.3368606334108682, 0.39257394199570017, 0.40704711173586117, 0.11607346374657937, 0.5055351241181294, 0.3577776284710992, 0.40672614702429527, 0.2762732993500928, 0.3878905695552627, 0.2704302465543151, 0.6303594003121058, 0.1897559225714455, 0.36801474347178426, 0.2308224529539253, 0.39873551403482754, 0.2732180974608206, 0.32141011546676357, 0.41818661456052053, 0.39794884479294224, 0.4873650638529887, 0.3954966216037671, 0.3282303463667631, 0.4729930665344, 0.33518005607585455, 0.38644241209895835, 0.36697145627661687, 0.28561396201451617, 0.3485399217655261, 0.3594030341340436, 0.3780645879737923, 0.5345672250558169, 0.34950942840604554, 0.12923720153048635, 0.35600364579018096, 0.6561211921947718, 0.2170163481961936, 0.3007818180602044, 0.5065769899636507, 0.34246613019042543, 0.5336637238607458, 0.3711702587226262, 0.3903897535055876, 0.2967646850273013, 0.4601539766874866, 0.29891466842416453, 0.25483833368246755, 0.3160760972027977, 0.17505942327061702, 0.40100142947183204, 0.2527371025910335, 0.26086659394204614, 0.4426459502842691, 0.2732043151242229, 0.394254253183802, 0.3349227436064255, 0.3646783284842968, 0.34892488310911823, 0.3590054282297691, 0.3097384841491779, 0.4739038368480073, 0.3563551353911559, 0.33948283606312346, 0.6456076858772172, 0.4178387440083658, 0.3627977695909963, 0.36965573203132485, 0.3419716139457055, 0.36159802284091713, 0.4053150406728188, 0.3949363439789285, 0.3723523954550425, 0.3170497038298183, 0.32191589204833293, 0.41589445509016515, 0.3934889248261849, 0.38764257269601027, 0.39691629060185873, 0.3936215348109819, 0.36145047899335625, 0.23432434991829926, 0.45597182856872676, 0.41107643845936526, 0.37908436697390346, 0.3729586510051941, 0.3237886480816634, 0.4153032400484743, 0.3812047417347248, 0.32603917952407807, 0.4258636185278495, 0.315813217477666, 0.33676750033841907, 0.46343441245456535, 0.43600802595416704, 0.35980492991292873, 0.3671256885589922, 0.4006753533314436, 0.3841897048090833, 0.41449371688067915, 0.46016774202386534, 0.381265588814304, 0.4451160069555044]
2025-12-24 19:38:20 - feda2ls - INFO - loss data:
2025-12-24 19:38:20 - feda2ls - INFO - [0.4470888179288629, 0.8897610872323289, 0.6806884635062445, 0.42757236281306377, 0.5039027985495825, 0.4136646841756172, 0.4161970982069357, 0.4314269753029713, 0.5088141463696957, 0.5856592908856415, 0.5052814534554879, 0.368403017793649, 0.5761350587195491, 0.2680908695929319, 0.5082543157041073, 0.26320840321584704, 0.6713272961477439, 0.12266327863261621, 0.4344155771593595, 0.43300270188067636, 0.46079322695732117, 0.11852688197589789, 0.5421880365305003, 0.2498078128336655, 0.24936011631119376, 0.5445152908741009, 0.4083018939498635, 0.12807444264667922, 0.5634342382706348, 0.3551878956456979, 0.38572393882803724, 0.43190648632960904, 0.43149287266035874, 0.1251716315416464, 1.0966747088422035, 0.2767506552375077, 2.3212113330761595, 0.519101076417913, 0.43433084292626534, 0.44683484062552453, 0.23707214270460142, 0.4046612133582433, 0.2906898401923374, 0.3950072287980999, 0.40104833426765907, 0.2037561149142372, 0.309606180836757, 0.4502640742646611, 0.3710874737665543, 0.3058024333634724, 0.11893161082544418, 0.05955603734926424, 0.6822455640022571, 0.43754501874070795, 0.4125458833021231, 0.3005885634627034, 0.3206070066507285, 0.7275519233358942, 0.4172932252972975, 0.2237975480306583, 0.25079294003080577, 0.31625032822108445, 0.33021336530937867, 0.6151377494550413, 0.4147755817376252, 0.2282977767288685, 0.2512419103300517, 0.219711608537838, 0.4630347474167744, 0.3488639704476314, 0.3574364044350283, 0.23277369405453402, 0.5130049357047448, 0.22687980043572478, 0.38616761834326396, 0.2565898269927804, 0.06538553180300868, 0.3422288252752171, 0.3492175764714678, 0.2273824200549695, 0.4804795760620426, 0.23207789152347222, 0.24416997986956546, 0.2598050600862589, 0.23426724671250365, 0.36557850314392926, 0.4162591500207782, 0.48359442881212156, 0.21608225892976343, 0.6693273310239116, 0.28078222779246664, 0.4054006251196066, 0.4099799459800124, 0.40088568601225105, 0.345050888925436, 0.21681231700303946, 0.18682085337875154, 0.23637823050330375, 0.24549118982783208, 0.3374836967282352, 0.39228546631832917, 0.4079918903009645, 0.11580740676662471, 0.5078497067093849, 0.3582007665453213, 0.40770379453897476, 0.2765709885939335, 0.3888984895799132, 0.2730406794386605, 0.6297062736832433, 0.18950924117428564, 0.36893914137922584, 0.23164615063179356, 0.4001380059868097, 0.27378218169931484, 0.3232791397720575, 0.4177459008736998, 0.3994419582809011, 0.4892509078177122, 0.39663723607858026, 0.32888400660206873, 0.4761190082877874, 0.3364864629168791, 0.38704961657169323, 0.36821634053070657, 0.2874872821693619, 0.3495934151113034, 0.3612701404425833, 0.3803415956397729, 0.5391562424409084, 0.35138383800429956, 0.1311907782840232, 0.3638623529454759, 0.6780891327907432, 0.21893895825293536, 0.298837536914895, 0.5186700575053692, 0.3337529868301418, 0.551202194603241, 0.3716082838817667, 0.39519013253351054, 0.29596243400333655, 0.46380971456891384, 0.301406238094167, 0.2568569321495791, 0.3173430833344658, 0.17997643526680038, 0.40242554601759484, 0.25640283139156445, 0.25983365252835766, 0.4545660640216536, 0.2742033819262034, 0.4041844374189774, 0.3436169592693211, 0.36614860606690247, 0.3492949047968501, 0.36408468217899403, 0.31537253835962875, 0.4907224855489201, 0.3555666945874691, 0.3431105157981316, 0.6285720583465364, 0.418868089481896, 0.3643183869728144, 0.36968951191302835, 0.3438668806904129, 0.3693748875831564, 0.40066477581858634, 0.3974015923702846, 0.37428100916246576, 0.3220959788395299, 0.3243671716787876, 0.4162683917032111, 0.39728610267241793, 0.3889817546639177, 0.39812686294317245, 0.3941711224435608, 0.3644308812916279, 0.24191857472889955, 0.4517683336200814, 0.4111536203897086, 0.3819890535540051, 0.3753241283326656, 0.3260832403609955, 0.4161730312467535, 0.37909832975039115, 0.3270145945470123, 0.4261246543377638, 0.3188665450861057, 0.3401265482953637, 0.4628372342636188, 0.4386222522705794, 0.3603937738501203, 0.3686830364386825, 0.4005890470953324, 0.38527449495188015, 0.4147886721624269, 0.46144046845535436, 0.382606049955246, 0.44652930765102306]
2025-12-24 19:40:11 - feda2ls - INFO - loss data:
2025-12-24 19:40:11 - feda2ls - INFO - [0.4470888179288629, 0.8897610872323289, 0.6806884635062445, 0.42757236281306377, 0.5039027985495825, 0.4136646841756172, 0.4161970982069357, 0.4314269753029713, 0.5088141463696957, 0.5856592908856415, 0.5052814534554879, 0.368403017793649, 0.5761350587195491, 0.2680908695929319, 0.5082543157041073, 0.26320840321584704, 0.6713272961477439, 0.12266327863261621, 0.4344155771593595, 0.43300270188067636, 0.46079322695732117, 0.11855576424212712, 0.5401268630865074, 0.2509555524324669, 0.24862393795240983, 0.551030670514419, 0.40903643761717134, 0.12604195609143964, 0.5597727929552396, 0.35647119258840876, 0.38675676693168026, 0.43322724872201246, 0.42501478468378384, 0.12806853692648779, 1.0856019249507065, 0.2811990285583306, 2.30841367940108, 0.5115209602750838, 0.43544216448630113, 0.4469963164379199, 0.23662973591491135, 0.40389978922903536, 0.2902622541373906, 0.39474660454406624, 0.4002938602024164, 0.2031181566701788, 0.30978575684130194, 0.4512096202567868, 0.3713571339933391, 0.30564972592207296, 0.1183650942368652, 0.05978833131181697, 0.6843651025914229, 0.43736131147791946, 0.41234438087886727, 0.2999830452613851, 0.3196272670213754, 0.729860823277546, 0.41645171153591054, 0.22292865378371465, 0.25025147331374076, 0.3162290797504943, 0.3299894451355452, 0.6372552637735175, 0.4141519543867446, 0.22690323502756657, 0.25014491226975843, 0.21982485062771423, 0.4626725788745615, 0.34839068872147594, 0.3541238849618654, 0.2320312983045975, 0.5082414709031582, 0.22599368675146253, 0.3825288416076464, 0.25592492958069624, 0.06496004069306176, 0.3391521596763697, 0.34895054865628483, 0.2266013876138632, 0.47674321334113134, 0.23002022478040945, 0.24349915098975455, 0.25964451319389587, 0.23226226366712668, 0.3652251191880731, 0.41102409906064474, 0.48436837096152635, 0.2155557789952874, 0.6655689344430963, 0.27857705963154633, 0.4052450997400142, 0.4092302146766867, 0.4010551098201956, 0.344148846706819, 0.21609367623596507, 0.18628710761081937, 0.235511425184999, 0.2437314619931082, 0.33681073896586894, 0.39311490431427953, 0.40625525517068034, 0.1155645473232855, 0.5076037087788184, 0.356885075835245, 0.404679536437377, 0.2757959930847088, 0.38730292901219354, 0.26908922678170105, 0.6331027008179161, 0.18964782488183118, 0.3673656191676855, 0.2304347941524112, 0.3991870419432719, 0.2724589425989467, 0.3214075811983397, 0.4185575895393506, 0.39552608219285806, 0.4844655288526645, 0.39600987570981183, 0.3284145155300697, 0.47339786936839423, 0.33565096632074354, 0.38549405845503015, 0.366724668211978, 0.2844297794625163, 0.34839277726908524, 0.3581227320349879, 0.3786326078743917, 0.5385016365311085, 0.34965730266911643, 0.13073273268528282, 0.3618830755552543, 0.6728846240131294, 0.21831293242285027, 0.2978491433818514, 0.5140341348946095, 0.3328311587787337, 0.5501579854745364, 0.3697041739590275, 0.39272734988480806, 0.2946180839919382, 0.4640217830845411, 0.29889576312373667, 0.2563725617093345, 0.31523172389715914, 0.1789147352945863, 0.3993944535079675, 0.2545775184540876, 0.25897111754554014, 0.4548534239745802, 0.27152429382221244, 0.4039749293277661, 0.3430244615449319, 0.3651658579086264, 0.34835050317148364, 0.3609045000746846, 0.3119137574401167, 0.4912172959910499, 0.3535835860917965, 0.342363683713807, 0.6243870879213015, 0.41307394335813385, 0.36338246340552965, 0.36838581705732004, 0.34142745860985346, 0.36792164829870067, 0.399222781509161, 0.3953362949786411, 0.37141436816503604, 0.32140954621136186, 0.32167473533310187, 0.41313258743889275, 0.3941471221546332, 0.38610650996367135, 0.3986575465935927, 0.3928521426331594, 0.3616321769853433, 0.23882830730742877, 0.4508016041169564, 0.4093893639743328, 0.37979227010574607, 0.3738065323567596, 0.32342009073476385, 0.41445409499422803, 0.3750565481873659, 0.3245421664460617, 0.4252023957669735, 0.31628325805068014, 0.33869719184971087, 0.4624231571952502, 0.4363829854875803, 0.35872360653317803, 0.3671756870241142, 0.3991962866857648, 0.38393164105620814, 0.41187606031696, 0.45755314181248347, 0.3810201489499637, 0.4464037029072642]
2025-12-24 19:41:07 - feda2ls - INFO - loss data:
2025-12-24 19:41:07 - feda2ls - INFO - [0.4470888179288629, 0.8897610872323289, 0.6806884635062445, 0.42757236281306377, 0.5039027985495825, 0.4136646841756172, 0.4161970982069357, 0.4314269753029713, 0.5088141463696957, 0.5856592908856415, 0.5052814534554879, 0.368403017793649, 0.5761350587195491, 0.2680908695929319, 0.5082543157041073, 0.26320840321584704, 0.6713272961477439, 0.12266327863261621, 0.4344155771593595, 0.43300270188067636, 0.46079322695732117, 0.11855576424212712, 0.5401268630865074, 0.2509555524324669, 0.24862393795240983, 0.551030670514419, 0.40903643761717134, 0.12604195609143964, 0.5597727929552396, 0.35647119258840876, 0.38675676693168026, 0.43322724872201246, 0.42501478468378384, 0.12806853692648779, 1.0856019249507065, 0.2811990285583306, 2.30841367940108, 0.5115209602750838, 0.43544216448630113, 0.4469963164379199, 0.23662973591491135, 0.4039051572481791, 0.289422999711759, 0.39473572660769735, 0.3981889633414073, 0.2021061402473909, 0.3070652859460097, 0.4514023540136607, 0.3697962426492755, 0.3049351424444467, 0.11670759699225207, 0.05893492654690312, 0.6812848480275044, 0.4378132569027089, 0.4122144711991915, 0.29844682291946095, 0.3178000714862719, 0.7262499883123066, 0.41657635829343653, 0.223079926581219, 0.24983754161318456, 0.3136838733501659, 0.32696725125424564, 0.6435835521357756, 0.41385396065371094, 0.22650877707637845, 0.24983093982888785, 0.21940810107671674, 0.46168451623784174, 0.34785624226105627, 0.3524654154216164, 0.23099870214549204, 0.5058145548861761, 0.22538202797554227, 0.3825875222309178, 0.2550612174571775, 0.06450847945186716, 0.33542594225792627, 0.34841643646359444, 0.22619960814176704, 0.47489874930063014, 0.22958224455420023, 0.24367921410705007, 0.2590170159962946, 0.23169670447740437, 0.36416895588239034, 0.40943264456776285, 0.4833864719146627, 0.2149661029281895, 0.662915542970101, 0.2782680613997703, 0.40421567534406977, 0.4071222434618643, 0.3985000227444938, 0.34217210966384126, 0.21462130539584906, 0.18598954579861396, 0.23476426697646577, 0.24324315935373306, 0.33567556455021813, 0.38941008746623995, 0.40398174340611903, 0.1150210547636056, 0.5073641856511434, 0.3554136978373641, 0.4034272886048525, 0.27492211745120587, 0.38588202184154874, 0.2694925765817364, 0.6305854620618953, 0.1877307843999006, 0.36488661604622996, 0.2290396630280085, 0.3950609253098567, 0.2721654855808162, 0.3172792747927209, 0.4196045015357498, 0.3931568737452229, 0.4803097586219127, 0.3936605926603079, 0.32506551773597797, 0.4720689522723357, 0.332807902291674, 0.3823270718079238, 0.36450271683948476, 0.28222796159485974, 0.3465480553607146, 0.3555770843807194, 0.3754125309126277, 0.5300017740481939, 0.3474942364907336, 0.12821127084704736, 0.35678130665771846, 0.6454576873259634, 0.21621934660943226, 0.29749758194666354, 0.5030926443636418, 0.3400763233295745, 0.5406962439039911, 0.36807244225667834, 0.38776457353184623, 0.2932977305725217, 0.46103807847029055, 0.2961747886162568, 0.2535990160734703, 0.31216705925762656, 0.1743249832798599, 0.3957867229405122, 0.25129895538889935, 0.25659718441200396, 0.4497999493860536, 0.2669446861693779, 0.39824943480392294, 0.33425591472122407, 0.36277191269078424, 0.34388100582041914, 0.35797729572902126, 0.3040627514115638, 0.4844366872476207, 0.3516752285261949, 0.33741760781655705, 0.635348807192511, 0.41057471160356906, 0.3617077992716129, 0.3654507569109018, 0.338846966349298, 0.3615933019667864, 0.39821519516408443, 0.3909627867160716, 0.3683350017915169, 0.31704093722833526, 0.31802799836851847, 0.41067435971150795, 0.38995651950438814, 0.3840178869664669, 0.3959805498329493, 0.3928538020970165, 0.35675385842720664, 0.23032809096492, 0.4515036478638649, 0.40812902045098765, 0.37487572907573646, 0.37086038515828124, 0.32203286105852114, 0.415082194653279, 0.3762640283657954, 0.32170880436166827, 0.4226462056239446, 0.31403000338209996, 0.3339121472360431, 0.4600043257077535, 0.4318021544565757, 0.3591242910212721, 0.3662650155305278, 0.39636539586652547, 0.3814092972749694, 0.4117322644839684, 0.4574826406935851, 0.3770758028896082, 0.4419955087825656]
2025-12-24 20:32:55 - feda2ls - INFO - loss data:
2025-12-24 20:32:55 - feda2ls - INFO - [0.3739107508174699, 0.536095800002416, 0.36697236364425134, 0.885571805636088, 0.6154370394845803, 0.6688818524281184, 0.34958912566718126, 0.5051261301970843, 0.4821334821482499, 0.4054353699483203, 0.16234341368729632, 1.1687111020797776, 0.4058749246213472, 0.4095785069265262, 0.2870328100930367, 0.24576202018393412, 0.4107175098703892, 0.14033646017519963, 0.5510083615158995, 0.49910998795004125, 0.4036068482945363, 0.4860032910688056, 0.22566585113527254, 0.3779150685228939, 0.508829660092791, 0.14774925324088667, 0.6660144788523514, 0.5779151897286139, 0.3711764287358771, 0.25862834156688413, 0.28268747666983735, 0.5475709846864144, 0.388512513662378, 0.20887191385863293, 0.15576226845247826, 0.3333358315254251, 0.32736431282634537, 0.2756925164810805, 0.38508190931234926, 0.4721121075252692, 0.3661539704952803, 0.12120046768104657, 0.6099556618680557, 0.2503446743047486, 0.32842987146051156, 0.24226828206288203, 0.4913429401194056, 0.2801794003779915, 0.3631290538103453, 0.23896387018348003, 0.444725830861452, 0.4041624546671907, 0.2742416604887694, 0.30334741827100514, 0.45686717331409454, 0.45044286735355854, 0.47157692164182663, 0.3006116025149822, 0.2403164316798211, 0.4644518720234434, 0.45110540011018097, 0.27031800810699214, 0.13214755137839046, 0.25627670730852214, 0.37693556475763523, 0.4975798136244217, 0.33727130310402975, 0.40444715693593025, 0.23496335360945925, 0.2952950959073173, 0.4922048271866515, 0.14725342464788507, 1.3589416489456638, 0.23906152491711757, 0.21605011825320414, 0.21031065520364792, 0.4798408225731691, 0.36037671159331996, 0.40866122648797254, 0.42457537464797496, 0.42130205242170227, 0.11146532828199932, 0.9190785727774102, 0.30010277390480045, 0.2245251369766063, 0.44409995087318954, 0.46321271459261576, 0.3086207383298174, 0.47455883178682556, 0.4891278470555941, 0.39681341552308624, 0.2441329388201914, 0.6884961980084578, 0.33719727195178467, 0.3163921511525082, 0.37054440000404915, 0.6720624988987332, 0.24462445366262187, 0.33019569469615817, 0.43923855324586236, 0.2430163731612265, 0.28898494959188004, 0.3206105370198687, 0.38362989027166006, 0.3466825018890879, 0.23381534858296316, 0.4334019795534286, 0.47018076231082284, 0.4900112765530745, 0.360523774445831, 0.39869596504029775, 0.3219155897386372, 0.33390680597060257, 0.6017427059511344, 0.24670510136832796, 0.447013434022665, 0.3202894798417886, 0.47082890992363297, 0.1459829417639412, 0.4104036769767602, 0.3247861012738819, 0.2818538533227349, 0.368565816928943, 0.44733148912588755, 0.2316000242717564, 0.36812365461761754, 0.30851024504130087, 0.6862203717231751, 0.3447095037466197, 0.3289908905203144, 0.46170752884021826, 0.3084067636033675, 1.017747730265061, 0.3262900980358774, 0.5122815126641875, 0.35908259294099276, 0.26268470299458413, 0.30544894968883857, 0.1418122653637759, 0.13106892653844424, 1.097536095209194, 0.1943592085310864, 0.5252852237472931, 0.28159705172292887, 0.24291149048755567, 0.5350963947673639, 0.3931691859331396, 0.3595074513430397, 0.6601007959494988, 0.2466378206387162, 0.6890522701044878, 0.3804376042344504, 0.481474254722707, 0.4849439908025993, 0.4578972883522511, 0.2640849304944277, 0.359744457810214, 0.39196790680289273, 0.6726259491095941, 0.3859798221538464, 0.5062047087483936, 0.44892875127908255, 0.48719613067805767, 0.40371844346324604, 0.4584696213404338, 0.3838621139526367, 0.22572724517209058, 1.0105642612491335, 0.5307872542490562, 0.5054650950053381, 0.4355817232168082, 0.4429425185235838, 0.5695198881957266, 0.5942201194663843, 0.587824585655379, 0.4166033677401997, 0.45740000758142696, 0.40257144371668496, 0.39832512363791467, 0.5072138470908006, 0.4276336351202594, 0.4085831522941589, 0.35261569743355115, 0.4045314642290274, 0.7780728569254278, 0.5690331369283653, 0.340386361690859, 0.4932993250588576, 1.0585616876681647, 0.4852888705107299, 0.7582836510613561, 0.576133058220148, 0.6571383524006085, 0.47387238087997374, 0.5682627284692394, 0.5328427334626515, 0.4590233158207301, 0.6074667688281763, 0.41898871300121143, 0.5328355781320069]
2025-12-24 20:34:33 - feda2ls - INFO - loss data:
2025-12-24 20:34:33 - feda2ls - INFO - [0.3739107508174699, 0.536095800002416, 0.36697236364425134, 0.885571805636088, 0.6154370394845803, 0.6688818524281184, 0.34958912566718126, 0.5051261301970843, 0.4821334821482499, 0.4054353699483203, 0.16234341368729632, 1.1687111020797776, 0.4058749246213472, 0.4095785069265262, 0.2870328100930367, 0.24576202018393412, 0.4107175098703892, 0.14033646017519963, 0.5510083615158995, 0.49910998795004125, 0.4036068482945363, 0.4860032910688056, 0.22566585113527254, 0.3779150685228939, 0.508829660092791, 0.14774925324088667, 0.6660144788523514, 0.5779151897286139, 0.3711764287358771, 0.25862834156688413, 0.28268747666983735, 0.5475709846864144, 0.388512513662378, 0.20887191385863293, 0.15576226845247826, 0.3333358315254251, 0.32736431282634537, 0.2756925164810805, 0.38508190931234926, 0.4721121075252692, 0.3661539704952803, 0.12115404252868353, 0.6082087967544794, 0.2491842802381143, 0.32641612319719226, 0.24220150464680046, 0.489158038670818, 0.2781451043771636, 0.3623300186801879, 0.2372405156599019, 0.4456064119285932, 0.3989787553126613, 0.2727748704918971, 0.3025435768067837, 0.45468799384931724, 0.4490056224167347, 0.4671250180829139, 0.3001505425696572, 0.23894180492983047, 0.45536570267130927, 0.4512771434603362, 0.2683316692533536, 0.1307956986245699, 0.25431132764400294, 0.3732840263595184, 0.4968778079375625, 0.334711728638245, 0.40146620646119113, 0.23331774338665934, 0.28803523437637424, 0.49236117507486293, 0.14486265225879227, 1.3667922732279156, 0.23853193194520744, 0.21533482101901125, 0.20777835229075411, 0.4805923903883215, 0.36086379637320837, 0.40479780180436187, 0.42300671276946866, 0.4154625305285057, 0.10965541622982444, 0.9158247344273454, 0.29781179755926135, 0.22263384862906405, 0.4400067850533459, 0.45908869529763857, 0.3063774411989884, 0.46804410040910754, 0.48072597086429597, 0.39409464493926083, 0.2416334469435793, 0.6691609718319442, 0.3341574999814232, 0.3131434093643394, 0.3678557236368457, 0.6594448161621889, 0.24169051717270656, 0.3272550156340003, 0.43599221905072527, 0.24006388854856292, 0.28795727528631687, 0.31331769744555155, 0.3775941974511652, 0.3426834644467542, 0.2322778293242057, 0.4228033291954886, 0.4737445161677897, 0.480291681115826, 0.35518714390066153, 0.3969439323725445, 0.3209628050732944, 0.32769480641517373, 0.5988752192684582, 0.24557124637067318, 0.44157950232426324, 0.31787407462174694, 0.4641204020629327, 0.1405651191676346, 0.4124866576027125, 0.3206306049833074, 0.27766124762340705, 0.3665537749541302, 0.4414226486037175, 0.22699476884339342, 0.36646769524862366, 0.302401073738223, 0.6797470439225435, 0.3365391585129228, 0.32456554838766655, 0.45103114576212, 0.30501260624150744, 1.0080182870229084, 0.32016210113510946, 0.5051058188435578, 0.3547518671386771, 0.25960958884944296, 0.3016503800327579, 0.13908068612311975, 0.13121779831954175, 1.075663589799043, 0.19644595443138055, 0.5166826609522104, 0.27623730069026353, 0.241141768777743, 0.5293964587152005, 0.38629619487457806, 0.35281147642682, 0.6510533624639114, 0.24271696712821722, 0.6787913236767054, 0.3741823993830217, 0.4821279670189445, 0.4844935964379046, 0.45574803948402404, 0.2602545282120506, 0.3556026882971778, 0.3885093903789918, 0.6640391380008723, 0.3858257831384738, 0.49824575502425433, 0.44405852718692684, 0.48248037447532016, 0.39837606648604074, 0.44670905669530236, 0.38018733337521554, 0.22072945501316676, 1.0028855071536131, 0.5218381263315677, 0.49386509425110287, 0.4318534045508413, 0.44627007385715844, 0.5664496656507253, 0.5854178356627623, 0.5761848293126575, 0.41344860249332016, 0.4533724389260724, 0.3967091454813878, 0.39522270727902653, 0.5067351932326952, 0.4239043216997137, 0.4040331937372684, 0.3485724122573932, 0.3992054664840301, 0.7993523632486661, 0.5678892685721317, 0.3364471890032291, 0.4905151603122552, 1.0648773709932964, 0.47833136476576327, 0.7395993617052834, 0.566308133242031, 0.6459783432739121, 0.4657453773321495, 0.5589428342878818, 0.5245853833026356, 0.4506275129814943, 0.6087062256854204, 0.4151378607998292, 0.5210173774717582]
2025-12-24 20:36:58 - feda2ls - INFO - loss data:
2025-12-24 20:36:58 - feda2ls - INFO - [0.3739107508174699, 0.536095800002416, 0.36697236364425134, 0.885571805636088, 0.6154370394845803, 0.6688818524281184, 0.34958912566718126, 0.5051261301970843, 0.4821334821482499, 0.4054353699483203, 0.16234341368729632, 1.1687111020797776, 0.4058749246213472, 0.4095785069265262, 0.2870328100930367, 0.24576202018393412, 0.4107175098703892, 0.14033646017519963, 0.5510083615158995, 0.49910998795004125, 0.4036068482945363, 0.4860032910688056, 0.22566585113527254, 0.3779150685228939, 0.508829660092791, 0.14774925324088667, 0.6660144788523514, 0.5779151897286139, 0.3711764287358771, 0.25862834156688413, 0.28268747666983735, 0.5475709846864144, 0.388512513662378, 0.20887191385863293, 0.15576226845247826, 0.3333358315254251, 0.32736431282634537, 0.2756925164810805, 0.38508190931234926, 0.4721121075252692, 0.3661539704952803, 0.12120046768104657, 0.6099556618680557, 0.2503446743047486, 0.32842987146051156, 0.24226828206288203, 0.4913429401194056, 0.2801794003779915, 0.3631290538103453, 0.23896387018348003, 0.444725830861452, 0.4041624546671907, 0.2742416604887694, 0.30334741827100514, 0.45686717331409454, 0.45044286735355854, 0.47157692164182663, 0.3006116025149822, 0.2403164316798211, 0.4644518720234434, 0.45110540011018097, 0.27027289692143147, 0.1318519998794525, 0.2562390938634053, 0.37664126365755995, 0.49684792129943767, 0.33709470540699027, 0.40413744412362573, 0.23527820233462585, 0.29478090408982505, 0.49270051708056906, 0.14689597009681166, 1.3682135465470227, 0.239844172319228, 0.21672053304371527, 0.21046860985613117, 0.481493944981614, 0.3618722790852189, 0.4093162124468521, 0.42591645419597624, 0.4210490460197131, 0.1114090241470628, 0.9173892242213091, 0.3006777889902393, 0.22552235366569626, 0.44545268317063647, 0.465113515406847, 0.3089032340907689, 0.47604823206507024, 0.4908376388872663, 0.39830468737830715, 0.24527773511116252, 0.6924717576967345, 0.33777690343558786, 0.3170963123544223, 0.37240564649303753, 0.677445197673071, 0.24435274801075912, 0.33103574719280005, 0.4403418216854334, 0.24321254887928564, 0.28809180005143087, 0.3215032320097089, 0.38440523838455026, 0.34736050699244847, 0.23443067325279116, 0.4360997182892805, 0.4673860414574543, 0.4905486813258557, 0.3629824713888493, 0.40330953316851736, 0.32372816170876223, 0.33125195081035297, 0.6046207529448328, 0.2479620255736841, 0.45001448144515355, 0.3212720142801603, 0.4716810040175915, 0.14473116256219024, 0.4139188197006782, 0.3279708292180052, 0.284295830769803, 0.36727870067581536, 0.4503745252887408, 0.23231066014109686, 0.3717017640980581, 0.3123064554872967, 0.704746067027251, 0.34731921703187807, 0.32982927759488423, 0.46800524434873036, 0.31074808720344055, 0.995044582337141, 0.32575805935670027, 0.5150037158635401, 0.3609130486018128, 0.2632993659300899, 0.3061273221547405, 0.14298629946065972, 0.1317263961935209, 1.0915887296651348, 0.20128556275888093, 0.5180900244663159, 0.28707077049960694, 0.24091870376529795, 0.5363378080938543, 0.39199108907745944, 0.3618553684900204, 0.6628079288949569, 0.24877486129601797, 0.6844591282308101, 0.3884295021287269, 0.46841630546065666, 0.480939406197932, 0.4602873514095942, 0.26863717918594676, 0.3587507793849165, 0.3908450582375129, 0.6736863035294745, 0.39074676260352137, 0.4994244911190536, 0.4545254769631558, 0.4897891640663147, 0.4061725127200285, 0.46477914998928704, 0.38565964611868064, 0.22653236039208643, 1.0182143157081944, 0.5390271830062071, 0.5170902245574527, 0.4316326306624846, 0.44881837597737706, 0.5706998085810079, 0.5985884934663772, 0.600155473346748, 0.4184879431234939, 0.46211633050725576, 0.40906687316795187, 0.39666683971881866, 0.5037327118217945, 0.4300092388720562, 0.4099701361109813, 0.3521863582233588, 0.40928528967003025, 0.7756629671280583, 0.5694692354117121, 0.3415490373969078, 0.49594729642073315, 1.0617945111460156, 0.48917146453803234, 0.7592526402324438, 0.5828022178262472, 0.6635474453842829, 0.48048571034312426, 0.5765302933752536, 0.5368680772682031, 0.4640369377352974, 0.6191581005141849, 0.4198906678706408, 0.5366067532449961]
2025-12-24 20:41:43 - feda2ls - INFO - loss data:
2025-12-24 20:41:43 - feda2ls - INFO - [0.3739107508174699, 0.536095800002416, 0.36697236364425134, 0.885571805636088, 0.6154370394845803, 0.6688818524281184, 0.34958912566718126, 0.5051261301970843, 0.4821334821482499, 0.4054353699483203, 0.16234341368729632, 1.1687111020797776, 0.4058749246213472, 0.4095785069265262, 0.2870328100930367, 0.24576202018393412, 0.4107175098703892, 0.14033646017519963, 0.5510083615158995, 0.49910998795004125, 0.4036068482945363, 0.48598596205314004, 0.22541792097811897, 0.37871707504216046, 0.5081370367358128, 0.1478629366281875, 0.6590317573398352, 0.5858982838985939, 0.37135628419928257, 0.2593225068709051, 0.2845320671663753, 0.5487466592341661, 0.38901580401385827, 0.20876818840518935, 0.15622697468691815, 0.3346966768925389, 0.3274378335103393, 0.2765033406552605, 0.3863135885861185, 0.47249979476133985, 0.36303114228778416, 0.12136740963259297, 0.6086782682066162, 0.24901317975535575, 0.32487621055472465, 0.24427299939843852, 0.48980929336200163, 0.27758647483265536, 0.36436923468219384, 0.2355402400399643, 0.45216036682779137, 0.39886370260889337, 0.2768534591731926, 0.30226012878119946, 0.4576509423553944, 0.4505032827456792, 0.4670394476325739, 0.29854611239085593, 0.2379302548438621, 0.45807418702791136, 0.4535795369082027, 0.26842472786295485, 0.131805799918301, 0.25348365055397154, 0.3709969266628226, 0.4907815535242359, 0.3348612200675739, 0.3994546456883351, 0.23366189039208823, 0.2821770666353405, 0.4965269665699452, 0.14473554060095922, 1.3731706041955585, 0.23966607334430923, 0.2142637472851978, 0.206678091275454, 0.4808304127851443, 0.36132056669642526, 0.4081439092529543, 0.42304731110731764, 0.41346047570308053, 0.11081080597148021, 0.9119743209332227, 0.2981668404117227, 0.22213873903577525, 0.4414017782029178, 0.4600320709248384, 0.3083724391928902, 0.4712275995828566, 0.48153375859061875, 0.39400255079602914, 0.24204026585952804, 0.6609638453357749, 0.33466578523317975, 0.3139620893531375, 0.37126985657960176, 0.658184062512148, 0.24582778427260693, 0.3253112298126022, 0.4363529237608115, 0.23795351057002942, 0.29048521630465984, 0.310160985228916, 0.37217787071836717, 0.34530661198677437, 0.23339059511199595, 0.42028485957533124, 0.4799019445044299, 0.4744438348781495, 0.35107775384487655, 0.3866522128028529, 0.3206147716173695, 0.3246364416140649, 0.5974906133044334, 0.24215946667310265, 0.43796141867836313, 0.3177321333934864, 0.4624411933124065, 0.13942927692551166, 0.4168771642943223, 0.3153708181887244, 0.28215058439298335, 0.36010472757120926, 0.44180023012061914, 0.22580792045813391, 0.36928328120460113, 0.29852953433901785, 0.6589012652014692, 0.33280711395270896, 0.3229265039786696, 0.4399233892879316, 0.3164171475955906, 0.98251547763745, 0.3130916053429246, 0.5050683415361813, 0.35085354472200075, 0.2621734326578338, 0.30413721930235627, 0.13799574470965925, 0.13343540546173852, 1.0584028696471994, 0.211926630180743, 0.4992161395649115, 0.29128511232944826, 0.24147336739115416, 0.5275669955426738, 0.3801265315877067, 0.3546449626112978, 0.6356181961794694, 0.23858608398586512, 0.6733892370015383, 0.3706589224955274, 0.4642882421224689, 0.4881473518701063, 0.45619888467093306, 0.26239532607297106, 0.35198422160112497, 0.3861810063322385, 0.65445940800839, 0.3916064918041229, 0.4785326924588945, 0.4441479277279642, 0.4767835502823194, 0.3981299196680387, 0.45055004830161727, 0.3795575611293316, 0.21837635086002677, 1.0078241553689753, 0.5206552992264429, 0.48190905413930374, 0.42859537730162794, 0.4499366977872948, 0.5640880816926559, 0.585586812098821, 0.5789133395467485, 0.4132703656419402, 0.4527840725722767, 0.39366885187725226, 0.38652937865505616, 0.5038021117448807, 0.42152022908234765, 0.40379917770624163, 0.3433207885672649, 0.39540712386369703, 0.7586126277844111, 0.5693577112541313, 0.3342642531419794, 0.4884947617848714, 1.0855297959513135, 0.47970359182493255, 0.7752287505194545, 0.5658759418254097, 0.6505597423732516, 0.4645413673161307, 0.5579884261306789, 0.5214094378054142, 0.4481360737798792, 0.62181347040903, 0.41334659904241566, 0.5228411388686962]
2025-12-24 20:45:36 - feda2ls - INFO - loss data:
2025-12-24 20:45:36 - feda2ls - INFO - [0.3739107508174699, 0.536095800002416, 0.36697236364425134, 0.885571805636088, 0.6154370394845803, 0.6688818524281184, 0.34958912566718126, 0.5051261301970843, 0.4821334821482499, 0.4054353699483203, 0.16234341368729632, 1.1687111020797776, 0.4058749246213472, 0.4095785069265262, 0.2870328100930367, 0.24576202018393412, 0.4107175098703892, 0.14033646017519963, 0.5510083615158995, 0.49910998795004125, 0.4036068482945363, 0.48598596205314004, 0.22541792097811897, 0.37871707504216046, 0.5081370367358128, 0.1478629366281875, 0.6590317573398352, 0.5858982838985939, 0.37135628419928257, 0.2593225068709051, 0.2845320671663753, 0.5487466592341661, 0.38901580401385827, 0.20876818840518935, 0.15622697468691815, 0.3346966768925389, 0.3274378335103393, 0.2765033406552605, 0.3863135885861185, 0.47249979476133985, 0.36303114228778416, 0.12136851815868997, 0.6107457716638843, 0.25002162677442863, 0.3262078645328681, 0.24438036741180852, 0.4921003261581063, 0.278971725482155, 0.3647453707953294, 0.23664475181563333, 0.4527715350501239, 0.40255503455797836, 0.27848911061882975, 0.3033858448266983, 0.4593756658335527, 0.4534724238018195, 0.4707389839348339, 0.29928055665145314, 0.23930551491260607, 0.4661768762022257, 0.45552364438642856, 0.2694077127083967, 0.1328567827340319, 0.25505560509627684, 0.37367100389674307, 0.4902171565840642, 0.3365369553781218, 0.40107263848185537, 0.23439725941667955, 0.28546474284595913, 0.4977383481687866, 0.14586958680146683, 1.3812419701028955, 0.24049879748204891, 0.21531495010292726, 0.20891807263510093, 0.4834088611274233, 0.3623597064986825, 0.4147186680612239, 0.42574641356865567, 0.41782463528215885, 0.11227051444690336, 0.9143562207541738, 0.30174687107404075, 0.2256673354965945, 0.4461444889919626, 0.4682920691867669, 0.31092457971676735, 0.48028066358750776, 0.49079375372578704, 0.39958321327964463, 0.24544378338155873, 0.6766351365794738, 0.33899093174065154, 0.3182802591783305, 0.37664627659445005, 0.6744640937518507, 0.2468242567841603, 0.32897766549140217, 0.4409876585006714, 0.24027722503989934, 0.2908655488553147, 0.3186920703450839, 0.37876866430495726, 0.3489428598998171, 0.23558048509682217, 0.4283615672825412, 0.4800373713485897, 0.47926368518244655, 0.3549671741021047, 0.3877452412620187, 0.3203414604378243, 0.3264389812325438, 0.5981961281171867, 0.24318016233543555, 0.44227479249238966, 0.31927638029058775, 0.46684844630459943, 0.1415368209282557, 0.4179134710940222, 0.317852256509165, 0.2852200019723651, 0.3624079049937427, 0.4479269490887722, 0.22908839511431078, 0.3708084800901512, 0.3029804061166942, 0.6523754705364505, 0.34036838189896307, 0.3259528481711944, 0.4455203744662659, 0.3206566437710232, 0.9846830025315285, 0.3156205531774145, 0.5130294572029794, 0.35444382031758626, 0.2641175967895172, 0.3050621133711603, 0.1393628284462135, 0.1336893338503109, 1.0666543461156612, 0.20964625374310547, 0.5065714307129383, 0.2922111431602389, 0.2433644678754111, 0.5293681913188526, 0.38987917796605165, 0.36077507576594753, 0.6452410782376925, 0.2411914774837593, 0.6833142967273792, 0.37021836750209336, 0.4781645150234302, 0.4904150573122833, 0.4559955444186926, 0.26280510310083627, 0.35522715365796376, 0.38912948730091257, 0.6625642117940718, 0.3882768083363771, 0.48854064827577937, 0.44841525308373903, 0.48023737433056035, 0.39928282822171846, 0.4594566740095615, 0.38166392284135026, 0.22101859090228876, 1.0097807374383723, 0.5216733815769354, 0.48491273536568597, 0.4341517040675337, 0.4502525539137423, 0.5680333036101527, 0.5905230596661568, 0.5804481991226711, 0.4165546286496378, 0.4544409928222497, 0.39257075178126494, 0.3901267745221655, 0.5081220624347528, 0.4258797968893001, 0.40842406302690504, 0.3470469797650973, 0.4020823235933979, 0.7725881684571505, 0.5721136818506888, 0.3366227357958754, 0.4897099609176318, 1.073775738477707, 0.48375450977547607, 0.7958303760116299, 0.5698942987869183, 0.6507614451564021, 0.4687511682998211, 0.5591526833259397, 0.5236744823555152, 0.45132601529811367, 0.6259377963308776, 0.4173498516281446, 0.5244681851731406]
