2025-12-24 02:16:24 - feda2ls - INFO - loss data:
2025-12-24 02:16:24 - feda2ls - INFO - [0.4723861136473715, 0.6985069283417293, 0.7165742054581642, 0.6721214845776557, 0.46921784787305765, 0.4503967082127929, 0.7488642647862433, 0.5404013666723455, 0.5930829890072347, 0.7454784118703434, 0.7076434299349785, 0.5475996659270355, 0.614401838555932, 0.48637893877125216, 0.7228204354643821, 0.4944986563708101, 0.6913484685122966, 0.5328241719731263, 0.4443921632798654, 0.4489352659189275, 0.710366190969944, 0.6576775342226029, 0.5075087586151702, 0.45407708218055115, 0.6065765211358667, 0.7156753879572664, 0.694325165450573, 0.5249112410736936, 0.5697929432615638, 0.4484093817416579, 0.4628456936217844, 0.6777661822736263, 0.466492111235857, 0.40948593579232695, 0.7564767673611641, 0.5410450055663074, 0.4128251470093216, 0.6571357399225235, 0.4408473707269877, 0.45345501265837806, 0.44980159439146516, 0.6582411110401154, 0.30152971454496896, 0.4100872089155018, 0.7336939498782158, 0.45502750556916, 0.39543863041326405, 0.6474476702511311, 0.26967225621587465, 0.31020364640280607, 0.3644596680998802, 0.3796995594166219, 0.6466280221939087, 0.42348591541605335, 0.6087527923285961, 0.6583386987447739, 0.39716656247952153, 0.2801332762198789, 0.5858178220689296, 0.2412491321696767, 0.5909429147839547, 0.430647715327463, 0.5719423718750477, 0.2472265155254198, 0.4878069610467979, 0.4796033039223403, 0.6512008449860982, 0.5520495660603046, 0.39090103131851983, 0.600779865682125, 0.44167281330696173, 0.5632189147174358, 0.3724334650806018, 0.5786360435187816, 0.4455813980528287, 0.5991250060498714, 0.4618723428941198, 0.34628820342144795, 0.33250040559630306, 0.41605179903230494, 0.549164617061615, 0.3918725994016443, 0.42524971854873, 0.34832315740641207, 0.6251627899706365, 0.5139211289584638, 0.5198539294302464, 0.2562285972326728, 0.5647615432739258, 0.482570406794548, 0.42462522076176745, 0.5593309447169303, 0.4673957414392914, 0.4495940269902349, 0.4566947415471077, 0.6016184091567993, 0.41289174305275084, 0.564607746899128, 0.5214124001562596, 0.5334295727312565, 0.4804008513689041, 0.48217969164252283, 0.2551861549237011, 0.3592236302793026, 0.48622503429651265, 0.42041585184633734, 0.525139469653368, 0.3782733937991517, 0.3928224498672145, 0.4857039213180542, 0.35903087074984796, 0.5866684295769249, 0.41378488439534394, 0.47485486082732675, 0.5428742475807666, 0.4098440825939178, 0.5490643538534641, 0.34475230649113653, 0.3964399022050202, 0.5577248178422451, 0.49965195953845976, 0.5347680799663067, 0.4625787265598774, 0.5295302733778954, 0.5166493199765683, 0.37724383260522565, 0.5422902427613735, 0.523851943228926, 0.4434605211019516, 0.4458419267088175, 0.3628919269889593, 0.5508997291326523, 0.4679405745651041, 0.456848918646574, 0.5191702820360661, 0.4245945643633604, 0.6649934175823415, 0.4975495093502104, 0.5206601954996586, 0.4252861436456442, 0.4836768470438464, 0.6910741820931434, 0.4377574396984918, 0.43112166007714614, 0.47952849939465525, 0.551060082337686, 0.39493603599923, 0.43375670649111275, 0.5356418092335974, 0.4196899803089244, 0.5344715185463429, 0.43875063604542186, 0.473581872774022, 0.4579353854060173, 0.404052901959845, 0.44317974735583576, 0.3989699728786945, 0.43049774318933487, 0.3716490890830755, 0.695528240289007, 0.5380262852779456, 0.4931893453001976, 0.4527861995888608, 0.49869918855173245, 0.4296113442629576, 0.4569423843175173, 0.6327350896384035, 0.4912807740271091, 0.44121387004852297, 0.46740826591849327, 0.4517146050930023, 0.4909196320388998, 0.53584268912673, 0.4651193268597126, 0.4912527566509588, 0.516606729477644, 0.4127733912318945, 0.43239022940397265, 0.6352908303695066, 0.4760574206709862, 0.4968277417123318, 0.5852705049727644, 0.49093455970287325, 0.5526035610054221, 0.46009317338466643, 0.5105365662702492, 0.5154167406260968, 0.48275951743125917, 0.5040444395371846, 0.5223979395415101, 0.4972665272653103, 0.4802476592361927, 0.5593607238360814, 0.47754873558878896, 0.506646816432476, 0.5316039949655533, 0.4395080178976059, 0.48196990830557684, 0.551968565583229, 0.49039098545908927]
2025-12-24 02:21:09 - feda2ls - INFO - loss data:
2025-12-24 02:21:09 - feda2ls - INFO - [0.4723861136473715, 0.6985069283417293, 0.7165742054581642, 0.6721214845776557, 0.46921784787305765, 0.4503967082127929, 0.7488642647862433, 0.5404013666723455, 0.5930830184370279, 0.7454780031527792, 0.7076434955000878, 0.5475998238793441, 0.614373778551817, 0.4863895810741399, 0.7228058949112892, 0.49445264797125543, 0.6911805868148804, 0.5325967385300568, 0.44424849243036335, 0.44890049363353424, 0.7102439761161804, 0.6572285026311875, 0.5077035269034761, 0.4534367682146174, 0.6083944385871292, 0.7108813842492445, 0.6951173231005668, 0.5267345967569521, 0.5719460975378752, 0.44818841735832393, 0.46300117634236815, 0.6771760143339633, 0.4681460013347013, 0.4102290108001658, 0.7549728140234947, 0.541036946911897, 0.4143500553976212, 0.6555423244833947, 0.44277728265151384, 0.45328308187017685, 0.44964623847045004, 0.6565631955862046, 0.30444919796261405, 0.40882633505389093, 0.7349678224750927, 0.451897650770843, 0.39428038941696286, 0.6455922231078148, 0.26887778214711167, 0.3092051820097757, 0.3615963633172214, 0.3780085103586316, 0.6451175138354301, 0.4230510490813426, 0.6085590438917279, 0.6572083540260791, 0.3973105463066271, 0.2746082795650831, 0.5868705838918686, 0.23971691236032971, 0.5906190484762192, 0.4289242924723242, 0.572918938100338, 0.24198292190142506, 0.48174997179635937, 0.47877784229349346, 0.6547695174813271, 0.5504276305437088, 0.3859532057972891, 0.599991188198328, 0.42503914242344243, 0.5588991805911064, 0.3637126178613731, 0.5758664362132548, 0.4336730317345687, 0.5976486682891846, 0.4495426251419953, 0.34106725989175696, 0.33173132791583027, 0.37711269941313985, 0.5465226575732232, 0.3867825954088143, 0.42461654646322133, 0.34019028255715966, 0.6224656470119954, 0.515340979397297, 0.5225051991641521, 0.24238137435833257, 0.5668343223631382, 0.47953675463795664, 0.42567408441432886, 0.5531965792179108, 0.45576372939561094, 0.43670674860477443, 0.4628577298883881, 0.578144046664238, 0.41931081661023195, 0.5582272373139858, 0.5214142672717571, 0.5304267950356006, 0.47730361521244047, 0.4806105360388756, 0.2495983940291418, 0.3462831464596093, 0.5015052370727062, 0.4087856531143188, 0.5354071408510208, 0.3720269848459533, 0.3832208610006741, 0.4903890624642372, 0.34737556117761414, 0.5826729086360761, 0.40133476701698134, 0.45488401837646963, 0.5436712123453618, 0.39672102564945816, 0.5560843169689178, 0.31693499476781917, 0.38899535788223144, 0.5569382674992085, 0.5029371865093708, 0.5294104360044003, 0.46071396544575693, 0.5261678971350193, 0.5175023980438709, 0.3726386229374579, 0.5407409183681011, 0.514847809289183, 0.4368004336953163, 0.4097151305526495, 0.34939661263488236, 0.5395172797143459, 0.4476295831480197, 0.4534780625253916, 0.5188509441912175, 0.4031767450273037, 0.6799155472644738, 0.48092471500858663, 0.5230451948940754, 0.40746058821678166, 0.5059793903625438, 0.6956683332366602, 0.4110916890203953, 0.42310346152101247, 0.46908452436327935, 0.5696931121604784, 0.3754395815410785, 0.4168316997587681, 0.5476705233965601, 0.39509150854178837, 0.5200430650796208, 0.4150853829724448, 0.46572974398732186, 0.4538938745856285, 0.3829135856192027, 0.43266929265643866, 0.3852966867387295, 0.41628249511122706, 0.35275320783257486, 0.7193208219749587, 0.5242354889001165, 0.4968605600297451, 0.43000585069613795, 0.4746544998405235, 0.4105415400117636, 0.4412258815020323, 0.6495715631970338, 0.48754250407218935, 0.4326761644333601, 0.4684205032885075, 0.4420058344091688, 0.47287412168724197, 0.5305345311760903, 0.44242436848580835, 0.4806960065449987, 0.4939513079822063, 0.3958605520427227, 0.41925394311547276, 0.6639216558209488, 0.46715001910924914, 0.5027328059077263, 0.5799439893237182, 0.48618650287389753, 0.5445105249328273, 0.45302102491259577, 0.5071586978222643, 0.5142082102596759, 0.4813922680914402, 0.4976224546985967, 0.5245329184191567, 0.4960312180221081, 0.473825579988105, 0.5544270457965987, 0.4792255700698921, 0.5064467512071132, 0.5336826589490686, 0.44135088771581654, 0.47783172034791543, 0.5540066063404083, 0.4924880966544151]
2025-12-24 02:23:02 - feda2ls - INFO - loss data:
2025-12-24 02:23:02 - feda2ls - INFO - [0.4723861136473715, 0.6985069283417293, 0.7165742054581642, 0.6721214845776557, 0.46921784787305765, 0.4503967082127929, 0.7488642647862433, 0.5404013666723455, 0.5930830370634794, 0.7454781798379762, 0.7076434195041656, 0.547599651983806, 0.6144014902412891, 0.4863878932249333, 0.7228059500455857, 0.4944847915853773, 0.6911960490047933, 0.5325584688356945, 0.4442272450508816, 0.44888477160462315, 0.7104899421334266, 0.657721321284771, 0.5076198525194611, 0.4539854957056897, 0.6075581772252918, 0.7130245154457433, 0.6947452649474144, 0.52581724354199, 0.5715010296553373, 0.4486639742273837, 0.46357109807431696, 0.6785627387464046, 0.46837195621005123, 0.4112061917515738, 0.7566186100244522, 0.5406709532652583, 0.4141277165551271, 0.6583901554346085, 0.44268549808766694, 0.45351840629300566, 0.4502766233868897, 0.657509234547615, 0.2984157861409975, 0.4095744825899601, 0.7197944194078445, 0.45612072916701435, 0.39422865412198005, 0.6457271285355091, 0.2660258621176971, 0.30757072193415036, 0.363310884591192, 0.3773813725449145, 0.6432950183749199, 0.4311942630580493, 0.5925912233069539, 0.6628514803946018, 0.3951698136648962, 0.28343709482412255, 0.5858709588646889, 0.23983456413261592, 0.5884958423674107, 0.4319286816088217, 0.5690162658691407, 0.24482454896372344, 0.475807502333607, 0.4876756797078997, 0.6276025110057422, 0.5470132678747177, 0.3820866793127996, 0.6013483196496964, 0.4359450572835547, 0.5611197352409363, 0.3674473259598017, 0.577402264624834, 0.4381161047411817, 0.599737387150526, 0.4543169715308717, 0.34133342637547426, 0.3330478658633572, 0.4186190090275237, 0.5462567560374737, 0.39314367026090624, 0.41012755655683575, 0.342649911576882, 0.6103227771818638, 0.5054034665226936, 0.5144456386566163, 0.25442594676611147, 0.5549455299973487, 0.4725583530962467, 0.4144497892952391, 0.5582197599112988, 0.459571865520307, 0.45437461538240315, 0.4367461695734943, 0.605437153019011, 0.407502278406173, 0.5612444095313549, 0.51862178966403, 0.5265796326100827, 0.4717646680772305, 0.4687321148812771, 0.23338034878730207, 0.3468511262908578, 0.47877114936709403, 0.392613529227674, 0.5227191425859928, 0.3808872085596834, 0.3787662162711578, 0.4918351165950298, 0.3396438386844238, 0.6322294135711023, 0.4024185826469745, 0.4837311908602715, 0.53421471118927, 0.39479374671354894, 0.5348737426102161, 0.32997416007731645, 0.3870312845800072, 0.557967284321785, 0.4852392189204693, 0.528476919978857, 0.45103408582508564, 0.5139290742576123, 0.5035749822854996, 0.3626748755574226, 0.5239166028797626, 0.49454130849667954, 0.425443547219038, 0.4309749059379101, 0.3479016359895468, 0.5628069356083869, 0.44299728572368624, 0.47194806598126887, 0.5029860503971577, 0.3974763067439198, 0.6238724835216999, 0.5089771315455437, 0.5062993980944157, 0.4106465097516775, 0.45432021242699455, 0.6633100177560534, 0.4008911234991891, 0.41700956544705803, 0.452343151718378, 0.5868118533066341, 0.337194466058697, 0.3937833270058036, 0.5198790290525981, 0.4051516973546573, 0.4875932830785002, 0.40096756709473474, 0.4411700905433723, 0.4586919605731964, 0.3539833097452564, 0.43427845899547846, 0.36423735339194535, 0.4097509074956179, 0.3438785314559937, 0.7074581708226886, 0.5123831086925098, 0.4873602546751499, 0.4130627503352506, 0.4799554539578302, 0.3973446186631918, 0.440926493704319, 0.6273199494395937, 0.4707171507179737, 0.4214378023520112, 0.4556103006005287, 0.4279927269688674, 0.46848605658326825, 0.5159233655780554, 0.44090365543961524, 0.4633309646908726, 0.49200223982334135, 0.37747534792870285, 0.4052837699651718, 0.6334250808826515, 0.4583713535219431, 0.4858306787908077, 0.5537130088678428, 0.47584067434072497, 0.5360406122037342, 0.4395211674273014, 0.48822444464479176, 0.5027143388986588, 0.4659795492887497, 0.4777972062783582, 0.5129636961434569, 0.4796945244073868, 0.4564381913415023, 0.5374397285282612, 0.46173882697309765, 0.49113710522651677, 0.5163552363004003, 0.41755200847983365, 0.462782331343208, 0.5412972934544087, 0.4786937654018402]
2025-12-24 02:42:52 - feda2ls - INFO - loss data:
2025-12-24 02:42:52 - feda2ls - INFO - [0.4723861157894134, 0.69850693408932, 0.7165742173790932, 0.6721215069293975, 0.46921790146401954, 0.4503967671522072, 0.7488641992211342, 0.5404015331928219, 0.5931144621223211, 0.7454479777387211, 0.7076563566923142, 0.5476802055324828, 0.6142948511987925, 0.4864245359918901, 0.7227905958890914, 0.49447965739028793, 0.6913401179015637, 0.5328846160854612, 0.444536233294223, 0.4489074862429074, 0.7106773778796196, 0.6578659981489181, 0.5076513830572367, 0.4545070248522929, 0.6063504377380013, 0.7165012093526977, 0.6938377782702446, 0.5239223066717387, 0.568200321123004, 0.44867201386950906, 0.46295573450624944, 0.677774541079998, 0.46625740714371205, 0.4093628448035036, 0.7551388755440712, 0.5387668862938881, 0.4126180079100388, 0.6574728563427925, 0.43967981177847837, 0.453941326745553, 0.45100851687602694, 0.655710457265377, 0.30016915474220046, 0.40993207800202075, 0.7315806120634079, 0.459120589774102, 0.394787335768342, 0.6516438312828541, 0.26976613132615707, 0.31022087399448667, 0.3657276280224323, 0.3790109885856509, 0.6496528759598732, 0.425224160003875, 0.6029908562079072, 0.6617448844015599, 0.3951827540461506, 0.2822515836916864, 0.5873424261808395, 0.24386556336124027, 0.5938410744071008, 0.43268336934436646, 0.5715516865253449, 0.24923694519592182, 0.48556596391967366, 0.488122220011428, 0.6388981797865458, 0.5544696159660816, 0.3905772062550698, 0.6018408112227916, 0.44801653495856697, 0.5685557939112187, 0.37597324245476293, 0.5780203104019165, 0.45161392161888736, 0.5989107228815556, 0.4654113568365574, 0.3482769747131637, 0.3325476590810078, 0.42045720082574656, 0.5480035252869129, 0.3908673976681062, 0.4299868552945554, 0.3470750573091209, 0.6275667980313301, 0.5157923571765423, 0.5197215721011161, 0.25737777473405005, 0.5641380414366721, 0.4831153161823749, 0.4255732569045254, 0.558117962628603, 0.4664996776729822, 0.44537812732160087, 0.45776992179453374, 0.5990772310644388, 0.41751019144430757, 0.5640336871147156, 0.5195466816425324, 0.5338091164827347, 0.48310183361172676, 0.48233324438333514, 0.2570470892591402, 0.3572667277418077, 0.4888586394488812, 0.4176261741667986, 0.5295052781701088, 0.3753205476594823, 0.3933884859883359, 0.4840807504951954, 0.354670633195201, 0.5730895981724773, 0.41249933599361355, 0.46361411586403845, 0.5421762883663177, 0.40630969889461993, 0.5541709892451763, 0.3335330153150218, 0.3939036376774311, 0.5516576051712037, 0.5001287288963795, 0.5346973702311516, 0.4626618444919586, 0.527760098129511, 0.5167828477919102, 0.3722691237394299, 0.5453463792800903, 0.5191538963999067, 0.44341611713171003, 0.4352301087230444, 0.3605893705971539, 0.5442278288304805, 0.45767670630344326, 0.45469497963786126, 0.5158181563019753, 0.4203596295788884, 0.6822404680507523, 0.49076203247532246, 0.525258994102478, 0.4193316478282213, 0.5059558521424021, 0.6920369543135166, 0.4298435240983963, 0.4248422998934984, 0.4795634806156158, 0.5463349736162595, 0.40059445713247577, 0.4369170131161809, 0.5450027440275464, 0.4132831095052617, 0.5444486221032483, 0.4401219721351351, 0.47239391441856116, 0.45055120736360554, 0.4065653711557388, 0.4350560228739466, 0.3996891409158707, 0.421994898095727, 0.3693678990006447, 0.6939729609659739, 0.5313818974154336, 0.4983008153736591, 0.4548521792782204, 0.4906834738595145, 0.42484411001205447, 0.4498439460992813, 0.6372961809592588, 0.4908870108425617, 0.4414128135889769, 0.46669255271553994, 0.4480122294809137, 0.48723573588899205, 0.5379474762827159, 0.462014377117157, 0.4927209609321186, 0.5174490854144096, 0.4096763314679265, 0.4289722736924887, 0.6448327938360827, 0.47276618890464306, 0.5013320855796337, 0.5844235196709633, 0.4915137439966202, 0.552296398792948, 0.45847491137683394, 0.5110247832323824, 0.5175657719373703, 0.4843403458595276, 0.5027888365089893, 0.523844502227647, 0.4951032377779484, 0.4795697622001171, 0.5617751738322632, 0.47999523590717996, 0.5046859689056873, 0.5283116907945701, 0.4396434180438519, 0.4802715341959681, 0.5548547819256783, 0.49216605275869374]
2025-12-24 02:45:42 - feda2ls - INFO - loss data:
2025-12-24 02:45:42 - feda2ls - INFO - [0.4723861136473715, 0.6985069283417293, 0.7165742054581642, 0.6721214845776557, 0.46921784787305765, 0.4503967113792896, 0.748864296078682, 0.5404012259095907, 0.5930776577442884, 0.7455690920352935, 0.707603245973587, 0.5475575856864452, 0.6143776807934046, 0.4863653205202094, 0.7227545842528343, 0.4944806735430445, 0.6911849483847619, 0.5327333536531245, 0.44435894728771275, 0.44894430562853815, 0.7101995944976807, 0.6570771902799606, 0.5071342493274382, 0.4537477576306888, 0.6044505737721919, 0.7175065833543028, 0.6928386643528939, 0.5209345428539174, 0.5669174382463098, 0.4481431096792221, 0.4621022314764559, 0.6767025828361511, 0.46531363943857806, 0.4086472493197237, 0.7541295677423476, 0.537009129726461, 0.41139104188020736, 0.6563642501831055, 0.43817573064006865, 0.45342763150692916, 0.45026117358356715, 0.6553518608212472, 0.29422118051110635, 0.4083365204744041, 0.7141899383493833, 0.4600601378828287, 0.3918526734225452, 0.6492325812578201, 0.2640520561386698, 0.30702666187925, 0.3636012722272426, 0.375632341299206, 0.6451856300234795, 0.43264994679817137, 0.5831113634631038, 0.6650940530002117, 0.3927279506410871, 0.2888331721669861, 0.5850368537008763, 0.24225613786838948, 0.5898223131895065, 0.43365237563848497, 0.5677400156855583, 0.24637422088666686, 0.4724103256527867, 0.4954523134510964, 0.6134438710553305, 0.5515676960349083, 0.38409902921744754, 0.6030833378434182, 0.44501545530344755, 0.5680263504385948, 0.3735788142042501, 0.5777030788362025, 0.44482504124087946, 0.5980402171611786, 0.46111022766147336, 0.34387329800852706, 0.33439017958672984, 0.42790714494351834, 0.545318304002285, 0.3927835030747312, 0.41511459352914243, 0.34279984324239193, 0.6135857798159123, 0.5077095597982406, 0.5154427349567413, 0.25731377517139276, 0.5562371455132962, 0.4758355185389519, 0.41723127748285016, 0.5564073167741299, 0.4620724125100034, 0.4506059361621737, 0.44197011478245257, 0.6034217696636915, 0.4099547286983579, 0.5615022145211697, 0.519260297715664, 0.528695922344923, 0.4752182990312576, 0.4722561202943325, 0.24270249984859088, 0.3508361314423382, 0.4811020530760288, 0.4106366228312254, 0.5214414834976197, 0.38048185716782296, 0.38341457351510017, 0.48798681870102883, 0.3450513875577599, 0.610882925295404, 0.40726865641772747, 0.47746691331267355, 0.5343397557735443, 0.39992736019194125, 0.5373068317770957, 0.3394737927509206, 0.3891053328290581, 0.5576649703085422, 0.48738721162080767, 0.5308029070496559, 0.4551007870584726, 0.5163543827831745, 0.505985327064991, 0.3667868455073663, 0.5271689750254154, 0.5090756762240614, 0.4316099613904953, 0.43644525185227395, 0.35163486534729604, 0.5605051964521408, 0.45469726499702245, 0.46556116081774235, 0.5060372009873391, 0.40825134199112656, 0.6403550202293056, 0.5033853728324175, 0.5093786105513572, 0.41825674623250964, 0.4702965190101947, 0.6721317719135966, 0.4194535956851073, 0.4205285521490233, 0.4660603862255812, 0.569596415651696, 0.3661782875124897, 0.4092579537071288, 0.5296047459755625, 0.4124848694141422, 0.5083937789712634, 0.41585225260683467, 0.45463837938649315, 0.45486616939306257, 0.3761768850897039, 0.43932798307921206, 0.3814146388322115, 0.4174646619707346, 0.35456123389303684, 0.6985790246299335, 0.5232252480728286, 0.49216863363981245, 0.43336914288146156, 0.48697125459355967, 0.40660133920609953, 0.4450971242040396, 0.6305866478809288, 0.4788469605147838, 0.42770975241437553, 0.46023685559630395, 0.43952173218131063, 0.47705071344971656, 0.5231992233544588, 0.4520910270512104, 0.47831288650631903, 0.5043630473315716, 0.3911177944391966, 0.4128824044018984, 0.6318661404507502, 0.4623692497611046, 0.49087490811944007, 0.5690853426499025, 0.4820719443261623, 0.5424551932939461, 0.447127540409565, 0.4988046666341169, 0.5107397451996804, 0.47223256900906563, 0.48618220005716595, 0.5184545177434172, 0.48329327404499056, 0.4665832307721888, 0.5447549703930106, 0.47067594922014644, 0.4957821384072304, 0.518947499351842, 0.42676820829510687, 0.4707703466926302, 0.5432949729263783, 0.4820655353367329]
2025-12-24 02:51:34 - feda2ls - INFO - loss data:
2025-12-24 02:51:34 - feda2ls - INFO - [0.29131893618032334, 0.6590412192046642, 0.44947345303371544, 0.36678509693592787, 0.3176898750010878, 0.32648061290383334, 0.41831640824675564, 0.6552368216216564, 0.37504610065370797, 0.7446737222373485, 0.36833832167321817, 0.3594728449359536, 0.6947794884443284, 0.37652959579136225, 0.6359712924808263, 0.6482810191810131, 0.539446833729744, 0.48434416754171256, 0.5622562138363718, 0.14954145832452923, 0.5900918992992956, 0.5316538554383442, 0.4479266561567783, 0.6975555010139942, 0.49006032650358977, 0.37415211951592936, 0.6949488542973996, 0.4170066283084452, 0.09674810121650806, 0.7945565532078036, 0.11478420423809438, 1.7114202424883842, 0.48013796769082545, 0.4991157157346606, 0.548542931675911, 0.44397056791931394, 0.3821880572708323, 0.5521172884880798, 0.4347083870321512, 0.37622649866389113, 0.40728865943965503, 0.08093618217972107, 1.047206434357213, 0.8102104675024748, 1.0167539715766907, 0.4226016690954566, 0.33999584764242174, 0.6563871704041957, 0.4103269874118269, 0.39107086275471376, 0.3691993659012951, 1.0752963732928038, 0.4435921558178961, 0.25418166453018787, 0.4409983985126018, 0.44066676357761025, 0.8170125789940357, 0.654422290250659, 0.7107849061489104, 0.2770590706961229, 0.3819296212866903, 0.3202232321724296, 0.4223207026720047, 0.36347190961241727, 0.9704073973000049, 0.7026662349700927, 0.532504927366972, 0.7036827281117439, 0.3899504848755896, 0.41765505978837614, 0.735871047154069, 0.8400228008627891, 0.5939747652038931, 0.5380711615085602, 0.5504930831491948, 0.3678076645359397, 0.6096495874226093, 0.6865749355405568, 0.45453735552728175, 0.5856252511963248, 0.737500773370266, 0.378972572949715, 0.3819787024054676, 0.09927230629255064, 1.8734295174479485, 0.4132905628532171, 0.13372784228995444, 0.06963141897285823, 1.7597454690752785, 0.9850509421317838, 0.41286009118775835, 0.5748935180541593, 0.43239235756918787, 0.6206003166735172, 0.5943411886692047, 0.4079416494816542, 0.642538155708462, 0.4589114709757268, 1.3396680779755115, 0.445573715120554, 0.370643084961921, 0.41396255400031806, 0.31212597005069254, 0.36879307446070014, 0.43049465324729685, 0.35984775945544245, 0.5982951849699021, 0.583915701508522, 0.3832857861183584, 0.7462251916527748, 0.36349141485989095, 0.44569734875112776, 0.5716524701565504, 0.6644425325095653, 0.4355241283774376, 0.5505066011101007, 0.7066476874053478, 0.3512539746239781, 0.863323562592268, 0.3195865394547581, 0.3744430573657155, 1.0139015771448614, 0.5232452765107155, 0.3225902896374464, 0.5013394523411989, 0.7070710003376006, 0.5642674311995506, 0.3801956228911877, 0.42440660893917087, 0.49371025189757345, 0.4654090143740177, 0.40825673937797546, 0.41878551449626683, 0.7360431365668774, 0.40548596978187557, 0.45819077342748643, 0.9129821270704269, 0.4674906224012375, 0.5779762759804725, 0.4005882976576686, 0.7767035804688931, 0.4764530792832375, 0.41300125420093536, 0.5550815217196942, 0.6973817445337772, 0.2851746601983905, 0.6563799150288105, 0.5058136373758316, 0.4887192599475384, 0.5678769156336785, 0.5104690909385681, 0.4349708203226328, 0.5248160269111395, 0.5475107304751873, 0.6407921522855758, 0.5003396451473237, 0.8393636539578437, 0.5714516311883926, 0.7009609043598175, 0.4956342339515686, 0.5524913161993027, 0.5686072409152985, 0.6610935360193253, 0.524191464483738, 0.5869737200438976, 0.4992931582033634, 0.6467773549258709, 0.616340720653534, 0.8101127088069916, 0.5964632667601109, 0.6152379520237445, 0.5973615616559982, 0.5961797051131725, 0.46835753321647644, 0.8986429557204246, 0.6419276148080826, 0.44836388528347015, 0.7110907785594462, 0.9566192969679832, 0.5333115763962268, 0.7599035903811455, 0.872862708568573, 0.485536003112793, 0.6219962902367115, 0.45935342609882357, 0.44355220198631284, 0.6397912196815014, 0.7351649880409241, 0.6271777264773846, 0.6964221201837063, 0.7601744286715985, 0.7236363686621189, 0.7566396214067936, 1.0320057958364486, 0.9548557505011559, 0.9494897082448005, 0.7802264109253884, 0.7657171800732613, 0.5601515397429466, 0.7839336574077607]
2025-12-24 02:54:47 - feda2ls - INFO - loss data:
2025-12-24 02:54:47 - feda2ls - INFO - [0.29131893618032334, 0.6590412192046642, 0.44947345303371544, 0.36678509693592787, 0.3176898750010878, 0.32648061290383334, 0.41831640824675564, 0.6552368216216564, 0.37504610065370797, 0.7446737222373485, 0.36833832167321817, 0.3594728397205472, 0.6947794809937478, 0.37652959392871704, 0.6359713546931743, 0.6482810117304325, 0.5394470445811749, 0.4843440923839808, 0.5622561773285271, 0.14954147276002913, 0.5900905365037034, 0.531602991966065, 0.4478922584094107, 0.6975214727222919, 0.490069281635806, 0.37413985513849185, 0.694759863615036, 0.4169475263915956, 0.09675099176820368, 0.7942029642872512, 0.11504056805279106, 1.7107360050082208, 0.4802478305995464, 0.4990344868972898, 0.5487840818241239, 0.4441448736935854, 0.382194993365556, 0.5515154652821366, 0.43460742449387907, 0.376403763727285, 0.4070430952531751, 0.08096520034596325, 1.0262792240915586, 0.792168852686882, 1.013763290643692, 0.42243991121649743, 0.33799343900755047, 0.6563237369060516, 0.40833966871723537, 0.39232919834321367, 0.36871633557020683, 1.080257722362876, 0.44312335280701515, 0.25164203769527377, 0.4373377237468958, 0.44101378424093124, 0.8131845537573099, 0.6552617866545916, 0.7107101902365685, 0.27608118325006215, 0.38147265622392296, 0.3185498331906274, 0.42096132468432185, 0.360543127823621, 0.9665117852389813, 0.7037685178220272, 0.5331427482888103, 0.7029712095856666, 0.39062294857576485, 0.4178432820364833, 0.7344606693834067, 0.8350332759320735, 0.5858867906033993, 0.5337820388376713, 0.5532573573291302, 0.3662825976498425, 0.6138562750071287, 0.6761165905743838, 0.4492278754711151, 0.5847913905978203, 0.7380361512303353, 0.3763505397364497, 0.3825833504088223, 0.09622863687691278, 1.8904048636555673, 0.4112238269299269, 0.13029583618044854, 0.06701634443888907, 1.7503707216681506, 0.9269612623873399, 0.40216648278874345, 0.5613069349172293, 0.42270664144307374, 0.6192481271922589, 0.5926496043801308, 0.40732706598937507, 0.6380420011468232, 0.44199987230822446, 1.3250462226569653, 0.43601541519165044, 0.3701796021312475, 0.40434235939756036, 0.3128598727751523, 0.35957777565345167, 0.42675906717777257, 0.34459568094462156, 0.6044315993785858, 0.5736190773546697, 0.3777556173503399, 0.7424127340316773, 0.36454984843730925, 0.4345487831160426, 0.5861308231949807, 0.6427990563213826, 0.4204357139766216, 0.530385934188962, 0.7115312155336142, 0.3481407233513892, 0.8496613226830959, 0.3048907596617937, 0.3402956509962678, 1.0453440748155116, 0.5257296841591597, 0.30591151807457206, 0.4997231807559729, 0.6870353795588017, 0.5354370221495628, 0.36092309318482874, 0.419582486897707, 0.4787550054490566, 0.44552213326096535, 0.39514172859489916, 0.4097441784106195, 0.7222733534872532, 0.40470689460635184, 0.44838984310626984, 0.9630289360880852, 0.45579477995634077, 0.5877529561519623, 0.3924951499328017, 0.7910102345049381, 0.4571247439831495, 0.40382418520748614, 0.5471375674009323, 0.7054885469377041, 0.27485732212662695, 0.6816881448030472, 0.49877475872635846, 0.47920300140976907, 0.5487970642745494, 0.5075749471783638, 0.3980444595217705, 0.5406533176079392, 0.5498837195336819, 0.6463284075260163, 0.49273818954825405, 0.8549213275313378, 0.5636090241372586, 0.7027738392353058, 0.47967872098088266, 0.5518678739666939, 0.5589473403990268, 0.6568236455321312, 0.5117477640509605, 0.5797776654362679, 0.48589515313506126, 0.6458135869354009, 0.6100993633270264, 0.8124204576015472, 0.5886477835476398, 0.6073393836617469, 0.5859305411577225, 0.5840756736695767, 0.45607631355524064, 0.9040666788816453, 0.632965362071991, 0.4410838901996612, 0.7123707726597786, 0.9686462372541427, 0.5238305374979972, 0.7532727763056755, 0.8719010159373284, 0.48201802000403404, 0.6162688836455346, 0.45515165850520134, 0.4383525475859642, 0.6357119336724282, 0.7305426239967346, 0.6230176247656345, 0.6885294158011674, 0.7589306838810443, 0.7143358178436756, 0.7517686374485493, 1.039445270597935, 0.9587217941880226, 0.9472083985805512, 0.7724452741444111, 0.7624909065663814, 0.5522492285817862, 0.7755934566259385]
2025-12-24 02:56:11 - feda2ls - INFO - loss data:
2025-12-24 02:56:11 - feda2ls - INFO - [0.29131893618032334, 0.6590412192046642, 0.44947345303371544, 0.36678509693592787, 0.31768987686373296, 0.32648061234503983, 0.41831642016768456, 0.6552370570600032, 0.37505152085796, 0.7446718970313668, 0.36832904433831576, 0.35944785997271533, 0.6946916058659554, 0.3764767237938941, 0.6361856989562511, 0.6482462182641029, 0.5393083959817886, 0.4844528006389737, 0.5625720392912625, 0.1494662858778611, 0.5897905352612725, 0.5316842971020378, 0.44797318316996093, 0.6973999373614788, 0.4899660103954375, 0.37350074129644784, 0.6942995116114616, 0.4176533528603613, 0.09691893867566251, 0.7956536377430894, 0.1148304383503273, 1.713397879898548, 0.4795154664665461, 0.49916887711733576, 0.5492467414587736, 0.44449698496609924, 0.38227309489157046, 0.5512437901285011, 0.43483587549999353, 0.37637828511651605, 0.40723498755978654, 0.08127366625703872, 1.039133435700205, 0.8001491367816924, 1.0203501164913178, 0.422255632840097, 0.33941008439287546, 0.6561754055321216, 0.4094115313608199, 0.39104189368663356, 0.3688747962354682, 1.0731791254132985, 0.4446704937145114, 0.2527025569695979, 0.4389895878732204, 0.44027317902073265, 0.8166092604398727, 0.6523642107844352, 0.711193634569645, 0.27534311860799787, 0.38186208065599203, 0.31398977868957445, 0.4192887539044023, 0.3570038630627096, 0.9589431624859571, 0.707201962172985, 0.5325057039037346, 0.7058242343366146, 0.3897923566401005, 0.4181192251853645, 0.7259264774620533, 0.8212702028453349, 0.5665062814950943, 0.5523629264906049, 0.5442928224802017, 0.3652111086063087, 0.6178455159068108, 0.6790378443896771, 0.44650093577802186, 0.5852188095450401, 0.7397884242236614, 0.3761556673329323, 0.38399335726862777, 0.09626503849285656, 1.9089505404233933, 0.41052489243447776, 0.12731258578132837, 0.06698890108527848, 1.7498452129417275, 0.8914248641594895, 0.3975348607811611, 0.5463648668519454, 0.4220681848935783, 0.6217770032584666, 0.5929111637175083, 0.40649248305708174, 0.6422200220637023, 0.4433478211984039, 1.336050608754158, 0.439105112850666, 0.36996046574786307, 0.40465281438082457, 0.31384534114040435, 0.3597986761946231, 0.43034495376050474, 0.3424532599747181, 0.6084888815879822, 0.5715563096106053, 0.3774888653308153, 0.7440597765147686, 0.3641447419300675, 0.4337815035134554, 0.5898527648299933, 0.6355271007865667, 0.41429583877325055, 0.518837776966393, 0.7203699689358474, 0.3492778127081692, 0.848212929815054, 0.2995594291016459, 0.33086435962468386, 1.0682041570544243, 0.5252850700169802, 0.3050854173488915, 0.5004117421805858, 0.6853792667388916, 0.5298781178891658, 0.3587099011987448, 0.4164252273738384, 0.4786768849939108, 0.4399618476629257, 0.39523613713681693, 0.4094966039061546, 0.7237123496830463, 0.40082819014787674, 0.44685913510620595, 0.9533384427428246, 0.45415128245949743, 0.5804773323237895, 0.38997044824063776, 0.7911414809525013, 0.4602730948477983, 0.4011700265109539, 0.5451317690312862, 0.7032237559556961, 0.27060202732682226, 0.6921711925417184, 0.5024041347205639, 0.47781751975417136, 0.5500440090894699, 0.5072541981935501, 0.3999065671116113, 0.5388505611568689, 0.5539726123213768, 0.645037405192852, 0.48961586207151414, 0.8643438667058945, 0.5650003559887409, 0.7057574853301049, 0.4764698430895805, 0.5512498568743467, 0.5625818565487861, 0.6657849535346031, 0.5169078454375267, 0.5783759497106076, 0.48847617916762825, 0.6456723142415285, 0.6073315910995006, 0.8072416588664055, 0.5904691830277443, 0.60967872813344, 0.5860390864312649, 0.5880214899778367, 0.4589743874967098, 0.9050550669431686, 0.6349206365644932, 0.4412296123802662, 0.71420007199049, 0.9721061065793037, 0.5246005706489086, 0.7592611744999885, 0.8739190265536309, 0.4851889476180077, 0.6170574866235257, 0.45854250192642215, 0.4425353936851024, 0.6387911088764667, 0.7300619691610336, 0.6255682222545147, 0.6921277970075608, 0.7646060734987259, 0.7157702840864658, 0.7596497159451245, 1.0385603219270707, 0.9586833477020263, 0.9504074826836586, 0.772298277169466, 0.7666555151343345, 0.55292624309659, 0.7802249878644942]
2025-12-24 03:06:38 - feda2ls - INFO - loss data:
2025-12-24 03:06:38 - feda2ls - INFO - [0.29131893618032334, 0.6590412192046642, 0.44947345303371544, 0.36678509693592787, 0.3176898750010878, 0.32648061290383334, 0.41831640824675564, 0.6552368216216564, 0.37504610065370797, 0.7446737222373485, 0.36833832167321817, 0.3594728449359536, 0.6947794884443284, 0.37652959579136225, 0.6359712924808263, 0.6482810199260711, 0.5394468486309052, 0.4843441416509449, 0.5622562078759075, 0.1495415064971894, 0.5900907888193615, 0.5316543259425088, 0.4479269082657993, 0.6975519731640816, 0.4900924239307642, 0.37384621548699215, 0.6951361343264579, 0.4151777762919664, 0.09635420723352581, 0.7943961599026806, 0.11468144498649054, 1.7103782549500466, 0.48092412427067754, 0.4990623125806451, 0.5479686133563519, 0.44358012806624175, 0.38205626164563, 0.5516122418048326, 0.43453791150823234, 0.3762395038327668, 0.4074663119841716, 0.08096150328638033, 1.0468000817869323, 0.8101685348898173, 1.0202794924378396, 0.42249872125685217, 0.34034535633400087, 0.6562156438827516, 0.4108918561600149, 0.3908694120123982, 0.369410734140547, 1.0721380349248648, 0.44758473793044684, 0.2535569577477872, 0.4410930261015892, 0.44064152175560595, 0.8168408501893282, 0.654376708716154, 0.7120771288871766, 0.2769358746241778, 0.3824938071426004, 0.31600319190183657, 0.4221174594014883, 0.3601107973605394, 0.9754744444042445, 0.7000520721077919, 0.5336831675842404, 0.7012341357767582, 0.390332321356982, 0.4176674447953701, 0.7379656320437789, 0.8384447641670704, 0.5936330055817962, 0.5327401421964169, 0.55790790989995, 0.36700267591513697, 0.6162569642066955, 0.6751014756038785, 0.45101720169186593, 0.5842369714751839, 0.7452448472380638, 0.37819247604347767, 0.3847884071525186, 0.09845298719592392, 1.913436809182167, 0.41010961513966326, 0.12908971833530813, 0.06853456131502753, 1.795670794838952, 0.9689416682362207, 0.40808487160829826, 0.5566053227696102, 0.43113282099366185, 0.6203053914010525, 0.5944146648049354, 0.4060923071578145, 0.6506197576411068, 0.456399527657777, 1.371370667219162, 0.44865579158067703, 0.37260019723325966, 0.4135047940537333, 0.31841500573791565, 0.36676870337687434, 0.4325454033911228, 0.35451181754469874, 0.6102948114275932, 0.5824316248297692, 0.38279550354927777, 0.7410826355218887, 0.3695806948468089, 0.4443790460005403, 0.5842605490237474, 0.6431006029248238, 0.43017394468188286, 0.5396191947162151, 0.7193203449249268, 0.3527728537097573, 0.8705111883580685, 0.31464155707508323, 0.37269577011466026, 0.9935567826032639, 0.5392570596188306, 0.31668798085302113, 0.49822728931903837, 0.6969629511237144, 0.5565001189708709, 0.37366760745644567, 0.4299287460744381, 0.49219671748578553, 0.46332534961402416, 0.4078206319361925, 0.4173826148733497, 0.7252644039690495, 0.4116390570998192, 0.4582681618630886, 0.951211652904749, 0.4708919070661068, 0.589869025349617, 0.4020085494965315, 0.7823718704283238, 0.469507384300232, 0.4145913697779179, 0.5543715976178646, 0.7044826984405517, 0.2874916302040219, 0.664410373941064, 0.5046819172799587, 0.49253880456089977, 0.5591459810733795, 0.5136232785880566, 0.4177191127091646, 0.5359378946945071, 0.5522203370928764, 0.6502341337502002, 0.5046486243605615, 0.8430041715502739, 0.5738358877599239, 0.7083314687013627, 0.4969659142196179, 0.5546180602163076, 0.5659170530736446, 0.6584085330367089, 0.5206427969038486, 0.5868803910911083, 0.49590167216956615, 0.6483121763914823, 0.6161970384418964, 0.815816830098629, 0.5951345779001713, 0.6147046320140361, 0.592631346732378, 0.5968368932604791, 0.46614146903157233, 0.9065227493643762, 0.6446567691862584, 0.4462948366999626, 0.7146450661122798, 0.965408556163311, 0.5306728892028332, 0.7638107925653458, 0.8770664826035499, 0.48490403145551686, 0.6227896071970462, 0.45832298547029493, 0.44294417425990107, 0.6401690118014812, 0.7371567562222481, 0.6302580200135708, 0.6966996386647224, 0.7627668976783752, 0.7282588131725788, 0.7611155107617378, 1.0373299300670624, 0.9609135657548904, 0.9540297836065292, 0.7832601487636566, 0.7672696135938167, 0.5581939604133368, 0.7867846921086311]
2025-12-24 03:08:18 - feda2ls - INFO - loss data:
2025-12-24 03:08:18 - feda2ls - INFO - [0.2913189376704395, 0.6590412139892579, 0.4494734570384026, 0.36678509302437307, 0.31768986745737493, 0.3264805920422077, 0.41831632927060125, 0.6552369132637977, 0.3750470705330372, 0.7446453150361776, 0.3683442649547942, 0.35950108151882887, 0.694634236395359, 0.3764841536059976, 0.6361326679587365, 0.6482550807297229, 0.5393525689840317, 0.4845074452459812, 0.5625000277534127, 0.14940870569553227, 0.5902412529569119, 0.5321470270864666, 0.4480088601820171, 0.6977339565753937, 0.4900222351308912, 0.373465274728369, 0.6947512857615947, 0.41819000281393526, 0.09684546002536082, 0.7969074468594044, 0.1148025973001495, 1.7147848308086395, 0.47933132275938983, 0.49923898801207545, 0.5493968540802598, 0.44462200086563824, 0.38248858349397774, 0.5517721546173561, 0.43507527681067587, 0.3766236888477579, 0.40714682414691195, 0.08139748334651813, 1.0263536959828343, 0.7922456469386816, 1.014250886440277, 0.4227210059762001, 0.33891934333369134, 0.6566946648061276, 0.40850046877749263, 0.3928236317820847, 0.3688410948670935, 1.080697637423873, 0.44208418456837534, 0.2518327604047954, 0.43743585161864756, 0.4410897221416235, 0.8141872536391019, 0.6554819699376822, 0.7113275647163391, 0.2763468850636855, 0.3820129707455635, 0.31803233111277224, 0.4212819986045361, 0.3612433275207877, 0.969166226312518, 0.701894398778677, 0.5326839769259095, 0.7027501441538333, 0.39051916655153035, 0.417760050483048, 0.7331609083339572, 0.8375872299075127, 0.5880588127300144, 0.5328246599063278, 0.5521688453853131, 0.3661291362717748, 0.6095520932227373, 0.6792051093652844, 0.44783850461244584, 0.5838007457554341, 0.7382004715502262, 0.3759279657155275, 0.3814452056656592, 0.09618136237259023, 1.8883514717221261, 0.4111526340246201, 0.12975403452292084, 0.06719495432334952, 1.752557579796121, 0.9369710071812732, 0.4037051894469187, 0.5635660886124242, 0.42371703255921606, 0.6195489667356014, 0.5932894825935364, 0.4068772446364164, 0.6413480524905026, 0.44729280872270466, 1.3332316130399704, 0.43757109716534615, 0.37066361401230097, 0.4073019759729504, 0.31336970315314827, 0.36302105588838457, 0.42707889564335344, 0.3511043665930629, 0.6040640860795975, 0.5777480065822602, 0.38053019605576993, 0.7420838937163352, 0.3656683601438999, 0.44147469494491814, 0.580796728283167, 0.6473445508629083, 0.42906174436211586, 0.5391191115602851, 0.7134369224309922, 0.35204928340390323, 0.8626504637300969, 0.3133793266490102, 0.3633411005139351, 1.009968190640211, 0.5354513332247735, 0.3130686474964023, 0.4979421813040972, 0.6966285027563572, 0.5490286611020565, 0.3702708452939987, 0.4281733203679323, 0.49003514982759955, 0.4581692349165678, 0.40208587199449536, 0.41481900736689564, 0.7248683884739875, 0.4096249517053366, 0.4545487839728594, 0.9506648384034633, 0.46338253989815714, 0.5892061427235603, 0.39972690865397453, 0.7852069593966007, 0.466034185513854, 0.412468858063221, 0.5495519369840622, 0.7053486824035644, 0.28457331713289025, 0.6692956190556287, 0.5031447015702725, 0.4878081433475017, 0.5558771096169948, 0.5127588085830211, 0.4106680225580931, 0.5387257371097803, 0.5522367738187313, 0.648574711382389, 0.502079900354147, 0.8481770157814026, 0.5711873464286328, 0.7044139504432678, 0.4917316772043705, 0.55563671477139, 0.5635118953883648, 0.6595607653260231, 0.5213716581463814, 0.5840179465711117, 0.4926826454699039, 0.6484743800014258, 0.613801047205925, 0.8089725449681282, 0.5926403284072876, 0.6137648575007916, 0.5926968447864056, 0.5927934184670449, 0.46540468037128446, 0.9033388257026672, 0.6404045455157756, 0.4462552472949028, 0.7141090013086795, 0.9675528451800346, 0.5295089401304722, 0.759412793815136, 0.8788527384400369, 0.48485317304730413, 0.6215984940528869, 0.4590840198099613, 0.44313309788703914, 0.6382861599326133, 0.7350270077586174, 0.6291842892765999, 0.692535012215376, 0.7630876868963241, 0.7211588524281978, 0.7571137428283692, 1.0386451095342637, 0.9593408063054085, 0.9530802369117737, 0.7781194478273392, 0.765953928232193, 0.5555876605212688, 0.7813771925866604]
2025-12-24 03:24:54 - feda2ls - INFO - loss data:
2025-12-24 03:24:54 - feda2ls - INFO - [0.46836862470954654, 0.7095232307910919, 0.4994014833122492, 0.772867177426815, 0.630231133972605, 0.7911288693547249, 0.6780989204843839, 0.43655576296150683, 0.43285165283208094, 0.6827884774693909, 2.079555295407772, 0.2343335681594908, 0.7075632965269809, 0.8458330612940094, 0.5717914633452892, 0.42630897316460803, 0.5568964637815952, 0.18066359339281918, 1.2234136939048768, 0.5092422979883849, 0.46488134847022594, 0.42472424088045957, 0.8640601515769959, 0.5155481563881039, 0.42987424628809096, 0.48647602065466344, 0.49261559415608647, 0.43126554116606713, 0.17225690898485482, 0.16166693666018545, 1.3163802303373813, 0.535124113286535, 0.4821453860960901, 0.1721212486270815, 1.2364342302083968, 0.6644426951805751, 0.6667428769171238, 0.45065982681699096, 0.7911302604828961, 1.5535623997449874, 0.3860191829502583, 0.44649480646476153, 0.7712483756244183, 0.44084943067282434, 0.45822240126629665, 0.9649001851677894, 0.573275111305217, 0.5211226641666145, 0.6965818929175536, 0.5640461217612028, 0.3921411212533712, 0.18425268209539353, 0.14035153938457368, 0.6676748476612071, 0.7128324958495795, 0.44583621956408026, 0.47375056759143874, 0.505626873858273, 0.534639664273709, 0.19230653927661479, 0.11716088510584086, 0.8028167715296148, 0.4058115020394325, 0.42554300324991345, 0.11924172178842127, 1.0805325587590535, 0.6282112546265125, 0.6750117141753436, 0.6661760759229461, 0.8691850451131662, 0.6601196013391017, 0.4942489182576537, 0.710147102177143, 0.5199909107759595, 0.5368893221020699, 0.3929668467491865, 0.6720856189727783, 0.594060580432415, 0.479531686194241, 0.5143589129671454, 1.217136698961258, 0.6453059280912081, 0.6196983724832534, 0.5951726332306861, 0.536544511343042, 0.8789893778661887, 0.4406785322353244, 0.3978140225013097, 0.13980357944965363, 0.1187895094510168, 0.7675047921016812, 0.3834180861711502, 0.637458144625028, 0.38492147959768774, 0.3706405355827883, 0.4893229193985462, 0.41307116296763224, 0.8739109627902508, 0.3513737739995122, 0.7012025862932205, 0.3922903065569699, 0.44592010458000003, 0.39135567154735323, 0.3708479679810504, 0.5978193461351717, 1.5212667326132456, 0.5666245482861996, 0.5401229819282889, 0.7214702099561692, 0.47648485470563173, 0.3915640473055343, 0.4147703114897013, 0.3588180236751214, 0.4755097642540932, 0.9607464353243511, 0.43442770931869745, 0.38769245476772385, 0.39693010866176337, 0.6906695067882538, 0.5734354342023531, 0.5776212345808744, 0.42078181073690457, 0.688067358545959, 0.6146350691715876, 0.5746795803308486, 0.41373606827110054, 0.9132324745257696, 0.3701271675527096, 0.10537791708484293, 1.4563712075352668, 0.5840739076336225, 0.5402475364506245, 0.579652094344298, 0.4100866371144851, 0.10738527365028858, 0.5337884358130396, 0.6323156541213393, 0.3820125330705196, 0.08762497780844569, 1.1846830369438974, 1.0514920428395271, 0.44133613488326473, 0.09890201361849904, 1.543699637055397, 0.3496427660342306, 0.11176420506089925, 1.0773181090131403, 0.7230228707194328, 0.6521038525737822, 0.6249730308850606, 0.44228321369737383, 0.7913510553538798, 0.5936445658405622, 0.6488672176996867, 0.5875018984079361, 0.606041494011879, 0.5544150389730931, 0.5217861664791902, 0.4042146657903989, 0.11828212281689049, 0.9702805440872908, 0.47972447310263916, 0.46804426070302724, 0.505340945161879, 0.9012262438734373, 0.43582278210669756, 0.10305783413350583, 0.5359638766385615, 1.4891840711236, 0.8489838797599077, 0.8192114321514965, 0.12235212940722703, 0.4624081854708493, 0.49339809420829017, 0.5411360844969749, 0.09771628119051456, 0.5174654307775199, 1.0129814972480138, 0.5260687599889934, 0.48510181463013097, 0.5167241319082677, 0.5197954121356209, 0.5480951854959131, 0.5885763026153048, 0.569463086159279, 1.0729548121492067, 0.08876564921811222, 1.227990437950939, 0.5661929597146809, 1.1311657409183682, 1.6735595926642417, 1.7193488612771035, 0.548394769585381, 1.161036655958742, 0.5891046572787066, 1.6018624931573868, 0.09275786727666854, 0.580328349582851, 1.631983615954717, 0.5498522142879665]
2025-12-24 03:27:16 - feda2ls - INFO - loss data:
2025-12-24 03:27:16 - feda2ls - INFO - [0.46836862470954654, 0.7095232307910919, 0.4994014833122492, 0.772867177426815, 0.630231133972605, 0.7911288693547249, 0.6780989204843839, 0.43655576296150683, 0.4328516464525213, 0.6827885084940741, 2.0795557533701263, 0.23433352317661046, 0.7075638576643541, 0.8458317623784145, 0.5717898934148252, 0.42630840161194405, 0.5568940752185881, 0.18065979522652925, 1.2233930259943009, 0.5092350572968523, 0.464907437749207, 0.42471943241544063, 0.8638373052080472, 0.5156616885215044, 0.42985891299322243, 0.4866233638022095, 0.4923008741810918, 0.4312367622740567, 0.1722161161247641, 0.16170196179300547, 1.3133608490228652, 0.5349590318898361, 0.48227494610473515, 0.17223018687218428, 1.235865842550993, 0.6646229912837347, 0.6666383126129707, 0.451045723616456, 0.7904742762368793, 1.5519083946943284, 0.38593936124816536, 0.44663398135453464, 0.7704574510455131, 0.4404471606016159, 0.45848944382742046, 0.9656382098793983, 0.5734149002159635, 0.5227227807510644, 0.6967302511135738, 0.5670643411576748, 0.39190633995458485, 0.1838097339030355, 0.14050610268022865, 0.6672693795058876, 0.7085475055035204, 0.4458721550181508, 0.475139930502822, 0.5064112703005473, 0.5315403963439166, 0.1930988356936723, 0.11706948503851891, 0.7960140221752227, 0.4035274712368846, 0.4256380587661018, 0.11837764424271882, 1.078061966598034, 0.6293976046144962, 0.6699267437060674, 0.6561527350296577, 0.8730652391910553, 0.6586068287491798, 0.4925744807347655, 0.7092354007065296, 0.5188869745781024, 0.5391826441511511, 0.3924242602428421, 0.6704812571406364, 0.5937542845805486, 0.47266683392226694, 0.5162101402568321, 1.2155264347791672, 0.6453354279200236, 0.6175981864333153, 0.5947005517780781, 0.5316741838430364, 0.8776646748185157, 0.4486356442794204, 0.3955558306227128, 0.138252984569408, 0.11721256352029741, 0.7525459369644523, 0.3787357955239713, 0.6387874349951744, 0.38078017174266277, 0.3680571465985849, 0.48096156504470855, 0.40961727580676477, 0.860698788613081, 0.35534840514883403, 0.6934851583093404, 0.391805078741163, 0.44619877613149583, 0.3911211298080161, 0.3726307086491336, 0.6029923651367426, 1.5020163943370184, 0.5631908394396306, 0.523879380710423, 0.7213045708835125, 0.4737753389403224, 0.38652241666180387, 0.415645404253155, 0.35547015380579977, 0.4795587138272822, 0.9354931284983952, 0.4398381620645523, 0.3797999133045475, 0.3963167711161077, 0.6835070699453354, 0.5696408371130626, 0.5458272203803063, 0.4342013712661962, 0.6655648958869279, 0.6094414249062539, 0.5742919241388639, 0.40703505895410974, 0.9131036112705866, 0.3697632536292076, 0.1017871939111501, 1.433514353632927, 0.5804478844006856, 0.5381702348589897, 0.5744094659884771, 0.4050333797931671, 0.10353151359595358, 0.5263157775625587, 0.6120971899945289, 0.3743627835375567, 0.08438415278214961, 1.181408390495926, 1.018081328769525, 0.44811506445209187, 0.09581952472217381, 1.5350907631218433, 0.34314567348919806, 0.10650266464799643, 1.0790657414123415, 0.701270511187613, 0.624917168635875, 0.6130449314912161, 0.43678661752492187, 0.7778213374316693, 0.5882992304861545, 0.6455989127357801, 0.5930455509573221, 0.5981638461351395, 0.5498470969498157, 0.5036232491334279, 0.3889434307192763, 0.10490809921175241, 1.0067365860566497, 0.4778471826265256, 0.465949183749035, 0.4951453156769276, 0.8846780980626743, 0.4300799163679282, 0.09859261903911828, 0.5317475706804544, 1.4784858487546444, 0.8252836428582668, 0.8004355171695352, 0.12059572152793407, 0.45014123125001787, 0.48288203418875736, 0.5320695172995329, 0.09357941932976246, 0.5096948578953743, 0.9982897266745567, 0.5135355721227824, 0.47500413889065385, 0.5040570750832558, 0.512692961593469, 0.5362325940591594, 0.5853685759318372, 0.5671145137399435, 1.0684645101428032, 0.08446380021050573, 1.2379496394656597, 0.5664102436043322, 1.1351455966942012, 1.6834476828575133, 1.7224067702889443, 0.5424068449685971, 1.1629193019121886, 0.5896327656072875, 1.6009493991732597, 0.08894148040562869, 0.5702250921167433, 1.6353440016508103, 0.5451576421037316]
2025-12-24 03:27:37 - feda2ls - INFO - loss data:
2025-12-24 03:27:37 - feda2ls - INFO - [0.46836862470954654, 0.7095232307910919, 0.4994014833122492, 0.772867177426815, 0.630231133972605, 0.7911288693547249, 0.6780989204843839, 0.43655576296150683, 0.43285165283208094, 0.6827884774693909, 2.079555295407772, 0.2343335681594908, 0.7075632965269809, 0.8458330612940094, 0.5717914633452892, 0.42630897316460803, 0.5568964637815952, 0.18066359339281918, 1.2234136939048768, 0.5092422979883849, 0.46488134847022594, 0.42472187988460064, 0.8638216021160285, 0.5156772812828421, 0.42979056350886824, 0.48654613313265144, 0.49242421966046096, 0.4312498178333044, 0.17222609776072206, 0.16161755421198903, 1.3147248732546966, 0.5350159256408612, 0.48236836213618517, 0.17215218250639736, 1.235907708108425, 0.664512259264787, 0.666185869773229, 0.4513009720093881, 0.7908072652411647, 1.5532311722636223, 0.3860944506712258, 0.44680734602734445, 0.7718311518430709, 0.4425472872331738, 0.45832604082922146, 0.9674545362591744, 0.5713355300948024, 0.5229784089140594, 0.6991070412099362, 0.5657667197287082, 0.39248362714424734, 0.1852176373358816, 0.1407411611173302, 0.6689145565188179, 0.720275228144601, 0.44615764301270244, 0.4736512710340321, 0.5076184892406066, 0.5364418588578701, 0.19331922088749706, 0.11738819882739335, 0.8091071310453117, 0.40733499359339476, 0.42654449261414507, 0.11995175310876222, 1.0815927386283875, 0.6284615536530813, 0.6736217988034089, 0.6673426430672407, 0.8672580147782962, 0.6598256632685662, 0.49339381512254477, 0.7088649593293667, 0.5175571663926045, 0.5338524811668321, 0.3926846706774086, 0.6716991290450096, 0.5929183046023051, 0.47428285181522367, 0.5157725056167692, 1.2137967005372048, 0.6453554679950078, 0.6189564670125643, 0.5946125194430352, 0.5320400847742955, 0.8787249080836773, 0.43737457860261203, 0.3959449417889118, 0.14063372095115484, 0.12035178111400455, 0.7591160275042057, 0.38125241142697636, 0.6362095067898432, 0.38429171983152627, 0.3706760367378592, 0.4849518410395831, 0.41191516301284237, 0.8618921995162964, 0.34794810228049755, 0.7006365828216077, 0.391790830809623, 0.44264525845646857, 0.38685288673732426, 0.36756968931294975, 0.5927511033136398, 1.4976296300689378, 0.562225703150034, 0.5325255395844579, 0.7133694298565387, 0.47325879000127313, 0.3858966727741063, 0.41557521210052073, 0.3561671649804339, 0.47376406798139215, 0.9335726007819176, 0.4385627517476678, 0.38515293020755054, 0.3968775551533327, 0.682769650220871, 0.5671309843659401, 0.5557555943727494, 0.4240076927778621, 0.6673684226348996, 0.6065885819494724, 0.5695513680577278, 0.4066528991796076, 0.8996828742325306, 0.37409681305289266, 0.10505899193231016, 1.4363264940679072, 0.5790508992969989, 0.5347366285820803, 0.5751644648611546, 0.4018386730303367, 0.10558321261778475, 0.5295373680070042, 0.615472570573911, 0.3697639478991429, 0.08738869717344641, 1.1698734478559345, 1.0106947893897693, 0.4473248773564895, 0.09868321116082371, 1.5245734877884387, 0.34384889765642584, 0.10925083579495548, 1.0676829836331307, 0.6996951729990541, 0.6268016261979937, 0.6110946928461393, 0.437894937582314, 0.7812431529164314, 0.5861294709146023, 0.6405397646129132, 0.5792233169078826, 0.5985097937285899, 0.543513460457325, 0.5113381872574488, 0.3920316345368822, 0.11051485883072018, 0.9829264531843365, 0.47618249772737425, 0.46015469622798266, 0.49835810149088505, 0.8725938275456429, 0.4231848517432809, 0.10174671979621053, 0.5301809040829539, 1.4577322602272034, 0.8223696274682879, 0.7937907015904785, 0.12263437807559967, 0.44685882749035954, 0.48019959948336083, 0.526019674539566, 0.09782355297356844, 0.5062391057610511, 0.9833584323525428, 0.5111965712159872, 0.4657366281375289, 0.5074779310263694, 0.5048198717646301, 0.5260862771732111, 0.569194991979748, 0.5569865793610612, 1.05003971606493, 0.08695795563980938, 1.222534386999905, 0.5544795139692724, 1.1209025495685636, 1.654778887331486, 1.6930369719862939, 0.5366334725171328, 1.1443519142456353, 0.5813607447780669, 1.5904859475791455, 0.0904930006712675, 0.5743316361680626, 1.615408541758855, 0.5424645715393126]
2025-12-24 03:31:03 - feda2ls - INFO - loss data:
2025-12-24 03:31:03 - feda2ls - INFO - [0.46836862470954654, 0.7095232307910919, 0.4994014833122492, 0.772867177426815, 0.630231133972605, 0.7911288768053055, 0.6780989170074463, 0.43655576314777134, 0.4328516332898289, 0.6827883360868631, 2.0795562823613487, 0.23433351079002024, 0.7075650660709167, 0.845829599009206, 0.5717861803947016, 0.42630808039878804, 0.5568926321342588, 0.1806652735453099, 1.2236296564340592, 0.509172079898417, 0.4649149812757969, 0.4247124144807458, 0.8636438680191835, 0.5157965673133731, 0.4298498256132006, 0.48647877555340524, 0.4924448531121015, 0.4312727550975978, 0.17227147188968955, 0.16172487884759904, 1.3148739161590735, 0.5352293703705072, 0.48253232473507524, 0.17215636344626545, 1.2356236197054384, 0.6651670100788276, 0.6648632465551296, 0.45194246451525644, 0.7958146216425425, 1.5603851199150085, 0.3862202221527696, 0.44719094447791574, 0.7729653619229793, 0.44290416315197945, 0.4586985182017088, 0.9672946736216544, 0.5730069345484178, 0.5214687693398445, 0.7017819469173749, 0.5643328232690692, 0.3929727043956518, 0.18557880301959812, 0.14126595836132766, 0.6700228748998294, 0.722454015724361, 0.446278418507427, 0.4746593320431809, 0.5101579961677392, 0.5398472498171032, 0.19273084574379026, 0.11787880421616137, 0.8093387352302671, 0.4091943118721247, 0.4275069685497631, 0.12092073180247098, 1.0835778266191483, 0.6282118481894334, 0.677410339191556, 0.6758581780518095, 0.85463191618522, 0.6599063552916049, 0.4945584075525403, 0.7119830936193465, 0.5184928013011814, 0.538449815288186, 0.39649932677857574, 0.6722432807087899, 0.5950059885780017, 0.48408670760691164, 0.5102980310330167, 1.229098844528198, 0.6415098538001378, 0.6192815278967221, 0.5960624001920223, 0.5355182409286499, 0.8701063297688961, 0.44301305860280993, 0.398274412440757, 0.14160311289597302, 0.12146833657752723, 0.7777296996675432, 0.3855711996555328, 0.6354300141334533, 0.3860725404694676, 0.370642026909627, 0.4866935600060969, 0.4142605289506416, 0.8723251819610596, 0.3518067980185151, 0.6877978473901748, 0.392968899384141, 0.44474297906272114, 0.3939272066112608, 0.3706119475731005, 0.5910101994406431, 1.5205304538210234, 0.5698784440755844, 0.5408785618841648, 0.719028939306736, 0.4772050516679883, 0.39076994831363365, 0.41463918928056953, 0.359128818823956, 0.4718764731039603, 0.9578005358576774, 0.4320243472233415, 0.38840649103124936, 0.39677235861308874, 0.6917577221989631, 0.5714092157781124, 0.5773220643401146, 0.41561630439634123, 0.6900355244986712, 0.6162326780458292, 0.5752378155787785, 0.41093808083484573, 0.9062520054479439, 0.3630428936332464, 0.10793465608730912, 1.4499807834625242, 0.5834973908960819, 0.5377707744638125, 0.5801298044621944, 0.4054534877339999, 0.10872768573462964, 0.531078337971121, 0.6367868033237756, 0.3785298048829039, 0.08967745651025325, 1.1783922038506716, 1.041579561928908, 0.4325074053679903, 0.10083723515272142, 1.533193514496088, 0.34897578549571334, 0.11290863966569305, 1.0688216854818167, 0.724811643268913, 0.653940136730671, 0.6214988564451536, 0.4420265916734934, 0.7833162046968937, 0.5857081885139148, 0.6448652550578118, 0.5868944976478815, 0.602813582867384, 0.553513515740633, 0.5185747593641281, 0.4018330073604981, 0.12069481201469898, 0.9617101036943495, 0.4711751380935311, 0.46112571433186533, 0.5005100893788039, 0.8861602296431859, 0.42839428310592964, 0.1058140211738646, 0.5347408483270556, 1.4720966085791587, 0.8443740777671337, 0.805748887732625, 0.12503736652433872, 0.4530758888460696, 0.4818176810629666, 0.536020259000361, 0.1002871454693377, 0.5135048569180072, 0.9871093675494194, 0.520470112003386, 0.47472923180709287, 0.5131310091353953, 0.5077567365951836, 0.5329742109403014, 0.5709733579307794, 0.5573767061345279, 1.0549918919801713, 0.0900329832918942, 1.2188060840591788, 0.5573740229941905, 1.116414305847138, 1.6510858952999115, 1.698392878472805, 0.5397931340150535, 1.147769382968545, 0.5828689445741475, 1.5814232312142849, 0.09544268473982812, 0.5736463566310704, 1.60900615354379, 0.5455877776257694]
2025-12-24 03:31:20 - feda2ls - INFO - loss data:
2025-12-24 03:31:20 - feda2ls - INFO - [0.46836862470954654, 0.7095232307910919, 0.4994014833122492, 0.772867177426815, 0.630231133972605, 0.7911288693547249, 0.6780989204843839, 0.43655576296150683, 0.43285165283208094, 0.6827884774693909, 2.079555295407772, 0.23433356843888759, 0.7075632869654024, 0.8458330121822655, 0.571791354054585, 0.4263088964236279, 0.5568960781209171, 0.18066352838650346, 1.2234270125627518, 0.5092434628556173, 0.46489889863878486, 0.4247824456077069, 0.8643473682304224, 0.5159496610984207, 0.4296057065948844, 0.4878058814443648, 0.4937094351276755, 0.4323245326988399, 0.17280966956168414, 0.16170065067708492, 1.3110418212910493, 0.5392332469423612, 0.4813085047528148, 0.17236641803756358, 1.235907219350338, 0.6660592270394166, 0.6686643530925115, 0.45266395781654867, 0.8156725652671108, 1.5887097150087357, 0.38532797480002046, 0.4481452229432762, 0.7725748382508755, 0.4479339236393571, 0.4612826761168738, 0.9660188093781472, 0.5683125559240579, 0.5246731671970337, 0.705212797721227, 0.5657295351848006, 0.39300189791247253, 0.18867195160128175, 0.14283872169908135, 0.6756274191662669, 0.7405119890347123, 0.4475258132442832, 0.47387692717214425, 0.5125865271314979, 0.5458118597976863, 0.1943986835423857, 0.11865928568877279, 0.8304440988227725, 0.417322170548141, 0.42901410193492967, 0.12313601435162128, 1.0820700988173484, 0.6259644637505213, 0.6720120637367168, 0.6731173360099395, 0.8555116246143977, 0.6567035913467407, 0.4926308896392584, 0.7060777068138122, 0.5136082070569198, 0.5304833242669702, 0.3948227188549936, 0.6683967739343644, 0.5956580139696598, 0.47872941195964813, 0.5185119538179909, 1.233679424971342, 0.6434657300511997, 0.6140797833601634, 0.5909297533333302, 0.5322202603643139, 0.8695667197306951, 0.4367036363109946, 0.39169267962376275, 0.14425142761319876, 0.12549671677406876, 0.7626549596898258, 0.380964563973248, 0.6296178961793581, 0.38405716624110936, 0.36944019896909597, 0.4806108878692612, 0.4064611560044189, 0.8454498015344143, 0.34862692300230264, 0.6863469037227333, 0.3910256470553577, 0.4420782095286995, 0.3821037250105292, 0.3669307424686849, 0.586579698898519, 1.492956927418709, 0.5634476736187934, 0.5333501171320677, 0.6977882564067841, 0.467565530538559, 0.3829817674743633, 0.4149321535602212, 0.3567197233904153, 0.467338259704411, 0.9215388566255569, 0.433262955211103, 0.3872375616182884, 0.39277957277372477, 0.6792772511641185, 0.5548650582631429, 0.5572308309376239, 0.423552312143147, 0.6670940611511469, 0.5983554564416409, 0.5611386631925901, 0.4062598492329319, 0.8814808780948322, 0.3679825454950333, 0.10835994016379118, 1.4325042352080346, 0.5745542389651139, 0.5315565504133701, 0.5750754815836747, 0.40388137263556323, 0.11012404132634401, 0.5278623242862522, 0.6201321138069034, 0.36565059383089343, 0.09214933975599707, 1.1573826296720653, 0.9985395058989525, 0.44160708232472345, 0.10231349598616363, 1.5006390169262886, 0.34937985171563923, 0.11347909141331912, 1.0512739314697683, 0.6950963066890835, 0.6371429120190442, 0.6169563606381416, 0.44302437752485274, 0.7650460958480835, 0.5777760992447536, 0.6247907886902491, 0.5782705675810575, 0.5804924324154854, 0.5394099086523056, 0.5120802993575733, 0.4038198284183939, 0.1164901009760797, 0.9621775418519974, 0.4765632905686895, 0.4603473741561175, 0.492581282556057, 0.8593091040849685, 0.4264574923242132, 0.10640855645760894, 0.5275915979407727, 1.4332500152289867, 0.8143091739155353, 0.78665725979954, 0.12781442571431398, 0.43974052909761663, 0.47448220625519755, 0.5170427796430885, 0.10285477004945279, 0.5061244113370776, 0.9602172995607059, 0.5068088468164206, 0.4568988061199586, 0.5022944144904613, 0.49630768032123646, 0.5166273212370773, 0.5531094783606628, 0.5408915942224363, 1.032115297516187, 0.0900553279556334, 1.2005169834010303, 0.5463630221163234, 1.0939040265977382, 1.6092871382832528, 1.6483383893966677, 0.5305783250990014, 1.119254202581942, 0.5749400240679582, 1.5614481806755065, 0.0943665768019855, 0.5669547967612744, 1.5765432914098103, 0.5339930567890405]
2025-12-24 22:28:43 - feda2ls - INFO - loss data:
2025-12-24 22:28:43 - feda2ls - INFO - [0.482035131379962, 0.7165020589317594, 0.7168046310544014, 0.6738935172557831, 0.4655271983040231, 0.4335096004818167, 0.7604984670877457, 0.5529465739216124, 0.604964866489172, 0.7559549042156765, 0.7189631521701813, 0.5625065122331891, 0.5784414056688547, 0.5049777989009662, 0.7376219883561135, 0.5259103797376156, 0.6859519854187965, 0.5188805248056139, 0.44097670279443263, 0.47526282242366247, 0.70346240401268, 0.670275266468525, 0.5021086377756936, 0.4704507784651858, 0.6472776751965285, 0.7087228990026883, 0.712200504541397, 0.5740524580436094, 0.5985330209136009, 0.4729855087585747, 0.5544235068373382, 0.737775369733572, 0.4808774804430348, 0.4355907597712108, 0.7388423517346382, 0.5894543113453048, 0.4552867476961442, 0.6802086979150772, 0.5007232941687108, 0.472515067155473, 0.49456159118562937, 0.6966977164149284, 0.35681906800184926, 0.4474192487075925, 0.8201131307653018, 0.5416131801903248, 0.4680997584015131, 0.740453289449215, 0.334554917046002, 0.3502504859452269, 0.4360062527470291, 0.429416969884187, 0.6980533957481384, 0.46412337060485565, 0.676085052639246, 0.7078893229365348, 0.4468023356050253, 0.4031337155561362, 0.6335135571658611, 0.31236147457467656, 0.6314220756292344, 0.4622957875153848, 0.6409672133624553, 0.30103521771462904, 0.5796729248549257, 0.5267633942887187, 0.6850723517792565, 0.6136348508298397, 0.4410153288926397, 0.6590468853712081, 0.5307096248226506, 0.6203571781516075, 0.44533408960061416, 0.6184558473527432, 0.48293010177356854, 0.6438847213983536, 0.5226883076131343, 0.4069621542202575, 0.3862226706796459, 0.4883406687261803, 0.6047290109097958, 0.44050498945372446, 0.5027880997397005, 0.40090182498097415, 0.6969925925135613, 0.5828188560903071, 0.5878189019858837, 0.3303018510075552, 0.6163745306432247, 0.5611686371266842, 0.4756959055151258, 0.6205633901059628, 0.5115044809877872, 0.5377506941556931, 0.5102977172604629, 0.665144893527031, 0.4165533290361054, 0.6077333457767964, 0.6003362551331519, 0.5805445104837417, 0.5453801199793815, 0.5469705127179623, 0.3209639748558402, 0.41540218237787485, 0.5893266364932059, 0.5048237320035696, 0.570537556707859, 0.44272875572953907, 0.4377219767176679, 0.5428237117826938, 0.44947337904013696, 0.6089005227599825, 0.48392611954893383, 0.5235508078709246, 0.5868652507662773, 0.44839863050729034, 0.5913930729031562, 0.3869888963976077, 0.4442407009191811, 0.672120775282383, 0.5598048530519009, 0.5831886515021324, 0.537465526163578, 0.5778621859848498, 0.5667542867362498, 0.44505390226840974, 0.5698603145778178, 0.6053785275135721, 0.5330966912209988, 0.47652830332517626, 0.4133701662067324, 0.6099261976778507, 0.5216122070593493, 0.5061392728239298, 0.5813639014959335, 0.5091307926923037, 0.6825938551553659, 0.5409312561154365, 0.5855028346180916, 0.4790612697601318, 0.5008982601043369, 0.8063313546989646, 0.5520372132105487, 0.4697109519903149, 0.5909856595098972, 0.6389691584876606, 0.4796536772378853, 0.4989739041775465, 0.6411472444023405, 0.5007397984819753, 0.5608465569359915, 0.5254680252500943, 0.5149475941700595, 0.5141243472695352, 0.4832299005240202, 0.5148404963314533, 0.4550407625734806, 0.4732514344155788, 0.4460871942341328, 0.7251650174813611, 0.5801838058446135, 0.5592258624732495, 0.5173359157783645, 0.5602644358362471, 0.4825385469943285, 0.48672219812870027, 0.6777152274336133, 0.5514382667839527, 0.5585145935416221, 0.5471863709390163, 0.5323132233960288, 0.5284914393510137, 0.5943624310195446, 0.5374939247965813, 0.5624755545386246, 0.5633416838943959, 0.48296998627483845, 0.5108785547316075, 0.6778087796909469, 0.5193045794963838, 0.5768402107059956, 0.6495090591056005, 0.540385940670967, 0.616628872709615, 0.542228864878416, 0.5875981527779783, 0.5700105659663677, 0.5397512786090374, 0.5702079918767724, 0.6094679391809872, 0.5616909071803093, 0.572588803938457, 0.6005663139479501, 0.5670029576335635, 0.5745570592582225, 0.5734241841094835, 0.532966823130846, 0.5836397658501353, 0.5821114696562291, 0.5619206689298153]
2025-12-24 22:28:45 - feda2ls - INFO - loss data:
2025-12-24 22:28:45 - feda2ls - INFO - [0.48203513156622646, 0.7165020678724561, 0.7168046280741691, 0.6738935217261315, 0.4655271943126406, 0.4335095908758896, 0.7604985356330871, 0.552946528260197, 0.604964730143547, 0.7559566157204765, 0.7189620167016983, 0.5625193456453936, 0.5784311138093472, 0.5050068283320538, 0.7376096412539481, 0.525908906438521, 0.6859334416687488, 0.5189063886446612, 0.44102498306227583, 0.4752580560743809, 0.7034460231661797, 0.6702827498316765, 0.502179745052542, 0.4705120503370251, 0.6476371232420206, 0.7089844356690134, 0.7124615982174873, 0.5739874129848821, 0.5990419551730156, 0.4736263104714453, 0.5545510561205447, 0.7383551336824894, 0.48154386313898223, 0.4362664711794683, 0.7387786135077477, 0.5894135043025017, 0.45556917467287605, 0.680666446685791, 0.5013797841966152, 0.4727084815967828, 0.49507014295086266, 0.697262379527092, 0.357875134290329, 0.448300389572978, 0.8203437649777958, 0.5423391543328762, 0.46891492046415806, 0.7414288356900215, 0.33539736048717583, 0.3509692704438099, 0.4365478103980422, 0.42989862076938157, 0.6987844824790954, 0.46418913145150453, 0.677109993994236, 0.70772745013237, 0.4474760711725269, 0.4033352954313159, 0.63364886790514, 0.3126344444230199, 0.6318679682910442, 0.46253580059856175, 0.6414190076291562, 0.3012690610119275, 0.5808379048747676, 0.5271469369530678, 0.6864686639181206, 0.6142965845763684, 0.4414832750069243, 0.6593542993068695, 0.5304808843348707, 0.6209187157452106, 0.44556297127689637, 0.6190750479698182, 0.4831866495843445, 0.6446674808859825, 0.5230436741241387, 0.40718991309404373, 0.3866721673203366, 0.48764481974233476, 0.6053057298064233, 0.44052642168743267, 0.5037445718422533, 0.4015394262969494, 0.6973952405154704, 0.5838701404631138, 0.5886791989207267, 0.330053723230958, 0.6169403955340386, 0.5617913126945495, 0.47613724496747767, 0.6206862486898899, 0.5117259076663426, 0.5378808677196503, 0.5122684748045035, 0.664096737653017, 0.41710951732238755, 0.60839391797781, 0.6011435568332673, 0.5810809560120106, 0.5460330903530122, 0.5476776622235775, 0.321644902096263, 0.4159533130005002, 0.5901373691856862, 0.5047324698418378, 0.5714846514165401, 0.4427091630441802, 0.4380748078493135, 0.5426824919879436, 0.4492499286308885, 0.6087275434817587, 0.48502828744905335, 0.5229640267789364, 0.5878057539463044, 0.44779858319088817, 0.5928801357746125, 0.38654894647853716, 0.4447236102540046, 0.6722760014235973, 0.5606900319457054, 0.5844767391681671, 0.5382740072906018, 0.5787734284996986, 0.5677497938275338, 0.4455335340329579, 0.5707408629357815, 0.6063637873956136, 0.5341232247650624, 0.47733381818979975, 0.41390382503159345, 0.610249998420477, 0.5226803842399801, 0.5073607571423053, 0.5829089790582657, 0.5093519017100334, 0.6831288407955851, 0.5421366315335036, 0.5857011079788208, 0.47952910475432875, 0.5011106391171259, 0.807339936707701, 0.5521976342158659, 0.4697415588689702, 0.5922805689275266, 0.639704493539674, 0.47980385880385124, 0.49953721929341555, 0.6418496219175203, 0.5013672044234616, 0.5614440755120346, 0.5256908402911254, 0.5148149148694107, 0.5153836898505688, 0.48345780117171155, 0.5156116991170815, 0.4557841369882226, 0.4739238824695349, 0.446555794402957, 0.7267193717615945, 0.5808214584631579, 0.5604047499597073, 0.5170138651771204, 0.5605775012501648, 0.4830603547394276, 0.48644804395735264, 0.6780971610120365, 0.5521991983056069, 0.5594623766839504, 0.5481118328869343, 0.5333144560456275, 0.529386329650879, 0.5962471976876258, 0.5382959760725499, 0.5625208717371737, 0.5639938041567802, 0.48370328210294244, 0.51045261323452, 0.679014012004648, 0.5193194359540939, 0.5795427955687046, 0.6510197829987321, 0.5418400466442108, 0.6178158025656428, 0.5427630454301835, 0.5882386880261556, 0.5719769284129143, 0.5402803495526314, 0.5714271921132292, 0.6102098524570465, 0.562029355764389, 0.5731603875756264, 0.602195973375014, 0.5677723334303924, 0.575013866275549, 0.5737978338130882, 0.5341731451451779, 0.5846516821001257, 0.5825185731053353, 0.5627336367964745]
2025-12-24 22:29:11 - feda2ls - INFO - loss data:
2025-12-24 22:29:11 - feda2ls - INFO - [0.482035131379962, 0.7165020578673909, 0.7168046191334725, 0.6738935291767121, 0.465527209479894, 0.43350959659687105, 0.7604984864592552, 0.5529465429484844, 0.6049647938460112, 0.7559558742812702, 0.7189630299806595, 0.5624996415206365, 0.5784478129819035, 0.5049664788746407, 0.737615668773651, 0.5259249235902514, 0.6859458744525909, 0.5189036914280483, 0.44098105244338515, 0.4752626088580915, 0.7035024106502532, 0.670311325788498, 0.5020653864634889, 0.47026687184614796, 0.6478658676147461, 0.7086937742573873, 0.7126215264201164, 0.5735728050981249, 0.5987253494560718, 0.47356122406199574, 0.5548552170395851, 0.7381681047379971, 0.4817653975848641, 0.4361922253987619, 0.7390588998794556, 0.5889113825346742, 0.45544240453413554, 0.6806334063410759, 0.5014438190497458, 0.47272550441266503, 0.4951026951894164, 0.6966683521866799, 0.35682205994214333, 0.4477424517273903, 0.816508123917239, 0.5423821177333593, 0.46833632364869116, 0.7417092368006706, 0.3339118748104998, 0.34975694552330033, 0.4357264760881662, 0.42963299034163355, 0.6974530681967736, 0.4642458335629531, 0.6748492412269116, 0.7083391934633255, 0.4468089555523225, 0.40305545492363826, 0.6330871857702731, 0.3110288544957127, 0.6311130508780479, 0.46201146479163846, 0.6410668097436428, 0.29992774009172407, 0.5782109133899211, 0.526834835484624, 0.6823020789240088, 0.6123333878815174, 0.43864983708730765, 0.6585889518260956, 0.5280188340161528, 0.618691236525774, 0.4424990472516843, 0.6171579785645008, 0.4810890575072595, 0.6436296597123146, 0.5200150015098708, 0.40473860188254285, 0.3848780922325594, 0.4863473834736006, 0.6032805159687995, 0.43728466571441715, 0.5004481058567762, 0.39927461110055446, 0.6949649967253209, 0.5832492142915726, 0.5868464946746826, 0.32849809027143884, 0.6157545372843742, 0.559632272273302, 0.4726976864039898, 0.6214143700897694, 0.5102744533547333, 0.541270773485303, 0.5014719807675907, 0.6717608653008937, 0.41501390604535116, 0.6082716725766659, 0.6001899063587188, 0.5792753390967846, 0.5445210494101047, 0.5448479562997819, 0.3178955312818289, 0.414708277117461, 0.5892289325594902, 0.5060858890414237, 0.5711807399988175, 0.44258376785687037, 0.43557448908686636, 0.5443543903529644, 0.4455377493752167, 0.6126900640981539, 0.47987991704472477, 0.5261195048689842, 0.5852622114121914, 0.4484868632629514, 0.5905778653919698, 0.3863053381709116, 0.44243380322586745, 0.6764820761978626, 0.5582511141896247, 0.5822896018624306, 0.5361988604068756, 0.5763698235154152, 0.5665953703224659, 0.4455348359686988, 0.5686740741133689, 0.6105497843452863, 0.5311400823295116, 0.4737323010340333, 0.4092097510118038, 0.6191924557089805, 0.5201474974198, 0.510399091616273, 0.5795002020895481, 0.5071085013449192, 0.6655984302716595, 0.5513794504106044, 0.5816837295889854, 0.48078564219176767, 0.48348901501989794, 0.8080617751393999, 0.5438895834343774, 0.4677153177027191, 0.5902701869606972, 0.6549904671098505, 0.46112902627459595, 0.4883554155007005, 0.6349698214658669, 0.5001349498118672, 0.5457425325044564, 0.5161859312227794, 0.505847351785217, 0.5209842830896377, 0.46859187749879705, 0.5125257728355271, 0.45072775725275277, 0.47210469506680963, 0.44138203226029876, 0.7308286750955241, 0.5748987941869668, 0.5576332770287991, 0.5066215250108923, 0.5576811316822257, 0.47505396902561187, 0.4841856576502323, 0.6786817788013391, 0.5457116596400737, 0.5534920111298561, 0.5465958975255489, 0.5244604728051594, 0.522539507491248, 0.5944061420857907, 0.534488607198, 0.5545902007392475, 0.5593157835304737, 0.47849658466875555, 0.5073970295488834, 0.6775101390268121, 0.5167341707274318, 0.575795678049326, 0.6420073207999979, 0.5397667594254016, 0.6164241608764445, 0.5404799051582814, 0.5838843835251672, 0.5684504695236683, 0.537300242483616, 0.5666833387953893, 0.6073057597236975, 0.5606045417487622, 0.5715180331042835, 0.5959637398698501, 0.5619207937802587, 0.5733006604015827, 0.5710636096341268, 0.5310368716716767, 0.5789727220577853, 0.5826649382710457, 0.5608355656266213]
2025-12-24 22:30:19 - feda2ls - INFO - loss data:
2025-12-24 22:30:19 - feda2ls - INFO - [0.482035131379962, 0.7165020589317594, 0.7168046265840531, 0.6738935247063637, 0.4655271894697632, 0.4335095800459385, 0.7604984760284423, 0.5529465923351901, 0.604964854195714, 0.7559551537036896, 0.7189631029963494, 0.5625067477779729, 0.5784402005374432, 0.5049794443217771, 0.7376208886504173, 0.5259064020855087, 0.6859478570520878, 0.5188885255583695, 0.4409751284601433, 0.47526282119963853, 0.7034679964184761, 0.670289370417595, 0.5020387419100318, 0.47022637921784605, 0.6476183634251356, 0.708803910442761, 0.7125581681728363, 0.5734598630240986, 0.5986344419419766, 0.4733242636546493, 0.5546444934792816, 0.7378017500042915, 0.48128577513354165, 0.4360358667692968, 0.7389321595430374, 0.5889128669032029, 0.45521254534167904, 0.680120974779129, 0.5008250936865807, 0.47219801974715664, 0.4947265824303031, 0.6963342890143394, 0.357293201370963, 0.44703786484897134, 0.8211914584040642, 0.5409550556913019, 0.46794359274208547, 0.7400347977876662, 0.33421208438064376, 0.3491090528001743, 0.43510421831160784, 0.42846092991530893, 0.6969034075737, 0.4636461371822017, 0.6751471009105443, 0.7067910850048065, 0.44611575842968054, 0.40150159706494637, 0.6326710052788258, 0.30975878196103235, 0.629976462572813, 0.46127488187381205, 0.6397375375032425, 0.298643602311079, 0.5784075791282313, 0.5250607698224485, 0.6851842315069268, 0.6124756447970867, 0.43974512198141646, 0.6572688654065133, 0.5275938638619014, 0.6191267862915992, 0.4428164526287998, 0.616784755885601, 0.48194161674806046, 0.6429661817848682, 0.5208762934165342, 0.4051895772239992, 0.3849647941599999, 0.48280888092038887, 0.6033365912735462, 0.4390202320579972, 0.501970442198217, 0.39964275546371936, 0.6959174513816833, 0.5821002684533596, 0.5862118199467659, 0.32791267859616446, 0.6145126171410084, 0.5582369551062584, 0.4752050817544971, 0.6187386132776738, 0.5116995019572121, 0.5338580187410116, 0.50932918127094, 0.6609188199043274, 0.4162793295632582, 0.6054302886128425, 0.5984247751533985, 0.5788884587585926, 0.543013358861208, 0.5440022736787795, 0.31371541720415863, 0.41082491260021925, 0.5886851124465466, 0.5002155885100364, 0.5700161941349506, 0.4408749394118786, 0.4330279021656939, 0.54133917465806, 0.4402879344765097, 0.6179456413856574, 0.4796328942158392, 0.5219249410554767, 0.5857741512358189, 0.4449036720208824, 0.5905511468648911, 0.3828949750534125, 0.43916644096607343, 0.6751532316207887, 0.5569958873093128, 0.5808914951980114, 0.5349948845803738, 0.5755371481180191, 0.5636347346007824, 0.44473603357161795, 0.5677223354578018, 0.6049582436680794, 0.5300129026174545, 0.47108068168163303, 0.4090167780406773, 0.6123127683997154, 0.5173972618366991, 0.5061968471854925, 0.5770854756236077, 0.5054554015398025, 0.6705917755407946, 0.5440364245325326, 0.5823044605553149, 0.47510697171092037, 0.48956516306581244, 0.806066182894366, 0.5431962520948479, 0.4656932200704302, 0.585313081741333, 0.6481366422559534, 0.46472176254859987, 0.48701385334134106, 0.6374824506895883, 0.49617589722786626, 0.5488891072571278, 0.5175812597785677, 0.5087666538144862, 0.5128305003046989, 0.472325227622475, 0.5122783950396946, 0.4463283970020711, 0.4668535839766264, 0.43939904496073723, 0.7276445501617024, 0.574940390352692, 0.5555798150599003, 0.5066474919872624, 0.5568724125623703, 0.47175831943750385, 0.4809568271040916, 0.6754019269985811, 0.5453929781913758, 0.5518783420324325, 0.5434514142572879, 0.5256316368068967, 0.5200127889003072, 0.5929890468716621, 0.5315187968313695, 0.5538934292537825, 0.555329529941082, 0.4734820116311312, 0.5046405412256718, 0.6775132969021798, 0.5136931592598557, 0.5737055167555809, 0.6443543594862733, 0.5359339378774166, 0.615371279737779, 0.5379929713904857, 0.5837436522756304, 0.5654783926904201, 0.5346014045178891, 0.5636530385485717, 0.6051238543220929, 0.5569400675594807, 0.5693322928888457, 0.5942293960601092, 0.5625998738620963, 0.5704655729234218, 0.5683011662747179, 0.5298534974455833, 0.5791051459099565, 0.5775430619716644, 0.5591655567288398]
2025-12-24 22:31:14 - feda2ls - INFO - loss data:
2025-12-24 22:31:14 - feda2ls - INFO - [0.482035131379962, 0.7165020536099161, 0.7168046250939369, 0.6738935261964798, 0.46552719505769863, 0.4335095800991569, 0.7604984864592552, 0.5529465832880565, 0.6049648404121399, 0.755955226293632, 0.7189631089568138, 0.5625065918479647, 0.5784402783960104, 0.5049792853583183, 0.7376210197806359, 0.5259064749947616, 0.6859479948878289, 0.5188883043825626, 0.440974913377847, 0.4752621575125626, 0.7034675925970078, 0.6702817350625991, 0.5020434255046504, 0.470214338653854, 0.6476812183856964, 0.7087093444807189, 0.7124076768755913, 0.573672683856317, 0.5984768606722355, 0.47342397533357145, 0.5546386130154133, 0.7379657275974751, 0.48150054450545987, 0.4362406725862196, 0.7389640271663667, 0.5888543928308146, 0.4555127825587988, 0.680469474196434, 0.5011772030964494, 0.47244268318172544, 0.4947906842455268, 0.6966744288802147, 0.35662094932049515, 0.44752537477761506, 0.8190609912787166, 0.5420503390952944, 0.46810830309987067, 0.7416632309556007, 0.3334757265368743, 0.34901723312214017, 0.4353773511946201, 0.42919210596010093, 0.6971579760313034, 0.4634450716631753, 0.6744591012597084, 0.7076672673225403, 0.4465032369430576, 0.401657461853964, 0.6327767036855221, 0.31000909528562004, 0.6305067986249924, 0.4614799333204116, 0.6406378373503685, 0.29860971019204174, 0.5788520328700543, 0.5245548145845532, 0.6822323806583881, 0.6116857044398785, 0.4381276028496879, 0.658256185054779, 0.5273116046828883, 0.6179374150931836, 0.441322623193264, 0.6163436576724053, 0.48071469488952845, 0.6430694177746773, 0.5197584121354989, 0.4040674005768129, 0.38386255662356106, 0.48393527837470174, 0.602174349874258, 0.43736368188900604, 0.49775122124701743, 0.39790185829624536, 0.6944648317992688, 0.5812493219971657, 0.5851391069591045, 0.32709882206150465, 0.6144332237541675, 0.5583958126604558, 0.47139944205326695, 0.6204309545457363, 0.5086691011275564, 0.5386811781674623, 0.49980380120021956, 0.6677832569926977, 0.4139346886018757, 0.6081203334033489, 0.5983384877443314, 0.5778723128139973, 0.5411969490349293, 0.5425388589501381, 0.307498335119869, 0.4099611101672053, 0.5867225237190723, 0.5035239089280367, 0.5701077692210674, 0.4404578670859337, 0.4327655564594482, 0.544335950165987, 0.43767756267916413, 0.6275418401828834, 0.47562720339213094, 0.5297892767935992, 0.5852469995617866, 0.44701232127845286, 0.5871778801083565, 0.3858066397053855, 0.437708833348006, 0.6827524207532405, 0.5554019585251808, 0.5810750477015971, 0.5346894092857837, 0.5748547144234181, 0.5642166145145893, 0.4455100157431193, 0.5657304562628269, 0.6091866461294038, 0.5262956194579601, 0.46988739464432006, 0.4047102965414524, 0.6243206158280372, 0.5157934781696115, 0.5108661729842424, 0.5753164269030094, 0.5029190555214882, 0.6544374883174896, 0.5553006317466498, 0.5801511406898499, 0.4777528945356607, 0.47026185652773295, 0.8111424009714808, 0.5347242332994938, 0.4641766593392406, 0.582535506784916, 0.6675039057220731, 0.4466145341417619, 0.47764522507786755, 0.63012095742992, 0.4973306192883423, 0.5339653852794852, 0.5074467044855867, 0.49836454870445385, 0.5213248811662197, 0.4566476607961314, 0.5094849897282464, 0.4414172573015094, 0.46684162206947805, 0.4350206196308136, 0.737138356268406, 0.5718561097979545, 0.5544027999043465, 0.49455585367977617, 0.5549298253442561, 0.46623216159641745, 0.4801282819360495, 0.6768555712487017, 0.5420589409768581, 0.5467561490833759, 0.5423857711255551, 0.5191109623227801, 0.5162550973040717, 0.5932208210229873, 0.5281618595123291, 0.5453912163419383, 0.5530420422554017, 0.4689904313534498, 0.5028000894933939, 0.6762021665062223, 0.5122456518933177, 0.5729878559708594, 0.6346719857837473, 0.5349516235291958, 0.612685768519129, 0.5356076695024967, 0.5805371435625213, 0.5639755107462405, 0.5342139355838299, 0.5598459279962948, 0.6050993476595197, 0.5578940294682979, 0.5665545376283782, 0.5919056179800204, 0.5582667295421873, 0.5705965392291545, 0.5665149302354882, 0.5268222600221635, 0.5746004823063101, 0.5803786270320416, 0.5587233312427997]
2025-12-24 23:02:37 - feda2ls - INFO - loss data:
2025-12-24 23:02:37 - feda2ls - INFO - [0.28069690046831963, 0.6488049380481243, 0.4473443916998804, 0.43604367449879644, 0.30888266302645206, 0.3586748242378235, 0.4448966130614281, 0.634176567941904, 0.37812708960846064, 0.7699692819267512, 0.35425055561354385, 0.3877378880977631, 0.6695534989237786, 0.3746377429692075, 0.6389747513458133, 0.6591374725103378, 0.5035681456327439, 0.4984573293477297, 0.5978039981797338, 0.18722999221645295, 0.5662797338445671, 0.6023635088233277, 0.46083308942615986, 0.6874220333993435, 0.5022988404147326, 0.37509936313144865, 0.7108968116343022, 0.46537771811708806, 0.08296691210125573, 0.8438004388008267, 0.10074688446475194, 1.7920464158058167, 0.4674345202744007, 0.49809639928862454, 0.5551322147250175, 0.4673725198954344, 0.3946812541224063, 0.5868286748882383, 0.45269369035959245, 0.38237509843893347, 0.41314111091196537, 0.08826327295973896, 1.34444763645879, 1.3010790668427945, 0.7975252591073514, 0.4334201581776142, 0.37472311025485394, 0.671111723780632, 0.4256052334792912, 0.4039281996432692, 0.38874033163301647, 1.059374412894249, 0.4501384560018778, 0.27936404943466187, 0.4713207624852657, 0.452051867544651, 0.7801600702106952, 0.6857688535004854, 0.7248720929026604, 0.2789076573215425, 0.3774847539141774, 0.35034825003240255, 0.4188818231225014, 0.3621027547866106, 0.9610546348616481, 0.7159576311707496, 0.5314569387584924, 0.7189255341887475, 0.39064665511250496, 0.4105266947299242, 0.7391340171918273, 0.8829621560871601, 0.5123344203457236, 0.6007416488602757, 0.5055632278323173, 0.37984652393497526, 0.6008330758661031, 0.7558375641703605, 0.47399249896407125, 0.5900232030078769, 0.7333948343992234, 0.4002111743669957, 0.4020700184861198, 0.0992778800195083, 1.8453678116202354, 0.43294355347752567, 0.15268069528974593, 0.08103383061243222, 1.6936405109649058, 1.0974968471797184, 0.4356001617736183, 0.6754075407865457, 0.45043973280116917, 0.6696218967437744, 0.6168750755488872, 0.41685235500335693, 0.66016865093261, 0.5037502680905163, 1.2643806733191014, 0.4746878162026405, 0.3834285927936435, 0.43964560739696024, 0.3358860308304429, 0.4049324392341077, 0.4367141481488943, 0.4034231219440699, 0.5935468412935734, 0.6287449389696121, 0.4197452222928405, 0.7645142175257206, 0.38091264851391315, 0.4797390352934599, 0.5387159876525403, 0.7294660411775111, 0.5015244089066981, 0.6142092999070883, 0.6812640063464641, 0.3689989935606718, 0.9059092529118061, 0.3705022420734167, 0.4653912592679262, 0.9695557966828346, 0.5478547122329473, 0.36982663553208117, 0.5303345561027527, 0.7405391246080398, 0.6454492807388306, 0.44075724482536316, 0.42698471955955025, 0.513217105716467, 0.498031098395586, 0.4605314292013645, 0.4508999798446894, 0.7957991428673268, 0.4174461748450995, 0.4744485579431057, 0.8287265405058861, 0.5139880903065205, 0.5746520780026912, 0.4363485842943191, 0.7973576009273529, 0.5109759476035833, 0.44792231917381287, 0.5876565873622894, 0.7025080434978008, 0.32674303837120533, 0.6525962762534618, 0.5531025968492032, 0.5198820240795612, 0.6169325254857541, 0.5412952437996864, 0.4984712854027748, 0.5181374993175268, 0.571698934584856, 0.665269461274147, 0.5196704424917697, 0.8577576771378517, 0.610896484553814, 0.733860795199871, 0.5576307624578476, 0.5635961901396513, 0.5925569117069245, 0.6611415714025497, 0.5603875987231731, 0.6040929667651653, 0.5338599048554897, 0.6563719853758812, 0.6613636329770088, 0.8453330650925637, 0.6284400716423988, 0.6361295446753502, 0.6293235965073108, 0.6221114359796047, 0.49903149306774136, 0.905488270521164, 0.6672113038599491, 0.4813785307109356, 0.7401818171143532, 0.9637701004743575, 0.5692131891846657, 0.7887530453503132, 0.8916007563471795, 0.5049419872462749, 0.651402297616005, 0.47927810102701185, 0.46751018315553666, 0.6752177201211452, 0.7470571041107177, 0.6594161972403526, 0.7325693354010583, 0.7835431151092053, 0.7604787610471249, 0.7856394454836846, 1.0483288377523423, 0.9607472583651542, 0.9745883345603943, 0.8070259809494018, 0.7758666172623634, 0.5745593518018722, 0.8361681684851647]
2025-12-24 23:03:19 - feda2ls - INFO - loss data:
2025-12-24 23:03:19 - feda2ls - INFO - [0.28069690046831963, 0.6488049380481243, 0.4473443916998804, 0.43604367449879644, 0.30888266302645206, 0.3586748242378235, 0.4448966130614281, 0.634176567941904, 0.37812708960846064, 0.7699692819267512, 0.35425055561354385, 0.3877378880977631, 0.6695534989237786, 0.3746377429692075, 0.6389747513458133, 0.6591374725103378, 0.5035681456327439, 0.4984573293477297, 0.5978039981797338, 0.18722999221645295, 0.5662797338445671, 0.6022660969290883, 0.46078824866563084, 0.6873614303767681, 0.5024559552781284, 0.3751017645234242, 0.710794847458601, 0.4656237212009728, 0.08295047282008455, 0.843268202082254, 0.10078004684764891, 1.7925052866339684, 0.46693616844713687, 0.49808127880096437, 0.5555401843041181, 0.46754604429006574, 0.39456625760067254, 0.5864464625366963, 0.4525026768445969, 0.38228879480157046, 0.41299175227759405, 0.08824853140395134, 1.3420007516746408, 1.2985695153474808, 0.7975350499153138, 0.4334923423826695, 0.37505325460806493, 0.6710727959871292, 0.4255503482185304, 0.40374661860987543, 0.3886299257166684, 1.0592547230422498, 0.44915750343352556, 0.2798228828236461, 0.4716822922229767, 0.45192756280303004, 0.7801603399217129, 0.6854992311447858, 0.7247929140925407, 0.27944255359470843, 0.3773490940220654, 0.3485163958510384, 0.41842378173023465, 0.3611119657754898, 0.9619008880108595, 0.7146567784249782, 0.5326120620593429, 0.7176028817892075, 0.39123881822451945, 0.4102254597470164, 0.7436226379126311, 0.883342730998993, 0.5147810271009803, 0.5949378788471221, 0.510346220433712, 0.378934227861464, 0.6045237697660923, 0.7452421557158232, 0.47247044965624807, 0.5899725537747145, 0.7352622523903847, 0.3994211194571108, 0.4025691049871966, 0.09857286387123168, 1.8643394529819488, 0.42947077192366123, 0.15009762174449862, 0.0801628228626214, 1.702769121961319, 1.0864276067644822, 0.43238299927907065, 0.6639411738724448, 0.44817986749112604, 0.6673757642507554, 0.6152479514479636, 0.416018421202898, 0.6622398707084358, 0.5022758214734495, 1.2738521322607994, 0.4754354827105999, 0.38405324881896374, 0.4374185729771852, 0.3362040111795068, 0.40162657098844645, 0.4349957693368196, 0.3981118705123663, 0.5963567517697812, 0.6262114271521568, 0.4175509037449956, 0.7582857437431811, 0.38302649967372415, 0.4773185715079308, 0.5416196763515473, 0.7184878692030907, 0.49338582530617714, 0.6035184830427169, 0.6879153177142143, 0.3663141021504998, 0.9029392920434476, 0.3629660982638597, 0.45483528785407545, 0.9717731326818466, 0.5480635657906532, 0.3644758425652981, 0.5286767791956664, 0.7325945414602757, 0.6361824870109558, 0.43312157168984416, 0.42603758983314033, 0.5082135669887066, 0.4908962942659855, 0.45531948804855343, 0.4476971255615354, 0.7887451566755772, 0.4158436067402363, 0.47029739022254946, 0.8424884498119354, 0.5105991654098034, 0.5792859084904194, 0.4337895721197128, 0.7964655160903931, 0.5054570887237788, 0.44596284441649914, 0.5850229673087597, 0.7029646314680577, 0.32425059415400026, 0.6541196078062057, 0.5489032708108426, 0.5168418668210506, 0.6114972881972789, 0.537604059278965, 0.4864659421145916, 0.5170993473380804, 0.568161029368639, 0.6666630208492279, 0.5159723527729512, 0.8590290755033493, 0.6061713516712188, 0.7314606800675392, 0.5538490638136864, 0.5618928607553244, 0.588131719827652, 0.657099436223507, 0.5558525048196316, 0.599314883351326, 0.5302981540560723, 0.6535426206886767, 0.6572248522192239, 0.8400982633233071, 0.6250935144722463, 0.632844690233469, 0.6254237711429596, 0.6173991486430168, 0.4953451119363308, 0.9025397047400475, 0.6628216832876206, 0.4779271796345711, 0.7376324385404587, 0.9618018060922623, 0.5650668293237686, 0.7850572012364865, 0.8890745237469674, 0.5020774565637112, 0.6490785047411919, 0.4764145582914352, 0.4659828573465347, 0.6722447566688061, 0.7429188825190067, 0.6561715617775917, 0.7271209813654422, 0.7810843341052532, 0.7571455523371696, 0.7824928931891918, 1.0462182834744453, 0.9553985029459, 0.9695420861244202, 0.8028683245182038, 0.773596366494894, 0.5711477063596249, 0.8309718564152717]
2025-12-24 23:04:00 - feda2ls - INFO - loss data:
2025-12-24 23:04:00 - feda2ls - INFO - [0.28069690046831963, 0.6488049380481243, 0.4473443916998804, 0.43604367449879644, 0.30888266302645206, 0.3586748242378235, 0.4448966130614281, 0.634176567941904, 0.37812708960846064, 0.7699692819267512, 0.35425055561354385, 0.3877378880977631, 0.6695534989237786, 0.3746377429692075, 0.6389747513458133, 0.6591374725103378, 0.5035681456327439, 0.4984573293477297, 0.5978039981797338, 0.18722999221645295, 0.5662797338445671, 0.6022660969290883, 0.46078824866563084, 0.6873614303767681, 0.5024559552781284, 0.3751017645234242, 0.710794847458601, 0.4656237212009728, 0.08295047282008455, 0.843268202082254, 0.10078004684764891, 1.7925052866339684, 0.46693616844713687, 0.49808127880096437, 0.5555401843041181, 0.46754604429006574, 0.39456625760067254, 0.5864464625366963, 0.4525026768445969, 0.38228879480157046, 0.41299175227759405, 0.08824910423718392, 1.328907534609607, 1.286051743477583, 0.7985326811671257, 0.4335512433201074, 0.3739300712011755, 0.6712258927524091, 0.42440790617838503, 0.40436367664951833, 0.3882699568057433, 1.0643257059156896, 0.4470481033436954, 0.2784274730831384, 0.46965381205081935, 0.4524315021932125, 0.7779364729300142, 0.6859991561621428, 0.7248346492648126, 0.2783423780929297, 0.3767436453606934, 0.3478576892986893, 0.4177515422925353, 0.3596277812495827, 0.9616890661418438, 0.7140467427670956, 0.5316126078367234, 0.717165257036686, 0.39030941352248194, 0.41041514873504636, 0.7404950138181448, 0.8796147905290126, 0.5113125948235393, 0.5989970939233898, 0.5064721301198005, 0.3787013251334429, 0.6020947348326444, 0.749648280069232, 0.47151391915977003, 0.5892459323629737, 0.7338353291153907, 0.399151781341061, 0.40140015885699537, 0.0981821716297418, 1.858930703997612, 0.4287971824407577, 0.14999354458414016, 0.08010209728381597, 1.7015490732039324, 1.089281138998922, 0.432676216668915, 0.6663744608289562, 0.44689738349989055, 0.6663858875632287, 0.6141945429146289, 0.4145458318293095, 0.6598909814842046, 0.4970433975569904, 1.2611232057213784, 0.4720011971890926, 0.3825217286124825, 0.43670963793993, 0.3337080042809248, 0.40156186940148475, 0.43423951156437396, 0.397803021967411, 0.5941485837101936, 0.6238258838653565, 0.41579416105523703, 0.7598686553537846, 0.379773398861289, 0.47601873725652694, 0.5396468199789524, 0.7210592612624168, 0.493321330845356, 0.6036806955933571, 0.6861546605825424, 0.3658185379579663, 0.9009771034121513, 0.3624749481678009, 0.451563848555088, 0.9758496850728989, 0.5447450485080481, 0.3644981762394309, 0.5289799641817808, 0.7333159431815148, 0.6342922151088715, 0.432099911570549, 0.42448620237410073, 0.5084022667258978, 0.4894161675125361, 0.45394975021481515, 0.44647978637367486, 0.7905259013175965, 0.41307134591042993, 0.46903981566429137, 0.8341429926455022, 0.5086429640650749, 0.572326023131609, 0.43137082308530805, 0.794921624660492, 0.5071266952902078, 0.4433445852249861, 0.5829426318407058, 0.7026821322739124, 0.3213146962225437, 0.6535678751766681, 0.548668871819973, 0.5145221941173077, 0.612735853344202, 0.5355744332075119, 0.4914196029305458, 0.5148955207318068, 0.5669157609343529, 0.662352016568184, 0.5126627512276173, 0.860860413312912, 0.6041503451764583, 0.7288162484765053, 0.5509664744138718, 0.5606210626661778, 0.5882733881473541, 0.6558743707835675, 0.5536044932901859, 0.5978983528912067, 0.5286059893667698, 0.6539463728666306, 0.6603641204535962, 0.8434395238757133, 0.6235244452953339, 0.6315386220812798, 0.6253446638584137, 0.6156118623912334, 0.4941640965640545, 0.9028668120503426, 0.6621437929570675, 0.4769173040986061, 0.7382191330194473, 0.9622994109988212, 0.5643645040690899, 0.783450847864151, 0.8884225443005562, 0.5014883890748024, 0.6484586879611015, 0.47535021379590037, 0.4636876925826072, 0.670958936214447, 0.7436071805655956, 0.6551462516188622, 0.7264405883848668, 0.7813809975981713, 0.7575822994112968, 0.7828901462256909, 1.0489185526967049, 0.956836000084877, 0.9706154704093933, 0.8027705289423466, 0.7745549738407135, 0.5700426116585732, 0.8320088103413582]
2025-12-24 23:08:55 - feda2ls - INFO - loss data:
2025-12-24 23:08:55 - feda2ls - INFO - [0.28069690046831963, 0.6488049380481243, 0.4473443916998804, 0.43604367449879644, 0.30888266302645206, 0.3586748242378235, 0.4448966130614281, 0.634176567941904, 0.37812708960846064, 0.7699692819267512, 0.35425055561354385, 0.3877378880977631, 0.6695534989237786, 0.37463774357456714, 0.6389747472479939, 0.659137485921383, 0.5035682164132596, 0.49845733642578127, 0.5978040421381592, 0.1872300423681736, 0.5662799320241902, 0.6023642181069591, 0.46083311345428224, 0.687422126531601, 0.5022988673299551, 0.3750993091845885, 0.7108969196677208, 0.46536429729312656, 0.08300988602568396, 0.8437318733194843, 0.10076549014775082, 1.79208532422781, 0.4674443531781435, 0.49813348008319736, 0.5551964778453111, 0.46746824532747266, 0.3947395254392177, 0.5867994076921604, 0.452733825147152, 0.3823840990429744, 0.41321626774733883, 0.08827774265082552, 1.3437782595166936, 1.3011701688170434, 0.7970415733754634, 0.4336625710129738, 0.37528447452932595, 0.671221049875021, 0.42584151551127436, 0.4039359594229609, 0.388910519820638, 1.0597187705338, 0.4497739290818572, 0.2803248555399478, 0.4724500961601734, 0.4523031938821077, 0.7813725836575032, 0.685748229548335, 0.7253842875361443, 0.27957015014253556, 0.3778101289179176, 0.3492216101847589, 0.41882369685918097, 0.3616056550294161, 0.9615228733047843, 0.7149390570819378, 0.5324529379606247, 0.717888930439949, 0.39162529986351724, 0.4103246409446001, 0.7433642171323299, 0.8842126302421093, 0.5155608963221312, 0.596097600646317, 0.51001580581069, 0.3796343065798282, 0.6047538697719574, 0.7467453196644783, 0.472897070646286, 0.590290267765522, 0.7365898102521897, 0.39989686599001284, 0.4028289165580645, 0.09877118016593159, 1.8615261420607567, 0.43104099705815313, 0.15119342477992176, 0.08080679224804044, 1.7021392982773251, 1.0931481608073226, 0.4344652224215679, 0.6682792855543085, 0.44984076302498577, 0.6699096471071243, 0.6165774948894978, 0.41705000624060634, 0.6620988056063651, 0.5042712964117527, 1.276138426363468, 0.47616412788629536, 0.38414855459705, 0.43876755982637405, 0.33723654216155413, 0.40363780362531543, 0.43616792242974045, 0.40028471797704696, 0.5962589271366596, 0.6282431125640869, 0.41949391057714824, 0.760764592140913, 0.38362790532410146, 0.4784479420632124, 0.542555483430624, 0.7213017843663693, 0.4962906867265702, 0.6087319739162922, 0.6861401490867138, 0.3679746525362134, 0.9047426164150238, 0.36575422361493115, 0.45856840200722215, 0.9709828823804856, 0.5497370254248382, 0.36651509571820495, 0.5296657972037793, 0.7360080219805241, 0.639683011174202, 0.43649107888340954, 0.4273327600210905, 0.5108618792146444, 0.4947823993861675, 0.45808691531419754, 0.4499271450564265, 0.791263611614704, 0.41783197708427905, 0.47256370037794115, 0.8422626726329326, 0.5124009728431702, 0.5810594826936721, 0.43592450246214864, 0.7986368060111999, 0.5072535403072834, 0.4481690295040608, 0.5879516564309597, 0.7052603147923946, 0.32665819488465786, 0.6539200708270073, 0.5507274769246578, 0.5191315278410912, 0.6133581101894379, 0.5400812953710556, 0.4894853815436363, 0.518305966258049, 0.5699199043214321, 0.6685829341411591, 0.518319746106863, 0.8605299070477486, 0.6091970883309841, 0.7344743132591247, 0.5567730769515038, 0.5634568650275469, 0.5898256316781044, 0.6589358285069465, 0.5585569009184838, 0.6026015393435955, 0.5327954538166523, 0.6559092447161674, 0.6598631154745818, 0.844021312892437, 0.6269053362309933, 0.6349579393863678, 0.6276362985372543, 0.6211146719753742, 0.49768091067671777, 0.9051411867141724, 0.6657467156648635, 0.47986533194780345, 0.7395477071404457, 0.964336709678173, 0.5669491901993752, 0.7874298222362995, 0.8911397770047187, 0.5037239715456963, 0.6508530974388123, 0.4787505827844143, 0.4673413656651974, 0.674906923621893, 0.7456004701554776, 0.6587236613035202, 0.7303816363215446, 0.7826778247952462, 0.75998954474926, 0.7849170163273811, 1.0480973958969115, 0.9575522840023041, 0.9723265513777732, 0.8057809829711915, 0.7751364849507809, 0.5734277866780758, 0.8339377358555793]
2025-12-24 23:09:58 - feda2ls - INFO - loss data:
2025-12-24 23:09:58 - feda2ls - INFO - [0.28069690046831963, 0.6488049380481243, 0.4473443916998804, 0.43604367449879644, 0.30888266302645206, 0.3586748242378235, 0.4448966130614281, 0.634176567941904, 0.37812708960846064, 0.7699692819267512, 0.35425055561354385, 0.3877378880977631, 0.6695534989237786, 0.3746377429692075, 0.6389747513458133, 0.6591374725103378, 0.5035681456327439, 0.4984573293477297, 0.5978039981797338, 0.18722999221645295, 0.5662797338445671, 0.6023635088233277, 0.46083308942615986, 0.6874220333993435, 0.5022988404147326, 0.37509936313144865, 0.7108968116343022, 0.46537771811708806, 0.08296691210125573, 0.8438004388008267, 0.10074688446475194, 1.7920464158058167, 0.4674345202744007, 0.49809639928862454, 0.5551322147250175, 0.4673725198954344, 0.3946812541224063, 0.5868286748882383, 0.45269369035959245, 0.38237509843893347, 0.41314111091196537, 0.08826435989467427, 1.331399552890798, 1.2884630039334297, 0.7986857570707798, 0.4335808325558901, 0.37391366129741077, 0.6713581129908561, 0.4243467180989683, 0.404593515349552, 0.38848112702835347, 1.0644998356699942, 0.44786620922386644, 0.278372048586607, 0.46968605890870097, 0.45265811644494536, 0.7785425290465355, 0.6862857200205326, 0.72511777728796, 0.2780473825521767, 0.37695234417915346, 0.3480154721299186, 0.41786748077720404, 0.35972874518483877, 0.9615743685513736, 0.7142658494412899, 0.5314603826031088, 0.7169625602662564, 0.39053301196545365, 0.4104621645063162, 0.7406035605818033, 0.880400574952364, 0.5112382754683495, 0.5996199734508991, 0.5066067710518837, 0.3787470497656613, 0.6024609062820673, 0.749879339709878, 0.47150463201105597, 0.5898361928761006, 0.734024028480053, 0.39928652024827893, 0.40153668660204855, 0.09825164671055972, 1.859729604423046, 0.4295597210526466, 0.1503876623697579, 0.08070141565403902, 1.7036311232310255, 1.0932707832485904, 0.4339046736888122, 0.6680370138958097, 0.4477357381023467, 0.6679062858223915, 0.6151183106005191, 0.4154029566794634, 0.6607701524160803, 0.500058739259839, 1.2667648017406463, 0.47368550747632976, 0.38277404103428125, 0.43793362863361834, 0.3344016782939434, 0.403072171844542, 0.43525966443121433, 0.3995439536869526, 0.59429497346282, 0.6262494266033172, 0.4176316013559699, 0.7608352586627006, 0.38044556230306625, 0.476772540807724, 0.5400962784886361, 0.7230281159281731, 0.495929354429245, 0.6073104854673147, 0.6846087522804737, 0.3671946574002504, 0.902796009927988, 0.36503171771764753, 0.456050131469965, 0.9746712282299996, 0.5464397907257079, 0.36633713226765396, 0.5295125544071198, 0.7357158996164799, 0.6372739180922509, 0.4348068103194237, 0.4255861647427082, 0.5104761090129614, 0.49283095449209213, 0.4571245610713959, 0.44886645302176476, 0.7911804147064686, 0.41490739174187186, 0.47106050848960873, 0.8342519164085389, 0.5105084747076034, 0.5742564506828784, 0.43311123214662073, 0.7961090341210365, 0.5080241866409778, 0.4450132500380277, 0.584911198168993, 0.703800367563963, 0.322807839885354, 0.6541318766772747, 0.5507583178579807, 0.5158697687089443, 0.6134608462452888, 0.5378456905484199, 0.4930544480681419, 0.5161622248589992, 0.5688388213515282, 0.663825698196888, 0.515079328417778, 0.8607964068651199, 0.6065427988767624, 0.7306828528642655, 0.5528818182647228, 0.5618237499147654, 0.5893375843763351, 0.658687537908554, 0.5563489399850368, 0.599963516741991, 0.5309049479663372, 0.655210304260254, 0.6606521721929312, 0.8440094977617264, 0.6252804271876812, 0.6336475118994713, 0.6266762673854828, 0.6180697470903397, 0.4963934332132339, 0.9033497348427773, 0.6635291941463948, 0.4784076020121575, 0.7382845714688301, 0.9635093376040458, 0.566738273948431, 0.7850117169320583, 0.8897845208644868, 0.5027559719979763, 0.6494257874786853, 0.47769881039857864, 0.4654243901371956, 0.6728179581463337, 0.7443460129201411, 0.6567214012145997, 0.7278689041733741, 0.7821715630590915, 0.758627612143755, 0.7841746918857098, 1.048791652917862, 0.9577332437038422, 0.9714830622076989, 0.8036406390368938, 0.7749092906713486, 0.5719770535826683, 0.8329639464616776]
2025-12-24 23:35:06 - feda2ls - INFO - loss data:
2025-12-24 23:35:06 - feda2ls - INFO - [0.44879536628723143, 0.7021292333801588, 0.4862882958725095, 0.8173513814806939, 0.6294874995946884, 0.7666676665345828, 0.6835013434290886, 0.4364786997437477, 0.4345457924840351, 0.6473411917608852, 1.7632444421450297, 0.25875379163771867, 0.6418571097000191, 0.7813148465938866, 0.6352939129341394, 0.4422692148480564, 0.5587210427969694, 0.17412813622504475, 1.3134873494505883, 0.5140024560503662, 0.46697902609594166, 0.42296356766019017, 0.9963057614862919, 0.4797088848426938, 0.4306440188549459, 0.5153811691794544, 0.5148066366091371, 0.43689087266102433, 0.17485333227086813, 0.1568294808967039, 1.4842497517665227, 0.5217528393492102, 0.4853536132723093, 0.1820030186790973, 1.2277899011969566, 0.6327300513784091, 0.7141206511606772, 0.456331474861751, 0.7282030963028471, 1.3800273567438124, 0.42534096641466024, 0.4608124169521034, 0.793203879147768, 0.4541190115734935, 0.47000950242703154, 0.9886810682713985, 0.5708588857203722, 0.5223955683410167, 0.7341690972447396, 0.5508880788460373, 0.40898176487535237, 0.20069697652943433, 0.14254306531511246, 0.7571067632486423, 0.8414559928700328, 0.45256847627460955, 0.48572740859041613, 0.571548318117857, 0.723537243437022, 0.17054323852062225, 0.13462241007946432, 0.9396465729922057, 0.46248921575024726, 0.45683506997302176, 0.1401791387470439, 1.2168410509824752, 0.6690968575576941, 0.6770133112867673, 0.7550458538035552, 0.7657556322713692, 0.647288179397583, 0.5259098365902901, 0.7095730125904083, 0.5437779581174255, 0.5452089685946703, 0.4448644544929266, 0.694159497320652, 0.6314703720311323, 0.5368200212717056, 0.4656032004238417, 1.4053102746605872, 0.6649026860793432, 0.6589636981487275, 0.6309148214757443, 0.5693448326239984, 0.8220835268497467, 0.4743952129036188, 0.4743206123510997, 0.16417398843914272, 0.14884747858159242, 0.9342705204151571, 0.4558520277030766, 0.6753902544577917, 0.42476897025480864, 0.39014696683734656, 0.5487604175694287, 0.4761099711681406, 1.0160323053598403, 0.32713313959538937, 0.7089963429607451, 0.45833932543173433, 0.4776840729638934, 0.5071684022434055, 0.41853065714240073, 0.5837052005032698, 1.5981915235519408, 0.7742959052324295, 0.5670002169907093, 0.751815976947546, 0.4940970294177532, 0.46805826971928277, 0.4395041472278536, 0.40138683868572117, 0.49653262064481773, 1.184239865342776, 0.45292560420930383, 0.45112449781348307, 0.4185474614612758, 0.7524064794182778, 0.6420441408952078, 0.6558273784816265, 0.4490686297416687, 0.7141591934487224, 0.7158642664551735, 0.6269403303662936, 0.4662206129481395, 0.926126675804456, 0.3286580353975296, 0.15703074652701615, 1.4850905239582062, 0.6845323984821637, 0.6490498880545299, 0.6277355745434761, 0.473670806735754, 0.17399276066571473, 0.5368356250226498, 0.816425906214863, 0.44011552597706516, 0.13476716508157552, 1.1802642684429883, 1.299586730202039, 0.4504848933468263, 0.15083103226497768, 1.492246961593628, 0.4366484073922038, 0.15890983678400517, 1.0373610941693188, 0.855614859238267, 0.8233486827462911, 0.7631814007957776, 0.44624378234148027, 0.84954282194376, 0.6296879683931669, 0.6878733535607655, 0.593240400403738, 0.6461231537163258, 0.6254570931196213, 0.6356244961420695, 0.5126485238472621, 0.26253367885947226, 0.7506220903247595, 0.4560325564816594, 0.46911238711327313, 0.49986922461539507, 0.8244315356016159, 0.46437040617068603, 0.17376867812126875, 0.4999847387894988, 1.335383851826191, 0.8431922815740108, 0.7945802997797727, 0.18349854070693256, 0.5017541872337461, 0.5100471807022889, 0.5750158222392201, 0.15648460518568755, 0.5428299155086279, 1.01818540841341, 0.5743012594059109, 0.5554751379415392, 0.5693725990131497, 0.5166547276700537, 0.594512146897614, 0.5411209300160408, 0.5625909036025405, 1.0341490666071573, 0.14696685317903757, 1.0953386792913078, 0.583793067621688, 1.0131416930817068, 1.5170790329575539, 1.5660580292344095, 0.61192813316981, 1.09123069178313, 0.6044577611610293, 1.4893471390008926, 0.15011797174811364, 0.6220347784459591, 1.5014590442180633, 0.5582689674571156]
2025-12-24 23:35:35 - feda2ls - INFO - loss data:
2025-12-24 23:35:35 - feda2ls - INFO - [0.44879536628723143, 0.7021292333801588, 0.4862882958725095, 0.8173513814806939, 0.6294874995946884, 0.7666676665345828, 0.6835013434290886, 0.4364786997437477, 0.4345457924840351, 0.6473411917608852, 1.7632444421450297, 0.25875379163771867, 0.6418571097000191, 0.7813148465938866, 0.6352939129341394, 0.4422692148480564, 0.5587210427969694, 0.17412813622504475, 1.3134873494505883, 0.5140024560503662, 0.46697902609594166, 0.4229630701942369, 0.9962793218592803, 0.47971787806600336, 0.43065699348226194, 0.515375496307388, 0.5147981999441981, 0.436889271158725, 0.174859060626477, 0.15682884021662175, 1.4842515821258226, 0.5217206708466013, 0.48534660469740626, 0.18201668628025802, 1.2279787421226502, 0.6328117998937766, 0.714563194476068, 0.4562092936442544, 0.7280603081608812, 1.3797487929463386, 0.4253774327225983, 0.46080345744267104, 0.7932432807981968, 0.4540588531643152, 0.47000114101295665, 0.9887296199798584, 0.5707171356926362, 0.5225093780551106, 0.7342065364122391, 0.5508452262729406, 0.40896335449069743, 0.2006821848452091, 0.14250920256599783, 0.7567791644483804, 0.8413083394989371, 0.4525246749632061, 0.48567820033058523, 0.5715480842317144, 0.7231249216943979, 0.17054581153206527, 0.1345790613908321, 0.9391740508377552, 0.4615130664780736, 0.45658414242789147, 0.14004436684772373, 1.2170617068807283, 0.6680313306550185, 0.6780360805491606, 0.7515634495764971, 0.7699616983532905, 0.646473439782858, 0.5262524824589491, 0.7077168658375741, 0.5440159647415082, 0.5426284703891724, 0.4434890806209296, 0.6922884486615657, 0.6309185119966666, 0.531869949400425, 0.4686505553002159, 1.4031494870781898, 0.6640847434600194, 0.6582681069771449, 0.6303811319172382, 0.5675518607099851, 0.8260018264253934, 0.47085123676806684, 0.47252140926818054, 0.1636207802221179, 0.14842408625409007, 0.9259248877875507, 0.45162761220708486, 0.671954269707203, 0.42326876865699886, 0.38914406462572515, 0.5494008195120842, 0.4746653232102592, 1.013330952078104, 0.32397423032671213, 0.7169473034329712, 0.45683697586258254, 0.47764821574091915, 0.5025932133197785, 0.4167813728097826, 0.5799450329660127, 1.597492618362109, 0.7686841070652009, 0.5691484242677689, 0.7453320540487767, 0.49548855759203436, 0.46495250153044865, 0.4387916473671794, 0.3981283008120954, 0.49577564441909394, 1.1728389034668605, 0.447509153932333, 0.44971598908305166, 0.41691546216607095, 0.7486873144904773, 0.636752004424731, 0.6478005774319172, 0.44627424962818624, 0.7123981210403144, 0.7089774638414383, 0.6233453442653021, 0.4628490244348844, 0.9168525894482931, 0.3352745950222016, 0.15541286701336504, 1.4896944150328637, 0.6809912463029226, 0.6447535609205564, 0.623199638724327, 0.4697447519749403, 0.17014945233240725, 0.5386677100323141, 0.8118193286471069, 0.4367330193830033, 0.13246012493036688, 1.181740226596594, 1.2866486459970474, 0.4443581389884154, 0.14899819931015373, 1.4919454380869865, 0.4310992076992989, 0.1559983730316162, 1.0330822689458727, 0.8459717130288482, 0.8089311325922609, 0.7500565121571223, 0.4429384466260672, 0.8421958446502686, 0.6247705598672231, 0.6818415726224581, 0.5868027396500111, 0.640668048709631, 0.6184811547398568, 0.6309046270946661, 0.5052673729757469, 0.2525051534175873, 0.7519408632069826, 0.45320335874954865, 0.4655345253646374, 0.49728248696774247, 0.8216356411576271, 0.46029600265125437, 0.16931644771248103, 0.4994065655395389, 1.3392444059252737, 0.8395649351179599, 0.7910560794174671, 0.18000035025179387, 0.49751794394105675, 0.5050038136541843, 0.5687078980728983, 0.1533975314348936, 0.535908630117774, 1.0112936928868295, 0.5673493731766939, 0.549908145579199, 0.5635250562801957, 0.5133132416134079, 0.5905202021822333, 0.5376772332315644, 0.5559640593826771, 1.0289236118396123, 0.14391045812517406, 1.0961145533248782, 0.5802689503878355, 1.0128431351855398, 1.518361048400402, 1.565011128783226, 0.6063353214412928, 1.0903363490477205, 0.5985432570179304, 1.488863517343998, 0.14677235297858715, 0.6182609165087342, 1.5001504292090733, 0.5558831697329879]
2025-12-24 23:36:00 - feda2ls - INFO - loss data:
2025-12-24 23:36:00 - feda2ls - INFO - [0.44879536628723143, 0.7021292333801588, 0.4862882958725095, 0.8173513814806939, 0.6294874995946884, 0.7666676665345828, 0.6835013434290886, 0.43647870421409607, 0.4345458081923425, 0.6473410878252859, 1.7632444947957993, 0.25875379079952837, 0.6418571087376526, 0.7813148260116577, 0.635293909534812, 0.44226923015279074, 0.5587210432626307, 0.1741281400900334, 1.3134873539209366, 0.5140025372306506, 0.4669790009967983, 0.42296309703961016, 0.9962791137397289, 0.4797178216278553, 0.43065706612542276, 0.5153753189835698, 0.5147980192676187, 0.43688918761909007, 0.17485911909025162, 0.156828818237409, 1.4842529013752936, 0.5217161898501217, 0.4853640088811517, 0.18201458372641355, 1.2278548449277877, 0.6328004481891791, 0.7143365543335676, 0.4562198641554763, 0.7275821793203553, 1.379772537946701, 0.4254069968126714, 0.46080693136900663, 0.7931419551372527, 0.45417336709797385, 0.4700055204331875, 0.988822403550148, 0.5708694408337276, 0.5224967492744327, 0.7341046757996083, 0.5509358052164316, 0.40898117842152715, 0.20064624953083693, 0.14255091303493828, 0.75654288555185, 0.8412060549482703, 0.45256912326440213, 0.48570498436068493, 0.571479604113847, 0.7232535619288684, 0.17062647263519465, 0.13462001574225724, 0.9394031981937587, 0.46148462854325767, 0.45673408346871536, 0.14018087808508425, 1.2171638215581577, 0.6682318337261677, 0.6780684684713681, 0.7521480957667033, 0.7699196852743626, 0.646722922474146, 0.526335764862597, 0.7081975623965263, 0.5442190489421288, 0.5429562608711421, 0.4439204179216176, 0.6926828235387803, 0.6312774752577146, 0.5331312995404005, 0.4681093848931293, 1.4028013169765472, 0.6646038894852002, 0.6588984365264574, 0.6306009493768214, 0.5683096300810575, 0.8256858989596367, 0.4713126497343183, 0.472870894583563, 0.163638109061867, 0.14845510208979248, 0.9268660728819669, 0.4520355404820293, 0.6727594316005707, 0.42351190065965055, 0.3895479236729443, 0.5496182190719991, 0.4748909399223824, 1.0139367297291755, 0.3243185983970761, 0.7169732805341482, 0.4570005505656203, 0.477372900955379, 0.5034215470775962, 0.4171524723836531, 0.5805254736604789, 1.5984132756789524, 0.7696828573942185, 0.5691304091364144, 0.7467077851295472, 0.49566941075026993, 0.46528597952177125, 0.4390221390873194, 0.39865693766623733, 0.4948034587937097, 1.1738190258542698, 0.44808680601418016, 0.45004591258863613, 0.41731543829664586, 0.7480245664715767, 0.6376502203444641, 0.6487513490021228, 0.44671915359795095, 0.7133197786286474, 0.7082753504316013, 0.6231391951441765, 0.4632000864793857, 0.9192480022708576, 0.333751180768013, 0.15495843375101687, 1.490432892739773, 0.6806841974457105, 0.6443868532776833, 0.6235446626941363, 0.4699559651315212, 0.16988128181546924, 0.5382891359739006, 0.8114765940234065, 0.43612128123641014, 0.13196419598534703, 1.1829493883997202, 1.286821213364601, 0.4443437417348226, 0.14848251892253755, 1.4945533499121666, 0.4311139130964875, 0.15571219772100447, 1.0340801084414124, 0.846849319897592, 0.8109142936766147, 0.751000101864338, 0.4431910637766123, 0.8428927540779114, 0.6257905617356301, 0.6835907821853955, 0.5880020186305046, 0.6420623660087585, 0.6192480012774467, 0.6309112943708897, 0.5060646899044514, 0.2521844390779734, 0.7537063673138619, 0.45328684405734143, 0.46568058878183366, 0.49752495568245647, 0.8216653078794479, 0.4598032385110855, 0.16877711042761803, 0.4995741814374924, 1.342520385980606, 0.8398247364908457, 0.7905969370156526, 0.17955076582729818, 0.4970347901806235, 0.50542716520528, 0.5688576580956578, 0.15275930278003216, 0.5354147518053651, 1.0106549695134164, 0.5665728375315666, 0.5490485360225041, 0.5628147073090076, 0.5113357837001483, 0.5884756232301394, 0.5360976613437136, 0.5553627829688291, 1.0307700708508492, 0.14290425088256598, 1.0993069184012711, 0.5791821705177427, 1.0156028947792948, 1.5215974047780039, 1.5697078615427016, 0.6042957490310072, 1.093205228820443, 0.5975588098789254, 1.492533153295517, 0.14586123675107956, 0.61817812230438, 1.5044943610827128, 0.5561887711286544]
2025-12-24 23:37:39 - feda2ls - INFO - loss data:
2025-12-24 23:37:39 - feda2ls - INFO - [0.44879536628723143, 0.7021292333801588, 0.4862882958725095, 0.8173513814806939, 0.6294874995946884, 0.7666676665345828, 0.6835013230641682, 0.4364786870777607, 0.4345457748820384, 0.6473411879812678, 1.7632446284095447, 0.2587537934072316, 0.6418571126802514, 0.7813147716534635, 0.6352939385920763, 0.4422692076613506, 0.5587210615165532, 0.174128130171448, 1.3134874060750008, 0.5140024968422949, 0.4669789953622967, 0.4229635759955272, 0.9963057018816471, 0.47970887180417776, 0.43064401755109427, 0.5153809923678636, 0.5148063565604388, 0.4368906956166029, 0.1748532858910039, 0.15682948355097323, 1.4842494303981462, 0.5217527982468406, 0.4853536244481802, 0.18200300028547645, 1.2277903154492378, 0.6327300533652306, 0.7141223406419158, 0.45633256720999876, 0.7282098489347846, 1.3800251826643943, 0.42534260107204314, 0.46081388341262935, 0.7932048730552197, 0.45411972217261787, 0.47001448295389614, 0.9886879026889801, 0.5708529554307461, 0.522402381664142, 0.7341169225672881, 0.5509375093504787, 0.40899049332365395, 0.20070921592414379, 0.14253464385401457, 0.7570568778396894, 0.8414791564457119, 0.4525526832789183, 0.48560682733853655, 0.5715426887385547, 0.7235347502864897, 0.17047663764096796, 0.13459387833718212, 0.9398857208900153, 0.4617774522863329, 0.45679584567745524, 0.1401052620727569, 1.2170885081092515, 0.6686879893143971, 0.6775858444472154, 0.752882003535827, 0.7690349472065767, 0.6467550173401833, 0.5262359941378236, 0.7083217471837997, 0.5440328606714805, 0.5433979913592338, 0.4440200862009078, 0.6928173862397671, 0.6310907550156116, 0.5335607890039682, 0.4678994157196333, 1.4035757556557655, 0.6645754262804985, 0.6586327155431111, 0.6306613385677338, 0.568367959310611, 0.8254434674978256, 0.4717914192005992, 0.47311927390595276, 0.16386738112196325, 0.1485685004852712, 0.9285181786864996, 0.4528879737947136, 0.6732381949822108, 0.42399689462035894, 0.3897066436242312, 0.549751016870141, 0.4755252622067928, 1.0153230294585227, 0.3249082792550325, 0.7154275793582201, 0.45740266880020497, 0.47809726372361183, 0.504445988824591, 0.4175432707183063, 0.5814355162438005, 1.5996940126021704, 0.7718608416616917, 0.5692147817462683, 0.748671343177557, 0.4954673122614622, 0.4664242234701912, 0.4395304683595896, 0.40002210680395367, 0.49649644549936056, 1.178276476264, 0.4504380419850349, 0.4508151300251484, 0.418414949811995, 0.7501891175905864, 0.6400189926226934, 0.6515431590378284, 0.4482274668912093, 0.7135449269786477, 0.7126826097567875, 0.625573281943798, 0.46535921792189283, 0.9207717070976893, 0.3337565060704947, 0.15661336155608296, 1.48885008841753, 0.6835761860013008, 0.6474778458476067, 0.6260817930102348, 0.4721737353752057, 0.1724387355148792, 0.5386352885514497, 0.8141280302777887, 0.43860849943012, 0.13380191554315388, 1.18254556953907, 1.2950105905532836, 0.4477519481132428, 0.15006945943459868, 1.495384547114372, 0.43460019677877426, 0.15759752281010153, 1.0360035105608403, 0.851878647878766, 0.8170206412672997, 0.7575386832157771, 0.44490685872733593, 0.8471971362829209, 0.6284769197305043, 0.6858844637870789, 0.5909755796194076, 0.6446638025343419, 0.6228769332170486, 0.6343512326478958, 0.5095265117784341, 0.25820487067103387, 0.7514053259044885, 0.45513775491466124, 0.46778751369565724, 0.49932613912969825, 0.8240497643748919, 0.4628641278793414, 0.17212390657514334, 0.5002300996333361, 1.3382885813713075, 0.8415841702371836, 0.7923362670466304, 0.1823892226442695, 0.4998738147318363, 0.5078925348818302, 0.573019958846271, 0.15521651953458787, 0.5402349960058928, 1.0160248011350632, 0.5718525972217321, 0.5533839002872507, 0.5671242695301771, 0.5145699958627422, 0.5920540234073997, 0.5397166116784017, 0.5604703800131877, 1.032794712483883, 0.14560267515480518, 1.0960977068170905, 0.5820749575893084, 1.0138518588617444, 1.5189149767160417, 1.5671867638826371, 0.6095568247760336, 1.0918597280979156, 0.6021238032728433, 1.4906599313020705, 0.14866844601929188, 0.6211932320147753, 1.5027976900339126, 0.5578878862783313]
2025-12-24 23:37:43 - feda2ls - INFO - loss data:
2025-12-24 23:37:43 - feda2ls - INFO - [0.44879536628723143, 0.7021292333801588, 0.4862882958725095, 0.8173513814806939, 0.6294874995946884, 0.7666676665345828, 0.6835013434290886, 0.4364786997437477, 0.4345457924840351, 0.6473411917608852, 1.7632444421450297, 0.25875379163771867, 0.6418571097000191, 0.7813148465938866, 0.6352939144242555, 0.442269204587986, 0.5587210442870856, 0.17412814805284144, 1.3134873345494271, 0.5140025004123647, 0.4669790155254305, 0.4229635688243434, 0.9963058580954869, 0.4797088831663132, 0.4306440195068717, 0.515381223615259, 0.5148068157956004, 0.4368908913806081, 0.17485336302779614, 0.15682953717187048, 1.4842497100432714, 0.521752879427125, 0.4853536142036319, 0.18200329379178584, 1.2277919173240661, 0.6327301010489463, 0.7142060943568747, 0.4562698085171481, 0.7275675658602268, 1.3800417155027391, 0.42534288009628657, 0.46080113416537644, 0.7931170873343945, 0.4541547052562237, 0.4700676877672474, 0.988802272081375, 0.5708496334652107, 0.5224380129482598, 0.7340809245904287, 0.5509765172377229, 0.4089573634788394, 0.20065383994951844, 0.1425295482156798, 0.7569808636792004, 0.8410242778249085, 0.45250068074092265, 0.4857332888059318, 0.5714817301680644, 0.7232607898302377, 0.1705573066137731, 0.134589166729711, 0.9397714180871845, 0.46161100883036854, 0.45684275906533, 0.1400865620467812, 1.2171636665860812, 0.6685720473527909, 0.677829128007094, 0.7520205081750949, 0.769986508289973, 0.6468197539448738, 0.5260773746296763, 0.7083898432552815, 0.5440207399427891, 0.5432477297261358, 0.4438934390898794, 0.6926906667649746, 0.6311702291170755, 0.5328617937862873, 0.4680137530590097, 1.403436829149723, 0.664663152396679, 0.6587763850887616, 0.630795519053936, 0.5680134878804286, 0.8260512863596281, 0.47142552826553585, 0.4728771020968755, 0.16367130167782307, 0.14844994279555976, 0.9281044229865074, 0.45268889623694125, 0.6729790672659874, 0.4237520500086248, 0.38956498713232574, 0.5499664035160094, 0.47519999885310726, 1.0150065585970878, 0.3248841885477305, 0.7149839861318469, 0.4571090287528932, 0.4777542380616069, 0.504499796545133, 0.4173998313955963, 0.5815130498725921, 1.599055348833402, 0.770651176571846, 0.5686407390981912, 0.7487347796559334, 0.49526702240109444, 0.4661952932054798, 0.4393845766782761, 0.3998936374671757, 0.4957339949595432, 1.17818759928147, 0.449803176894784, 0.4505032122756044, 0.4181812363676727, 0.750263799726963, 0.6396200465659301, 0.6519151307642459, 0.4481525457774599, 0.7136384015902877, 0.7122518926858902, 0.6253735999266307, 0.46487189022203285, 0.9216419930259387, 0.33301785551011565, 0.1561287003569305, 1.4895538985729218, 0.683112928767999, 0.6468360781669616, 0.6257879421114921, 0.471726639692982, 0.17166376803070305, 0.5385634761303664, 0.8137695856392384, 0.4380881243074934, 0.13339053923264146, 1.1822159331291913, 1.292779815196991, 0.44707274505247674, 0.14965804563835264, 1.4946951597929001, 0.43409342169761655, 0.15721234921365976, 1.0363535629585385, 0.8510160688310862, 0.8164163447916507, 0.7567923968036969, 0.4450239546597004, 0.846079409122467, 0.6280710806449255, 0.6860266372561454, 0.5909284889698029, 0.6444981142878532, 0.6227829985320568, 0.6338871255517006, 0.5091395589212577, 0.25699200890958307, 0.7524946574121714, 0.45499814189970494, 0.46736279018223287, 0.49905434641987084, 0.8234755376974742, 0.4623124420642853, 0.17141254805028439, 0.5001736359670758, 1.3394349098205567, 0.8404187265783548, 0.7903464406728745, 0.182102463953197, 0.4988205682486296, 0.5070383163169027, 0.5720519375056028, 0.15481515023857356, 0.5390360601246357, 1.0144722655415535, 0.5705054607242346, 0.5523623317480088, 0.5660700837150215, 0.5136724576974909, 0.5909332114582261, 0.5392891829833388, 0.5590464222555359, 1.0331888293226559, 0.14486600179225206, 1.0975281206890941, 0.5821827916428447, 1.015244579035789, 1.5207614481449128, 1.5695283278822898, 0.609050947551926, 1.0930837484076619, 0.6014721592267355, 1.4923078432679175, 0.14789346419274807, 0.6212703855708241, 1.5045458922783532, 0.5579491043463349]
