2025-12-23 18:52:18 - feda2ls - INFO - loss data:
2025-12-23 18:52:18 - feda2ls - INFO - [0.6153028013805548, 0.5867590689410767, 0.4190978458141814, 0.27249468249889713, 0.46595696794490016, 0.5677722539819245, 0.3654752503935015, 0.33526864498230446, 0.3698584466551741, 0.10780816110564047, 0.2613315149754253, 0.1863352070235974, 0.1349636964173383, 0.23331905988440363, 0.589481230232526, 0.11972398350480945, 0.3069051924790579, 0.24397651195758954, 0.20096117539699965, 0.24927420375170187, 0.507924816893557, 0.1832611201631759, 0.40868263800894056, 0.3041346586744545, 0.15811566919243586, 0.19526171943335424, 0.26668951495861015, 0.13044253103901915, 0.2119170525111258, 0.20188839739809433, 0.10836947183383422, 0.3210705273297869, 0.09046814765719723, 0.4187167764293274, 0.41152650455155204, 0.1158446374516643, 0.26919034764481087, 0.2878824835643172, 0.1397014487082035, 0.28332109842449427, 0.17543025562172812, 0.08726694699601337, 0.4779147118186721, 0.22577235855472583, 0.2027201584939446, 0.15955445313981426, 0.15871006048151426, 0.2055769345126233, 0.1560405309544876, 0.15907738338185784, 0.1761609262151813, 0.2297559414835026, 0.18262016453230992, 0.20918066833506932, 0.20581257438541137, 0.2588184944753136, 0.13805862775382896, 0.1424608479331558, 0.10456981857358995, 0.1819564924730609, 0.11864834872540087, 0.5509566954111286, 0.1935363189827296, 0.228857939876616, 0.2564305798150599, 0.23890107202371863, 0.16317317297813508, 0.10383875028055627, 0.20067281183853214, 0.1168213347167087, 0.23294929703936362, 0.1731497115847599, 0.20641838012601338, 0.144260167387741, 0.17853328444716798, 0.17516555589019925, 0.15013634590302696, 0.1395878897100273, 0.08422896097181365, 0.19194293580949306, 0.12625217660388444, 0.13527214819720634, 0.23865092348811837, 0.26817463763679067, 0.2278932889790407, 0.17038700740473967, 0.14233071532968702, 0.16039406685498156, 0.3731384946243847, 0.1477060394377784, 0.17530036627625425, 0.13420130099790792, 0.17153716330372154, 0.11327649833295833, 0.1607882280368358, 0.19006498420300583, 0.29614157951436937, 0.12850793056034793, 0.08911577198887244, 0.2536317774564283, 0.12378832880252351, 0.2865243579305353, 0.14995346658656167, 0.2647192384201017, 0.04439718739821627, 0.6152916865955507, 0.16874374848169585, 0.2820578663210784, 0.1080310233849256, 0.6310005057320902, 0.2229400647981536, 0.07760097072653782, 0.20304665070596253, 0.20984037285005408, 0.227512536945781, 0.12144090670404867, 0.2195432257505932, 0.21981064862172517, 0.18283027101175062, 0.19798512034452498, 0.09568661718013963, 0.24654048797533368, 0.18306038925823356, 0.2666341631141092, 0.2152078429829668, 0.11653666973870713, 0.5725046744426856, 0.20258484920486808, 0.17009433823440112, 0.38179827419420087, 0.20310082591392778, 0.216966890807574, 0.3302037285640836, 0.19510429992030065, 0.236184083644978, 0.1833801124244928, 0.1050185754804665, 0.4334483186930719, 0.12617910971942667, 0.35588778554875816, 0.2278267689345574, 0.1905211473337542, 0.26764323610501983, 0.17392127061417947, 0.16290387093969105, 0.17215695277748938, 0.2468095516630759, 0.117284441352328, 0.5534766114582973, 0.1958785467705506, 0.1540801138099697, 0.22401983747258783, 0.23846905274937552, 0.15912835141422138, 0.26250955928117037, 0.17547057781900677, 0.13520910317699114, 0.315820956012855, 0.19179655577648771, 0.16554214265197514, 0.18200518403734478, 0.18547918726690116, 0.15940667775393735, 0.23500713861236971, 0.19871508374415112, 0.27709824054247956, 0.2281038414088211, 0.19256368787988784, 0.2299347971804822, 0.2484414999994139, 0.20134463409582776, 0.22385695598398647, 0.33178624345196617, 0.24800181261856447, 0.2749702956483123, 0.21553554600582292, 0.19456702188278238, 0.1918113282157315, 0.19489341219887138, 0.14268327432995043, 0.22637966112233698, 0.3809700522571802, 0.2641909039579332, 0.32459712512791156, 0.16653088594142063, 0.23779930659414578, 0.20514123126243552, 0.2128955496519449, 0.21204256173223257, 0.2487781172884362, 0.15280970145120387, 0.23070092441824575, 0.19348349088492492, 0.2608171146052579, 0.13922325953220327, 0.14494135845748204, 0.18430245562589592, 0.2679966482108064, 0.11748794779802363, 0.12559634384233503]
2025-12-23 20:04:15 - feda2ls - INFO - loss data:
2025-12-23 20:04:15 - feda2ls - INFO - [0.387318305997178, 0.8270795319515925, 0.5581570399495271, 0.36513309068115496, 0.39388094083132114, 0.22116297056437123, 0.1999018851006339, 0.1556341585276338, 0.2773720810500284, 0.2775610601314559, 0.2917997708544135, 0.17625110727519944, 0.23397123225749683, 0.16129325029760366, 0.23213928733021022, 0.11777088634962975, 0.3202791580930352, 0.05471192404030052, 0.27300032048619216, 0.19459895604313948, 0.20145874747719902, 0.05006100369166773, 0.27181528805253596, 0.13922815025337817, 0.17059404872902284, 0.24896518886089325, 0.18568450771152784, 0.03790810406197259, 0.25633033415398154, 0.17766480054706335, 0.1823531020130031, 0.2509825493892034, 0.25217554066330194, 0.08320676976053129, 0.466801588157458, 0.10426613389726509, 0.63806362003088, 0.18182414853466017, 0.196701772513871, 0.20586602880309024, 0.1328949901273098, 0.2553941355086863, 0.15121882934774342, 0.20709546812547325, 0.1299313100675742, 0.08994937018416951, 0.21396875418468903, 0.24719066583861907, 0.16509937319740214, 0.1550652584170594, 0.05592686460741485, 0.024744560251215096, 0.4866602413977186, 0.21236372333593093, 0.19945834459116063, 0.11520175340615592, 0.2570681071141735, 0.33058185286819936, 0.2786982572371406, 0.19367831500721489, 0.13027716219592733, 0.1353719058058535, 0.1130893269131775, 0.4096433301958314, 0.19528373325864473, 0.0966011026641354, 0.0949405943379841, 0.13585987601196395, 0.291311050289207, 0.21541630559811548, 0.155435935480661, 0.09405208458580697, 0.20672595473006367, 0.1348663269737261, 0.1836789873118202, 0.11827627142736066, 0.024584274662527064, 0.210135015079895, 0.2107907854951918, 0.10786847166029753, 0.17781802105526323, 0.09505633440761206, 0.10343398261242188, 0.11369513967540115, 0.11186693251847128, 0.21782121360540774, 0.20956635865492418, 0.26366706152801356, 0.11842243748313715, 0.25551804949018153, 0.15444319184604738, 0.1961325238315532, 0.22151995915919542, 0.20404578355821568, 0.14485344582667145, 0.1381277100229636, 0.12930992932369312, 0.10289169745364538, 0.14288718999596314, 0.1727106378151056, 0.12794598241065008, 0.22431871889469523, 0.05044789663890355, 0.25930897363771993, 0.15514812459094593, 0.12506884733835855, 0.19263162751837323, 0.18638270523351352, 0.08518429313165446, 0.31922913007955583, 0.09006588189652412, 0.18095808086009363, 0.10099013905972243, 0.22756148696256182, 0.13391948474571108, 0.1835256760268329, 0.21911278013139962, 0.17240813647707304, 0.21274043110509713, 0.1901913069188595, 0.1646473343484104, 0.22854246503363052, 0.200247038195708, 0.1745819445580053, 0.18987816979532085, 0.1466690951026976, 0.20357107538729907, 0.1952578103894161, 0.1971627558929498, 0.17971651479601858, 0.18136116699435006, 0.09283694950789093, 0.1606804740581188, 0.22709716455294537, 0.14600951043554605, 0.18103630756959319, 0.2166307432577014, 0.22924209317295915, 0.2556989859373254, 0.17112061604857445, 0.18125250960572387, 0.1975711650784231, 0.2507923649872343, 0.18161611562646512, 0.15475180733483285, 0.18132699384974937, 0.1257569682241107, 0.1544157944774876, 0.13542859318116918, 0.1510410969757896, 0.20198365022531814, 0.14275431281063133, 0.19781873989850285, 0.13059894490172488, 0.1837627997944275, 0.15503110410645604, 0.20086101329903683, 0.15132186093057196, 0.12808411101879622, 0.1625652418161432, 0.25635989829022277, 0.19433872229247182, 0.14773218276910483, 0.18798186903819442, 0.13476659878969, 0.1530753664063433, 0.24030262563759697, 0.1752328105814134, 0.18668888170272113, 0.19591372642809382, 0.14795172903169362, 0.13548752830418592, 0.2245765646919608, 0.2336761783187588, 0.20542606874886488, 0.1566604751472672, 0.2253235658340984, 0.15916296734346772, 0.09610193408163334, 0.2338946598826389, 0.2252557610999793, 0.22290196466230472, 0.19220916817984765, 0.10572245504051722, 0.2873892954935039, 0.11762033350144824, 0.10954568674787879, 0.31455184798687696, 0.10059613841758282, 0.138421387411654, 0.3071515857648009, 0.33609406254612484, 0.15136214321479202, 0.17827836613481243, 0.1346120788332294, 0.20923616452285876, 0.2570289770555165, 0.29290336327006417, 0.1824660210762746, 0.21085618200401465]
2025-12-23 20:17:33 - feda2ls - INFO - loss data:
2025-12-23 20:17:33 - feda2ls - INFO - [0.6153028013805548, 0.5867590689410767, 0.4190978458141814, 0.27249468249889713, 0.46595696794490016, 0.5677722539819245, 0.3654752503935015, 0.33526864498230446, 0.3698584466551741, 0.10780816110564047, 0.2613315149754253, 0.1863352070235974, 0.1349636964173383, 0.23331905988440363, 0.589481230232526, 0.11972398350480945, 0.3069051924790579, 0.24397651195758954, 0.20096117539699965, 0.24927420375170187, 0.507924816893557, 0.18325766594110368, 0.4083836943065459, 0.3041880393420191, 0.157981195127488, 0.19522520094843848, 0.2662627690471709, 0.13020897800597594, 0.21140687350804604, 0.20136719948301712, 0.10826291722737046, 0.319635055673478, 0.09039657292822893, 0.42050269897556813, 0.4117927273457301, 0.11547526961003314, 0.2679832484262685, 0.2884270291632185, 0.13928895942452882, 0.282271983101964, 0.17321888811773423, 0.08634314118625341, 0.4797006135567641, 0.22566430596634746, 0.20204214270093612, 0.1595120067242533, 0.15845564999617637, 0.20284012092798503, 0.15507947506848724, 0.1568317800857282, 0.17298032549266334, 0.2284366469209393, 0.1810281309681252, 0.20596322019330482, 0.20380731813863595, 0.2555837470993754, 0.1370366140579184, 0.1404763318132609, 0.10462109250042381, 0.18129101121642938, 0.11664807385386666, 0.515524972484193, 0.20344279182276553, 0.22598505786930523, 0.25145243873287526, 0.2377350670257301, 0.16112614614315904, 0.10086662594888669, 0.20018973780596364, 0.11070031634299085, 0.2337129909497423, 0.16625149154828656, 0.20899215928049727, 0.1382909169352691, 0.17449929652578355, 0.17075981918190208, 0.14896887988369498, 0.13222130585151415, 0.08502258583030198, 0.18899061710884174, 0.12534097056147098, 0.13485763103235515, 0.23959828967538974, 0.26888270770820477, 0.2316506611449378, 0.16559558024517063, 0.14039235327606245, 0.14806821165297557, 0.37421375961628545, 0.14258188237694816, 0.172684957109726, 0.13103707703606537, 0.16996025605836795, 0.11204220766314503, 0.1569628335380306, 0.18118278270121663, 0.3028725243012349, 0.12487191449811993, 0.09057799375538403, 0.24059566205892807, 0.11869706437250392, 0.2776570747783851, 0.1478326932268424, 0.2614713771353391, 0.041824469918436885, 0.5885968238580972, 0.16638371829564375, 0.26921084217195, 0.11171352164819837, 0.5821444144980474, 0.21665486928873828, 0.07227085962852774, 0.21704279970532905, 0.2066318332794167, 0.23136239576463896, 0.11166954486231719, 0.21285415988504178, 0.21001904384632197, 0.175876988550382, 0.19083703737467145, 0.09088024484171044, 0.24662563336843793, 0.18022434614110916, 0.24990750310410345, 0.20533359819091856, 0.11144706665654666, 0.5621713437139988, 0.20141576455595595, 0.1730089007933257, 0.35237675853487516, 0.21667780229737135, 0.20812657236173335, 0.3046476776401202, 0.17984212042065337, 0.2533846467056058, 0.1792488242033869, 0.10297007459578, 0.41372273068385895, 0.12067875128705055, 0.3400429481588718, 0.2242121872365136, 0.18467443120928528, 0.26708816303871574, 0.16731181914607685, 0.15895021499858963, 0.16245388133684174, 0.24058836023323238, 0.11697797421806944, 0.560484294531246, 0.1926720119270488, 0.15334699635342178, 0.2134606806561351, 0.2321028483255456, 0.15462938524294823, 0.2563941525295377, 0.16580861768433974, 0.130976037781996, 0.298100319194297, 0.19218478646044704, 0.16148312992105882, 0.17326190834864974, 0.17751988119756182, 0.15524674521411083, 0.22214172677033478, 0.19347359721520635, 0.26342004377282024, 0.23093313169222146, 0.18035414980517495, 0.2181667002932861, 0.25105357867750255, 0.1943874896814426, 0.21413796714817485, 0.3276847456064489, 0.24808071103285662, 0.2727496145115722, 0.20546264602468373, 0.19234935968803862, 0.18530840795590647, 0.1880489185762902, 0.13736890592198406, 0.23393793278891178, 0.37712568597247204, 0.2580670519731939, 0.31573248732214176, 0.16484036590092077, 0.2284613188278551, 0.19897978063672783, 0.20069841085046175, 0.20612011249694562, 0.2326485992276243, 0.15303007897713944, 0.22452734322287143, 0.18967380196166536, 0.25287075384209556, 0.1367618742088477, 0.1386281519403888, 0.17898322729438187, 0.2679644700055095, 0.1141836025338206, 0.12112742268946022]
2025-12-23 20:18:33 - feda2ls - INFO - loss data:
2025-12-23 20:18:33 - feda2ls - INFO - [0.6153028013805548, 0.5867590689410767, 0.4190978458141814, 0.27249468249889713, 0.46595696794490016, 0.5677722539819245, 0.3654752503935015, 0.33526864498230446, 0.3698584466551741, 0.10780816110564047, 0.2613315149754253, 0.1863352070235974, 0.1349636964173383, 0.23331905988440363, 0.589481230232526, 0.11972398350480945, 0.3069051924790579, 0.24397651195758954, 0.20096117539699965, 0.24927420375170187, 0.507924816893557, 0.18325766594110368, 0.4083836943065459, 0.3041880393420191, 0.157981195127488, 0.19522520094843848, 0.2662627690471709, 0.13020897800597594, 0.21140687350804604, 0.20136719948301712, 0.10826291722737046, 0.319635055673478, 0.09039657292822893, 0.42050269897556813, 0.4117927273457301, 0.11547526961003314, 0.2679832484262685, 0.2884270291632185, 0.13928895942452882, 0.282271983101964, 0.17321888811773423, 0.0862970670313059, 0.47591014260378406, 0.22507783420927202, 0.20028895825325024, 0.15977876959368587, 0.1574247450368213, 0.20429867529772253, 0.15529516513536995, 0.1578446600663786, 0.1735884512562982, 0.22842008063259223, 0.18259005754206997, 0.2051735051314939, 0.20537784994071856, 0.25577072731795764, 0.1374981975958993, 0.1405905685465162, 0.10419711336855672, 0.18209704190958292, 0.11643438744407225, 0.517251025758345, 0.20111741427154767, 0.22562073146303496, 0.25429034758625285, 0.23823454544851275, 0.16093096669154383, 0.10119718108908272, 0.19913614500380522, 0.11059865743930762, 0.2333231942823682, 0.1661277813389181, 0.20630204079705955, 0.13980010131781456, 0.17455243031107276, 0.17063919659499283, 0.15035210638177685, 0.1345307903791157, 0.08416755264139889, 0.190298995282501, 0.1256256456118232, 0.13692147442876984, 0.23435210704337806, 0.2655940249639874, 0.22012982047384694, 0.16965758481881382, 0.14016480460049935, 0.14904601725930763, 0.35861466840648026, 0.13829926818046565, 0.17260785838469672, 0.13084429253746444, 0.16562918557208917, 0.1128692967944186, 0.15641915813709298, 0.17981550875119864, 0.30380107406885004, 0.125900944271901, 0.08490818457600349, 0.25458134909789276, 0.12080928336621986, 0.28016489865258337, 0.1455044057427181, 0.2576700299978256, 0.04087492620844084, 0.6209686906076968, 0.16606183340772984, 0.27065083876784357, 0.10899440080005054, 0.5933856327989788, 0.21627694033529787, 0.07175281329610798, 0.20198604439178275, 0.20680950894463984, 0.22702437249209845, 0.11176850090989665, 0.21169738813214714, 0.2161101175006479, 0.17666766923807917, 0.19240273527132395, 0.08688590366648333, 0.24409464183686808, 0.17779595287339317, 0.2480669820215553, 0.20952331349888648, 0.1116095996592776, 0.5642985351956807, 0.19221095802107208, 0.1703702267626244, 0.35631016393502557, 0.2257756991629404, 0.2079936330103212, 0.31216073005149764, 0.17551499005639926, 0.24133349193090742, 0.17788888653740287, 0.09655914942462307, 0.4510103907774795, 0.11895084356656298, 0.3606404430879694, 0.21581716820682315, 0.18612844534218312, 0.25178850709926337, 0.17543591177608406, 0.15839524683801248, 0.16528277263860217, 0.2372493116805951, 0.11272843928591376, 0.5628126451302142, 0.18821225662488872, 0.1444152387505811, 0.21925332297881445, 0.23123708325438203, 0.15228028434683524, 0.25758513575419784, 0.1642252177827888, 0.12841754072190573, 0.3090493216800193, 0.18366076367568565, 0.15834201855274538, 0.17151735170877405, 0.1766776073568811, 0.14976516769107695, 0.22197971544745895, 0.19317670799650705, 0.2682145777722877, 0.22588741221420822, 0.18183293916462434, 0.2203180903210663, 0.25401611018248577, 0.1922844158485532, 0.21762442123144865, 0.3324418874560959, 0.2437144428294039, 0.2659502396426563, 0.2045246494241441, 0.1838445287508269, 0.19053754169597395, 0.19079885189421475, 0.13012314217889476, 0.23889268287974927, 0.4021682471036911, 0.2609206918316583, 0.32739471790070335, 0.1605234000234841, 0.23377440481757125, 0.20074665985691054, 0.20421556295782683, 0.20483620537237987, 0.23468142601528336, 0.14946402953420246, 0.22659296551719307, 0.18727135254691044, 0.2532168357167393, 0.1306694806087762, 0.13777375515801682, 0.17759185524524324, 0.27058875889545586, 0.11068084276177817, 0.11673648377570015]
2025-12-23 21:02:55 - feda2ls - INFO - loss data:
2025-12-23 21:02:55 - feda2ls - INFO - [0.3373386091064839, 0.3843265571229744, 0.22215491598471998, 0.7553241935869058, 0.5572298218806584, 0.41202726910511656, 0.17932861686706364, 0.2085343500909706, 0.17759967863459286, 0.21370589873986318, 0.1197445124484754, 0.7738876552781562, 0.24059408941580582, 0.20445657759458602, 0.1878983049634068, 0.1038853838685013, 0.24691912648268044, 0.1045897367931459, 0.19132003176685733, 0.21423519380921976, 0.16228149076284587, 0.4988832731864282, 0.10941445726258237, 0.39774914026506003, 0.21293839697963468, 0.17149812040346052, 0.19831157828365187, 0.4671235292767867, 0.14162802125598925, 0.19301757416299856, 0.22654645362725623, 0.2708046115047875, 0.18910543774919852, 0.11665933250333183, 0.07110100759406729, 0.18054371580824646, 0.1330226618369731, 0.33665567369653693, 0.15671139693863334, 0.2490151528159485, 0.28762169138838845, 0.1508827204150813, 0.24654686064459383, 0.25301039989183965, 0.496411066626509, 0.23800183122511953, 0.16143536495455052, 0.23610653476789595, 0.18159513308141287, 0.1688730617868714, 0.11230817093552711, 0.3898298613791537, 0.26099113826057874, 0.13132664592315754, 0.22232719926419212, 0.2668342745862901, 0.23290991991922097, 0.23442579305877811, 0.1200625060320211, 0.24652132449349512, 0.15582899378302195, 0.15507897366478574, 0.1533727240083473, 0.14750768340946663, 0.17236871844506824, 0.27693901636327306, 0.22206795998804627, 0.2151415748987347, 0.17461872155157226, 0.39763030613233386, 0.3486693808808923, 0.1421390854825037, 0.7422491081768559, 0.17088716688255468, 0.1440281519627509, 0.40041599844116715, 0.2771255444735289, 0.14313477587352014, 0.19643091431464113, 0.17952722582655647, 0.308411675372294, 0.12932457830590594, 0.4909513965559502, 0.23834702495501883, 0.17164708046475424, 0.43294559329127275, 0.219373697211512, 0.20027742188540287, 0.21694585813436273, 0.3933281163849375, 0.1825603225453494, 0.0945508650659273, 0.4632532949204601, 0.2638222309361611, 0.14076419050494832, 0.18986293059479933, 0.6240363106752436, 0.17884257617184804, 0.1485775149970626, 0.1991849792189896, 0.14131417463447216, 0.27922650837295115, 0.1387871858024302, 0.1875698206325372, 0.15221794590664406, 0.07856399647924783, 0.4383019711362737, 0.3115129068028182, 0.42816707156598566, 0.1713873455659128, 0.36075813785816235, 0.30986411501154565, 0.3417189332734173, 0.3946690933349041, 0.1791036616739196, 0.22243918577099547, 0.22557947817573645, 0.23097683178881803, 0.17589795318143886, 0.4831925676645417, 0.1621783486589612, 0.20958523601543025, 0.16971011080926185, 0.2425596701602141, 0.13978675639179225, 0.15784279437114795, 0.3134918542578816, 0.3144479456412442, 0.15870871649877655, 0.13226698782798477, 0.3186838992679047, 0.19744593129227206, 0.4054816349719962, 0.1403090797830373, 0.25148885459690307, 0.2930448715530691, 0.18473339917642687, 0.21630939710885289, 0.11753295876301958, 0.09220219292560648, 0.3962634302529634, 0.2624887459512268, 0.22173401036610207, 0.2857803085042785, 0.14205177246282497, 0.2626246145981199, 0.25594115493198233, 0.21804782652289123, 0.2676622574372838, 0.10022863165164987, 0.3585218164759378, 0.43337107316280404, 0.1457521058236515, 0.19952954511557308, 0.19950795516903913, 0.20727640489410415, 0.14419123731991823, 0.18416753743021264, 0.445909683370874, 0.20660912041508017, 0.2892017951190826, 0.35710059776126096, 0.23005752308732447, 0.22145167803391813, 0.2519574507742244, 0.1664621655829251, 0.11064265987370163, 0.7063905117603448, 0.35455967088540397, 0.46606511498490966, 0.1633663579383317, 0.22155630922255415, 0.3779195985712466, 0.3456907542422414, 0.5971175596117974, 0.19251512671094181, 0.24931930783900066, 0.3763309070219596, 0.23607043243634207, 0.18432293363536398, 0.32518690042197707, 0.19272671140996472, 0.17904005601580833, 0.22054278009260694, 0.2470159153143565, 0.27056951103134985, 0.13913105086733898, 0.254062082720477, 0.5190902277827263, 0.3352645343888485, 0.530857263399022, 0.391471291705966, 0.4472741192759393, 0.3216872149362014, 0.3900320082548119, 0.348343866260811, 0.35264716229091086, 0.3059875572530123, 0.20415354603901503, 0.4062405199344669]
2025-12-23 21:12:56 - feda2ls - INFO - loss data:
2025-12-23 21:12:56 - feda2ls - INFO - [0.6153028013805548, 0.5867590689410767, 0.4190978458141814, 0.27249468249889713, 0.46595696794490016, 0.5677722539819245, 0.3654752503935015, 0.33526864498230446, 0.3698584466551741, 0.10780816110564047, 0.2613315149754253, 0.1863352070235974, 0.1349636964173383, 0.23331905988440363, 0.589481230232526, 0.11972398350480945, 0.3069051924790579, 0.24397651195758954, 0.20096117539699965, 0.24927420375170187, 0.507924816893557, 0.1832611201631759, 0.40868263800894056, 0.3041346586744545, 0.15811566919243586, 0.19526171943335424, 0.26668951495861015, 0.13044253103901915, 0.2119170525111258, 0.20188839739809433, 0.10836947183383422, 0.3210705273297869, 0.09046814765719723, 0.4187167764293274, 0.41152650455155204, 0.1158446374516643, 0.26919034764481087, 0.2878824835643172, 0.1397014487082035, 0.28332109842449427, 0.17543025562172812, 0.08726694699601337, 0.4779147118186721, 0.22577235855472583, 0.2027201584939446, 0.15955445313981426, 0.15871006048151426, 0.2055769345126233, 0.1560405309544876, 0.15907738338185784, 0.1761609262151813, 0.2297559414835026, 0.18262016453230992, 0.20918066833506932, 0.20581257438541137, 0.2588184944753136, 0.13805862775382896, 0.1424608479331558, 0.10456981857358995, 0.1819564924730609, 0.11864834872540087, 0.5493690516715022, 0.19440826514203635, 0.22864678331340352, 0.25680870888754725, 0.23900374017204298, 0.1625371244067374, 0.1036203224910423, 0.20041017555742568, 0.1164440397017946, 0.23245227329241924, 0.1720855880417248, 0.2066012882463087, 0.1435845392300204, 0.17848648259101751, 0.1756355693502413, 0.14984408637068958, 0.139029937183174, 0.08388406873079172, 0.19181773235710958, 0.12578442329880393, 0.13505508104378047, 0.23893817524852543, 0.2683437054976821, 0.22842853516340256, 0.17042217851955105, 0.14171575301661504, 0.1605746935191241, 0.37279626674776084, 0.14806642516373864, 0.17437959294646788, 0.13417295718876024, 0.17183362377275313, 0.1127430050266963, 0.1606321444036439, 0.18974350134376436, 0.29453918046783656, 0.1283092907067233, 0.0889009768401997, 0.25228090380501544, 0.1218837077030912, 0.28661692139382167, 0.14970307788915105, 0.26717097813856194, 0.04433897726186034, 0.6087248055929584, 0.16879328882011274, 0.28465161765260355, 0.10799486175916778, 0.6270491309520421, 0.22234998266434386, 0.07761722809648038, 0.2036454789935508, 0.20935941136752567, 0.22752686570483177, 0.12092453987515044, 0.21933000004584235, 0.21842755879541592, 0.18206991086758317, 0.19764244679528742, 0.0957862758884273, 0.2452736011903846, 0.18264249885853912, 0.26607175597122734, 0.215600852960382, 0.11642770991505434, 0.5705702320600932, 0.2029099746995295, 0.1703573133429569, 0.3821704022379385, 0.20435653411021287, 0.2162839086053686, 0.33000052484373255, 0.19399087038149848, 0.23688861101188444, 0.18364968448877333, 0.10570364974620235, 0.43064952634199705, 0.12610005315315598, 0.35431003403694683, 0.22773700576825914, 0.18967632425781816, 0.2687695044403275, 0.17352457684723455, 0.16249605796248134, 0.17154465588973833, 0.2464151228622844, 0.1170876057255858, 0.5533760164686967, 0.1953160404625675, 0.1543438799187748, 0.22276896685361863, 0.2380489708390087, 0.15804532538389876, 0.2639097636565566, 0.17503188185334678, 0.13459348528801152, 0.3146544261214634, 0.1914310029453852, 0.1652623975649476, 0.18145516774217998, 0.18430153392255305, 0.158595970582518, 0.2339365032191078, 0.19875872232245678, 0.27471465988536226, 0.23086129017395987, 0.1910027823898764, 0.2271140599766603, 0.25165189708103286, 0.2009519004262984, 0.22175647364929318, 0.33131328049219316, 0.24589536566513054, 0.27243764706488166, 0.214132237002158, 0.19223639015108346, 0.1912533401304649, 0.19534826629484692, 0.1396930382742236, 0.22969649383901722, 0.3893049770966172, 0.2626691655255854, 0.32585700498893855, 0.16513421050249003, 0.23694195783076186, 0.2048371124857416, 0.21261496200625385, 0.2115711286250088, 0.24832724939499584, 0.1531187244794435, 0.23176301357646784, 0.1941633167055746, 0.26056866288806, 0.1366702786181122, 0.14414100841219935, 0.18383853761701002, 0.26889208478458, 0.11653190565605959, 0.12335377960310628]
2025-12-23 21:13:45 - feda2ls - INFO - loss data:
2025-12-23 21:13:45 - feda2ls - INFO - [0.6153028013805548, 0.5867590689410767, 0.4190978458141814, 0.27249468249889713, 0.46595696794490016, 0.5677722539819245, 0.3654752503935015, 0.33526864498230446, 0.3698584466551741, 0.10780816110564047, 0.2613315149754253, 0.1863352070235974, 0.1349636964173383, 0.23331905988440363, 0.589481230232526, 0.11972398350480945, 0.3069051924790579, 0.24397651195758954, 0.20096117539699965, 0.24927420375170187, 0.507924816893557, 0.1832611201631759, 0.40868263800894056, 0.3041346586744545, 0.15811566919243586, 0.19526171943335424, 0.26668951495861015, 0.13044253103901915, 0.2119170525111258, 0.20188839739809433, 0.10836947183383422, 0.3210705273297869, 0.09046814765719723, 0.4187167764293274, 0.41152650455155204, 0.1158446374516643, 0.26919034764481087, 0.2878824835643172, 0.1397014487082035, 0.28332109842449427, 0.17543025562172812, 0.08726857282197756, 0.474767621840613, 0.22576098080414037, 0.20077058443178733, 0.15982861281372607, 0.15762162148686393, 0.20565966425448773, 0.15640654085824887, 0.15834506835284023, 0.17576769455406588, 0.22960054712990918, 0.18294554271568092, 0.20479990220205352, 0.20449885903772982, 0.25783202127509175, 0.13811979588742057, 0.1411612392247965, 0.1053061382819174, 0.18197310518783827, 0.11846668006134374, 0.5162636496084319, 0.20175343102864213, 0.2281933433065812, 0.2545827717653343, 0.23899962282880688, 0.16213442251289217, 0.10238631903969993, 0.20056107344128016, 0.11132742184757566, 0.233262468334765, 0.16806170186445785, 0.20760557541923066, 0.1406954246427631, 0.17718729261587096, 0.1730153087403748, 0.1510596180929699, 0.1355827900309426, 0.08308157326973742, 0.19194722063839437, 0.1262250991795251, 0.138482808447831, 0.23744580190395936, 0.266677903640084, 0.2257271014774839, 0.1699281439029922, 0.142115969707811, 0.15391583073724177, 0.3680381901265884, 0.14206482579724655, 0.1730272001455514, 0.1310205367738187, 0.1694167388004384, 0.11297574471470645, 0.15881323097273709, 0.18359782532788815, 0.30106271147871244, 0.12800711771997159, 0.08729498042440456, 0.2546113562794068, 0.11805775781006862, 0.28444099549115415, 0.14867721220685376, 0.2613709271800789, 0.04187029161807408, 0.6184513100555965, 0.16755489020918807, 0.2781313487461635, 0.1098238241839378, 0.6012058625787948, 0.22000828008832674, 0.07423909555460947, 0.21102938389586698, 0.21091733907704197, 0.22995677442205223, 0.11462464570788489, 0.21605317306793517, 0.21874316206334957, 0.1799252983005274, 0.19385318525063877, 0.09009651797962198, 0.24599289613860575, 0.18200865740045197, 0.25624261091330225, 0.2109079937323589, 0.11451232809340582, 0.5783518827878512, 0.19880783298285679, 0.17073339083034433, 0.36524253411011565, 0.22389261805537072, 0.20981208064282936, 0.31939599985877676, 0.18178267311692858, 0.24714412387799134, 0.1827515010566761, 0.10314874867391255, 0.4407120980698653, 0.12261793699969227, 0.3509545288359125, 0.22324550208974292, 0.1868050056211173, 0.2634767787531018, 0.1738895722509672, 0.16077187859142822, 0.16907089008018375, 0.24420411409810186, 0.11566690480968012, 0.5625943409323337, 0.19027270637174, 0.1491721337661147, 0.2195987291323642, 0.235480235160018, 0.156033024934697, 0.25970385782420635, 0.1696749162372379, 0.13127818347420545, 0.31022782033930224, 0.1885324330492453, 0.1614618363014112, 0.17556353199428748, 0.18082220071616273, 0.1562793184426905, 0.22733047273423937, 0.1975927142059487, 0.27229606422567454, 0.22994113782465103, 0.18467829321762397, 0.22311950428888966, 0.2552811723682239, 0.1994315106421709, 0.21070005887498458, 0.33419406683080727, 0.2432998114942827, 0.26957846714981964, 0.2100168703768689, 0.18940448919311165, 0.19130733247018525, 0.19455055249854925, 0.13609671319524447, 0.2328907173540857, 0.39653148464858534, 0.26246076480795943, 0.32956117478509744, 0.16335249279315273, 0.23504505307258416, 0.20307463137432932, 0.2084511018092079, 0.20681479857820603, 0.24336470543806044, 0.15071317217209274, 0.22998459638717275, 0.19098198250867426, 0.2581024205312133, 0.1332585352783402, 0.14218127798096883, 0.1817783913331195, 0.2713535891902266, 0.11336899619135592, 0.12136172996833922]
2025-12-23 21:16:53 - feda2ls - INFO - loss data:
2025-12-23 21:16:53 - feda2ls - INFO - [0.387318305997178, 0.8270795319515925, 0.5581570399495271, 0.36513309068115496, 0.39388094083132114, 0.22116297056437123, 0.1999018851006339, 0.1556341585276338, 0.2773720810500284, 0.2775610601314559, 0.2917997708544135, 0.17625110727519944, 0.23397123225749683, 0.16129325029760366, 0.23213928733021022, 0.11777088634962975, 0.3202791580930352, 0.05471192404030052, 0.27300032048619216, 0.19459895604313948, 0.20145874747719902, 0.0500636815975196, 0.2686336594896439, 0.13927853126234063, 0.16861266183456022, 0.2537798420167886, 0.18551124474272512, 0.03944557110513819, 0.2611072514134531, 0.17496412874509892, 0.18318285850534105, 0.25050593418379624, 0.2517437188575665, 0.08324073863774664, 0.4433423976546952, 0.11035468192961931, 0.5964913979172707, 0.1828515263459207, 0.19560363404452802, 0.2102602814634641, 0.13311827054441072, 0.2551538202135513, 0.1499172203054143, 0.20582356998123802, 0.12800318227770427, 0.0909447731049753, 0.2075083770076535, 0.24577786105995378, 0.16304967467234854, 0.15546117999463105, 0.05421003253664822, 0.02433246258054472, 0.4548029571771622, 0.2110886872244569, 0.19910420073817173, 0.11439526137875401, 0.24837935601826755, 0.3333923565223813, 0.2762246237520779, 0.1943818840510743, 0.12781261770772592, 0.13407264422314863, 0.11045528166068834, 0.46620583729220216, 0.193311862424016, 0.0980099792437007, 0.09283867853292678, 0.13480540541990194, 0.28207549531426696, 0.2154793994368187, 0.15145596997820215, 0.09520187091936047, 0.19880868069206675, 0.1359759003383159, 0.17993389453738928, 0.11555985077271341, 0.023814685669710376, 0.2167917690783657, 0.20516700679436325, 0.10492765070935442, 0.16906808239455598, 0.09053356888535846, 0.09981344722611352, 0.11021807521581649, 0.10123252196143977, 0.21700543873012065, 0.20371564550955287, 0.295609917387455, 0.1172513293620016, 0.25280007800434295, 0.15012844929325522, 0.19581127224060205, 0.22965876725860512, 0.20435997096893305, 0.13956858859970592, 0.13733662395738067, 0.12492770897729012, 0.10037056483794003, 0.1418800980163117, 0.1678010001898003, 0.12500007413667238, 0.22579971594913376, 0.041046861375667876, 0.2677123099565506, 0.14815288035270685, 0.1244804690591991, 0.1887280598515645, 0.18131431105236212, 0.0857791612079988, 0.37205837519011564, 0.08588261103897635, 0.1801295194404725, 0.09296537003014237, 0.24072287421052654, 0.12766606951442858, 0.18934178655513395, 0.2158024239250355, 0.16956857234472408, 0.20076557733118533, 0.19048988095795116, 0.16473859428660945, 0.22398227844387292, 0.19906238375808158, 0.1705525906947561, 0.1874693739061643, 0.1448262776248157, 0.19864383426805338, 0.1980945645314124, 0.18800933605410508, 0.17477028019105395, 0.17531862660096242, 0.09190031606909216, 0.1354341955041561, 0.2076503149047494, 0.13657821946574422, 0.17999494165802993, 0.20065266027425727, 0.26950675582306255, 0.21336955611539238, 0.1705820913426578, 0.172135177763252, 0.2048017859303703, 0.2373017170839012, 0.17896840169974085, 0.14743733851549526, 0.18082221029326317, 0.11208798085960249, 0.14950791765004395, 0.12596741763349528, 0.1482222469192213, 0.17998664685076585, 0.1495956383430614, 0.18732019864643612, 0.12132360521263505, 0.18035520490927576, 0.1525839678405856, 0.19181027070564383, 0.15058877668515952, 0.11350582898421972, 0.17033144620557625, 0.2559354959143342, 0.20228599698317273, 0.14785684872418642, 0.1832653503958136, 0.13308170018837046, 0.14818779681092845, 0.22574533295746033, 0.18079123023586968, 0.1848077687522506, 0.19778934445184393, 0.13836601837020782, 0.12962208808965836, 0.22517841258683266, 0.22508976437772313, 0.20409582749836974, 0.16125599298005303, 0.22239526092592213, 0.15218492771005804, 0.09094118263434481, 0.24760718396085218, 0.22660293738978604, 0.21993473821990936, 0.18847395600972786, 0.10207376713864505, 0.276915974682197, 0.11544995463142793, 0.10779041145152102, 0.31361189627399044, 0.09244732135492895, 0.1342115286178887, 0.314716386434455, 0.3427541222136754, 0.14724771102890372, 0.1715209195887049, 0.12900758463633705, 0.20578206920709746, 0.24995970092713832, 0.280329315426449, 0.18191031805382898, 0.20164369937653343]
2025-12-23 21:17:32 - feda2ls - INFO - loss data:
2025-12-23 21:17:32 - feda2ls - INFO - [0.387318305997178, 0.8270795319515925, 0.5581570399495271, 0.36513309068115496, 0.39388094083132114, 0.22116297056437123, 0.1999018851006339, 0.1556341585276338, 0.2773720810500284, 0.2775610601314559, 0.2917997708544135, 0.17625110727519944, 0.23397123225749683, 0.16129325029760366, 0.23213928733021022, 0.11777088634962975, 0.3202791580930352, 0.05471192404030052, 0.27300032048619216, 0.19459895604313948, 0.20145874747719902, 0.0500636815975196, 0.2686336594896439, 0.13927853126234063, 0.16861266183456022, 0.2537798420167886, 0.18551124474272512, 0.03944557110513819, 0.2611072514134531, 0.17496412874509892, 0.18318285850534105, 0.25050593418379624, 0.2517437188575665, 0.08324073863774664, 0.4433423976546952, 0.11035468192961931, 0.5964913979172707, 0.1828515263459207, 0.19560363404452802, 0.2102602814634641, 0.13311827054441072, 0.2550935182099541, 0.14936495784150558, 0.20563685115522298, 0.1260877806227654, 0.09123818470306341, 0.20222304742238545, 0.24924777848025162, 0.1627902325141408, 0.15534896443771454, 0.054169495775907614, 0.026644376666431695, 0.45073007711519797, 0.21196816442056726, 0.19901119445761045, 0.1140309041996564, 0.2445042442996055, 0.3328957346826792, 0.2773949250667578, 0.19739625373110287, 0.12804802298036147, 0.13638394318909075, 0.11064533916418441, 0.4769137290055773, 0.19397903710603714, 0.09816504672635346, 0.09246840705638062, 0.1347702463438812, 0.2808571067949136, 0.2156968258448788, 0.1503411743969915, 0.09493969513180976, 0.19807115584456672, 0.1360433288895702, 0.1793561450516184, 0.11538578491606233, 0.023549950935078043, 0.22037483883072534, 0.20620443765074015, 0.1051186620646219, 0.16761941625378451, 0.08965943830661234, 0.10034963162078595, 0.11262588588520885, 0.10043344412742256, 0.21907298202411485, 0.2026791763765847, 0.29810565040845954, 0.1169172042036035, 0.25380291722477505, 0.15108702005681526, 0.19554130125026672, 0.22861031844065738, 0.20228023817225432, 0.13967299540168965, 0.13751069915771952, 0.12505213806056417, 0.09997061663695302, 0.14120681770921995, 0.16837913538687505, 0.12377782075054711, 0.22515831632938768, 0.04108937669612077, 0.2671566964748005, 0.14726094546942758, 0.12475978347162406, 0.18739368238020687, 0.1815309400956791, 0.08818413514333467, 0.3768353295926419, 0.0862175795007109, 0.18171755414312848, 0.0920700077425378, 0.23958126731837787, 0.12736577309668062, 0.19165867724670815, 0.21184869745953216, 0.16561970508191734, 0.19186749296883743, 0.19111847455302874, 0.1631009679986164, 0.22881695882727704, 0.19777177011239389, 0.1696530062203797, 0.18627046102413997, 0.14327219156548382, 0.19767660001913706, 0.19606853672820662, 0.1855911850778304, 0.17077817401538292, 0.1730732211174491, 0.09114714054986298, 0.12805364218981524, 0.201937946622045, 0.13228040681659387, 0.179840131662786, 0.2039582448701064, 0.2865830198758178, 0.2026239879495081, 0.17119048840055862, 0.16709801063452867, 0.20788031839248206, 0.23624735297014315, 0.1774563994538039, 0.14537077370720605, 0.1779691297871371, 0.10779857141664251, 0.15036653843708336, 0.12216522856734885, 0.14714779745834394, 0.17635224019694662, 0.1547021442027285, 0.18444060239319998, 0.1180779337266094, 0.17730462042710338, 0.14952806933209872, 0.1908890566925573, 0.15015680223392944, 0.11014043382299996, 0.17077783414473136, 0.2562455925453677, 0.20694706870104979, 0.14724822183605285, 0.18246165605261921, 0.13275502934836997, 0.14722588404428022, 0.22081799139388097, 0.1801706679087753, 0.18398694523336256, 0.19778982984761778, 0.13652737885368643, 0.12607266654936122, 0.22575798884081916, 0.22581368464355667, 0.20377497934839792, 0.15956342983990907, 0.22115990278621517, 0.14906658058182573, 0.08760691721647701, 0.25129991957319403, 0.227900908254087, 0.22098859884322453, 0.18848362394076373, 0.10244731841919323, 0.27458254908329793, 0.11440398450940847, 0.10676567117373148, 0.3155732740958532, 0.09192902557896795, 0.13439132152401187, 0.31375075943099384, 0.34805232267826797, 0.14797615492716432, 0.17129180261554816, 0.12872587663358917, 0.20481128005310895, 0.24925623865177232, 0.2793448008596897, 0.1799379729737456, 0.20120292181770008]
2025-12-23 22:00:05 - feda2ls - INFO - loss data:
2025-12-23 22:00:05 - feda2ls - INFO - [0.3373386091064839, 0.3843265571229744, 0.22215491598471998, 0.7553241935869058, 0.5572298218806584, 0.41202726910511656, 0.17932861686706364, 0.2085343500909706, 0.17759967863459286, 0.21370589873986318, 0.1197445124484754, 0.7738876552781562, 0.24059408941580582, 0.20445657759458602, 0.1878983049634068, 0.1038853838685013, 0.24691912648268044, 0.1045897367931459, 0.19132003176685733, 0.21423519380921976, 0.16228149076284587, 0.4988682529046422, 0.10842979060696616, 0.4051591559507689, 0.213571779287475, 0.17323328691418283, 0.1956135982087636, 0.4725377682883006, 0.14130128815304488, 0.19754623151883216, 0.22683538456375785, 0.27110453950507296, 0.18945517222441377, 0.11625872662213321, 0.0690921426328714, 0.18079830028378127, 0.1322978255416577, 0.34249188592596175, 0.15413894423372335, 0.24594190112662082, 0.2835574437553684, 0.14634311279015882, 0.2492122808432517, 0.2523954201334467, 0.49419288747012613, 0.2417565202631522, 0.1594891647844287, 0.22675350996432825, 0.18198529847014025, 0.16931966160773299, 0.11328618522384204, 0.3783617212827916, 0.2546093265331971, 0.13271887539885938, 0.22288343794643878, 0.26973304177323976, 0.23025750643113158, 0.2373025356056659, 0.11759255320697169, 0.24562804804610688, 0.1550839306010554, 0.15611991044327928, 0.14392460922577552, 0.15049294099610833, 0.173044115335991, 0.2812672715013226, 0.21898012291196556, 0.21574515975080433, 0.17469883913096662, 0.39124133717268705, 0.34894673800205483, 0.14579020263525053, 0.7491183063636224, 0.167175271812614, 0.14305375335970894, 0.39228164543552946, 0.29317199235471586, 0.1471882222550145, 0.19105232511647047, 0.17993706800043582, 0.3217931006635938, 0.13275397806760988, 0.5018392825188736, 0.21353328929902438, 0.17070108666860812, 0.4270020407314102, 0.23508032990478667, 0.20804144305875524, 0.22712645634817774, 0.3848527940459737, 0.18579722759433281, 0.0973014400418227, 0.4905078775293771, 0.2767951825367553, 0.15087329235726168, 0.18861708660537954, 0.6243774538859725, 0.17739254711639313, 0.15139635261148215, 0.2017888071325918, 0.14107967161790544, 0.274413818440267, 0.1399403974848022, 0.1865829185183559, 0.15058509361309308, 0.07500799126490684, 0.46030435881173043, 0.3218073295429349, 0.3984856113791466, 0.1681115010371193, 0.3481962470182528, 0.29633666396451497, 0.342675262934617, 0.4017433383716987, 0.17488366080603251, 0.22245491614528728, 0.21743116438164747, 0.22673075953498484, 0.17138130260254478, 0.48234411515295506, 0.1652622768832814, 0.20547933471555424, 0.16890339195532234, 0.24190647882365046, 0.13797584574397964, 0.15704495048848913, 0.31275321362384906, 0.3180999202544198, 0.1581232407263347, 0.1295954686575191, 0.31767339747293516, 0.1955608478658611, 0.40854966851572194, 0.13948463906223574, 0.24637419782619885, 0.28979692715441896, 0.17813934078246046, 0.21301074872414272, 0.11564196477827084, 0.09125026453310918, 0.40407385900616644, 0.2340144955153976, 0.22510133391867082, 0.26534465203682583, 0.1502581223535041, 0.2572731116778171, 0.2556234775887181, 0.21278571324156864, 0.27238444300989306, 0.10073748359767098, 0.3737112996478875, 0.442534347375234, 0.15385140872205652, 0.19571139268754495, 0.19400252267895712, 0.20321219473088717, 0.14359932930263525, 0.1797082806715653, 0.445618155580901, 0.22879472255174604, 0.3085423674789213, 0.34594514306324226, 0.22975183811550046, 0.22228723792359234, 0.2581709726330112, 0.16294226992564897, 0.10793279495555907, 0.6785295564394731, 0.3472803828616937, 0.46752921417355536, 0.16159777547068455, 0.24286639934095244, 0.3697658966162375, 0.3321768794208765, 0.5626493100609098, 0.18303450675947325, 0.23559510226180247, 0.3639988224953413, 0.232617078255862, 0.1807560220671197, 0.3138234060878555, 0.1851629322926913, 0.172842304723426, 0.23806486699419716, 0.2585411490406841, 0.2590162919846196, 0.13923400531833371, 0.24379997257187608, 0.5239076316356659, 0.32391660961306146, 0.5501851189349378, 0.3863356944794456, 0.4334180524142889, 0.3290416469367651, 0.3810624164218704, 0.3346932880358682, 0.34900407778720066, 0.32170901734095353, 0.1975486183228592, 0.4050340809460197]
2025-12-23 22:02:00 - feda2ls - INFO - loss data:
2025-12-23 22:02:00 - feda2ls - INFO - [0.3373386091064839, 0.3843265571229744, 0.22215491598471998, 0.7553241935869058, 0.5572298218806584, 0.41202726910511656, 0.17932861686706364, 0.2085343500909706, 0.17759967863459286, 0.21370589873986318, 0.1197445124484754, 0.7738876552781562, 0.24059408941580582, 0.20445657759458602, 0.1878983049634068, 0.1038853838685013, 0.24691912648268044, 0.1045897367931459, 0.19132003176685733, 0.21423519380921976, 0.16228149076284587, 0.4988682529046422, 0.10842979060696616, 0.4051591559507689, 0.213571779287475, 0.17323328691418283, 0.1956135982087636, 0.4725377682883006, 0.14130128815304488, 0.19754623151883216, 0.22683538456375785, 0.27110453950507296, 0.18945517222441377, 0.11625872662213321, 0.0690921426328714, 0.18079830028378127, 0.1322978255416577, 0.34249188592596175, 0.15413894423372335, 0.24594190112662082, 0.2835574437553684, 0.14627378793167217, 0.24684165606740863, 0.24841157285651813, 0.4782507810120782, 0.2432789876620518, 0.1556534029900961, 0.22492885866668075, 0.18137942196574447, 0.17058305095803614, 0.1129108931325997, 0.3690286969160384, 0.24530381199438125, 0.13207844119363776, 0.2226368663978635, 0.27028524059181414, 0.22900572394604213, 0.23622778097265645, 0.11645824804581935, 0.24594834008905336, 0.15387056218460204, 0.15538922703126445, 0.1404160097507494, 0.15092725242443739, 0.17133211440523155, 0.2794197139640649, 0.2160708125680685, 0.21486585633829236, 0.17156281161199635, 0.38913967171193736, 0.34817808061180744, 0.1432352133769248, 0.7418199612448613, 0.16869735544906897, 0.14046339873069275, 0.3851398100610823, 0.2936372829756389, 0.14602354543760657, 0.18965834023630512, 0.18003719489400585, 0.3181880425129618, 0.13008493391264764, 0.4935635049400541, 0.21254766551616663, 0.16958228116078922, 0.4136579714094599, 0.23325637612147493, 0.20654173926838365, 0.22815612067874425, 0.3678063837216557, 0.19060000457371085, 0.09556641985351841, 0.48961101275913066, 0.27195070320296855, 0.14990678331149476, 0.18754056042387326, 0.622504054258267, 0.17556456974042314, 0.1520466704154387, 0.2018075669184327, 0.14036534496881814, 0.2678842560698589, 0.14228058402615607, 0.18428461157849857, 0.15225961883552372, 0.07553372948397216, 0.45934775942863015, 0.31849050590147576, 0.39318693956981104, 0.16749262427433562, 0.35292257353042567, 0.29096719683591454, 0.3482618845189877, 0.40965610054823065, 0.1778739397608054, 0.22143884364734678, 0.22017661696369933, 0.2251617154416939, 0.17259773145806753, 0.482427989867957, 0.16139409132301807, 0.20145951900381728, 0.16818916285737304, 0.2420382464481961, 0.1369759553403128, 0.15746445127685244, 0.3139885169609139, 0.3234918115331846, 0.15836488628937376, 0.1298687682149238, 0.33010650765497673, 0.1940749594265418, 0.4158422236641248, 0.13852642324442666, 0.24655244991715464, 0.29040223948125327, 0.1770812568332379, 0.21370039507746696, 0.11542754967064996, 0.08983517443862765, 0.3970878123287477, 0.2403477546891996, 0.22110775929565232, 0.27338280097271006, 0.1483810577985077, 0.26090145027644224, 0.25587192589106655, 0.21011657274111098, 0.26933911656960846, 0.10349151977182677, 0.36509675029665234, 0.45458643759290374, 0.15470667358243925, 0.19387866671064072, 0.1915190605047558, 0.20620502525646434, 0.14322593069142278, 0.1795276531151363, 0.4455219823689688, 0.2325709934479424, 0.3060990347926106, 0.34501297828586147, 0.22597349343602272, 0.2240509775777658, 0.26290264857165957, 0.16159252024566134, 0.10719993582461029, 0.6850350322058568, 0.3486538207624108, 0.4727830789983273, 0.15920293730701884, 0.23713505004222196, 0.3691522975984428, 0.3329225785409411, 0.5776361893330302, 0.18732205109036232, 0.23864199694802318, 0.37214194759726527, 0.23364413012750446, 0.1777677617035806, 0.3142223962272207, 0.18524764469780383, 0.17468224543013744, 0.23869466243001322, 0.25967645924538374, 0.25940031436128685, 0.1366966959554702, 0.24450197595925557, 0.5288771497351783, 0.3234020461540735, 0.5594375048364912, 0.3951201923812429, 0.43487334607557937, 0.3363767670324216, 0.38455645809216155, 0.33669482035606746, 0.3506696199377378, 0.3237782772630453, 0.19620622290919223, 0.4110392425209284]
2025-12-23 22:35:42 - feda2ls - INFO - loss data:
2025-12-23 22:35:42 - feda2ls - INFO - [0.387318305997178, 0.8270795319515925, 0.5581570399495271, 0.36513309068115496, 0.39388094083132114, 0.22116297056437123, 0.1999018851006339, 0.1556341585276338, 0.2773720810500284, 0.2775610601314559, 0.2917997708544135, 0.17625110727519944, 0.23397123225749683, 0.16129325029760366, 0.23213928733021022, 0.11777088634962975, 0.3202791580930352, 0.05471192404030052, 0.27300032048619216, 0.19459895604313948, 0.20145874747719902, 0.05006100369166773, 0.27181528805253596, 0.13922815025337817, 0.17059404872902284, 0.24896518886089325, 0.18568450771152784, 0.03790810406197259, 0.25633033415398154, 0.17766480054706335, 0.1823531020130031, 0.2509825493892034, 0.25217554066330194, 0.08320676976053129, 0.466801588157458, 0.10426613389726509, 0.63806362003088, 0.18182414853466017, 0.196701772513871, 0.20586602880309024, 0.1328949901273098, 0.2553941355086863, 0.15121882934774342, 0.20709546812547325, 0.1299313100675742, 0.08994937018416951, 0.21396875418468903, 0.24719066583861907, 0.16509937319740214, 0.1550652584170594, 0.05592686460741485, 0.024744560251215096, 0.4866602413977186, 0.21236372333593093, 0.19945834459116063, 0.11520175340615592, 0.2570681071141735, 0.33058185286819936, 0.2786982572371406, 0.19367831500721489, 0.13027716219592733, 0.13528792853932828, 0.11189919496770016, 0.4541134196554291, 0.19787100645403066, 0.09705307957095405, 0.09455975324327247, 0.1349257638924367, 0.2859353085772859, 0.21595152567273804, 0.1545569927396425, 0.09388587342885633, 0.20379752760442593, 0.13558664341824758, 0.18338697255899508, 0.1182336803515985, 0.023963745791255927, 0.21974366572540022, 0.2108368924508492, 0.10789730093193402, 0.17208058720526215, 0.09322109010040382, 0.1023498314179074, 0.11396388528402895, 0.10766016308564128, 0.22058756770566107, 0.20791473408804878, 0.28248570394657907, 0.11936231717341939, 0.25684310459970117, 0.15358708586963807, 0.19708264970865386, 0.22772317028676087, 0.20591179936085469, 0.14309684127115477, 0.1369454939769154, 0.12796361594732542, 0.10191370588882516, 0.14288896087091416, 0.17122462096695718, 0.12669966954514772, 0.22531478167511523, 0.04663961381292265, 0.26888061851883927, 0.15245174990895277, 0.12649558003370961, 0.19195724963210523, 0.18625942151754712, 0.08657368131292362, 0.3464349619216389, 0.08828873051348543, 0.18248540674789976, 0.09701023161876947, 0.23519459078088406, 0.1321604383814459, 0.18940802035518944, 0.21585601936611865, 0.17090855142256867, 0.21084138229489327, 0.19101778483018278, 0.1638704665393258, 0.22946466983606417, 0.20110915024942233, 0.1740782031741662, 0.1895354481946145, 0.14537720031415424, 0.20373038873076438, 0.19399123817889227, 0.19429790191761742, 0.17705263445774713, 0.18030208792203128, 0.09346373287172845, 0.14754374458628333, 0.22125077134714677, 0.1410654995396423, 0.18203199581863977, 0.2123029524460435, 0.24785989388409585, 0.2370472259216887, 0.17273408453911543, 0.1768171372166013, 0.20399668569055696, 0.25106151825437945, 0.18842930167965177, 0.15349623485623548, 0.18026240534769994, 0.12054447141320755, 0.15382697065360845, 0.13137743159985313, 0.15266421957494458, 0.1927475683942989, 0.14799464897682463, 0.19384065947184959, 0.12757987416604072, 0.18109353384934365, 0.15515904135715503, 0.19836617752398344, 0.15395707145195314, 0.12514751357440318, 0.16569173481936256, 0.2584683082631638, 0.19680393878715458, 0.14860841560798388, 0.1869340609262387, 0.13495944294457635, 0.15036113635302545, 0.2368393883204613, 0.17751901384132604, 0.1891133779922829, 0.19713803766390833, 0.14417246485956842, 0.1314456936428506, 0.22762479212564918, 0.2332950718080004, 0.20688446837787827, 0.15958842150866986, 0.2240065406097306, 0.15553942985613556, 0.09387321226057355, 0.24174243467859924, 0.22838235536279777, 0.22289173876696883, 0.19277363470090286, 0.10499251190641964, 0.2834439867264813, 0.1161215092986822, 0.10860512297290068, 0.31548104491084816, 0.09748745013925213, 0.13881197305948095, 0.30883525460958483, 0.34297862503773124, 0.15295604795217513, 0.17680605445988476, 0.13485184597107125, 0.2083131999980945, 0.255259066944321, 0.29258640619615717, 0.18292472909133023, 0.2058414727759858]
2025-12-23 22:38:04 - feda2ls - INFO - loss data:
2025-12-23 22:38:04 - feda2ls - INFO - [0.387318305997178, 0.8270795319515925, 0.5581570399495271, 0.36513309068115496, 0.39388094083132114, 0.22116297056437123, 0.1999018851006339, 0.1556341585276338, 0.2773720810500284, 0.2775610601314559, 0.2917997708544135, 0.17625110727519944, 0.23397123225749683, 0.16129325029760366, 0.23213928733021022, 0.11777088634962975, 0.3202791580930352, 0.05471192404030052, 0.27300032048619216, 0.19459895604313948, 0.20145874747719902, 0.05006100369166773, 0.27181528805253596, 0.13922815025337817, 0.17059404872902284, 0.24896518886089325, 0.18568450771152784, 0.03790810406197259, 0.25633033415398154, 0.17766480054706335, 0.1823531020130031, 0.2509825493892034, 0.25217554066330194, 0.08320676976053129, 0.466801588157458, 0.10426613389726509, 0.63806362003088, 0.18182414853466017, 0.196701772513871, 0.20586602880309024, 0.1328949901273098, 0.25534650284486515, 0.15049191592951064, 0.20664989475925, 0.1286308346160998, 0.09023280633921751, 0.20870459331706978, 0.2491916717713078, 0.16449475351501913, 0.15477825647229146, 0.05566613768499034, 0.025365842265697817, 0.47603239522626006, 0.2125409193838445, 0.19843820755680402, 0.11536604673617856, 0.2522667463946467, 0.3276482543349266, 0.2793538536551216, 0.19353104436940602, 0.12904965430003731, 0.13514859990915284, 0.11269450442225207, 0.464195502471638, 0.1978213569770257, 0.09695754405111075, 0.09355896591032097, 0.1348566898647308, 0.2827393578986327, 0.21642758229836112, 0.15377360285150216, 0.0935351556322227, 0.2017383061271782, 0.13593712461038698, 0.18257013426472743, 0.11719204149448262, 0.023688834005787848, 0.22271410098196442, 0.20974512801816064, 0.10703608296171296, 0.17033261528405813, 0.09244947316388048, 0.1018317527537688, 0.11396804023999721, 0.10484255811556628, 0.2210780301417869, 0.20663033296381506, 0.2902808778431444, 0.11830215588174274, 0.2565693556111963, 0.15296944475267082, 0.19723932480630585, 0.22836533679555243, 0.2031612382807697, 0.1422970129093394, 0.13753313788959834, 0.12724034494526373, 0.10158475348919942, 0.14242681819790354, 0.17058940432870234, 0.1248735360505331, 0.22563891426793165, 0.043983667242735676, 0.2722206981231769, 0.15099685961523882, 0.12628471177692213, 0.1912658885975058, 0.18551117018677105, 0.08662198108310501, 0.3617098181301521, 0.08762352969061818, 0.18180864018459733, 0.09536897892054791, 0.23801852132504184, 0.13170176414307205, 0.1907501477906361, 0.2151091873852743, 0.17272837275328734, 0.20410127273450296, 0.1907153321430087, 0.1645859810290858, 0.22833228036761283, 0.20057886452857582, 0.17257434281353384, 0.1881727596634023, 0.14489391908670465, 0.2015563922623793, 0.19569314542329974, 0.18969783382260003, 0.17495680215458076, 0.17695117243446218, 0.09277143898596897, 0.13519911273341187, 0.212580885817655, 0.13643192119854622, 0.18019003788940607, 0.20988215785473585, 0.2716830520890653, 0.2167806100549505, 0.1734160327663024, 0.1706924045248432, 0.20758595544741387, 0.2448442416265607, 0.18631961949894, 0.15034133053850382, 0.18036779980175197, 0.11287536120818306, 0.153431521418194, 0.1276922200925839, 0.15052458658409215, 0.18522852503315168, 0.15223978640845953, 0.1893636455759406, 0.12306287912373295, 0.18004786560120872, 0.15404901148464817, 0.19585676566953314, 0.1527190269471181, 0.11749447825088821, 0.17058540399496755, 0.2590323849939383, 0.2052522170253926, 0.147833662663276, 0.18623465904965997, 0.1337045532496025, 0.1495320498549308, 0.22899155949648375, 0.18016372414616247, 0.18805136723663002, 0.19918664598789734, 0.1393092404740552, 0.1276382831418339, 0.22954643019833243, 0.23168376050889494, 0.20741337271821167, 0.1598264927044511, 0.2254619108968311, 0.1521978046580711, 0.09112300597545173, 0.2505122425416021, 0.2299962871397535, 0.22205385658757343, 0.19214940338085096, 0.10468875831889884, 0.28502450035589316, 0.1159203868980209, 0.1079716242539386, 0.3165310615673661, 0.09516422873086952, 0.136913930779254, 0.31513987601472015, 0.3450010613992046, 0.15148676469922068, 0.17484698771809537, 0.13178518067168837, 0.2091378214267584, 0.2571913623664942, 0.28974010329693556, 0.18190437809635812, 0.20606916757921379]
2025-12-23 23:03:03 - feda2ls - INFO - loss data:
2025-12-23 23:03:03 - feda2ls - INFO - [0.3373386091064839, 0.3843265571229744, 0.22215491598471998, 0.7553241935869058, 0.5572298218806584, 0.41202726910511656, 0.17932861686706364, 0.2085343500909706, 0.17759967863459286, 0.21370589873986318, 0.1197445124484754, 0.7738876552781562, 0.24059408941580582, 0.20445657759458602, 0.1878983049634068, 0.1038853838685013, 0.24691912648268044, 0.1045897367931459, 0.19132003176685733, 0.21423519380921976, 0.16228149076284587, 0.4988832731864282, 0.10941445726258237, 0.39774914026506003, 0.21293839697963468, 0.17149812040346052, 0.19831157828365187, 0.4671235292767867, 0.14162802125598925, 0.19301757416299856, 0.22654645362725623, 0.2708046115047875, 0.18910543774919852, 0.11665933250333183, 0.07110100759406729, 0.18054371580824646, 0.1330226618369731, 0.33665567369653693, 0.15671139693863334, 0.2490151528159485, 0.28762169138838845, 0.1508827204150813, 0.24654686064459383, 0.25301039989183965, 0.496411066626509, 0.23800183122511953, 0.16143536495455052, 0.23610653476789595, 0.18159513308141287, 0.1688730617868714, 0.11230817093552711, 0.3898298613791537, 0.26099113826057874, 0.13132664592315754, 0.22232719926419212, 0.2668342745862901, 0.23290991991922097, 0.23442579305877811, 0.1200625060320211, 0.24652132449349512, 0.15582899378302195, 0.15508039017634778, 0.15185839662860545, 0.14808207663396994, 0.17209403731200534, 0.2762876329322656, 0.22006493496841617, 0.21497123576700689, 0.17396924713005624, 0.39501394710519855, 0.3483316607444602, 0.14199045393309606, 0.739095897218656, 0.17167654711050553, 0.14382708545502587, 0.398194145069768, 0.2768842104667177, 0.14350697467658285, 0.19608763623650052, 0.17972482581002017, 0.30873752332159454, 0.1272768895349665, 0.4828394091377656, 0.24871037033080756, 0.16937842653132976, 0.4302196207456291, 0.218847194326525, 0.20314471015590244, 0.21652962793864738, 0.3930367349232195, 0.1815954511310571, 0.09235574517709513, 0.45294845313099874, 0.26000861342818965, 0.13952155743858644, 0.1907261627656962, 0.6161517474179466, 0.17835199416038536, 0.14678896684587622, 0.1977525477918486, 0.13931543130619, 0.2831316357389802, 0.13757435273598495, 0.1862690237106844, 0.1521317434962839, 0.0775656223258314, 0.4280983492713667, 0.3207165232549111, 0.427362780024608, 0.17242525645937676, 0.3561673348769545, 0.3079465750211273, 0.33797056234020384, 0.39517121561444724, 0.17964825709738458, 0.22455787554967638, 0.2201814340581571, 0.22948445376629628, 0.1777009860479406, 0.47111764814900725, 0.16046178228266184, 0.20842336397618055, 0.1686386963401578, 0.2413989863668879, 0.1371880741401886, 0.15740649446379393, 0.31096927891485393, 0.3125426479998757, 0.15698234624717208, 0.13202280189818508, 0.3124521603951087, 0.19628965799208908, 0.40623543510834376, 0.13846544255502524, 0.24789306262487565, 0.28813597962615034, 0.18193500069513296, 0.21482291234036288, 0.1148028267738742, 0.09075097891080186, 0.38922575235951185, 0.2668573935383132, 0.21737368122364084, 0.2934157996128003, 0.13998012621665284, 0.2610476077428905, 0.2503122377054145, 0.2166441484263405, 0.26286082519218323, 0.09722856730222702, 0.35859432239085437, 0.4327916368531684, 0.14052157833883983, 0.19780625016206788, 0.198391075689523, 0.205558154689916, 0.14345427961727858, 0.1832938874849961, 0.4368526324097599, 0.20804706756912528, 0.2796901695518976, 0.35603754406329247, 0.22976115144168338, 0.21990845450200142, 0.2534445579547216, 0.16514182998798788, 0.1096170293710505, 0.7121362117047494, 0.35370716244603195, 0.4631644293665886, 0.163870740433534, 0.22219162785137692, 0.37207579641558586, 0.3437736002107461, 0.5864713568772588, 0.19177002081606576, 0.24805657322017047, 0.3697773472716411, 0.23101531506205597, 0.18407254917547106, 0.3213827912695706, 0.19016993646288202, 0.17743627660952155, 0.2216701655803869, 0.24954255307869366, 0.2676840070921641, 0.1381639875549202, 0.2513519976554172, 0.5185435180153166, 0.3324623251611596, 0.535822719335556, 0.3917336463307341, 0.4412394551621689, 0.3207698531735402, 0.3848262654706126, 0.3387358086361062, 0.3490093959495425, 0.3024268720585566, 0.20286691936974724, 0.40269013441034723]
2025-12-23 23:04:52 - feda2ls - INFO - loss data:
2025-12-23 23:04:52 - feda2ls - INFO - [0.3373386091064839, 0.3843265571229744, 0.22215491598471998, 0.7553241935869058, 0.5572298218806584, 0.41202726910511656, 0.17932861686706364, 0.2085343500909706, 0.17759967863459286, 0.21370589873986318, 0.1197445124484754, 0.7738876552781562, 0.24059408941580582, 0.20445657759458602, 0.1878983049634068, 0.1038853838685013, 0.24691912648268044, 0.1045897367931459, 0.19132003176685733, 0.21423519380921976, 0.16228149076284587, 0.4988832731864282, 0.10941445726258237, 0.39774914026506003, 0.21293839697963468, 0.17149812040346052, 0.19831157828365187, 0.4671235292767867, 0.14162802125598925, 0.19301757416299856, 0.22654645362725623, 0.2708046115047875, 0.18910543774919852, 0.11665933250333183, 0.07110100759406729, 0.18054371580824646, 0.1330226618369731, 0.33665567369653693, 0.15671139693863334, 0.2490151528159485, 0.28762169138838845, 0.15075306581067188, 0.2469117595193287, 0.25245036753282574, 0.49468724336475134, 0.239219712864724, 0.1609921447977069, 0.23525225947766254, 0.18174432411921235, 0.1686049929742391, 0.11202479359538604, 0.38788067036782325, 0.2591228992137725, 0.13127758691553026, 0.22197688137381977, 0.265397141315043, 0.23318396430912908, 0.2341483477993231, 0.11970916396045747, 0.24573468649059646, 0.15577117538390062, 0.15520095816949225, 0.15102806600875088, 0.14837097200077204, 0.17168619795508372, 0.27533941433454556, 0.2206322139528181, 0.2150043941879024, 0.17366090830570707, 0.39348969973721787, 0.34617949184030294, 0.14088177484411157, 0.7373434156622916, 0.17195626319908913, 0.14348176186322234, 0.397243243874982, 0.27880957449475924, 0.14281557854150842, 0.19445907603284077, 0.17932045115157963, 0.3091255139027323, 0.1279130320555331, 0.4788079088476176, 0.24672674024559296, 0.16693392632684362, 0.42262866217643025, 0.21787805631443735, 0.20253870101684396, 0.2154186283841204, 0.38756639454044217, 0.18156702348257964, 0.0917837848033135, 0.4591474293420712, 0.26236628733930134, 0.13820924251118588, 0.1873838549041899, 0.6241521950190266, 0.17955155868438027, 0.14707768802763893, 0.19693708280101418, 0.1385253599779517, 0.281634566276556, 0.13849077839054225, 0.18699415809075748, 0.15121988103880235, 0.0769826525606082, 0.43090536619695885, 0.3105237437412143, 0.42755966012676555, 0.17493425342373742, 0.35464890029591817, 0.31020802302962347, 0.34038074229777393, 0.39914710733752984, 0.18452793426889308, 0.22241012187418985, 0.22042498360142898, 0.23068532592927415, 0.18054287339216984, 0.4588244441700609, 0.16001215146721473, 0.2088488622269194, 0.16676255917470706, 0.24210909222740504, 0.13689764154163034, 0.1589281714366128, 0.3102741680496062, 0.312778623555513, 0.15675048191721241, 0.13039134670028082, 0.31375528310957224, 0.19684803806733164, 0.39882293641567235, 0.13929711203090844, 0.24723377737861413, 0.28914776378799056, 0.18174336931357782, 0.21587805083642403, 0.11521371149657561, 0.09111069724588704, 0.38958061184076703, 0.2657622031069228, 0.21573852319270373, 0.2913553345638017, 0.14214630390827854, 0.2629084889755934, 0.24916028537166615, 0.21684670024656488, 0.263191484225293, 0.09891085667380442, 0.3492916683355967, 0.44376528343806665, 0.1424403631460986, 0.1960569850080425, 0.19760563805965442, 0.20496827357105518, 0.14344747000026936, 0.18143798465884867, 0.4382624400336118, 0.20804372700374751, 0.2798342647829226, 0.35469867784219483, 0.22636831132512464, 0.22215124893312654, 0.2532365762573831, 0.16414058626008532, 0.10995629737929752, 0.7101095052292714, 0.3510958737383286, 0.46944909542798996, 0.16216361724278505, 0.21972771184518933, 0.37030256510756554, 0.3422171710679929, 0.5931414426437446, 0.19114848327799103, 0.2468283358936059, 0.3734219878911972, 0.23263087593950332, 0.18158323153232536, 0.31964336543654404, 0.18933036371710754, 0.17806885782296636, 0.21840964386550088, 0.24473040918043504, 0.26559127810745475, 0.1365171725008016, 0.2500347421371511, 0.5231512023934296, 0.32950747099688704, 0.5327573849686554, 0.39346868482728803, 0.44024949312046335, 0.32053422569655454, 0.38512692065643417, 0.3430394390864031, 0.34994061967978873, 0.30277638810758406, 0.20245218180740873, 0.40013816580176353]
2025-12-24 15:15:02 - feda2ls - INFO - loss data:
2025-12-24 15:15:02 - feda2ls - INFO - [0.613668039192756, 0.6063818033784628, 0.4357498350242774, 0.28396784979850054, 0.5025149253197014, 0.5904333555294822, 0.4616252532481061, 0.48408118461381, 0.5462718859314919, 0.27764282315296845, 0.655437534811408, 0.273539696662844, 0.23137623553055447, 0.5330075589457314, 1.0014151926462849, 0.14294286642689258, 0.39070724545551155, 0.27300053475967917, 0.21936367649565605, 0.2851657577065958, 0.5374851298446839, 0.16576183657707588, 0.6239137086197767, 0.3652480743800489, 0.18360651969495748, 0.21481265898771762, 0.361774057832857, 0.16041547267353357, 0.246557420771569, 0.23028989688803753, 0.13935260078223008, 0.46061585284769535, 0.11571377688475575, 0.5085745480598298, 0.3826574623558877, 0.1343511098146943, 0.30968225804002336, 0.2887503466067406, 0.15584901717310357, 0.35036212857812643, 0.20502018889581616, 0.0812829401865158, 0.4344866166703212, 0.2284865857878079, 0.2036974730768374, 0.17476165141755096, 0.1446206503281636, 0.22842987419091282, 0.1537096631868432, 0.17815486996551044, 0.19875539188470803, 0.23819712459420161, 0.21342314798146103, 0.2089062086729841, 0.24683330773206597, 0.26850800328400165, 0.14765393771231175, 0.1622979489620775, 0.11336507288118203, 0.18687555774425466, 0.13624132078427162, 0.5982252120209688, 0.2255464767771108, 0.2510788263442616, 0.28735121226470384, 0.23774198807888863, 0.175251838299804, 0.12287948717033337, 0.23236689448600545, 0.12052168030447016, 0.2545165913227277, 0.195786289148367, 0.21058555112205563, 0.14042559376296898, 0.24464109402101536, 0.20745637638310155, 0.17425786939371998, 0.1436954968401955, 0.09621424552460667, 0.2090376579357932, 0.150733422281337, 0.1517927888548002, 0.27116083371220157, 0.3468016267288476, 0.22822214781661473, 0.21497599705207077, 0.16366370448376982, 0.1507848268410372, 0.3628105426200129, 0.1566964046835589, 0.1952548586906722, 0.14473065833299187, 0.19096259292037715, 0.125122739291383, 0.18414330833281078, 0.21156358720424273, 0.26290850463108373, 0.13642635628251204, 0.11632389138038789, 0.24775053830578542, 0.16114841546449396, 0.31857962465978096, 0.17102207463855545, 0.2554565403102474, 0.04145299387811166, 0.7102823495598776, 0.19424068795827526, 0.2889055013656616, 0.11329285777367962, 0.7116114474818901, 0.2599858898447738, 0.08257923087415596, 0.2548161707740898, 0.2451273498879302, 0.23024084775454617, 0.1448798060716529, 0.251038515825002, 0.2525884661424373, 0.19835730972699822, 0.21981342237633772, 0.11058151846740483, 0.28588292413024285, 0.20751077448949218, 0.3083011600455003, 0.28509511454665865, 0.12043836993980221, 0.5749128000954022, 0.2015257391302536, 0.19569875133703604, 0.3860518096221818, 0.1780834900723262, 0.2517889282769627, 0.3222836554671327, 0.19920770150040173, 0.25225204310845584, 0.19725608327426014, 0.10805595801729295, 0.5103441940789872, 0.15130628646972277, 0.36682080853109555, 0.23707377258688211, 0.21631099433423234, 0.25959589813525474, 0.1989915062337079, 0.16646660406452912, 0.19779248599273463, 0.31837944619668024, 0.13521106202247074, 0.6103904587881905, 0.21591977753604835, 0.17790933446958662, 0.2487864565725128, 0.2905896546940009, 0.1924302490161998, 0.27706059301272035, 0.19667895871495444, 0.15122499430241684, 0.3504811947544416, 0.20545400882309134, 0.19100649431347846, 0.2071260519192687, 0.20899247182533146, 0.163888326526215, 0.22981277915338677, 0.21939202376119227, 0.312349039101691, 0.2551190989579828, 0.2179636804475671, 0.26302440406945654, 0.2504316015818128, 0.22571982129787405, 0.25444313505043586, 0.3195341762362255, 0.2705577197908, 0.30999104914122394, 0.24748624307461659, 0.2162618659126262, 0.22646063081920148, 0.21974389071886738, 0.15519993623925582, 0.25330105821809007, 0.40797303784638644, 0.2632044749955336, 0.33701869822107255, 0.18885515625230392, 0.2543951211652408, 0.22765303310006857, 0.2230675205677038, 0.2378470240574744, 0.28600525742928895, 0.17173984644727575, 0.2536352588174244, 0.2592841212172061, 0.2680384982377291, 0.1504067017386357, 0.17098265331948087, 0.21019028813267748, 0.2981625596343568, 0.13408101659475102, 0.1342559412587434]
2025-12-24 15:15:40 - feda2ls - INFO - loss data:
2025-12-24 15:15:40 - feda2ls - INFO - [0.613668039192756, 0.6063818033784628, 0.4357498350242774, 0.28396784979850054, 0.5025149253197014, 0.5904333555294822, 0.4616252532481061, 0.48408118461381, 0.5462718859314919, 0.27764282315296845, 0.655437534811408, 0.273539696662844, 0.23137623553055447, 0.5330075589457314, 1.0014151926462849, 0.14294286642689258, 0.39070724545551155, 0.27300053475967917, 0.21936367649565605, 0.2851657577065958, 0.5374851298446839, 0.16575202473237974, 0.6235126875738312, 0.36508005287032574, 0.18354566036206152, 0.21466720730458044, 0.36156848647321266, 0.16012862822911605, 0.24587741730113824, 0.22953516844039162, 0.13839908065015658, 0.4594221516427669, 0.1146325132987436, 0.5091113485631091, 0.3833505756014751, 0.13415976388641865, 0.30766433201497423, 0.2873243295515959, 0.1541708396243242, 0.34499352890998125, 0.20378422523199607, 0.08144273647243001, 0.43085862354685867, 0.22706368261327345, 0.20076125157287433, 0.17351149992706874, 0.1452656617122037, 0.22590297218116503, 0.15297914682887495, 0.17586728596167328, 0.19616740905877317, 0.23690713460867605, 0.20792210962002478, 0.2065159800377759, 0.23863590406042268, 0.26482012898971635, 0.14743431340903043, 0.16236885655671357, 0.11382365158966018, 0.18235180796667314, 0.13411683903371643, 0.5887360632645361, 0.2206411022249432, 0.2449367171153426, 0.28525894002190655, 0.23428037935359913, 0.17289910673951875, 0.12247580869783026, 0.2291434605439593, 0.11597069817750405, 0.248744223629817, 0.18816562648066598, 0.2064703530502609, 0.13927086550199116, 0.2415897482522316, 0.2044687107471483, 0.1684530184908201, 0.1399203396984376, 0.09294922019277388, 0.20639137464265028, 0.1458570768115654, 0.14736797770795723, 0.2594114360399544, 0.3305327722337097, 0.2163395718449638, 0.2105792867443101, 0.15880504292435943, 0.14863893756539456, 0.3625495125565471, 0.1511470908603062, 0.19312060378157558, 0.1401994996907888, 0.18516554993444256, 0.12570516405129722, 0.18035094065902135, 0.19956642073423914, 0.26077287952200723, 0.13532181743454808, 0.11532159846845187, 0.23603468923232496, 0.1491515339843722, 0.3121892405784733, 0.1687319283373654, 0.2503582441501997, 0.03830160057178647, 0.699206571560353, 0.19006947482315203, 0.27831446578992264, 0.11001641134304616, 0.6798450714400546, 0.2513882769360429, 0.07790371146272972, 0.2591839925515362, 0.2411665875863816, 0.22761307831176303, 0.13885976105839723, 0.2414861169255649, 0.23991206900349685, 0.19677118991634673, 0.21708924091206147, 0.10904267198971607, 0.2761499834839593, 0.20395820659940087, 0.2951446884710874, 0.2693848649399694, 0.11988039954061, 0.5614536868838164, 0.19533013214822859, 0.19071746033503478, 0.3803252079006698, 0.17895461424169215, 0.2366397433733154, 0.3083936602498094, 0.19752059229649604, 0.25709025088740006, 0.19516695297012726, 0.10677722058931573, 0.4868747591784205, 0.14785218263665834, 0.35353535554475257, 0.2295052173801444, 0.2133778679304016, 0.2561740974119554, 0.19414706332091655, 0.1659609518841737, 0.19564869128128823, 0.31012599961832166, 0.13453164394613298, 0.6128671296029573, 0.21335989720005, 0.1781337584058444, 0.23843835555016996, 0.2816595183685422, 0.18678325372526333, 0.27312273485586047, 0.19085108301055337, 0.15101102696110805, 0.33515581401685873, 0.20400263684463094, 0.18666312573477625, 0.19871678083602873, 0.2035365008128186, 0.16041958973639542, 0.22562420963206226, 0.21370221698113406, 0.2925148516328949, 0.24726727550760624, 0.21624325103466474, 0.2575495772421933, 0.24368057254927628, 0.22055580327287316, 0.24137260975937047, 0.3158014596750339, 0.26771909937714083, 0.306490158728723, 0.24353546591189046, 0.2153144554545482, 0.2212760650138888, 0.211668918064485, 0.15390412202104925, 0.24966038516722622, 0.4004133023321629, 0.25895618489012123, 0.3252433348602305, 0.1804424292790011, 0.24490560395643116, 0.22250709036986033, 0.22097706481193502, 0.23096158966008162, 0.2776533200272492, 0.17330026339946522, 0.2482851671986282, 0.24326283601112664, 0.2597665061553319, 0.15056490112716953, 0.16909256928585586, 0.20675898023127093, 0.294839525516286, 0.13429793654423622, 0.13313646196232487]
2025-12-24 15:16:57 - feda2ls - INFO - loss data:
2025-12-24 15:16:57 - feda2ls - INFO - [0.613668039192756, 0.6063818033784628, 0.4357498350242774, 0.28396784979850054, 0.5025149253197014, 0.5904333555294822, 0.4616252532481061, 0.48408118461381, 0.5462718859314919, 0.27764282315296845, 0.655437534811408, 0.273539696662844, 0.23137623553055447, 0.5330075589457314, 1.0014151926462849, 0.14294286642689258, 0.39070724545551155, 0.27300053475967917, 0.21936367649565605, 0.2851657577065958, 0.5374851298446839, 0.16576183657707588, 0.6239137086197767, 0.3652480743800489, 0.18360651969495748, 0.21481265898771762, 0.361774057832857, 0.16041547267353357, 0.246557420771569, 0.23028989688803753, 0.13935260078223008, 0.46061585284769535, 0.11571377688475575, 0.5085745480598298, 0.3826574623558877, 0.1343511098146943, 0.30968225804002336, 0.2887503466067406, 0.15584901717310357, 0.35036212857812643, 0.20502018889581616, 0.08121655644790735, 0.4309568161288133, 0.22823538097242513, 0.20302399243893365, 0.1744135393295437, 0.14410309965855309, 0.22848182021906333, 0.15362300779670476, 0.17777558520707923, 0.19857722858079907, 0.23763312039275963, 0.21307462524049556, 0.2083588372704319, 0.24615632986057212, 0.26805867316378723, 0.14765452221035957, 0.1619096545347323, 0.11350318368317353, 0.18614517935784533, 0.1360010068907286, 0.591335299347217, 0.22597269249991292, 0.25075219267358384, 0.28762016625010545, 0.23722576233699466, 0.17479304973967374, 0.12264161488371125, 0.23141551785326253, 0.11886491257852565, 0.2542144985535206, 0.1932421545478173, 0.21043633335798476, 0.13940066139524182, 0.24379308142566256, 0.20655573503329205, 0.1734502149920445, 0.14348740500734292, 0.09610921374890799, 0.20817859610542655, 0.1502838130448557, 0.1521482495125383, 0.2700229825762411, 0.3427930879561851, 0.2267561124837292, 0.213464092062504, 0.1630336495426794, 0.14774183146429196, 0.3677026212975063, 0.1554819714316788, 0.1942914450003837, 0.14274482427887655, 0.1922144429758191, 0.12486786921385139, 0.18211724972352386, 0.2069513845723122, 0.2675220344502192, 0.13536781893053557, 0.11668054930244882, 0.24597879990330365, 0.16063010358872512, 0.3166728288245698, 0.17108966410677467, 0.253594365648248, 0.040577917527924806, 0.6978860238700041, 0.19221049780026078, 0.28603791605149, 0.11566002942272462, 0.6760699511082335, 0.2565593947567755, 0.07978502603622878, 0.27413046721162065, 0.24285860308224244, 0.22772355195925092, 0.13770030668958844, 0.25046953946085915, 0.24994404071808926, 0.19724334637590107, 0.21870533491078858, 0.11065577255351292, 0.2771574468210791, 0.20867239071411037, 0.30123308853113223, 0.28141622215678747, 0.12231408971323011, 0.5817072182320632, 0.19865205883203696, 0.19249511018790533, 0.3733988209731049, 0.19224821335890077, 0.24316754935878432, 0.31475987397134303, 0.19496332125272603, 0.26396958969152445, 0.19506623464015624, 0.10922699617221951, 0.49523539747102097, 0.14744849931448697, 0.3562440193025395, 0.23385832335969264, 0.21838914911764173, 0.2623335901958247, 0.19194323075676545, 0.16618112387239103, 0.19110954297551264, 0.31543798769513764, 0.13496099696706304, 0.6154725483929118, 0.21455001433053586, 0.17740723132673236, 0.24408194509645303, 0.29042458031326535, 0.1897572365456394, 0.27988948905840516, 0.19383992689351243, 0.1483210826991126, 0.3416678832223018, 0.2049790296110917, 0.18615947095677257, 0.20426117183108414, 0.20667205688854057, 0.16385932626541366, 0.2266493189252085, 0.22052447372539474, 0.3032941766421903, 0.2600203797221184, 0.21653090917047052, 0.2587219707715588, 0.25057687752908375, 0.22148207523860036, 0.25064420824249584, 0.3187043938992752, 0.26825844242209285, 0.31063574693564855, 0.24558336729040514, 0.21905388981103896, 0.2209021712653339, 0.2172205132121841, 0.15555595868370597, 0.2526930069913053, 0.40469217747449876, 0.2608759986547132, 0.32965804467288157, 0.19063725438780893, 0.24904765575192866, 0.22612703430155914, 0.21870410223713233, 0.23500774883561665, 0.2816298554119255, 0.17353758417690796, 0.24979379021873077, 0.25624151846083504, 0.26520596394936247, 0.15121103464625776, 0.17152097820496512, 0.20929746104936514, 0.2947053258956382, 0.13419815170475177, 0.13346320802035433]
2025-12-24 15:18:36 - feda2ls - INFO - loss data:
2025-12-24 15:18:36 - feda2ls - INFO - [0.613668039192756, 0.6063818033784628, 0.4357498350242774, 0.28396784979850054, 0.5025149253197014, 0.5904333555294822, 0.4616252532481061, 0.48408118461381, 0.5462718859314919, 0.27764282315296845, 0.655437534811408, 0.273539696662844, 0.23137623553055447, 0.5330075589457314, 1.0014151926462849, 0.14294286642689258, 0.39070724545551155, 0.27300053475967917, 0.21936367649565605, 0.2851657577065958, 0.5374851298446839, 0.16575202473237974, 0.6235126875738312, 0.36508005287032574, 0.18354566036206152, 0.21466720730458044, 0.36156848647321266, 0.16012862822911605, 0.24587741730113824, 0.22953516844039162, 0.13839908065015658, 0.4594221516427669, 0.1146325132987436, 0.5091113485631091, 0.3833505756014751, 0.13415976388641865, 0.30766433201497423, 0.2873243295515959, 0.1541708396243242, 0.34499352890998125, 0.20378422523199607, 0.08137669529366706, 0.42732594159360116, 0.22681319729114574, 0.200107707092095, 0.1731735429726541, 0.1447437215175125, 0.22596719301128315, 0.15291761877015234, 0.17549416494439357, 0.19599301509107606, 0.23638258734717965, 0.207657178493742, 0.20598044597797774, 0.23793452548455785, 0.26434533644822383, 0.14749173584083716, 0.16203175742800036, 0.11395629973978633, 0.18154439302161338, 0.1338602395868899, 0.5871808058017809, 0.2207205444574356, 0.24505766835063697, 0.2852099952953202, 0.23441994222953463, 0.17269670348614455, 0.12222237704360547, 0.22952063080655144, 0.11578750430683916, 0.24887072031792157, 0.187506403393932, 0.2068467235067002, 0.13842271215592822, 0.24171678415294012, 0.20479387556622317, 0.16841099723888975, 0.14024674179187666, 0.093398927487821, 0.2058115454390645, 0.1461194373293741, 0.1464368578589832, 0.2589315326573948, 0.32345960087453324, 0.2143470687414741, 0.21027101963250475, 0.15673847620685893, 0.14432702964436936, 0.3574772281666296, 0.14815050846276184, 0.19200673510248845, 0.13863506301349843, 0.18502487253752492, 0.12497544568420077, 0.17980991067985694, 0.19613451110199093, 0.26185170768831784, 0.13422925611181805, 0.11407818519769031, 0.23599547912708968, 0.1518178516610836, 0.3118533845591758, 0.16816234365105628, 0.24862559986385432, 0.03735467069297253, 0.7002049726434052, 0.1894726044032723, 0.27575766308499233, 0.1105565821499719, 0.6544847643200421, 0.24710194375365974, 0.0745443211202251, 0.2678536800900474, 0.23674640047053497, 0.22512104581251288, 0.13391078481384155, 0.24149125686491885, 0.2384673902166209, 0.194324153488768, 0.21621614910948736, 0.10573732681971576, 0.27088020842973937, 0.2032800643150473, 0.287391146777996, 0.26747346946715633, 0.11812336728714097, 0.575286006841522, 0.19132114558791122, 0.19064055247175873, 0.36992933828797603, 0.19176625142889944, 0.2396155393216759, 0.3119452798739076, 0.19194508772602098, 0.2658505776145665, 0.19535837036867937, 0.10613567713751561, 0.48806320546627646, 0.1442091406478236, 0.35283992215214915, 0.22844413803382352, 0.21315384339063598, 0.2551085082037995, 0.19008785659809493, 0.16305479270199108, 0.1870770084768689, 0.30580154495934647, 0.13434062462042537, 0.6240107975811475, 0.2106797614106988, 0.176153472572979, 0.23225501142442226, 0.2813788496578733, 0.18307461789143936, 0.272366635967046, 0.1899750672192091, 0.14530602653200428, 0.33077093244840705, 0.2042716826227578, 0.18346636512627204, 0.1939430653250643, 0.20073476096925635, 0.16041006524153428, 0.22439715354185966, 0.21299172674154043, 0.2854306111958894, 0.252843332813964, 0.21361207651595276, 0.25248335369695457, 0.24814315782718813, 0.2184066121156017, 0.23656466268002987, 0.31739522982388735, 0.26374866697711474, 0.30484271931595036, 0.24220594166992948, 0.21255292197068532, 0.21792874926080308, 0.21134716644883156, 0.15045510719323324, 0.2527371622156352, 0.4056352226684491, 0.2594946100997428, 0.32468522974134734, 0.18049803849978324, 0.24424145926410953, 0.2218312687706202, 0.2169268289891382, 0.23009552299562425, 0.2762988517060876, 0.17056046809173292, 0.24632364384209116, 0.24352968391031027, 0.2599165716829399, 0.1473342476412654, 0.1675630012556674, 0.20559340190763276, 0.293891232144652, 0.1326051762741473, 0.12993975359325607]
2025-12-24 15:23:51 - feda2ls - INFO - loss data:
2025-12-24 15:23:51 - feda2ls - INFO - [0.613668039192756, 0.6063818033784628, 0.4357498350242774, 0.28396784979850054, 0.5025149253197014, 0.5904333555294822, 0.4616252532481061, 0.48408118461381, 0.5462718859314919, 0.27764282315296845, 0.655437534811408, 0.273539696662844, 0.23137623553055447, 0.5330075589457314, 1.0014151926462849, 0.14294286642689258, 0.39070724545551155, 0.27300053475967917, 0.21936367649565605, 0.2851657577065958, 0.5374851298446839, 0.16576183657707588, 0.6239137086197767, 0.3652480743800489, 0.18360651969495748, 0.21481265898771762, 0.361774057832857, 0.16041547267353357, 0.246557420771569, 0.23028989688803753, 0.13935260078223008, 0.46061585284769535, 0.11571377688475575, 0.5085745480598298, 0.3826574623558877, 0.1343511098146943, 0.30968225804002336, 0.2887503466067406, 0.15584901717310357, 0.35036212857812643, 0.20502018889581616, 0.0812829401865158, 0.4344866166703212, 0.2284865857878079, 0.2036974730768374, 0.17476165141755096, 0.1446206503281636, 0.22842987419091282, 0.1537096631868432, 0.17815486996551044, 0.19875539188470803, 0.23819712459420161, 0.21342314798146103, 0.2089062086729841, 0.24683330773206597, 0.26850800328400165, 0.14765393771231175, 0.1622979489620775, 0.11336507288118203, 0.18687555774425466, 0.13624132078427162, 0.5962757456088157, 0.22550039494498852, 0.2507025989703834, 0.28740584358040777, 0.23742787683326189, 0.17494976803875315, 0.12295320766570512, 0.2318201793612735, 0.11960557393419247, 0.25436040340707855, 0.19493697136123148, 0.20996811279162234, 0.14061940483904134, 0.24392546245271896, 0.20666461552564913, 0.1738352442561235, 0.1435589667332048, 0.09606825276568998, 0.2087155820491413, 0.15030743449072664, 0.1522958251958092, 0.2706325643424255, 0.34417255148291587, 0.22601338680500963, 0.2144998428355338, 0.16338542616770912, 0.14916998479586457, 0.36313342024934375, 0.15578599051934564, 0.19496490114535658, 0.14386825551773652, 0.19104397682739155, 0.12509444679105372, 0.18309120436509452, 0.20984447915107013, 0.2653596494346857, 0.13605869476353594, 0.11588642708698493, 0.24770899140077013, 0.16110355564807025, 0.3178464456350498, 0.17042550330774653, 0.2549154959957708, 0.04084534931623946, 0.7072165843232402, 0.19341394022728006, 0.28702040069869583, 0.1140765770241463, 0.6993788495504607, 0.25869638941117695, 0.08149128166389548, 0.2609562048339285, 0.24358689687436536, 0.22877501435860087, 0.14174622470246895, 0.250707639108545, 0.2525900747693543, 0.19837229460965666, 0.21920884976593347, 0.11031575820940945, 0.2823741376456438, 0.20815307445868497, 0.3070874524834965, 0.28053999099541793, 0.12170712102476197, 0.5735166476896176, 0.20034804608828077, 0.19469773181798783, 0.3807083196524117, 0.18474282806908543, 0.24632359365932643, 0.3169322224954764, 0.1988037285576057, 0.25775390809444204, 0.1956127855926752, 0.10891429339535534, 0.5017410440351626, 0.14991365435222784, 0.36205314676691264, 0.2361796327273954, 0.21777875704499775, 0.26053505109933517, 0.1950208207876939, 0.1668137223821961, 0.19524756137204044, 0.3173393010782699, 0.13509887766982004, 0.6116180024775011, 0.21470225060509884, 0.17773770200502542, 0.2472045808409651, 0.29226712460319204, 0.1910544990207113, 0.28113572346046567, 0.19565781806078222, 0.15031567810413737, 0.3470826426520944, 0.2053511243059554, 0.18911385390286645, 0.20577456057071686, 0.20809538150206208, 0.1637865928227477, 0.22835185383963916, 0.22024321095086635, 0.30771909256776175, 0.2573866385212612, 0.21705251269870335, 0.26134600723639895, 0.25046043188988487, 0.22338512654726705, 0.25488429112980765, 0.31785418993482983, 0.269151801951794, 0.31055435246921015, 0.24610577302578934, 0.21820382395138344, 0.2237648373780151, 0.21862683715298772, 0.15555554410028788, 0.2531028848555353, 0.40754327091077963, 0.2627374671089152, 0.33343708698327346, 0.18951156319429477, 0.25186939192935826, 0.22722205727671582, 0.2213014337943778, 0.23678387887775898, 0.2836402453083013, 0.17351488110919794, 0.25143128978088497, 0.25828257924877107, 0.2674485946074128, 0.15144458529539406, 0.17165883499685497, 0.21035498664492652, 0.2969529441698934, 0.13472051931959061, 0.1344897547348713]
2025-12-24 16:25:59 - feda2ls - INFO - loss data:
2025-12-24 16:25:59 - feda2ls - INFO - [0.3947738270927221, 0.8056723070996148, 0.581765566021204, 0.37192190481970705, 0.4159175013502439, 0.3021691373342441, 0.34387710603402444, 0.22932209606127194, 0.32829878193636736, 0.3127071516110729, 0.3222930672268073, 0.2012947895635779, 0.2678807697029641, 0.1792440997461866, 0.26825318709015844, 0.12930231871454184, 0.3351067606980602, 0.0637235031527259, 0.31558028886626877, 0.23238029380400593, 0.22701575852070865, 0.0594752120962194, 0.33034659889168466, 0.15861372015167335, 0.19337581742181031, 0.27764383033634377, 0.19289782207745773, 0.04097134217895843, 0.2860826839095889, 0.1914364634702603, 0.19099635250154226, 0.2634124812980493, 0.26850636961559454, 0.08006851222710862, 0.48035792301275904, 0.09841918114549256, 0.8691657230257988, 0.19687619507038856, 0.22392272209318784, 0.23987082317471503, 0.13666870778569729, 0.2785799930493037, 0.1600280471208626, 0.23027596899953026, 0.15514019618664557, 0.09901117204744542, 0.23186164071353582, 0.2639265764815112, 0.17897651445641016, 0.17084496145994932, 0.05608202952736368, 0.021489172596462866, 0.4811465148503582, 0.2513229361962145, 0.22487600793441137, 0.1238259557367268, 0.28173989052884285, 0.31109619610011574, 0.2539622980495176, 0.16534638414858405, 0.1479696327471734, 0.14099293340618413, 0.1286484831018606, 0.4945168445510919, 0.22750815968960525, 0.09909798101677249, 0.10276156904895928, 0.1393160931559396, 0.313651820541256, 0.22521938119926269, 0.17716441611258485, 0.10638982424279675, 0.22300372483829656, 0.14951776474697032, 0.20014367992679277, 0.12967306071025733, 0.029117596378092893, 0.29154931877209395, 0.24911321429535746, 0.1253535695476995, 0.1895599217333186, 0.1021585783332638, 0.11112027998613672, 0.12493210894637742, 0.11731887345488828, 0.23478981718803063, 0.19224364544703243, 0.3162018320478854, 0.14696800993636486, 0.30776223583402584, 0.16569029988912756, 0.2255688794852736, 0.23417707038326907, 0.25640094059949314, 0.15502741616637183, 0.14576250089487683, 0.13851792376604863, 0.1253237061043425, 0.15703762479436895, 0.1903984251802262, 0.12978492317100365, 0.24349112797173716, 0.056079564729001365, 0.22801783823718627, 0.19739913245519766, 0.14160976608594258, 0.20645823925733564, 0.22091138575894712, 0.08284220417651036, 0.4139056199747655, 0.09928433853768719, 0.20052027530395067, 0.10412949323654175, 0.2672170570120216, 0.1607331839762628, 0.2131508011872379, 0.25079813353303404, 0.21676523089408875, 0.23170905597507954, 0.2262862312917908, 0.1902356307875986, 0.2590281921128432, 0.2276586153899275, 0.19780683950879252, 0.21066873523717125, 0.16766743110492827, 0.2251984008277456, 0.20219490979280735, 0.22180050860701517, 0.21420408599078655, 0.21380906434108815, 0.1112572181235569, 0.15826232881870686, 0.2552054748325967, 0.1666202876014256, 0.19425287848959366, 0.25593369047467907, 0.2744088158218397, 0.23747001928879935, 0.2076957708845536, 0.19662219747791396, 0.23268637574381298, 0.2671408097818494, 0.19266060123737488, 0.16405105826755365, 0.1951752857770771, 0.13853702034801246, 0.18435145321612556, 0.1558909297443162, 0.17487768418728733, 0.21343363090590745, 0.16795062834728294, 0.20204191918795308, 0.14687850001265434, 0.19403447448872985, 0.1891723443359996, 0.19143288159268157, 0.18262480236934842, 0.14830321826868587, 0.19841927600403625, 0.30190119119042647, 0.22534463577041475, 0.1765167141209046, 0.22701004272326827, 0.1521509716585756, 0.18388888671850928, 0.28807334265886586, 0.20251322177549202, 0.18592717891997274, 0.2460354586736335, 0.14331506690079415, 0.13840682138232333, 0.25435696036483235, 0.2701782460324466, 0.26327881378432116, 0.1771762754768133, 0.22775835846861203, 0.17215256451939542, 0.10860323813157502, 0.27865062277485947, 0.22849123963465293, 0.2300019180448593, 0.20578275456403694, 0.13115789305142783, 0.31317771506303593, 0.1416076769431432, 0.1363496497894327, 0.3337055288255215, 0.11782853626818568, 0.1670027645211667, 0.35914372962732344, 0.37015526647178026, 0.17678885312750936, 0.1827409525277714, 0.16169152272974743, 0.2611575971414837, 0.29022080511268644, 0.26023673539360365, 0.19863468344108415, 0.27852024119347335]
2025-12-24 16:28:08 - feda2ls - INFO - loss data:
2025-12-24 16:28:08 - feda2ls - INFO - [0.3947738270927221, 0.8056723070996148, 0.581765566021204, 0.37192190481970705, 0.4159175013502439, 0.3021691373342441, 0.34387710603402444, 0.22932209606127194, 0.32829878193636736, 0.3127071516110729, 0.3222930672268073, 0.2012947895635779, 0.2678807697029641, 0.1792440997461866, 0.26825318709015844, 0.12930231871454184, 0.3351067606980602, 0.0637235031527259, 0.31558028886626877, 0.23238029380400593, 0.22701575852070865, 0.059476800338597965, 0.3274050361835039, 0.15861604248949637, 0.19180679122099462, 0.2779728026272586, 0.1927959059424794, 0.04084526528371498, 0.2851099090435757, 0.19063583499131104, 0.19083133468349628, 0.2625007162988186, 0.26905778478831055, 0.07981682462917748, 0.4717804921258773, 0.09727888890349556, 0.8412725746631622, 0.19448886828533574, 0.22396502451254774, 0.24320781702796618, 0.13637631750156448, 0.27802683071543777, 0.1587895730549159, 0.23102453670536094, 0.15325792256820325, 0.09878331255119216, 0.22495666297827252, 0.2647920742817223, 0.1778492580345996, 0.17118439755754034, 0.055336310287433056, 0.021368336507886717, 0.4782850297167897, 0.25163677737463075, 0.2241851876800259, 0.12402843977454014, 0.2748910677231228, 0.31310412973165513, 0.25403774925507605, 0.16534243749368052, 0.146884855423895, 0.13906886760766307, 0.12935700601199643, 0.5248916150235649, 0.2306421918918689, 0.09931529216313113, 0.10169554384440374, 0.14025059838056525, 0.30798655160599286, 0.22436387543123038, 0.17491893616197787, 0.10590326501599823, 0.22171094169219335, 0.14976522026117892, 0.19940243108818928, 0.12886155806317995, 0.028604712273485752, 0.30430515536874597, 0.24827208326508604, 0.1261602532915556, 0.1860985938173074, 0.10235145175743296, 0.10985639140409871, 0.12446679931017571, 0.1135631800257565, 0.2351814432690541, 0.18879558293915846, 0.3326294330880046, 0.14579612589575566, 0.31400423048100634, 0.1638168052793024, 0.22510301330222343, 0.23698751578250757, 0.2566991035933964, 0.15344412449436884, 0.14634395617875273, 0.13612655655054065, 0.12517145441185373, 0.15473754374543203, 0.19005378113390925, 0.12682346870424227, 0.24271498030228983, 0.05343266606397288, 0.22785497289150952, 0.1945213908329606, 0.13800963958880555, 0.20390628411745032, 0.2191640136273912, 0.07954740634498497, 0.4288864612372385, 0.09744722489506388, 0.20093804406336485, 0.1007445895470058, 0.2698546808833877, 0.15764345847070216, 0.2165247507691861, 0.25118233188986777, 0.21578487755420306, 0.23163915580759448, 0.22512090398619572, 0.18842856167660404, 0.25991289398322504, 0.22691376267355823, 0.19655167552379843, 0.2088213397278672, 0.16807218389585615, 0.2259330897902449, 0.20238274225137298, 0.21936344857337875, 0.21186983846127988, 0.21114260768279053, 0.11101587897059148, 0.15471056165663938, 0.2515665102305894, 0.1659458449007033, 0.19396931931066017, 0.25735130412504076, 0.2781439805817273, 0.23098139086190392, 0.20702592233816783, 0.194129968133262, 0.23289941059839397, 0.2645311892715593, 0.19470888930786814, 0.16187736780848352, 0.19510827776975928, 0.13381351691360274, 0.182406618197759, 0.15204957641470127, 0.17357085870865446, 0.20690665795916208, 0.1699106980747997, 0.1985337287498017, 0.14573508109419775, 0.19122117932957527, 0.18496260344265747, 0.19069698952211467, 0.1824981151321144, 0.14240428854331927, 0.2008018653995047, 0.30480439732503944, 0.22616594743535473, 0.17383386341854928, 0.22480932818725707, 0.1494623183284719, 0.18165949388908653, 0.28143199504209826, 0.20382737883677088, 0.18587024190627477, 0.2443882835503572, 0.13998731131216996, 0.13662264142368064, 0.25351639091490935, 0.26757996529340744, 0.2592334800917241, 0.17936053822437922, 0.22498983928105898, 0.17149516837854012, 0.10782450591386468, 0.27916376982347796, 0.22602959042415022, 0.22901071348304505, 0.20395918887197262, 0.12890439176242108, 0.31279006884211585, 0.1396562130500873, 0.13496937423944472, 0.3321836642300089, 0.11712713424047386, 0.16494730473840954, 0.35652947077670927, 0.366850926168263, 0.17464951923117042, 0.18087661344557998, 0.15862294755437795, 0.25976948677920375, 0.2877809113615917, 0.26412419537082316, 0.19510127460727325, 0.2765285797417164]
2025-12-24 16:31:20 - feda2ls - INFO - loss data:
2025-12-24 16:31:20 - feda2ls - INFO - [0.3947738270927221, 0.8056723070996148, 0.581765566021204, 0.37192190481970705, 0.4159175013502439, 0.3021691373342441, 0.34387710603402444, 0.22932209606127194, 0.32829878193636736, 0.3127071516110729, 0.3222930672268073, 0.2012947895635779, 0.2678807697029641, 0.1792440997461866, 0.26825318709015844, 0.12930231871454184, 0.3351067606980602, 0.0637235031527259, 0.31558028886626877, 0.23238029380400593, 0.22701575852070865, 0.059476800338597965, 0.3274050361835039, 0.15861604248949637, 0.19180679122099462, 0.2779728026272586, 0.1927959059424794, 0.04084526528371498, 0.2851099090435757, 0.19063583499131104, 0.19083133468349628, 0.2625007162988186, 0.26905778478831055, 0.07981682462917748, 0.4717804921258773, 0.09727888890349556, 0.8412725746631622, 0.19448886828533574, 0.22396502451254774, 0.24320781702796618, 0.13637631750156448, 0.2779071947559715, 0.1581596566059118, 0.2307866966519027, 0.15183502042006392, 0.098499945704006, 0.21865090447245167, 0.2674530561702947, 0.17765360043384135, 0.1709765846505487, 0.05491016275443447, 0.021237472298606817, 0.4771877267708381, 0.2514959421217776, 0.22423570913573107, 0.12401557347081878, 0.2697496547286088, 0.31622724242508415, 0.2549459425924671, 0.16779948693731725, 0.1451042437386954, 0.13754051364026965, 0.13050182301725727, 0.5226993677156214, 0.2299146920442581, 0.09867074616098155, 0.10164331471982964, 0.13976953380110596, 0.30622829514452155, 0.22371454129128582, 0.1740504609285893, 0.10580023442550252, 0.2215975478912393, 0.1492833778132788, 0.19836673972507318, 0.12899389782450507, 0.02814942183808954, 0.3049185465416586, 0.24872355762248238, 0.1263744810846849, 0.185162685947636, 0.10188471458947147, 0.1090887982529612, 0.12461791859706864, 0.11165949520475876, 0.23474973629778012, 0.19087247421745868, 0.33152985639337984, 0.14579555606050545, 0.3123672577680326, 0.16373719400109943, 0.2236589153201725, 0.23714772042316887, 0.25841446183263683, 0.15251040077792144, 0.14518960300056882, 0.1357595138430285, 0.12448072348119847, 0.15337203694507479, 0.18832145874889997, 0.12867958392792692, 0.2417993598085429, 0.05290170266046042, 0.2302644599849979, 0.19397353898518935, 0.13497250496099392, 0.20125768200183908, 0.21798637214785394, 0.0785100408984969, 0.42682461686846285, 0.09725514244383726, 0.20069093431035678, 0.09939301204828857, 0.27000608757759137, 0.15594991789509854, 0.214821234666623, 0.24889715115229288, 0.21171109698091944, 0.2332050439591209, 0.22471957070132098, 0.18871496074522537, 0.25215139823655286, 0.22732131797376842, 0.19641384817659854, 0.20723846205066712, 0.16808331413194538, 0.22318940507248045, 0.202810904621664, 0.21623661259322294, 0.20380875406165916, 0.2098157140211417, 0.10962183019803026, 0.14664928062932, 0.24473335910588503, 0.1609251767098053, 0.19333324873199065, 0.2547071499750018, 0.2943148139553765, 0.2179129475826288, 0.2062000303839644, 0.1908229050518689, 0.23598501039668918, 0.25905448278412224, 0.19171425010388096, 0.15900329455422857, 0.19298300319351255, 0.1289032144503047, 0.1800398507465919, 0.14979571612217488, 0.1712519544391678, 0.20075113432205938, 0.17046600951281832, 0.1959601813616852, 0.14159781805523525, 0.1903739244187585, 0.18364755963333523, 0.18950932856977862, 0.18055645398519657, 0.1372450137545389, 0.2028201346906523, 0.30516200754234296, 0.23192316924946177, 0.17065051719546317, 0.2246462506180008, 0.14852135055579052, 0.17975127455085899, 0.27403599369124726, 0.2048475698567927, 0.18481355330523325, 0.24027001226592498, 0.13816573532574156, 0.13600634359663316, 0.2531410320638082, 0.2660112727743884, 0.2586608593248659, 0.17389061072220405, 0.22597653089298142, 0.17157806326251696, 0.10696369446124192, 0.28122650727848797, 0.2256889146193862, 0.22696068469485392, 0.203579520999587, 0.12895379790415368, 0.3136433952354959, 0.1408834995391468, 0.13525539858887592, 0.3293167387445768, 0.11608317682726516, 0.16381261621118973, 0.35375394702721863, 0.36123124790640593, 0.17246753288432956, 0.17892023210413754, 0.15637609457012777, 0.25544613199451793, 0.2880476260661251, 0.2598963835276663, 0.19261973508848595, 0.2704705142726501]
2025-12-24 16:31:35 - feda2ls - INFO - loss data:
2025-12-24 16:31:35 - feda2ls - INFO - [0.3947738270927221, 0.8056723070996148, 0.581765566021204, 0.37192190481970705, 0.4159175013502439, 0.3021691373342441, 0.34387710603402444, 0.22932209606127194, 0.32829878193636736, 0.3127071516110729, 0.3222930672268073, 0.2012947895635779, 0.2678807697029641, 0.1792440997461866, 0.26825318709015844, 0.12930231871454184, 0.3351067606980602, 0.0637235031527259, 0.31558028886626877, 0.23238029380400593, 0.22701575852070865, 0.0594752120962194, 0.33034659889168466, 0.15861372015167335, 0.19337581742181031, 0.27764383033634377, 0.19289782207745773, 0.04097134217895843, 0.2860826839095889, 0.1914364634702603, 0.19099635250154226, 0.2634124812980493, 0.26850636961559454, 0.08006851222710862, 0.48035792301275904, 0.09841918114549256, 0.8691657230257988, 0.19687619507038856, 0.22392272209318784, 0.23987082317471503, 0.13666870778569729, 0.2784632406507929, 0.15916266309213825, 0.23012065824168998, 0.1532701877838311, 0.09870862950645257, 0.22408610235135523, 0.2666418303363025, 0.17855503828757827, 0.17075515682854708, 0.05548835860157851, 0.021334995461748565, 0.47939880701402826, 0.2510080863058997, 0.2248971004659931, 0.12392790708647766, 0.2750985416894158, 0.3140293960273266, 0.2552397958047333, 0.16813012435886776, 0.14607235836281174, 0.13890365541912614, 0.12874686547263992, 0.5127595135440869, 0.228951637968421, 0.09832707235279184, 0.10240857570207919, 0.13969485534573323, 0.30893228123378424, 0.22474720942832174, 0.17495491202703498, 0.10578415805163482, 0.2222499068205555, 0.14902366483497814, 0.19945062932868798, 0.129550399457803, 0.028460310686388296, 0.2996734674746188, 0.24876330929497878, 0.1259099486588429, 0.1876987115241205, 0.10164742946422106, 0.10988940071457853, 0.12482929771533235, 0.11393182374348935, 0.2347361209491889, 0.19291895303382156, 0.327242025564469, 0.14708206192609485, 0.30846031203172075, 0.16430199441600446, 0.22506604748419845, 0.23738613918137091, 0.26065475047709274, 0.15388097071256013, 0.14455804462040153, 0.13659767393663058, 0.12425191855135685, 0.15487786267185583, 0.1891893120482564, 0.12873329723564286, 0.24321971070908366, 0.053635741955299646, 0.2308849032347401, 0.19675766253987184, 0.1380176299251616, 0.2037966928910464, 0.21947129210099003, 0.07995421251592537, 0.4205303752794862, 0.09797048614187262, 0.20156385026490076, 0.10117596839709828, 0.269553134466211, 0.1585816853120923, 0.2143411542277019, 0.2508668851107359, 0.21394008208687107, 0.23729143757373095, 0.2254771544287602, 0.18873807368800044, 0.25961162702490886, 0.22807340772733803, 0.1981958710325834, 0.20936808180551797, 0.16662659030407667, 0.2237149694934487, 0.20175220809049077, 0.220698209505037, 0.21123543698340655, 0.21195395678186263, 0.11055844318575393, 0.15219746752784258, 0.24813349212161623, 0.1630918277610759, 0.19438200152168672, 0.25572384111583235, 0.28777330578822224, 0.22529621165574473, 0.20705634684612353, 0.19328833062420875, 0.23353850681127775, 0.26315506506711245, 0.18910333354853923, 0.16117300506060322, 0.19412755089191097, 0.13433849098160863, 0.18244786088665327, 0.15373366669489025, 0.17402865232613224, 0.20734330234635207, 0.1699073473291579, 0.1988392701682945, 0.14436224599148642, 0.19195647981041708, 0.1876507944857272, 0.19074980620952214, 0.1820950002271544, 0.14406209792424407, 0.2001631837182989, 0.30270993613247943, 0.22762893196367828, 0.1740213659716149, 0.22788136704514422, 0.1514870368815863, 0.18219561787465444, 0.2825826225969463, 0.2018849831384917, 0.18572008222341538, 0.24443005207367838, 0.14125654889891545, 0.13789643431630205, 0.25338654576872405, 0.26891043034071727, 0.2599755722201533, 0.17912262137979268, 0.22811888607839742, 0.17213740217517695, 0.10752974072712715, 0.28143353981062835, 0.22842710115015508, 0.22880511778934814, 0.20539485645436106, 0.13021982593599846, 0.3132102586447246, 0.14162503145635127, 0.13507360144828756, 0.3315037219474713, 0.11691625739482266, 0.16648491814249644, 0.35787707220954007, 0.3684720700893265, 0.17489606978371738, 0.18067426413608095, 0.15983034325215745, 0.25970381904679996, 0.2914110666658315, 0.2582895102910697, 0.19581249442238075, 0.27601990960538386]
2025-12-24 16:32:56 - feda2ls - INFO - loss data:
2025-12-24 16:32:56 - feda2ls - INFO - [0.3947738270927221, 0.8056723070996148, 0.581765566021204, 0.37192190481970705, 0.4159175013502439, 0.3021691373342441, 0.34387710603402444, 0.22932209606127194, 0.32829878193636736, 0.3127071516110729, 0.3222930672268073, 0.2012947895635779, 0.2678807697029641, 0.1792440997461866, 0.26825318709015844, 0.12930231871454184, 0.3351067606980602, 0.0637235031527259, 0.31558028886626877, 0.23238029380400593, 0.22701575852070865, 0.0594752120962194, 0.33034659889168466, 0.15861372015167335, 0.19337581742181031, 0.27764383033634377, 0.19289782207745773, 0.04097134217895843, 0.2860826839095889, 0.1914364634702603, 0.19099635250154226, 0.2634124812980493, 0.26850636961559454, 0.08006851222710862, 0.48035792301275904, 0.09841918114549256, 0.8691657230257988, 0.19687619507038856, 0.22392272209318784, 0.23987082317471503, 0.13666870778569729, 0.2785799930493037, 0.1600280471208626, 0.23027596899953026, 0.15514019618664557, 0.09901117204744542, 0.23186164071353582, 0.2639265764815112, 0.17897651445641016, 0.17084496145994932, 0.05608202952736368, 0.021489172596462866, 0.4811465148503582, 0.2513229361962145, 0.22487600793441137, 0.1238259557367268, 0.28173989052884285, 0.31109619610011574, 0.2539622980495176, 0.16534638414858405, 0.1479696327471734, 0.14098614157332728, 0.12864749024505728, 0.4944453900576466, 0.2274971563865741, 0.09908643524783353, 0.10275329895720697, 0.13931347937434718, 0.3136173504508204, 0.22518546668413494, 0.1771560721505363, 0.1063596743779878, 0.22303967668364444, 0.149501682776975, 0.20010694192101558, 0.1296395570807228, 0.02910487426637836, 0.29133059578037956, 0.24908165074884892, 0.12532083575989908, 0.18958327278542597, 0.10211489775468147, 0.11110359577474017, 0.1248798992857337, 0.11727040545799984, 0.23470590298470012, 0.1926637475296636, 0.3161831419205382, 0.1469309322470748, 0.30767327613909456, 0.16568410956693413, 0.22551036187184928, 0.23435010241631132, 0.25632837815926623, 0.15499087513770715, 0.145689095138805, 0.13843448842526415, 0.12531066349474712, 0.1570170618360862, 0.1903661855771087, 0.12991283645387738, 0.2433692352092337, 0.05614453678914868, 0.22757451503227155, 0.19720591250090647, 0.14142561916572352, 0.2067215431947261, 0.22101941107867812, 0.08295765950654943, 0.41279167003101774, 0.09926289157130014, 0.2004378985040463, 0.10403045420457299, 0.26701333081970613, 0.1602870953983317, 0.21301455333327446, 0.2507900562344326, 0.21594551980185012, 0.23208849187940359, 0.2262561231230696, 0.19029180352420855, 0.25883907383928695, 0.22775158401844758, 0.1978249421582008, 0.21071659626794004, 0.16754742329940198, 0.22538497370357316, 0.20217082743636436, 0.22162436553696682, 0.21422167047858237, 0.2135744098191842, 0.1111220949368241, 0.1581395580111488, 0.25469977203470007, 0.16628790226502296, 0.1942144489536683, 0.2558331145284076, 0.2750444440067642, 0.23700757930603097, 0.20757462953527767, 0.19656774524562792, 0.23289892774903112, 0.26617857382943233, 0.19331404480462275, 0.16334613000508397, 0.19516424244890612, 0.1359417506152143, 0.1839413221615056, 0.15442913670618183, 0.17413101997226477, 0.21075361180636618, 0.16948290743778507, 0.20076892770205934, 0.14589833912766006, 0.19330999757975148, 0.18839840553342724, 0.1908567185751071, 0.18233350147320715, 0.14589054150575842, 0.20022475942969326, 0.3022900126699326, 0.22683536554514255, 0.17593430933232107, 0.22687742887064816, 0.15158058760616067, 0.18366653353978807, 0.2843112813344655, 0.20332586700096728, 0.18605271488318548, 0.24621325793798465, 0.1417515532148105, 0.13772820431976487, 0.25459460655036265, 0.2694791763089597, 0.26259588913785087, 0.1771659485374888, 0.2269461637859543, 0.17200029117292634, 0.10816422978036658, 0.2799467840927286, 0.22815651764472328, 0.22986944855795774, 0.20487219991960698, 0.13059038893768082, 0.3124320522312903, 0.14180489896486204, 0.1360584208741784, 0.33367469621201357, 0.11758974927512032, 0.16625166851268322, 0.3590188967828185, 0.3692846811782473, 0.176064300108701, 0.182191460976998, 0.16155636255793712, 0.2606755634554877, 0.2894551612333291, 0.25949242984255155, 0.1976812073172858, 0.27727170257518685]
2025-12-24 17:25:43 - feda2ls - INFO - loss data:
2025-12-24 17:25:43 - feda2ls - INFO - [0.34924056888336225, 0.38728143527336856, 0.22597883148118852, 0.7415292228439024, 0.5794484110549092, 0.5669159640868505, 0.4178611530478866, 0.3470292950669924, 0.29216652497393536, 0.28377893154198924, 0.1773069877177477, 0.8491986198657816, 0.25595605145956923, 0.24566494870038394, 0.21951312689343466, 0.12511518950507577, 0.29668786078400444, 0.12494450712221719, 0.21670439183556783, 0.256708444797028, 0.16948902426063833, 0.539838746633558, 0.12440693439206196, 0.38615201773879293, 0.24076960000264294, 0.21404331701342016, 0.2239276854908981, 0.48553230336461306, 0.16088700542847315, 0.18378920244590735, 0.25788566776766225, 0.27703316076880413, 0.20712821236478962, 0.1300278225001724, 0.09155046986998058, 0.18530876837964905, 0.13611330022104084, 0.2967830350588836, 0.1773431234704774, 0.254675770174785, 0.31982845272868876, 0.15977411976616296, 0.2488035093837728, 0.2562641781521961, 0.4416500195860863, 0.25710610664100386, 0.20152933813376528, 0.24267918680949757, 0.19673559251151834, 0.17428399143585316, 0.1257457151194103, 0.4391531847866385, 0.30173026480091114, 0.1382107490596051, 0.2349608179492255, 0.3280606341858705, 0.2634208698521604, 0.2574549679105219, 0.12153504072242262, 0.2330375669937217, 0.15647562116694946, 0.16747615205240435, 0.1642042244784534, 0.15197448624031884, 0.1937242847168818, 0.2740771756197016, 0.23292283563919008, 0.21980260838754473, 0.1750662876991555, 0.4316188107783857, 0.3646702974596444, 0.1684225685604472, 0.7174834050504224, 0.16979016699387056, 0.15533095279048817, 0.4596846669601897, 0.2577671081448595, 0.15193701613221922, 0.20920732077987245, 0.18331576040945946, 0.32972478959709406, 0.1483669511674504, 0.44215092950810986, 0.25116882033944876, 0.19048282948012155, 0.43430272067586584, 0.23114997585217992, 0.21533097631375614, 0.23765684611653576, 0.41698925398258857, 0.19711386788134966, 0.10857743776869029, 0.5286024519064951, 0.3048231951892376, 0.166170239936383, 0.1697317950538404, 0.6441957395523786, 0.19291194901092068, 0.16823943359389282, 0.2215395906629662, 0.1375242397037421, 0.2842256750201895, 0.14383555347926186, 0.2029757105168842, 0.16021332712844014, 0.08917490811186976, 0.5144496671120196, 0.3286505607888103, 0.42888052910566327, 0.20720819567557042, 0.331238898417602, 0.30713275334398665, 0.3777601359456423, 0.39084019898795164, 0.19294408635857202, 0.2311729782717485, 0.21332974394405246, 0.2297746735314528, 0.18957295073418037, 0.4463850111381984, 0.18080802510182062, 0.22606753120947232, 0.18524300701622115, 0.2450166843831539, 0.15350961928100637, 0.16860709032043816, 0.3269206622013977, 0.34448214094428453, 0.1722132063914268, 0.1353432994018927, 0.35563957910637867, 0.16970473248178936, 0.4053212072700262, 0.1522207225828121, 0.28356294204982424, 0.2867269820666739, 0.20562317324026178, 0.22770746716608603, 0.12246909797873481, 0.10808504253093686, 0.46800184561779684, 0.251360834389925, 0.24900690739353498, 0.270478214804704, 0.16151549540282714, 0.25931491937100615, 0.2607434246999522, 0.228353068918774, 0.27536229345326624, 0.11921608652919531, 0.3431602546634773, 0.41807891928280394, 0.1594819040070953, 0.219275352225772, 0.22715765419637873, 0.23445787782200792, 0.16578838464383985, 0.1920287367643877, 0.43617164390605123, 0.23148200895992063, 0.32867723479423494, 0.35045811464854826, 0.24588107606761303, 0.22849892613788447, 0.28213009035543485, 0.19268032296871146, 0.11324382615275681, 0.6732812279692063, 0.394340926532944, 0.5471837133169174, 0.1786808007415019, 0.23079847982153295, 0.39620830385857037, 0.36494036813577013, 0.6843223146029881, 0.21511401040752456, 0.2550854350343279, 0.4019822265331944, 0.2574587808921933, 0.19338998828704157, 0.3519393651746213, 0.20083103444028114, 0.1890339335426688, 0.25538014704361556, 0.2386908586292217, 0.26715141732412845, 0.15387043327403566, 0.264382749649563, 0.5537127301629101, 0.341801272937211, 0.49795652234128546, 0.3773746907711029, 0.4899089660618331, 0.37609570444776463, 0.42925758422130633, 0.3535081512782545, 0.37862137891352177, 0.366338136820839, 0.22335234228521586, 0.42620869380022797]
2025-12-24 17:27:22 - feda2ls - INFO - loss data:
2025-12-24 17:27:22 - feda2ls - INFO - [0.34924056888336225, 0.38728143527336856, 0.22597883148118852, 0.7415292228439024, 0.5794484110549092, 0.5669159640868505, 0.4178611530478866, 0.3470292950669924, 0.29216652497393536, 0.28377893154198924, 0.1773069877177477, 0.8491986198657816, 0.25595605145956923, 0.24566494870038394, 0.21951312689343466, 0.12511518950507577, 0.29668786078400444, 0.12494450712221719, 0.21670439183556783, 0.256708444797028, 0.16948902426063833, 0.5395784374503863, 0.12239494019165811, 0.37734328586976607, 0.24009004397427336, 0.21899059932911769, 0.21948387850896411, 0.47853293126592267, 0.16015355880372226, 0.18442918227187224, 0.25323605745171124, 0.2760096804992783, 0.2060523743164681, 0.12912253915371064, 0.09044106692793624, 0.1851552494540157, 0.13563178107142448, 0.2964529632345626, 0.17464774606438974, 0.2562922932645854, 0.31727666010459266, 0.15791340924001165, 0.2483495554770343, 0.25449108704924583, 0.43510899593432745, 0.2603012557083275, 0.19642654854604708, 0.2381417904010353, 0.1961758803868762, 0.17090768296232756, 0.12601434726578495, 0.43011588884428853, 0.29238021316871576, 0.13836508803845693, 0.23190076111943697, 0.3303485371172428, 0.2618837467916719, 0.25769411561716543, 0.1199418105611888, 0.23297151249196185, 0.1546253190531085, 0.1659231386729516, 0.16258283445079413, 0.15171134236623487, 0.19169076673764113, 0.278085296228528, 0.2274003566597544, 0.21850383787726363, 0.1713367816992104, 0.4215872512901561, 0.36324828791925134, 0.16475100565799758, 0.7295563976679529, 0.170225161145719, 0.15507588284478213, 0.438081404993621, 0.26559857381507757, 0.14951694965072654, 0.20726182255006972, 0.18293825856720408, 0.34416655930025236, 0.15103654115227982, 0.4478236443518351, 0.23580389256988254, 0.188168779706272, 0.419475384367009, 0.2292848693817353, 0.21193531740185184, 0.2430073517553795, 0.392063892501242, 0.1978820987063675, 0.11063620592467488, 0.55155614196722, 0.2992667528578923, 0.17435736556847892, 0.17268773151805536, 0.6631874869267145, 0.19389146983712202, 0.17094715027681862, 0.22482887090494236, 0.14388913159167632, 0.27550178472662257, 0.14482484290605052, 0.20746836010810166, 0.16496181928863127, 0.09073609651227127, 0.545460716257558, 0.3173028027017911, 0.40483505129814146, 0.20457054980946943, 0.3461586542117099, 0.30204585324862, 0.3848372732921104, 0.3832394112474643, 0.19096956315916033, 0.2302432988021596, 0.21579784968573795, 0.22565177416739363, 0.19683618397352154, 0.43111924873664975, 0.1762811315290275, 0.2214659249293618, 0.18461291148049527, 0.24234102007356428, 0.1528868555634593, 0.1681279884185642, 0.33383384567763036, 0.3354187046232469, 0.17265174694448, 0.13427787178397538, 0.3557895953024206, 0.16494929350225165, 0.42721738473822674, 0.15182987808560333, 0.28258332972425027, 0.28653570370127757, 0.20012756848785404, 0.22376231687764325, 0.12222462896274269, 0.10477278318914368, 0.46812922235797433, 0.2247819922465299, 0.25193475671112536, 0.26033265197960037, 0.168567217611486, 0.2547304744061032, 0.27541648261249063, 0.22491401509570896, 0.2816859791365762, 0.12028724395204335, 0.3725597927036385, 0.4070234349618356, 0.17248635191270814, 0.2103540507721759, 0.22400722677952478, 0.22287482984135287, 0.16456273564995796, 0.18973477340214664, 0.43879021136533647, 0.23495246793719984, 0.3608741252904847, 0.3544305878536155, 0.24973143374401274, 0.22848184369504454, 0.27695067478891683, 0.19352221296479305, 0.11143729396474858, 0.6794614165448225, 0.3895328853279352, 0.5388389584918817, 0.17921313792101892, 0.2295670673251152, 0.41517177790713805, 0.36277887367953854, 0.6705681017466953, 0.21055605671378774, 0.25201440820832866, 0.3881038773804903, 0.25057899790505567, 0.1945890853802363, 0.35642194794490933, 0.19811521440833096, 0.18618528236901122, 0.265410687130255, 0.23765555176263053, 0.2720779944521685, 0.15281177641203006, 0.26068603024330167, 0.5639361792377063, 0.3402745505909256, 0.49998984751956804, 0.3814871405561765, 0.48663771050153193, 0.3715875269128726, 0.4250526058354548, 0.3567401030566543, 0.3722495582575599, 0.3582499260799243, 0.21933198102439444, 0.4261232718293156]
2025-12-24 17:29:07 - feda2ls - INFO - loss data:
2025-12-24 17:29:07 - feda2ls - INFO - [0.34924056888336225, 0.38728143527336856, 0.22597883148118852, 0.7415292228439024, 0.5794484110549092, 0.5669159640868505, 0.4178611530478866, 0.3470292950669924, 0.29216652497393536, 0.28377893154198924, 0.1773069877177477, 0.8491986198657816, 0.25595605145956923, 0.24566494870038394, 0.21951312689343466, 0.12511518950507577, 0.29668786078400444, 0.12494450712221719, 0.21670439183556783, 0.256708444797028, 0.16948902426063833, 0.539838746633558, 0.12440693439206196, 0.38615201773879293, 0.24076960000264294, 0.21404331701342016, 0.2239276854908981, 0.48553230336461306, 0.16088700542847315, 0.18378920244590735, 0.25788566776766225, 0.27703316076880413, 0.20712821236478962, 0.1300278225001724, 0.09155046986998058, 0.18530876837964905, 0.13611330022104084, 0.2967830350588836, 0.1773431234704774, 0.254675770174785, 0.31982845272868876, 0.15971193810747492, 0.2471822773804888, 0.2560304341294492, 0.4336408811310927, 0.25776199845131487, 0.19657183604348183, 0.24198217410594225, 0.19591477996048828, 0.172403656768923, 0.12579145456353824, 0.4321119251073382, 0.29033840979072484, 0.13814713718990485, 0.23364022001806722, 0.3286725779374441, 0.2630325001101572, 0.25698376081785873, 0.11996998063987122, 0.23429264237796116, 0.15501590475129584, 0.1668792703965058, 0.1604592704347202, 0.151675502448121, 0.19196385273438257, 0.2731064835563302, 0.22859622620578324, 0.2188000091041128, 0.17203821846827244, 0.4242023144636238, 0.3655660480589551, 0.16491713420071297, 0.7176385434433108, 0.16973649412066788, 0.15406471616394507, 0.44455441369985543, 0.26124262663846215, 0.1499751471219283, 0.20435761529287055, 0.18265446950681508, 0.32819477734821184, 0.14857299378906774, 0.4431699840351939, 0.2432110168408593, 0.18851037241208057, 0.4300008088971178, 0.22717954448479064, 0.21304426662779102, 0.2386167240436547, 0.40517870997305677, 0.19688034039886237, 0.1082299789879471, 0.5335532763174602, 0.30107721140874283, 0.16539656435849057, 0.16666808810883335, 0.6537830966835221, 0.19520854714681352, 0.1684418571103985, 0.2201040863369902, 0.13915245971621426, 0.2812662103523811, 0.1429789327014994, 0.19974389900231643, 0.1598204399459064, 0.08972646102691734, 0.5245324749205458, 0.3264708158870538, 0.4211071548983455, 0.20544368258307283, 0.33738844453667605, 0.30485888759029056, 0.37620798292170676, 0.3821334545142375, 0.18849995722218107, 0.22959519645527882, 0.2092718776189407, 0.2275516253275176, 0.1880930112453089, 0.45018716154031846, 0.17859215091115663, 0.22074397747720859, 0.1854818642008723, 0.24321671178830523, 0.15320339074047903, 0.1679453405396392, 0.33170154780964367, 0.34185483290211244, 0.17035755541264302, 0.13557380791743748, 0.35233361596761925, 0.16595537382776715, 0.4140961032360792, 0.15086486665531995, 0.28347498140615096, 0.28386428357057625, 0.2010148460511118, 0.22479809721310934, 0.11961326220937606, 0.10571543097187927, 0.46634699292480947, 0.24559908919036388, 0.24936875871693095, 0.26012085772429905, 0.16279415361405838, 0.25541791013901316, 0.26802507030467193, 0.22259120383348904, 0.2770293372993668, 0.12026853373584648, 0.3462431091194351, 0.4086093209373454, 0.16346439596021636, 0.2156590097051646, 0.22512659883304012, 0.22624813537480995, 0.16496434469944707, 0.1912163766522315, 0.4359240289954912, 0.22296529396304063, 0.339758648361922, 0.3476029102224857, 0.24636098937149725, 0.22797871292568744, 0.2813222698648186, 0.19121378017589452, 0.11286968362207214, 0.6740805123287898, 0.39014711004371444, 0.5382554436723391, 0.17717574143088333, 0.23527992305656276, 0.39812174314145177, 0.36361343630899984, 0.6892237584505763, 0.21331624052872805, 0.2515146611300529, 0.39309593910972274, 0.2537511826492846, 0.19260575249791145, 0.34637209673722585, 0.19988235817956074, 0.18966534602500146, 0.2523324856689821, 0.2352746426127851, 0.2661927286237001, 0.1532594892041137, 0.26209581749779837, 0.5604735487805945, 0.33834539781929107, 0.4953831232019833, 0.37517486376067, 0.49079990198651513, 0.371860409155488, 0.42428857790572305, 0.3502427652544741, 0.37320584114640953, 0.3560913216609221, 0.21975723815461, 0.4213042328400271]
2025-12-24 17:29:16 - feda2ls - INFO - loss data:
2025-12-24 17:29:16 - feda2ls - INFO - [0.34924056888336225, 0.38728143527336856, 0.22597883148118852, 0.7415292228439024, 0.5794484110549092, 0.5669159640868505, 0.4178611530478866, 0.3470292950669924, 0.29216652497393536, 0.28377893154198924, 0.1773069877177477, 0.8491986198657816, 0.25595605145956923, 0.24566494870038394, 0.21951312689343466, 0.12511518950507577, 0.29668786078400444, 0.12494450712221719, 0.21670439183556783, 0.256708444797028, 0.16948902426063833, 0.5395784374503863, 0.12239494019165811, 0.37734328586976607, 0.24009004397427336, 0.21899059932911769, 0.21948387850896411, 0.47853293126592267, 0.16015355880372226, 0.18442918227187224, 0.25323605745171124, 0.2760096804992783, 0.2060523743164681, 0.12912253915371064, 0.09044106692793624, 0.1851552494540157, 0.13563178107142448, 0.2964529632345626, 0.17464774606438974, 0.2562922932645854, 0.31727666010459266, 0.15785288535768077, 0.24694803240320956, 0.2536868516976635, 0.42697226380308473, 0.2607752311741933, 0.1922900310129903, 0.2370850397273898, 0.19546367920941127, 0.16931129269263084, 0.12618824335125584, 0.42398401227824034, 0.28239232245610935, 0.138418646195593, 0.23083981728071676, 0.3305749247781932, 0.261493276947966, 0.25698988997426475, 0.11853347533130242, 0.2347569330140276, 0.15345988279829423, 0.16574714138599422, 0.1589637123979628, 0.15161514174237492, 0.1908043436318015, 0.2772771290813883, 0.22427196644601366, 0.2178086593436698, 0.16922223927685992, 0.41830894367344545, 0.3620133467347306, 0.16297501548532428, 0.7219804279594904, 0.173998738390704, 0.154356816818472, 0.4233605425727243, 0.27144588734954594, 0.15193087215759044, 0.20848507383793946, 0.1828443316121896, 0.33453669944511993, 0.14651067351639668, 0.44660380471032113, 0.23475495162058185, 0.1857640559707458, 0.41244823274513087, 0.22791928702480152, 0.21074183378950692, 0.241342665712373, 0.3833891411914545, 0.19475592840642023, 0.11148818500805646, 0.5386666795017109, 0.29279330128892544, 0.16929408485247266, 0.1732489775799747, 0.6498136498034001, 0.19253774907528642, 0.16953971337061374, 0.2237986482679844, 0.14209450722233227, 0.2742379968276336, 0.14453131021152166, 0.20440991790078228, 0.1628534868049125, 0.09078911963595254, 0.5304957098621679, 0.32561892255519825, 0.40791230828811725, 0.20449073548571994, 0.3415149555231134, 0.2997336373165516, 0.3833839416038245, 0.38292258591032946, 0.18528391247770437, 0.23044660947486464, 0.21469721882919174, 0.22573529326667388, 0.1936453801274876, 0.44036096648166057, 0.17400806423587103, 0.21888430156312616, 0.1853825461936363, 0.24195533248462847, 0.15172538206679748, 0.16867667848709972, 0.3344335196093501, 0.3377344557905898, 0.17139530967300137, 0.1350960132445167, 0.3542555942075697, 0.16362214876627107, 0.43189260251820083, 0.1499425015412271, 0.28275535434771043, 0.28661586353111834, 0.1991535148001276, 0.22394015242656073, 0.1192326081176621, 0.10411487786183343, 0.467441012995208, 0.22571151601150632, 0.24933643505598108, 0.2647602829150856, 0.16763844314430443, 0.25463704547393917, 0.2727377486104766, 0.2228921404304473, 0.27691896149578193, 0.1203288952820003, 0.37133817340557773, 0.40435999240726234, 0.17131424425280697, 0.21123173000024897, 0.223975784233993, 0.22328087572751795, 0.16406004951499842, 0.19117135680945857, 0.4407769107126764, 0.23529414411279417, 0.3523373502727952, 0.35423251894147445, 0.24649491104498214, 0.2275746655650437, 0.2754230840022073, 0.1926882004365325, 0.11104657027559975, 0.6869838913472799, 0.39342126234744984, 0.5443530646463235, 0.17808034555146507, 0.23029247683783372, 0.4105230391557727, 0.36433603732536235, 0.6811231519494738, 0.21048390210670975, 0.2517888144636316, 0.3907936941832304, 0.2503956730167071, 0.19383646737163265, 0.35409692898392675, 0.19764012066824804, 0.18414770483837595, 0.2615188018496459, 0.2409257983167966, 0.2708835122856097, 0.15220624149466555, 0.26132198566393483, 0.5699719235833203, 0.34032430048345735, 0.5018499248794147, 0.38337989126642547, 0.490692389862878, 0.37003706538906467, 0.4287148408946537, 0.35748690502451996, 0.3726226670667529, 0.35772665690344113, 0.2202846946194768, 0.4328524928007807]
2025-12-24 17:29:41 - feda2ls - INFO - loss data:
2025-12-24 17:29:41 - feda2ls - INFO - [0.34924056888336225, 0.38728143527336856, 0.22597883148118852, 0.7415292228439024, 0.5794484110549092, 0.5669159640868505, 0.4178611530478866, 0.3470292950669924, 0.29216652497393536, 0.28377893154198924, 0.1773069877177477, 0.8491986198657816, 0.25595605145956923, 0.24566494870038394, 0.21951312689343466, 0.12511518950507577, 0.29668786078400444, 0.12494450712221719, 0.21670439183556783, 0.256708444797028, 0.16948902426063833, 0.539838746633558, 0.12440693439206196, 0.38615201773879293, 0.24076960000264294, 0.21404331701342016, 0.2239276854908981, 0.48553230336461306, 0.16088700542847315, 0.18378920244590735, 0.25788566776766225, 0.27703316076880413, 0.20712821236478962, 0.1300278225001724, 0.09155046986998058, 0.18530876837964905, 0.13611330022104084, 0.2967830350588836, 0.1773431234704774, 0.254675770174785, 0.31982845272868876, 0.15977411976616296, 0.2488035093837728, 0.2562641781521961, 0.4416500195860863, 0.25710610664100386, 0.20152933813376528, 0.24267918680949757, 0.19673559251151834, 0.17428399143585316, 0.1257457151194103, 0.4391531847866385, 0.30173026480091114, 0.1382107490596051, 0.2349608179492255, 0.3280606341858705, 0.2634208698521604, 0.2574549679105219, 0.12153504072242262, 0.2330375669937217, 0.15647562116694946, 0.16730326455823769, 0.1639286761305162, 0.15180222551294026, 0.19341405321805116, 0.2737713237603505, 0.2320941373129331, 0.21943179906035462, 0.17470138722953077, 0.4289214992405552, 0.3651931942714488, 0.16744436607696117, 0.7171843964783918, 0.16812536602741793, 0.15464519033169682, 0.458883945348983, 0.2563928271643817, 0.15000388557228314, 0.2046209925863271, 0.1836466498983403, 0.3328622707298824, 0.15039133338723332, 0.4412093894556165, 0.2501617198650093, 0.19092858143461247, 0.4331012824550271, 0.22961794469161195, 0.21552270547059987, 0.23819436959337253, 0.41396318833116724, 0.1975613949318918, 0.10807183801662176, 0.5341584384086586, 0.3045410999229976, 0.16703242706134916, 0.1679327471237186, 0.6519554751614729, 0.19543655142853303, 0.16851519128540532, 0.22127946044007937, 0.13842774773737823, 0.2837018705993181, 0.143204655330208, 0.20050150482870993, 0.1607419171060125, 0.08970813158278663, 0.5184545577871368, 0.3258338756238421, 0.4272789832825462, 0.20690304616657204, 0.3351614867647489, 0.3110470919581574, 0.38178479583889596, 0.3893267475068569, 0.19567776314603785, 0.23143712636083363, 0.21193647869911633, 0.22920356420800092, 0.19141173176800036, 0.4436000408849826, 0.1809994811458247, 0.22644472705932067, 0.18440045894107274, 0.24470350646546907, 0.15352109892604252, 0.16868575434200467, 0.3279606699710712, 0.3441450348233476, 0.1719737399103386, 0.13547057596133782, 0.35448957267801773, 0.16884215951653286, 0.40233006539444127, 0.15168371348020931, 0.28278500493615866, 0.2855277149095422, 0.20353335536007458, 0.2267306242759029, 0.12316544901113957, 0.10725165505130263, 0.4671613838815806, 0.2500729057405676, 0.2489003602725764, 0.269992314480866, 0.16228040199992913, 0.2581882379038841, 0.2634239450097084, 0.22873785093258647, 0.2751994004162649, 0.12044424562094114, 0.344345635920763, 0.41835953736056886, 0.16038431241398765, 0.2176603715600712, 0.22803680400497145, 0.23261226288843573, 0.16562203801072695, 0.192775723801571, 0.4349829646803084, 0.23223498978075527, 0.32994029489567595, 0.3492252343179037, 0.24535239072260903, 0.2278842754041155, 0.28488383359987945, 0.1926399649431308, 0.11277031226394077, 0.6755044024151104, 0.3946857909982403, 0.5472921182711918, 0.17728441542051004, 0.23563995212316513, 0.3968701751769653, 0.36507900363455215, 0.690071328835828, 0.21483691452726067, 0.2538500442359243, 0.39961934797465803, 0.25635947720147667, 0.1926111715224882, 0.35187260806560516, 0.20110887943633965, 0.1903927676845342, 0.2556183954390387, 0.23818754591047764, 0.2666412531219136, 0.15363843377369146, 0.2632928594680769, 0.5564106886408159, 0.34020702388921853, 0.49632254455770763, 0.3793017892787854, 0.48959294874425774, 0.3777975139136498, 0.4271900355549796, 0.35248613548908564, 0.37680006418377165, 0.36429823447878545, 0.22188576941067972, 0.42776566690632273]
