2025-11-06 01:19:09 - fedex - INFO - loss data:
2025-11-06 01:19:09 - fedex - INFO - [0.6338078752160072, 0.45747990161180496, 0.3146974049508572, 0.7378517376879851, 0.614283736795187, 0.7944550216197968, 0.9983378499746323, 0.9611408955284527, 1.0553131699562073, 0.7102321982383728, 1.2012408118695022, 0.8199467435479164, 0.8697909861803055, 0.7542360685765743, 0.6698493808507919, 0.2680649017649037, 1.571745678782463, 0.551567018032074, 0.6181483529508114, 1.6456165619194507, 0.5270592105885347, 1.285497124865651, 1.3231937620788812, 0.7799073730905851, 1.0051506590098143, 0.8825047090649605, 0.6937450494617223, 0.7134656558434169, 0.588902768989404, 0.8205642749865849, 0.7192719727754593, 0.7359876781702042, 0.7538100779056549, 0.47520114481449127, 0.6940922389427822, 0.6125590801239014, 0.9540557393005916, 0.9564703889191151, 1.357525885105133, 0.754567563533783, 0.7353721335530281, 0.25999971516430376, 0.9569516362888473, 0.9032586943358183, 0.4775260090827942, 0.8077514804899693, 0.662402331829071, 0.5792476981878281, 0.8113183751702309, 0.6336819926897685, 0.5442760114868481, 0.7231447647015254, 0.7937742959707975, 1.4243552429335458, 0.8542805574834347, 0.6315131007383268, 0.4790704697370529, 0.6965887695550919, 0.7187700346112251, 0.345940213650465, 0.8928052540868521, 0.25857561081647873, 1.000454805791378, 0.8659398049116135, 0.8361429683864117, 0.7664743860562642, 0.6746087968349457, 0.7162381112575531, 0.4785813093185425, 0.8545908331871033, 0.8707204684615135, 0.8266786068677903, 0.6380733698606491, 0.8354071378707886, 0.6829822808504105, 0.5566484302282333, 1.2885142266750336, 0.6688383618990581, 0.6434449844062329, 0.6991888880729675, 0.6377562191337347, 0.7187459766864777, 0.5386554330587388, 1.0086087882518768, 0.9247521072626114, 0.6913848631083965, 1.268480345606804, 0.6983393430709839, 0.6915239129215479, 1.0876011718064547, 0.9005429670214653, 0.6804872478048007, 1.2183878123760223, 0.7595471988121669, 0.6151081770658493, 0.8988234885036945, 0.9611902236938477, 0.6997571364045143, 0.6730005890130997, 0.6174573339521885, 0.4054371006786823, 0.5011999122798443, 0.29295361079275606, 0.9270352609455585, 0.662872239947319, 0.6337902992963791, 0.7541572004556656, 0.4013211578130722, 0.1102445088326931, 0.8361950665712357, 0.7579090568636144, 0.5415896885097027, 0.6283322915434837, 1.0385815441608428, 0.16166376322507858, 0.8179657543078065, 0.7202267193545898, 0.1920381374657154, 0.13345042522996664, 1.6801291331648827, 1.6103728890419007, 0.10797322355210781, 1.1638932707054275, 0.6392195448279381, 0.5633277855813503, 0.8221784457564354, 0.6368600279092789, 0.6396059989929199, 0.5385978072881699, 0.6622576341032982, 0.8583706103265285, 0.9426962994039059, 0.63534631863946, 0.7150992576032877, 0.9489118903875351, 0.7226044461131096, 0.544046588242054, 0.410904623568058, 0.6253909468650818, 0.31781424675136805, 0.21801459230482578, 0.7583272618552049, 0.5428305715322495, 0.4930386319756508, 1.0899904072284698, 0.8394048511981964, 0.5496793666056224, 0.5878840573132038, 0.7246329958240192, 0.6219907999038696, 0.7419456228613853, 0.8121457695960999, 0.6536801138094493, 0.48915604650974276, 0.5732650719583035, 0.3817979618906975, 0.8368028737604618, 0.8074621111154556, 0.4635187089443207, 0.6207634742061297, 0.5879197083413601, 0.46773322778088705, 0.9558570235967636, 0.5476738169789315, 0.9199863635003567, 0.6874676545461018, 0.7518379211425781, 0.6087752804160118, 0.6393092125654221, 0.6706681847572327, 0.6499823431173961, 0.5642648488283157, 0.7036756692188126, 0.6074764728546143, 0.7704470157623291, 0.6837125420570374, 0.6743089817464352, 0.7495991215109825, 0.691368579864502, 0.6625987341006596, 0.6689739152789116, 0.49527909855047864, 0.6666767194867134, 0.6601685274924551, 0.6816225474079449, 0.6677712500095367, 0.6775264764825504, 0.6346673369407654, 0.6177452454964321, 0.7191911414265633, 0.6335305646061897, 0.6626481756567955, 0.5865212480227153, 0.5706985667347908, 0.6481580771505833, 0.5737932249903679, 0.654283344745636, 0.6296131039659183, 0.6029406189918518, 0.6147447100707463]
2025-11-08 12:55:08 - fedex - INFO - loss data:
2025-11-08 12:55:08 - fedex - INFO - [0.6180731306473415, 0.4899348318576813, 0.3277164276689291, 0.7687820966045061, 0.6100662685930729, 0.7760845124721527, 1.0641064494848251, 0.9247167089155742, 1.0023010323445003, 0.7212633043527603, 1.3990338057279588, 1.004136599600315, 0.8892681399981182, 0.724067572504282, 0.6777003854513168, 0.2692384107836655, 1.2807702869176865, 0.5044798068702221, 0.6284105591475964, 2.136562552303076, 0.5539763541271289, 1.0445114731788636, 1.0051815466955305, 0.707688348988692, 0.745670173317194, 1.0722456872463226, 0.6288069582233826, 0.7082201192776362, 0.5977834612131119, 0.7483452012141545, 0.662821501493454, 0.7063905894756317, 0.7526775300502777, 0.440240278840065, 0.6728431979815166, 0.6089886426925659, 1.039696404976504, 1.0452051386237144, 1.4762353599071503, 0.7996427863836288, 0.7263878993690014, 0.2538025062531233, 1.0302180885337293, 1.007764782756567, 0.5110898651182652, 0.9056845521554351, 0.6764153093099594, 0.530880756676197, 0.7958891913294792, 0.6834208220243454, 0.5965017974376678, 0.7368647058804829, 0.7696088217198849, 1.5916307142802646, 0.8618868067860603, 0.6563270861903827, 0.5515079274773598, 0.6496163010597229, 0.7095993906259537, 0.3840380609035492, 0.857407670468092, 0.2533372938632965, 1.0028387978672981, 0.8160752125084401, 0.8502385057508945, 0.7459469735622406, 0.6918875277042389, 0.7155226618051529, 0.5023697018623352, 0.8534417301416397, 0.8271645084023476, 0.816036906838417, 0.6157503376404445, 0.8758121579885483, 0.67345496515433, 0.5399934969842434, 1.241630494594574, 0.6547091243167718, 0.6424684666097165, 0.6951830685138702, 0.6184909623116255, 0.7042954713106155, 0.5307059392333031, 1.109642853339513, 1.0064353063702582, 0.7736303359270096, 1.3634490817785263, 0.7049162834882736, 0.7250472873449325, 1.084477661177516, 0.8722580783069134, 0.8405662583453315, 0.7777853012084961, 0.8264650801817577, 0.5867723599076271, 1.0333328768610954, 1.0767644941806793, 0.6954117938876152, 0.6831685602664948, 0.5707728639245033, 0.4745246395468712, 0.48475806415081024, 0.266974488273263, 1.026662990450859, 0.5937106683850288, 0.5849571228027344, 0.8150737807154655, 0.3922264315187931, 0.13420843333005905, 0.7535035163164139, 0.789523365774325, 0.48345766589045525, 0.614912586659193, 0.9850988619029521, 0.1570197530090809, 0.746887156739831, 0.6868611150731643, 0.17601246014237404, 0.14046985376626253, 1.2001359942369163, 1.3588336504995824, 0.11285584792494774, 1.1319960824080875, 0.559843481828769, 0.5236308611929417, 0.7734892293810844, 0.5937437117099762, 0.6158749088644981, 0.37497544288635254, 0.6729249842464924, 1.0166452884674073, 1.0712759643793106, 0.6049860456869716, 0.6187732297927141, 1.2195266783237457, 0.7793280705809593, 0.4763268940150738, 0.3063085526227951, 0.609173484146595, 0.3029633155092597, 0.22608459368348122, 0.731844405333201, 0.49541125260293484, 0.4624297134578228, 0.9889808346827824, 0.8010818362236023, 0.46490343872989925, 0.569719061255455, 0.7113999476035435, 0.5546370595693588, 0.7024167478084564, 0.7810203582048416, 0.5782389960118702, 0.42712888196110727, 0.5260825641453266, 0.316517174243927, 0.9040317237377167, 0.6889245882630348, 0.41356491297483444, 0.5338626426955064, 0.5551301193024432, 0.3800215114440237, 1.034240499138832, 0.5056646540760994, 1.0417604558169842, 0.6448364357153575, 0.6899146132171154, 0.5916031170636415, 0.5867967382073402, 0.5754169821739197, 0.6028317579378684, 0.5041899412870408, 0.7139658470238959, 0.5344763249158859, 0.7577431350946426, 0.7220473736524582, 0.7679822370409966, 0.7312981151044369, 0.6562486290931702, 0.5516227235396702, 0.7066870480775833, 0.4322281877199809, 0.5691050112247467, 0.6609164763774191, 0.6636091222365696, 0.7242528796195984, 0.6729988132913907, 0.5683417022228241, 0.5873280266920726, 0.6746437400579453, 0.5722980592399836, 0.601704740524292, 0.5221433316667874, 0.5444732656081517, 0.6398842297494411, 0.486602958291769, 0.56461551040411, 0.6172562167048454, 0.5764615163207054, 0.5686280163271087]
2025-11-09 17:53:15 - fedex - INFO - loss data:
2025-11-09 17:53:15 - fedex - INFO - [0.5913632474839687, 0.43590206652879715, 0.32765131294727323, 0.7584111019968987, 0.5690702348947525, 0.7578091770410538, 1.0854294747114182, 0.9574425662202495, 1.2645450234413147, 0.7112168818712234, 1.342329566553235, 0.9570715632289648, 0.8355541055401166, 0.7166629359126091, 0.6714476495981216, 0.26434583882136004, 1.3286862522363663, 0.5133315157145262, 0.6108286306262016, 1.668481393158436, 0.5150965667019288, 1.363488399516791, 1.3014177381061018, 0.7108516842126846, 0.834187351167202, 1.0013330578804016, 0.614560096959273, 0.700829063852628, 0.6077634344498317, 0.7614457855621974, 0.617673471570015, 0.7307234704494476, 0.7971773892641068, 0.40574047714471817, 0.6973395744959514, 0.5983277782797813, 1.0695290959307124, 1.0292184501886368, 1.5474149584770203, 0.8190476670861244, 0.7368953861296177, 0.2470886515453458, 0.9039355908254427, 0.8976003509014845, 0.482578631490469, 0.7479831911623478, 0.6272114813327789, 0.5528271123766899, 0.7684517055749893, 0.6214395115772884, 0.5135172953208287, 0.7207395831743877, 0.8085574969649315, 1.5715919743691171, 0.847885275259614, 0.6301883310079575, 0.5373192429542542, 0.6058272421360016, 0.7318110466003418, 0.35635651648044586, 0.8220626376569271, 0.20186227560043335, 0.9413122497498989, 0.6315361000597477, 0.8431058824062347, 0.6810028056303661, 0.7603585571050644, 0.6677220240235329, 0.515837773680687, 0.8736736178398132, 0.882409118115902, 0.8426414489746094, 0.583523154258728, 0.9005060344934464, 0.631786435842514, 0.4929075226187706, 1.29716457426548, 0.6426136245330174, 0.6275471061468124, 0.6869260221719742, 0.5680376905947924, 0.6593488156795502, 0.47565111964941026, 1.1518929501374562, 1.0249115332961083, 0.8645310271531343, 1.406445175409317, 0.6547889411449432, 0.5120518647134304, 0.8813415225595236, 1.0208062902092934, 0.7208877170369739, 1.1325614154338837, 0.6886884619792302, 0.5322062596678734, 0.8845493085682392, 0.8911672681570053, 0.5220885947346687, 0.4405254051089287, 0.5077215097844601, 0.30843118019402027, 0.36648192536085844, 0.2356962628662586, 0.786351453512907, 0.3269336447119713, 0.2890806831419468, 0.5713914707303047, 0.33067646250128746, 0.08164464868605137, 0.6611760854721069, 0.7073384337127209, 0.3962955139577389, 0.6378926306962966, 1.2033643141388892, 0.02832501707598567, 0.7075673453509808, 0.6817095290869475, 0.15579422563314438, 0.13229825254529715, 1.3793301838450134, 1.3542506147176028, 0.10598695743829012, 0.898384831313576, 0.5400034114718437, 0.5509191490709782, 0.6697854623198509, 0.48115555197000504, 0.4170667715370655, 0.2683713771402836, 0.6643845997750759, 0.9503345891833306, 1.0685755722224712, 0.6140090911870911, 0.5855875048786402, 1.1510665863752365, 0.7747839242219925, 0.47816067561507225, 0.25693436712026596, 0.7336210981011391, 0.2596444208174944, 0.17276332527399063, 0.7104767101506392, 0.4584606597200036, 0.38373611867427826, 0.7869835396607716, 0.624630082398653, 0.439024489905153, 0.5324547365307808, 0.7197576488057773, 0.5546799103418987, 0.6897202305495739, 0.7194825112819672, 0.5393735383238112, 0.3983920156955719, 0.5220846012234688, 0.23865282349288464, 0.8590052276849747, 0.6785839982330799, 0.32684697955846786, 0.5379675887525082, 0.5527799076267651, 0.4017297731978553, 0.9189528673887253, 0.5592054441571236, 0.836441233754158, 0.5808247923851013, 0.6106059327721596, 0.4340872000902891, 0.6361339315772057, 0.5465447902679443, 0.589658223092556, 0.3497081033885479, 0.7026941009930202, 0.5008790269494057, 0.7075419003764789, 0.6801149025559425, 0.7530445996671915, 0.6556590292602777, 0.5147476866841316, 0.3665207674105962, 0.5721898749470711, 0.34321804096301395, 0.6122281789779663, 0.6436510820473944, 0.6423919449249904, 0.6622809171676636, 0.642811896900336, 0.5683880026141803, 0.5159953286250432, 0.6326333582401276, 0.5633344762027264, 0.6539329454302788, 0.49593419084946316, 0.5813523506124814, 0.5924539286643267, 0.3298147991299629, 0.5987180396914482, 0.5893050034840901, 0.46629829704761505, 0.6391374383653914]
2025-11-10 16:11:22 - fedex - INFO - loss data:
2025-11-10 16:11:22 - fedex - INFO - [0.5913632474839687, 0.43590206652879715, 0.32765131294727323, 0.7584111019968987, 0.5690702348947525, 0.7578091770410538, 1.0854294747114182, 0.9574425662202495, 1.2645450234413147, 0.7112168818712234, 1.3423250645399094, 0.9570657070726156, 0.8369070664048195, 0.7166713103652, 0.6721711754798889, 0.2645682572786297, 1.3172835856676102, 0.5118076242506504, 0.6115010194480419, 1.6552220724523068, 0.5142453998327255, 1.3796756341122092, 1.3228834837675094, 0.7180134057998657, 0.8647793307900429, 0.9776348695158958, 0.6148454040288925, 0.6985445568958919, 0.6205634127060573, 0.7546070516109467, 0.625880129635334, 0.7424032241106033, 0.7975185215473175, 0.43514983355998993, 0.6955651392539342, 0.6083288192749023, 1.0679122486284802, 1.021440550684929, 1.4763718843460083, 0.833170048892498, 0.7250967100262642, 0.2836929392069578, 0.6728955222559827, 0.6821216885000467, 0.5200784727931023, 0.7160385046154261, 0.6978086084127426, 0.6018261536955833, 0.8447441831231117, 0.6314913555979729, 0.5533581003546715, 0.759764552116394, 0.7287014327943325, 0.9125561501298631, 0.6149073410779238, 0.7108942835281293, 0.5657680332660675, 0.6633707731962204, 0.813768669962883, 0.46864286437630653, 0.7776047550141811, 0.3757852017879486, 1.0909348018467426, 0.5805748008191586, 1.0563997812569141, 0.777601882815361, 0.7483168542385101, 0.7146646901965141, 0.5031335428357124, 1.012432761490345, 1.105734933167696, 1.0782867640256881, 0.6308580885330837, 0.8068155348300934, 0.6735804677009583, 0.5313039936125279, 1.0526734590530396, 0.6314999479800463, 0.6454367317259312, 0.809619128704071, 0.6777124609798193, 0.81410251557827, 0.5649293579161168, 1.3331157912810643, 0.8595842374488711, 0.773425780236721, 0.8366827480494976, 0.7326428592205048, 0.43483028672635554, 1.0937488060444593, 1.0081523843109608, 0.6569195893548784, 1.1589478254318237, 0.8092958033084869, 0.7014025002717972, 1.059639610350132, 0.9949893653392792, 0.8026174455881119, 0.5492599382996559, 0.8309164438396692, 0.3882269859313965, 0.5996345318853855, 0.27996618673205376, 0.7944129966199398, 0.9511919915676117, 0.8002588823437691, 0.8400103896856308, 0.514474531635642, 0.15529750660061836, 0.8380485028028488, 0.7170285944427763, 0.5109377056360245, 0.6837616577744484, 1.515254407376051, 0.07931296061724424, 0.6979881748557091, 0.717867236584425, 0.21027729660272598, 0.1425524391233921, 1.3550078086555004, 1.4384546916931868, 0.14070620946586132, 1.06731508991548, 0.59865062062939, 0.5800436586141586, 0.8160860314965248, 0.7488670647144318, 0.7350392043590546, 0.4395938888192177, 0.7415020863215129, 1.088432714343071, 1.1881503239274025, 0.6746908575296402, 0.6649333734065295, 1.3006007671356201, 0.875608429312706, 0.5134797096252441, 0.3777409568428993, 0.7639984861016273, 0.37153530679643154, 0.2407192476093769, 0.8096238188445568, 0.6286673185726007, 0.5562903061509132, 1.3518205086390178, 0.971409697085619, 0.6064266477312361, 0.6160709373652935, 0.7569823289910953, 0.6571047554413478, 0.7324598595499993, 0.7936555966734886, 0.6452755715165819, 0.4759202003479004, 0.5988537967205048, 0.4028538912534714, 0.9950174242258072, 0.8962692096829414, 0.5575954243540764, 0.6580118263761203, 0.6126589296119553, 0.41842830926179886, 1.130199283361435, 0.6257858172059059, 1.153652835637331, 0.7641467750072479, 0.8126253664493561, 0.7518825903534889, 0.7342655509710312, 0.7266436815261841, 0.7223145042856534, 0.6708019554615021, 0.8104408383369446, 0.6543909385800362, 0.8059951215982437, 0.7856875136494637, 0.8082169070839882, 0.8116480372846127, 0.9396259039640427, 0.784539669752121, 0.7415914908051491, 0.5849311749140422, 0.7034587532281875, 0.7025961024420602, 0.7482397730151813, 0.8362510353326797, 0.7551838681101799, 0.6977108071247737, 0.7610900948445003, 0.7859435454010963, 0.6975796781480312, 0.7082324460148811, 0.7256118605534236, 0.7312691062688828, 0.7323531210422516, 0.7021624594926834, 0.6578329205513, 0.7136252348621686, 0.6685988306999207, 0.6503219838653291]
2025-11-11 07:46:12 - fedex - INFO - loss data:
2025-11-11 07:46:12 - fedex - INFO - [0.5772168710827827, 0.3865843303501606, 0.33214970119297504, 0.7767192634443442, 0.5645719654858112, 0.7915692031383514, 1.0521025657653809, 0.8806926416499274, 1.0915195594231288, 0.7404108047485352, 1.3116434924304485, 0.9847407713532448, 0.8706141710281372, 0.7629157230257988, 0.6821520030498505, 0.27152231282421524, 1.198480561375618, 0.520828718940417, 0.6417889110744, 1.569560245424509, 0.5233651625613371, 1.3613188290037215, 1.4055773859843612, 0.8131980945666631, 0.9425548277795315, 1.0666341744363308, 0.6220698030044635, 0.6967965314785639, 0.5753405864040058, 0.7469945947329204, 0.6340929642319679, 0.7650159001350403, 0.8063888400793076, 0.3704247511923313, 0.7039520392815273, 0.6180649250745773, 0.9845949549760138, 0.9630061611533165, 1.0805530846118927, 0.7368530333042145, 0.7321914546191692, 0.24047448802739382, 0.6225921828299761, 0.6152214873582125, 0.5113971568644047, 0.6877195853739977, 0.6531252413988113, 0.6461392119526863, 1.0112530067563057, 0.5716544762253761, 0.5088943429291248, 0.7624198347330093, 0.7122897174209356, 1.3886042939765113, 0.837947279214859, 0.6739083298792441, 0.5853043496608734, 0.6748128831386566, 0.7233934551477432, 0.4708084613084793, 0.8772021029144526, 0.2933077737689018, 1.0080205611884594, 0.8701250858604908, 0.8984176740050316, 0.7958902716636658, 0.6937221139669418, 0.7367825359106064, 0.4880257248878479, 0.8553803265094757, 0.8698974251747131, 0.8421681314706803, 0.627696951230367, 0.8598209619522095, 0.6905440340439479, 0.5580439381301403, 1.3141080737113953, 0.6568714696913958, 0.6202678043395281, 0.88088658452034, 0.6789101902395487, 0.8597686439752579, 0.5240254148840904, 1.3866858631372452, 0.9937838111072779, 0.9002698510885239, 1.1751323342323303, 0.7730329930782318, 0.44909958355128765, 1.0908036101609468, 0.9587270990014076, 0.6739573045855477, 1.1079710572957993, 0.7396629601716995, 0.6914357542991638, 1.042995672672987, 0.989466205239296, 0.7821102142333984, 0.5701768547296524, 0.8085409421473742, 0.40816967748105526, 0.5378607660531998, 0.2779051706194878, 0.8531518615782261, 0.8121386542916298, 0.7571028918027878, 0.8768482953310013, 0.4952805060893297, 0.16580084525048733, 0.7851205915212631, 0.7286160226379121, 0.49650026857852936, 0.6694961901754141, 1.5063899207860232, 0.08468298520892859, 0.7715043649077415, 0.7107979234308004, 0.22511329874396324, 0.15179166290909052, 1.3615856198593974, 1.409198112413287, 0.15685863234102726, 1.0850406853216035, 0.6091692758103211, 0.6143009178340435, 0.7293924763798714, 0.7749117910861969, 0.7434360235929489, 0.3799644634127617, 0.7819173919657867, 1.0178570799529552, 1.125217504799366, 0.6789628309862954, 0.6935478195548057, 1.2891483306884766, 0.8981604799628258, 0.5051386058330536, 0.38490697741508484, 0.760497435927391, 0.375570559874177, 0.254584526643157, 0.7834424066046873, 0.639324658860763, 0.5395161360502243, 1.3404573649168015, 0.9737230613827705, 0.5808222442865372, 0.631160743534565, 0.7425402626395226, 0.6592077712217967, 0.7260522112250328, 0.8197998031973839, 0.6383417780910219, 0.4877204343676567, 0.5783388689160347, 0.3916500099003315, 1.0325025022029877, 0.9833057224750519, 0.504740796983242, 0.680120309193929, 0.6129807696810791, 0.451906433062894, 1.067247673869133, 0.632886204123497, 1.1190576441586018, 0.764814371864001, 0.8804763153195381, 0.7391181662678719, 0.7295626848936081, 0.707345187664032, 0.6914975307881832, 0.6914680182933808, 0.828736430832318, 0.6383789107203484, 0.8437617868185043, 0.7970987930893898, 0.8345719091594219, 0.8029031790792942, 0.9661001861095428, 0.7770456324021022, 0.7417316883802414, 0.586900105079015, 0.7106949791312218, 0.706896784050124, 0.7607015619675319, 0.8489287495613098, 0.7504211937387784, 0.7056674957275391, 0.7641697227954865, 0.797069288790226, 0.7152070924639702, 0.7297226384282112, 0.7456928193569183, 0.7456564356883366, 0.7605480365455151, 0.7129899337887764, 0.6502174288034439, 0.7286808590094249, 0.6300947740674019, 0.6246315538883209]
2025-11-13 16:56:23 - fedex - INFO - loss data:
2025-11-13 16:56:23 - fedex - INFO - [0.5736070834100246, 0.4197433739900589, 0.3577064998447895, 0.7475488893687725, 0.6052368953824043, 0.7945017218589783, 1.2486707232892513, 0.992597191461495, 1.188756103316943, 0.7323984950780869, 1.2706892870366573, 0.9505055099725723, 0.8937070990602176, 0.7397151812911034, 0.6822936087846756, 0.2690856736153364, 1.3703172653913498, 0.5806190272172292, 0.6082419082522392, 1.6993928201496602, 0.5206052652249734, 1.2228574112057686, 1.2945175770670176, 0.7668909480174383, 0.866326816380024, 0.8757141381502151, 0.6949313446879387, 0.7445340553919475, 0.5634359742204349, 0.7028428316116333, 0.6510244160890579, 0.738591730594635, 0.7614864856004715, 0.47598228603601456, 0.6803987175226212, 0.628324568271637, 1.0679221685443605, 1.030553199350834, 1.532778650522232, 0.7996237277984619, 0.7323859222233295, 0.2417687295936048, 1.0399541855523629, 1.0883267670869827, 0.5074516981840134, 0.7749031204730272, 0.655802458524704, 0.5680733099579811, 0.754267580807209, 0.6408459941546123, 0.5582181612650554, 0.71003062526385, 0.7539686478674412, 1.4859452875597137, 0.818901777267456, 0.6576433697094519, 0.5745389685034752, 0.6384283900260925, 0.6903226599097252, 0.42060109227895737, 0.865381259471178, 0.28183188289403915, 1.0101629011332989, 0.7828267879784108, 0.8369459249079227, 0.7605045040448506, 0.7115306407213211, 0.6996086910367012, 0.4944704473018646, 0.8607598841190338, 0.8834591805934906, 0.7925195813179016, 0.5998290479183197, 0.8710692822933197, 0.6625744005044301, 0.5272884894162416, 1.3548390567302704, 0.6347830512871344, 0.6303028989583254, 0.7245894074440002, 0.6459782645106316, 0.7436918318271637, 0.5087755158543587, 1.1029760539531708, 1.0053840383887291, 0.7830426637083292, 1.4660369455814362, 0.6991742551326752, 0.8909877698868514, 1.0733705163002014, 0.9395906627178192, 0.7743524855801037, 0.8772859126329422, 0.8281651337941487, 0.5886944532394409, 0.9658520594239235, 1.0384322106838226, 0.7106208130717278, 0.7010544091463089, 0.5548787713050842, 0.46849288046360016, 0.46725984662771225, 0.2728203106671572, 1.1349439546465874, 0.719582125544548, 0.7023741081357002, 0.8794546127319336, 0.3652929402887821, 0.14899153262376785, 0.7048763483762741, 0.7928879197154726, 0.5346785858273506, 0.662583801150322, 1.0238764956593513, 0.20583510398864746, 0.7237193509936333, 0.7378905855119229, 0.18978746235370636, 0.14909285120666027, 1.2212642915546894, 1.2845941497012974, 0.14904201589524746, 1.2198408597282002, 0.634095882376035, 0.5612525157630444, 0.8252277672290802, 0.6648485511541367, 0.6812582314014435, 0.5441253632307053, 0.6683849804103374, 0.8458390191197396, 0.9671408534049988, 0.6484588320766176, 0.7516002930700779, 0.860603079199791, 0.699435330927372, 0.5993933975696564, 0.48431822657585144, 0.6348696127533913, 0.38325291872024536, 0.2865099459886551, 0.6374717553456625, 0.5316020896037419, 0.477272167801857, 1.0152019808689754, 0.8653400652110577, 0.5984971895813942, 0.5912995152175426, 0.6964218343297641, 0.6062542200088501, 0.6805987820029259, 0.7091294452548027, 0.6540660964591163, 0.5146113887429238, 0.5605276487767696, 0.41143399477005005, 0.8083738721907139, 0.7880795709788799, 0.49359459429979324, 0.6353197440505027, 0.6030174222375666, 0.47860297880002434, 0.8453245982527733, 0.5913018211722374, 0.9049813821911812, 0.667791133125623, 0.7685693562030792, 0.6333963833749294, 0.6319784224033356, 0.6406765729188919, 0.6545318886637688, 0.6417811751365662, 0.7216724029609135, 0.5837517008185387, 0.7110192179679871, 0.6366047635674477, 0.7016436159610748, 0.7383497059345245, 0.7834982872009277, 0.7032231291135151, 0.6640307456254959, 0.5165034731229146, 0.666547991335392, 0.6622476609689849, 0.6936152006189029, 0.7175784707069397, 0.6949285020430882, 0.6365612347920735, 0.6406237532695134, 0.7035882994532585, 0.649482361972332, 0.6964740619063378, 0.6148048341274261, 0.6086261967817943, 0.6845351196825504, 0.6773666329681873, 0.6131176203489304, 0.6838026717305183, 0.5817418321967125, 0.597349865095956]
2025-11-14 06:42:57 - fedex - INFO - loss data:
2025-11-14 06:42:57 - fedex - INFO - [0.64861910790205, 0.4728761836886406, 0.36072241328656673, 0.7264051673312982, 0.6254005543887615, 0.8394636958837509, 0.9944010078907013, 0.9411208661539214, 1.0397628893454869, 0.7352800965309143, 1.2433197069913149, 0.9289394076913595, 0.8875533541043599, 0.7533163167536259, 0.6683011054992676, 0.26213449532432215, 1.4908731281757355, 0.594537210961183, 0.5956164300441742, 1.7323998510837555, 0.5612646717578172, 1.2679540015757085, 1.419970777630806, 0.8195583894848824, 0.9698051884770393, 0.7662861347198486, 0.7856713005652031, 0.7975644667943318, 0.5896936655044556, 0.7639204561710358, 0.6937829554080963, 0.7209630906581879, 0.7517728805541992, 0.5260303616523743, 0.6891431361436844, 0.6129700541496277, 0.9391767265541213, 0.9542043805122375, 1.3347745537757874, 0.7459202036261559, 0.7178359366953373, 0.27261910773813725, 0.9576924010845167, 0.9477368034422398, 0.44895702600479126, 0.8545834980905056, 0.6675745993852615, 0.5577477067708969, 0.7677754685282707, 0.6574718306461971, 0.545767143368721, 0.6971945315599442, 0.7851778008043766, 1.4189353063702583, 0.8515022061765194, 0.6352526464809973, 0.5469634458422661, 0.6195835471153259, 0.7137846052646637, 0.39303167909383774, 0.9820892792195082, 0.19429099559783936, 1.1386266574263573, 0.874637597054243, 0.8338032476603985, 0.7310395389795303, 0.6600276231765747, 0.6913349702954292, 0.4728853851556778, 0.8900055214762688, 0.9106327816843987, 0.7914983987808227, 0.5774103154738743, 0.8458128571510315, 0.6089892139037449, 0.5012230239808559, 1.2983485460281372, 0.6365743018686771, 0.6405193641781808, 0.6583633869886398, 0.593839006498456, 0.68659807741642, 0.4553277611732483, 1.1561614672342937, 1.0289593514055013, 0.6948799211531878, 1.4337017685174942, 0.6994371861219406, 0.7349397651851177, 1.0831673573702574, 0.866033386439085, 0.7927319446489924, 0.8471011966466904, 0.7817458162705104, 0.5746693685650826, 0.9241028763353825, 0.8593507260084152, 0.6760323792695999, 0.5869822651147842, 0.599049711599946, 0.37762379087507725, 0.5084223970770836, 0.2710971958935261, 0.9609544090926647, 0.5337211936712265, 0.5315314158797264, 0.7354757264256477, 0.362229835242033, 0.0919873546808958, 0.7622891217470169, 0.7764703200331756, 0.5355565696954727, 0.6283048547804355, 1.0725610211491585, 0.09854264929890633, 0.8030772656202316, 0.7107765514403581, 0.18297999538481236, 0.1356267612427473, 1.1337364669889212, 1.2896199353039264, 0.1314493352547288, 1.0724724275725228, 0.6072191384931405, 0.6013522408902645, 0.7256358191370964, 0.5963694006204605, 0.5452192649245262, 0.4223673716187477, 0.6444472620884578, 0.8756120666861534, 0.9258605241775513, 0.6091678458310309, 0.6303624846041203, 1.1259949505329132, 0.7741267532110214, 0.4424010366201401, 0.32097747921943665, 0.5677968338131905, 0.32607157342135906, 0.234773775562644, 0.66396813839674, 0.48553493805229664, 0.5122339725494385, 1.061196208000183, 0.8283247090876102, 0.5745657724993569, 0.49694606848061085, 0.6829357296228409, 0.5389839584628742, 0.6779382213950157, 0.7798075973987579, 0.6126497015357018, 0.43637129813432696, 0.5444700792431831, 0.32929398119449615, 0.8104414790868759, 0.784721203148365, 0.4584314860403538, 0.6066668180127939, 0.5582338204341275, 0.46031173850808826, 0.9092149510979652, 0.5607310354709625, 0.9374423585832119, 0.6391891837120056, 0.7224860921502113, 0.5444128941744566, 0.5445554852485657, 0.693586677312851, 0.6106392939885457, 0.4172622308135033, 0.6508177093097142, 0.5931455343961716, 0.741691380739212, 0.6288173161447048, 0.6697121672332287, 0.6920034699141979, 0.534464418888092, 0.4740018794933955, 0.6658270582556725, 0.46861010044813156, 0.5953474387526512, 0.6422729502831186, 0.6641518374284108, 0.643510028719902, 0.6435547371705372, 0.6183163697520893, 0.6275804440180461, 0.6660454794764519, 0.6378220580518246, 0.6042733028531074, 0.6051450272401173, 0.5514144251743953, 0.6385038271546364, 0.45931708812713623, 0.5297960713505745, 0.6146382689476013, 0.6029550209641457, 0.5392862984112331]
2025-11-14 16:04:01 - fedex - INFO - loss data:
2025-11-14 16:04:01 - fedex - INFO - [0.5948924099405606, 0.44889187812805176, 0.36050898432731626, 0.73559412236015, 0.5896679237484932, 0.7713785469532013, 1.0998508892953396, 0.9904376970870155, 1.3400672574838002, 0.7260566651821136, 1.296024154499173, 0.9511410146951675, 0.9042576104402542, 0.7785812877118587, 0.6709360331296921, 0.26435064604239805, 1.3779981285333633, 0.5565293716887634, 0.6178604327142239, 1.6461343728005886, 0.5338568910956383, 1.3019547749310731, 1.3403364973142744, 0.7600790162881216, 1.0203308835625648, 0.712490126490593, 0.7887820741782585, 0.8062098324298859, 0.5950834850470226, 0.7205019046862919, 0.6247020214796066, 0.7103867381811142, 0.74355348944664, 0.5803795009851456, 0.6910108427206676, 0.6046935766935349, 1.0398439754332816, 0.9797987453639507, 1.4029106497764587, 0.7781124338507652, 0.7137599363923073, 0.2661118216812611, 0.981176022307149, 1.001527700573206, 0.507095206528902, 0.8837524857372046, 0.6612552106380463, 0.5446135848760605, 0.7645938321948051, 0.6870671063661575, 0.5645564223329227, 0.7024251868327458, 0.7412709932774305, 1.4238884608660425, 0.8143488429486752, 0.6470188299814861, 0.567892886698246, 0.6095973551273346, 0.7181721776723862, 0.39794979244470596, 0.899838674813509, 0.21274390816688538, 0.9961390011012554, 0.762238621711731, 0.8075506836175919, 0.7192276914914448, 0.7006423026323318, 0.6924582421779633, 0.4910803958773613, 0.8457464650273323, 0.8552192486822605, 0.833584363758564, 0.5374483515818913, 0.8703490346670151, 0.6129781951506932, 0.4893507968634367, 1.3398520648479462, 0.6311523051311572, 0.6307761289179326, 0.6767641752958298, 0.5577924251556396, 0.6716797351837158, 0.4454628750681877, 1.126222163438797, 1.06679368019104, 0.88864341750741, 1.497357726097107, 0.6851218044757843, 0.5984944868832827, 0.8281799200922251, 0.7780285626649857, 0.631281951708453, 1.074986606836319, 0.6633529116710026, 0.53426294028759, 0.8655565846711397, 0.8939692229032516, 0.5644048973917961, 0.4545271173119545, 0.5021755117923021, 0.3266541576012969, 0.4094432480633259, 0.2599536556750536, 0.713743731379509, 0.36314889043569565, 0.38359151780605316, 0.6308349706232548, 0.3721125107258558, 0.1368130948394537, 0.6958806961774826, 0.697191028722695, 0.4015427194535732, 0.6069017134606838, 1.0378112263977528, 0.05793654918670654, 0.7961686681956053, 0.6462711498141289, 0.217080969363451, 0.14551113173365593, 1.3170857336372137, 1.339729805290699, 0.12990391999483109, 0.9528176688722202, 0.5563814205427964, 0.5445330664515495, 0.6112524680793285, 0.5016780495643616, 0.48338982835412025, 0.28905995562672615, 0.6601840214182932, 0.9693381369113923, 1.0340718142688274, 0.6156050747349149, 0.5554579321295023, 1.10457181930542, 0.7687387987971306, 0.49852779135107994, 0.2906547263264656, 0.6920378319919109, 0.2746564354747534, 0.20776429772377014, 0.6443409298857053, 0.4743860000744462, 0.42608925700187683, 0.7656124134858449, 0.6493664458394051, 0.40425562326397213, 0.5207230374217033, 0.700121524433295, 0.5559560135006905, 0.6368692357093095, 0.7245295271277428, 0.5477663246648652, 0.3814015068113804, 0.5076873898506165, 0.2103077694773674, 0.9084817580878735, 0.7688167206943035, 0.3536501042544842, 0.5703210704028606, 0.5383996654834067, 0.398051812180451, 0.9116318076848984, 0.5560941666364669, 0.8561479821801186, 0.5994707544644673, 0.6788712605834007, 0.4588184002786875, 0.6021441519260406, 0.5546062514185905, 0.5761655097206433, 0.43034013360738754, 0.6529111106480872, 0.48895313590765, 0.716099704305331, 0.7225860245525837, 0.7666482962667942, 0.6980045028030872, 0.6326070725917816, 0.4400941754380862, 0.5960215181112289, 0.4014313022295634, 0.6255041271448135, 0.6371288512434279, 0.6301938320199649, 0.7482363432645798, 0.6509052316347759, 0.6039386093616486, 0.5949597880244255, 0.6385307759046555, 0.6350076198577881, 0.6330194562673569, 0.5315973833203316, 0.6751356944441795, 0.6368327587842941, 0.39440299570560455, 0.5434887483716011, 0.5958398133516312, 0.5097518712282181, 0.559021101466247]
2025-11-17 05:23:37 - fedex - INFO - loss data:
2025-11-17 05:23:37 - fedex - INFO - [0.5172320407194395, 0.25864602625370026, 0.30793474646481245, 0.734332537278533, 0.543598975454058, 0.7522265762090683, 1.315594914369285, 1.4723082658435618, 1.1551101148128509, 0.7939344942569733, 1.3251462772281632, 0.9011211488395929, 0.6433346780637901, 0.5670283383556775, 0.6940144002437592, 0.29432847537100315, 1.1218143701553345, 0.4900217667222023, 0.5692426253642355, 2.0173648580287895, 0.5608434174209833, 0.8914455546376606, 0.6435011913999915, 0.6079523533582687, 0.5197527424565384, 1.0597195313312113, 0.6021932279593066, 0.6603360558549562, 0.5622684334715207, 0.8003151838978131, 0.6543035879731178, 0.6999503150582314, 0.7927007004618645, 0.46970776841044426, 0.6722041338682174, 0.5298579828813672, 0.9141705185174942, 0.9578099027276039, 0.9023554250597954, 0.7651041001081467, 0.6921040947948183, 0.23972549279661556, 0.511564782687596, 0.6261399909853935, 0.5070765241980553, 0.7502202561923436, 0.62823636084795, 0.4635269269347191, 0.7735817730426788, 0.5864696726202965, 0.5381569986542065, 0.6694008827209472, 0.5868381719504083, 0.964451940464122, 0.5057240437184061, 0.5727402202430225, 0.46442706882953644, 0.5689974501729012, 0.6556693762540817, 0.3759089782834053, 0.6420316823891231, 0.3618634734302759, 0.8782243577297777, 0.48222970336468685, 0.9257270991802216, 0.7359697421391804, 0.5920271128416061, 0.5928776934742928, 0.4889489486813545, 1.159343833103776, 1.2938805520534515, 0.8787756313880284, 0.5932686254382133, 0.8788344264030457, 0.5648123100399971, 0.37975481848575565, 1.1661535203456879, 0.4778881473200661, 0.5570218656811188, 0.6726679354906082, 0.44503338209220344, 0.6373546868562698, 0.5338368642454346, 1.4395607473949592, 0.7330818560329221, 0.5582783725112677, 0.578801553696394, 0.4911532700061798, 0.3294374307519511, 0.5821391131196703, 0.7075399016030133, 0.4922918499048267, 1.2857530862092972, 0.5099866203963757, 0.45378080010414124, 0.9157442776486278, 0.6582067795097828, 0.731735129840672, 0.27152779093012214, 0.4804727421807391, 0.2673199629145009, 0.3883705632761121, 0.1807519915440169, 0.5578006862529686, 0.8002197965979576, 0.5698260702192783, 0.722040006890893, 0.19216481050742523, 0.0478955889120698, 0.6018981076776981, 0.5931622843657222, 0.37165874029908863, 0.6869249245565798, 1.032771129994408, 0.03334650583565235, 0.4778683749692781, 0.45433941522221033, 0.15945602860301733, 0.0810397055465728, 1.2631489064078778, 1.22616277189043, 0.06326956278644502, 0.5264032309808369, 0.5597826619632542, 0.5526821538805962, 0.3404503045603633, 0.6808842867612839, 0.7766870390623808, 0.06901495775673538, 0.673790386744908, 1.0413955624939666, 1.1634138524532318, 0.42298786256994525, 0.2819323412079672, 1.5880520343780518, 0.45802385604474694, 0.42333186138421297, 0.17095166817307472, 0.425209341570735, 0.1507505628812526, 0.11256347363814712, 0.6689366636176903, 0.2866558961570263, 0.23524904437363148, 0.43370841443538666, 0.4793719840901238, 0.28204982435064657, 0.47978781163692474, 0.424144234135747, 0.3313292406499386, 0.6120911514442554, 0.6250992622226477, 0.31204409604626043, 0.2955974035171999, 0.453599150109637, 0.1497795907780528, 0.5903545873505729, 0.3766876898173775, 0.311445701867342, 0.3248826211808543, 0.45095200384301803, 0.3214219499911581, 0.7304101996123791, 0.37970198525322807, 0.5241234941141946, 0.40411474059025443, 0.46988887310420213, 0.46484385484031265, 0.40542247146368027, 0.681359963491559, 0.5399395475784938, 0.31725941557023263, 1.0957407727837563, 0.47177500277757645, 0.6789647586643696, 0.6119617819786072, 0.7799820687089647, 0.6047780332820756, 0.4911437891423702, 0.32045862078666687, 0.5240426696836948, 0.23965308889746667, 0.3370620767144781, 0.4830232813422169, 0.4577355937411388, 0.4384404942393303, 0.4365715036789576, 0.35528722777962685, 0.5048089846968651, 0.404554171487689, 0.38680579194000786, 0.4282912353151723, 0.39255587607622144, 0.3458195798099041, 0.3251497575214931, 0.3149915284344128, 0.4902389459311962, 0.4127903049811721, 0.5949752968735993, 0.47872977224843843]
2025-11-17 06:49:20 - fedex - INFO - loss data:
2025-11-17 06:49:20 - fedex - INFO - [0.5737597718834877, 0.28381939232349396, 0.29237401121492057, 0.7580947488546371, 0.5828108457582337, 0.7176493257284164, 1.261035113595426, 1.0013377352484636, 1.135675811767578, 0.7351184636354446, 1.6307511802814487, 1.1836967132985592, 0.6593955842157204, 0.5568068474531174, 0.7332947999238968, 0.29336132455085007, 1.2119953334331512, 0.4807413466274738, 0.589013391307422, 2.395769082216753, 0.6070134513494041, 0.8114189390935713, 0.6673097762848355, 0.7239399820566177, 0.4637354132054108, 1.290507985278964, 0.6274073543909349, 0.7007394388318062, 0.5958409458398819, 0.765467216571172, 0.6778422743082047, 0.7140592709183693, 0.7891203612089157, 0.4774911031126976, 0.6945483446121216, 0.5777131989598274, 0.9401479492496168, 0.9847472161054611, 0.9275576323270798, 0.755179151892662, 0.6882194174187524, 0.258267202953759, 0.5650730005332402, 0.6963085745062148, 0.44655702635645866, 0.7356429105358464, 0.6172933615744114, 0.5592474639415741, 0.7786604519933462, 0.6103418707847595, 0.5146734317143757, 0.7137363493442536, 0.6883213117955223, 1.1270826663821936, 0.5928611526531833, 0.5950321427413395, 0.4871312826871872, 0.5894385352730751, 0.7064180597662926, 0.37732235342264175, 0.7064895661813873, 0.33902470394968987, 0.9388852240517735, 0.5763367725950148, 0.9975266392741885, 0.7052894743780296, 0.7009472250938416, 0.6193812005221844, 0.5939367860555649, 0.9064858816564083, 0.8154167756438255, 1.060615161847737, 0.6605441011488438, 1.0998158901929855, 0.6360346799095471, 0.4751982830072704, 1.2440556585788727, 0.6408269899232046, 0.6264370924232212, 0.7462101578712463, 0.513787142932415, 0.6944257915019989, 0.6533435611054301, 1.6048988103866577, 0.9412618183811742, 0.7017514389008284, 0.9271871019154787, 0.6329227387905121, 0.36303667331996714, 0.9048632362059185, 0.9299360252916813, 0.5830262948182368, 1.208102747797966, 0.6331966184079647, 0.5519465431571007, 1.0128030721098185, 0.7027549371123314, 0.7235092632472515, 0.4120306484401226, 0.7356560751795769, 0.2660510981721538, 0.4350491091609001, 0.22505395555574642, 0.7482897330607687, 0.607899148017168, 0.5121586471796036, 0.8775810059159994, 0.3236396403184959, 0.07776585407555103, 0.7307567074894905, 0.6659638447953122, 0.4237953637327467, 0.5980087397620082, 1.4670270591189987, 0.046278875321149826, 0.6909738947703902, 0.6254683730829703, 0.16621747892349958, 0.10850668931379914, 1.4923532002139837, 1.278120184709367, 0.19269747287034988, 0.5579840072563717, 0.6285420507192612, 0.5750763469508716, 0.5797161161899567, 0.7016337066888809, 0.6552804484963417, 0.14210707508027554, 0.7280189167885553, 1.153079509217706, 1.3786226021392005, 0.5517528271036488, 0.40898706988760625, 1.5154837667942047, 0.747931819409132, 0.38862100802361965, 0.2227275725454092, 0.685076417401433, 0.22540215984918177, 0.14014165243133903, 0.6681253761053085, 0.40227188281714915, 0.5144051499664783, 0.793670865893364, 0.5452498325279781, 0.4189021464969431, 0.6174200209123748, 0.5855315573513508, 0.5159612104296685, 0.7300439106818652, 0.8901662491261959, 0.45453429062451634, 0.3745354243243734, 0.6054137504127408, 0.2637586407363415, 0.944229257958276, 0.6431501103299004, 0.4568390045315027, 0.47557156364384445, 0.5387072930378574, 0.32042526081204414, 1.0146959535777569, 0.5007291084362401, 0.8816499007599694, 0.5220564814905325, 0.45682925809370845, 0.7735828698745796, 0.7079525105655193, 0.7845961526036263, 0.6215005891308898, 0.3249079104926851, 0.7807856643838542, 0.5676968321204185, 0.7994545757770538, 0.7674423381686211, 0.6450209617614746, 0.6753746952329363, 0.39444059133529663, 0.3428671061992645, 0.5444484353065491, 0.44311191141605377, 0.5484317274470079, 0.5553274104105574, 0.519498477379481, 0.4332122579216957, 0.5257529057562351, 0.5354858785867691, 0.48943258325258887, 0.5400702934712172, 0.5700446558850152, 0.5895129830429429, 0.45088095515966414, 0.40369562357664107, 0.4284267707594803, 0.392756301643593, 0.6732550971210003, 0.46347062041362125, 0.6658994052559137, 0.6289269168462073]
2025-11-17 07:28:17 - fedex - INFO - loss data:
2025-11-17 07:28:17 - fedex - INFO - [0.5647720620036125, 0.2863074131309986, 0.3117640151054059, 0.7726483464241027, 0.6036386724029268, 0.733903631567955, 1.374270599335432, 1.0393332370689936, 1.037450048327446, 0.8188434764742851, 1.354956668180724, 1.0443283040076494, 0.6548411995172501, 0.5825532600283623, 0.6902561485767365, 0.2994003532720464, 1.1667925119400024, 0.48639766648411753, 0.5672981760331562, 2.249738593145998, 0.5941079427591629, 0.8149087791449375, 0.7416545355485545, 0.726287505030632, 0.48577462056917803, 1.3085292214527726, 0.5674155954957792, 0.6750412116448085, 0.566299485663573, 0.708554392059644, 0.6660299748182297, 0.6429909765720367, 0.7511843144893646, 0.49349407851696014, 0.6903563380241394, 0.6359785236418247, 0.7782708994512046, 0.7860000282526016, 0.5479899570345879, 0.8288794234395027, 0.694796445114272, 0.22873024515023357, 0.5721412768055286, 0.6780969096081597, 0.46626076102256775, 0.8044561339276177, 0.6360558867454529, 0.5152877792716026, 0.7930529750883579, 0.6300523459911347, 0.5148585339387257, 0.6796470522880554, 0.6858942090637155, 1.1450916611190354, 0.5648766436747142, 0.5436044404549258, 0.457842867821455, 0.604039154946804, 0.755638986825943, 0.3213479667901993, 0.5314007295029504, 0.3677118495106697, 0.8400743813253939, 0.4104004071818458, 0.9778088192854608, 0.7567193135619164, 0.6666002869606018, 0.5770484358072281, 0.6277368366718292, 1.0024500098079443, 1.0240700226277113, 1.0052600105603535, 0.6168637077013652, 0.9160831421613693, 0.5733862804869811, 0.4260234000455392, 1.0843816101551056, 0.5196358911693096, 0.5811083581671663, 0.6052081510424614, 0.43857510068586897, 0.6857288330793381, 0.5439959786211451, 1.6476166248321533, 0.7694126154103922, 0.5869909785687923, 0.6530531561002135, 0.6242193281650543, 0.2766910506608455, 0.7176926460649287, 0.8642740035429597, 0.5115843212143296, 1.0473489612340927, 0.44711779430508614, 0.4360128790140152, 0.7310930825769901, 0.39667345210909843, 0.6816868335008621, 0.32642596401274204, 0.4685073702463082, 0.27796512416430885, 0.3553750105202198, 0.15870766007145376, 0.5727262816258839, 0.8394125550985336, 0.7665954167023301, 0.7609351240098476, 0.23950097470411233, 0.053966153878718615, 0.6667339876294136, 0.5419386119714805, 0.32277533571634975, 0.43852655470578206, 1.1593930450954328, 0.027347980067133904, 0.5572246982316886, 0.43219024386060867, 0.2981862975284457, 0.14508231077343225, 1.1572397854179144, 1.0986168800461056, 0.04996417136862874, 0.5197587124338108, 0.4542970810434781, 0.4092407003045082, 0.6002051392570138, 0.508921355009079, 0.6964955758303404, 0.06082471692934632, 0.6178539817531903, 1.2324396591219637, 1.3135705835052898, 0.429071288130113, 0.3052711465108887, 1.3932311534881592, 0.5447571291588247, 0.4253329448401928, 0.13941476214677095, 0.4597657723352313, 0.18640968845491962, 0.13520475663244724, 0.680041713019212, 0.317889940738678, 0.28814649395644665, 0.40666176527738573, 0.5200991172875677, 0.33579543818320545, 0.5370946941631181, 0.448505486920476, 0.302966532856226, 0.6059626747426906, 0.6088223154656589, 0.3685849479266575, 0.35140446438971495, 0.43003346804263337, 0.17957529611885548, 0.5765234998294285, 0.27217433920928413, 0.45206195302307606, 0.3464125440112854, 0.4265302748286298, 0.22475769769932544, 0.9214708544313908, 0.3868410678373443, 0.6437354018645627, 0.38357483906050527, 0.42451546792136996, 0.43002814054489136, 0.40643104538321495, 0.4744608362670988, 0.541866080924159, 0.33550677282942665, 0.6289255893124002, 0.41694987565279007, 0.8183672517538071, 0.5976235059206374, 0.6914507278374263, 0.7240909870181764, 0.5607605054974556, 0.3883606518308321, 0.5837595276534557, 0.21743305958807468, 0.4245224410766049, 0.5326677978570973, 0.5078987342615923, 0.5550953447818756, 0.4930518579979738, 0.36749214492738247, 0.3175702802836895, 0.4672717396169901, 0.3978816994598934, 0.3963810715236162, 0.2859926775097847, 0.3278908684849739, 0.37661957927048206, 0.3905810032572065, 0.5399613920599222, 0.42713838070631027, 0.6475682966411114, 0.41401733670915875]
2025-11-17 08:19:51 - fedex - INFO - loss data:
2025-11-17 08:19:51 - fedex - INFO - [0.579053125033776, 0.6333787937959034, 0.5566115404168765, 0.6022494420409202, 1.0685680533448856, 1.0417781020514667, 1.2496207505464554, 0.7505428443352382, 0.5552913257231316, 0.7085202753543853, 1.0885613608018807, 0.8601022511720657, 0.6237138360738754, 1.3168375461051862, 0.7439726088196039, 1.1227770149707794, 0.7019462183117866, 0.5978795289993286, 0.6644716188311577, 0.573941042025884, 0.7603748962283134, 0.7102010597785313, 0.5436742150535187, 0.7318528264760971, 0.6399970302979152, 0.660004089275996, 0.45963015242790184, 0.655302823583285, 0.6537012681365013, 1.3442998852115124, 1.1937041282653809, 0.6932759036620457, 0.5919288704171777, 0.6890899129211903, 0.46431358430224157, 0.6849380942682425, 0.5859019781152408, 0.5594713116685549, 0.875750221312046, 0.7189682066440582, 0.9820674508810043, 0.6653629139065742, 0.5773486614227294, 0.5564036468664806, 0.49013812591632205, 0.4665716663002968, 0.5019805105403066, 0.7222682684659958, 0.31131596319998306, 1.020363802711169, 0.5522386431694031, 0.40358723451693856, 0.5285914565126102, 0.4554454401135445, 0.4436777211725712, 0.4254363216459751, 0.5384727157652378, 0.3801473155617714, 0.3256492018699646, 0.5092124924063682, 0.7676802619049947, 0.83387590944767, 0.17137401675184566, 0.5395867481827736, 0.3954616511861483, 0.6009031583865484, 0.40767546991507214, 0.6029646247625351, 0.22690122947096825, 0.767990630120039, 0.4347058966755867, 0.41269018650054934, 0.3627237007021904, 0.41665238663554194, 0.7170946321760615, 0.309591395733878, 0.34403768057624495, 0.47789114216963446, 0.2509557940065861, 1.2475732094608247, 0.650558449824651, 0.28035858770211536, 0.3331670416519046, 0.09148105458977322, 1.0914969444274902, 0.74474751931848, 1.171975091099739, 0.3365921415388584, 0.4804825037717819, 0.41584631303946173, 0.32295329620440805, 0.14453442953526974, 0.21116759193440277, 1.1673704252655928, 1.1021906659007072, 0.3835747539997101, 0.23712435737252235, 0.20243478938937187, 0.86766053782776, 0.9757061491254717, 0.3637741095153615, 0.40259947652618094, 0.3085407167673111, 0.19656742736697197, 0.30262055372198426, 0.2855569999665022, 0.3767621412873268, 0.28733429630907875, 0.40235945271948975, 0.26055302768945693, 0.394461448242267, 0.15160565823316574, 0.3549108229577541, 0.18695863522589207, 0.3085286859422922, 0.07809311710298061, 0.13722649251576513, 0.42697302003701526, 0.12546199653297663, 0.08898197552965333, 0.4391499529980744, 0.2150887818618988, 0.48017436295437316, 0.3524769290039937, 0.30639741038903595, 0.27856135393182435, 0.2836896054446697, 0.16214345407982667, 0.10746483551338315, 0.13565470084237555, 0.4064078517258167, 0.2074140813201666, 0.3313743842765689, 0.18247047290205956, 0.07001087434279421, 1.382262798647086, 0.3074240490483741, 0.03530415708276753, 0.40955046135932205, 0.1633730223402381, 0.24516323606173196, 0.3884269967675209, 0.14325202194352946, 0.21626102039590478, 0.24511444506545862, 0.1523290676996112, 0.22413089945912362, 0.3142999888708194, 0.13427914632484317, 0.1324487507343292, 0.41124327927827836, 0.1507029931526631, 0.36889737471938133, 0.13225455861538649, 0.12697701680008322, 0.26167951337993145, 0.10190738807432353, 0.17105567771941424, 0.30754384882748126, 0.1892678802832961, 0.3566923402249813, 0.12021753024309874, 0.20652670226991177, 0.26129165943711996, 0.36600256618112326, 0.1447780905291438, 0.12116692960262299, 0.18649029669662315, 0.19828550579647225, 0.3212234079837799, 0.23457646369934082, 0.11928630930682023, 0.15267572241524854, 0.31016945466399193, 0.2679708721116185, 0.38019928336143494, 0.1251880534691736, 0.10457548126578331, 0.18301466557507712, 0.1511595631018281, 0.27339464547112585, 0.1854964794591069, 0.30871735885739326, 0.3425613880157471, 0.11187161947600543, 0.29733337834477425, 0.18704448143641153, 0.35259281595548, 0.13206902481615543, 0.3934198134889205, 0.21041882783174515, 0.23437287732958795, 0.13491534627974033, 0.2473071552813053, 0.16495619118213653, 0.20418075285851955, 0.24996066875755787, 0.18886735973258814, 0.11048775725066662, 0.2994604516774416]
2025-11-17 16:22:16 - fedex - INFO - loss data:
2025-11-17 16:22:16 - fedex - INFO - [0.5969644722839196, 0.6024625177184741, 0.5330688258012135, 0.6079901292920112, 0.8784313350915909, 0.842803054333975, 1.2576694399118424, 0.7702391843001049, 0.5508971594584485, 0.6991903424263001, 1.1411507038865238, 0.9422974636157353, 0.6177511364221573, 1.2260544784367085, 0.7102514803409576, 1.0727685689926147, 0.6945514962077142, 0.6009189672768116, 0.6727084830403328, 0.5483262815202276, 0.751732411980629, 0.6923011898994446, 0.5428239622463783, 0.698415395617485, 0.65409421424071, 0.6320053612192471, 0.460009609721601, 0.6770989487568537, 0.6645309974749882, 1.3475452835361164, 1.1817382087310155, 0.6898149053255718, 0.6531131553153198, 0.6854707539081574, 0.5510165051867565, 0.5855264607816935, 0.7771650701761246, 0.6168298572301865, 0.8291047662496567, 0.657064588367939, 0.9334535348849993, 0.6861539989709854, 0.6589208990335464, 0.6407815366983414, 0.5773872310916583, 0.5679813995957375, 0.4863429251126945, 0.7839541733264923, 0.33738697847972315, 1.1364718129237492, 0.5157400071620941, 0.4473719919721285, 0.537276287873586, 0.5818887799978256, 0.5153490679959456, 0.4422385189682245, 0.5808778673410415, 0.47949114441871643, 0.4725733622908592, 0.5569813251495361, 0.9298713176200788, 0.8054629191756248, 0.19950617353121441, 0.6037802512447039, 0.433536977507174, 0.6606522252162298, 0.3827862764398257, 0.7402355968952179, 0.35105018193523085, 0.8340782262384892, 0.5224860007564227, 0.5533315755426884, 0.37419607676565647, 0.5067109532654286, 0.7407414771926899, 0.38501558005809783, 0.39274156217773754, 0.5498186225692432, 0.32394075517853105, 1.450500153315564, 0.8718806274235249, 0.3123708814382553, 0.3348222034983337, 0.11271466656277578, 1.1834478974342346, 0.719722410508742, 0.8531732112169266, 0.39332669973373413, 0.5565336383879185, 0.5295103391011556, 0.45266759941975276, 0.28551329796512925, 0.28209080422918004, 0.6703149390717348, 0.9428753353655338, 0.3993658199906349, 0.22467376105487347, 0.19156466238200665, 0.789537200704217, 1.0740227848291397, 0.4681836801270644, 0.430652941763401, 0.31978297233581543, 0.2704208940267563, 0.42459566468993826, 0.34354438384373986, 0.4064459539949894, 0.36001421976834536, 0.5031563099473715, 0.28527061715722085, 0.43776967028776803, 0.27896352112293243, 0.4486261919140816, 0.298026812573274, 0.45786010567098856, 0.17177479838331539, 0.15638171493386227, 0.47494227439165115, 0.16598477959632874, 0.10683340501661102, 0.4233962760772556, 0.24813230273624262, 0.45295757576823237, 0.47574190360804397, 0.3415776966139674, 0.3667621384064357, 0.3410043438275655, 0.2614218917985757, 0.2525543551892042, 0.11264367137725154, 0.4165851563215256, 0.19980477091545862, 0.3628072448074818, 0.23596210405230522, 0.07221365727794668, 1.271968389550845, 0.2798800783542295, 0.03704309832149495, 0.4109025117941201, 0.11228141561150551, 0.31741892943779626, 0.2250165119767189, 0.16182993600765863, 0.267181246355176, 0.3475303016602993, 0.15148621750995517, 0.25724180657416584, 0.38342539841930073, 0.15910287760198116, 0.18167718797922133, 0.44314895272254945, 0.1237274706363678, 0.4049202483147383, 0.12629199586808681, 0.18379302974790335, 0.3796168901026249, 0.12151106912642717, 0.2630565885454416, 0.34966554020841917, 0.2878629732877016, 0.3935444988310337, 0.17113779094070197, 0.22395546734333038, 0.25752184012283885, 0.38258252292871475, 0.13920695893466473, 0.13169552572071552, 0.20948337080578008, 0.21753366539875668, 0.3257207997143269, 0.21976838447153568, 0.1409819672505061, 0.2008675963928302, 0.3867306150496006, 0.27388591319322586, 0.40749243795871737, 0.20088619329035282, 0.29100449569523335, 0.26221714410930874, 0.10095310304313898, 0.26774568380787966, 0.32618725672364235, 0.3886332347989082, 0.3965850330889225, 0.22517027147114277, 0.3159949786961079, 0.2452267081787189, 0.3709818211694559, 0.18311192095279694, 0.4104412412891785, 0.25028504244983196, 0.27867849891384444, 0.2561829835176468, 0.1790113840252161, 0.26118364930152893, 0.3083387526373068, 0.30925891622900964, 0.2168596126139164, 0.14516634121537209, 0.3081648115068674]
2025-11-22 02:31:04 - fedex - INFO - loss data:
2025-11-22 02:31:04 - fedex - INFO - [0.5619840982769218, 0.6930290460586548, 0.6562583021819591, 0.6828700676560402, 0.7315498098731041, 0.6430491596460343, 0.5928039960563183, 0.6708538979291916, 0.5463528726782118, 0.8981247586508592, 0.6875950038433075, 0.6658299322639193, 0.6753182669480642, 0.6002411297389438, 0.7378774210810661, 0.5250890247523785, 0.7311916500329971, 0.601788906114442, 0.6374332138470241, 0.682981439679861, 0.6158437430858612, 0.5384172759950161, 0.567345390362399, 0.5194025323504493, 0.6581210099160671, 0.5614359013736248, 0.4477552741765976, 0.40932093374431133, 0.5681086924104464, 0.4548309344266142, 0.4904268801212311, 0.6371563151478767, 0.43525054678320885, 0.3942737765078034, 0.5187175773084164, 0.4813383765518665, 0.5977098892132441, 0.48630484168728194, 0.45991069202621776, 0.4552833835283915, 0.5003272128424474, 0.368470746136847, 0.4585457072726318, 0.5019458631674448, 0.3223686069250107, 0.48356665931642057, 0.46043085381388665, 0.46288172105948133, 0.38631613925099373, 0.4548722289502621, 0.47822212651371954, 0.3087671925313771, 0.7070788292746459, 0.38119012117385864, 0.34202291568120324, 0.793024237334196, 0.24738894318718285, 0.48207858949899673, 0.3259028960906324, 0.31978844002421414, 0.4797567489246527, 0.3534948255866766, 0.41879109938939413, 0.2888707169198564, 0.389244844019413, 0.34431401888529456, 0.4393829553432408, 0.4418604411184788, 0.3922973675032457, 0.37044556364417075, 0.35168552920222285, 0.3441079949339231, 0.2551762887853242, 0.4212583713233471, 0.21643154757718247, 0.3650169816400324, 0.35441090736005987, 0.3076330134024223, 0.35760171742045455, 0.4180302578955889, 0.3256651213658708, 0.2630474620897855, 0.32373360109825927, 0.21102314772793934, 0.30816746775859166, 0.268069742868344, 0.2658885941242001, 0.2587818599904754, 0.25893743258590496, 0.2616663093989094, 0.3600524809211493, 0.3300958601757884, 0.19911320926621556, 0.3836668185889721, 0.15822288146175978, 0.54983801394701, 0.14672577641904355, 0.19301592512056231, 0.42318924255669116, 0.38997852662578225, 0.25650918104996284, 0.3325490038841963, 0.32012379840016364, 0.1909727237497767, 0.15867698173969985, 0.2986611154861748, 0.29983585150912406, 0.19592862367862834, 0.12214409373700619, 0.3563044499605894, 0.2656595046144156, 0.34919481705874206, 0.3308591514825821, 0.29790442548692225, 0.22844143025577068, 0.21083625126630068, 0.1016526035521002, 0.3834463726729155, 0.28106811965505285, 0.2913805954158306, 0.1728393544132511, 0.15316207529976963, 0.7172213540678578, 0.33964936192413525, 0.2314945344502727, 0.33384223954219905, 0.26942872372455895, 0.14192452824984986, 0.2593853097142918, 0.2311746315298868, 0.17921892725696256, 0.20056914258748293, 0.1834596272557974, 0.3065773338079453, 0.10034280860175689, 0.07407058575190603, 0.4589022435913128, 0.27843944791571373, 0.196989188157022, 0.2570114477537572, 0.10633059339597821, 0.2954537607729435, 0.2481267437338829, 0.24220543188442079, 0.30562596963718536, 0.25623708344064655, 0.16017501442027943, 0.10314440685102627, 0.3590491721406579, 0.2727676985519273, 0.3862797636538744, 0.18927434543147684, 0.28282956071197984, 0.2507567656536897, 0.3575461022555828, 0.1280576614663005, 0.17867332299550376, 0.2777945529669523, 0.2929579349855582, 0.13003549804644926, 0.2859134485324224, 0.23158255610615014, 0.22498272610828282, 0.34100372048893146, 0.10740557853132486, 0.3264705188838499, 0.18548040656106812, 0.18976300680743796, 0.21547167294969163, 0.17054563829054437, 0.20359217418756867, 0.22757843136787415, 0.16691452522451677, 0.1540489537175745, 0.29619516686403324, 0.24721829619790828, 0.1121662026271224, 0.19958156506930078, 0.09740369549642006, 0.2618200387206993, 0.17089601140469313, 0.24152891989797354, 0.29551005344837905, 0.30985000762822373, 0.23462472949177027, 0.21508849749252912, 0.19463080839653102, 0.3170462127774954, 0.14211228657513858, 0.22809566107268137, 0.21744053009897468, 0.23837353265844285, 0.2583482679212466, 0.09934411570429802, 0.17328722837070626, 0.36516853235661983, 0.2745452167466283, 0.18996832434620176, 0.16670625545084478, 0.3466554640526218]
2025-11-22 04:48:39 - fedex - INFO - loss data:
2025-11-22 04:48:39 - fedex - INFO - [0.4425135284662247, 0.8031949996948242, 0.628690380603075, 0.5719261042773723, 0.7253201901912689, 0.8658642824739218, 0.8004566878080368, 0.5479054249823093, 0.6138532907598548, 0.8661009937524795, 0.737294364720583, 0.6000140450066991, 0.9060755342245103, 0.6673877928406, 0.5445280913263559, 0.49192671850323677, 0.6739989012479782, 0.6582703772932291, 0.5571265193737216, 0.8378875762224197, 0.4328765943646431, 0.724152809381485, 0.5634117843583226, 0.4946420257911086, 0.45893973484635353, 0.546077542193234, 0.30935342160519214, 1.5157597362995148, 0.514177923463285, 0.4951848240569234, 0.4201804228127003, 0.6210659518837929, 0.5561687360207239, 0.4592871908098459, 0.6564348921179771, 0.4759764658287168, 0.47509342655539516, 0.42114205596347654, 0.6940990462899208, 0.560742798447609, 0.40501931458711626, 0.40059551745653155, 0.5433124750852585, 0.42596812546253204, 0.35760761275887487, 0.4810421360035737, 0.4844365302473307, 0.5310635533183813, 0.4761183794587851, 0.4513998061418533, 0.413060561236408, 0.42037239447236063, 0.47111748605966564, 0.1951443009906345, 0.48377830907702446, 0.4439941342920065, 0.4406462758779526, 0.31006386019289495, 0.2518329245969653, 0.6432545710355043, 0.4940734809264541, 0.3501144267618656, 0.349799164570868, 0.2933249035384506, 0.43877032212913036, 0.3040346912211842, 0.598756542801857, 0.7043544627726078, 0.4060588367283344, 0.28288447931408883, 0.41871568063894904, 0.13809524693836767, 0.38749141059815884, 0.370509410277009, 0.26012665377929806, 1.0167084038257599, 0.45934374406933787, 0.17797907628118992, 0.351743129757233, 0.3435349475592375, 0.6233858589082957, 0.2716050747781992, 0.33118852596316073, 0.37329047955572603, 0.24903576709330083, 0.12824979403780568, 0.47672385023906827, 0.2643153790384531, 0.4190215019742027, 0.31556224077939987, 0.32058864887803795, 0.20442638082636727, 0.4880922110751271, 0.18440396051026053, 1.6580525327008218, 0.9349755235016346, 0.17431973535567521, 0.31448624907061457, 0.11490988889191714, 0.3114846212789416, 0.3280958440154791, 0.3316984892822802, 0.23329408135679033, 0.28842162573710084, 0.16367248832248152, 0.3960735648870468, 0.2727588824927807, 0.3846168946992192, 0.2556737156584859, 0.17380164712667465, 0.2939640641212463, 0.3221262443810702, 0.4279450373724103, 0.21832540072500706, 0.2314187299149732, 0.23997661605891255, 0.31046820767223837, 0.24736181199550628, 0.2981412211433053, 0.32059381902217865, 0.14757377989590167, 0.3883229153230786, 0.3047395360656083, 0.41075256243348124, 0.21739479564130307, 0.25877352338284254, 0.17638777736574413, 0.35762973432429135, 0.19858906333231263, 0.122566595277749, 0.958711513504386, 0.46279715513810515, 0.1669655040372163, 0.14335837725084274, 0.3355401505250484, 0.25505498722195624, 0.24507751483470203, 0.255549426516518, 0.4417197285220027, 0.20621070470660924, 0.3434235528111458, 0.1377639283426106, 0.540843659804927, 0.32225173600018026, 0.06270535551528963, 0.4818939273711294, 0.2086600090144202, 0.17628256580792367, 0.2281841855496168, 0.2973277382552624, 0.4017915679141879, 0.14961517760530113, 0.2831846047192812, 0.49175315224565563, 0.0685062001239405, 0.549298984464258, 0.2987265824340284, 0.386137261800468, 0.40184455720914736, 0.27393456085119394, 0.28564944937825204, 0.16334575568325818, 0.20700817592442036, 0.2653365486767143, 0.11037699789222744, 0.4219215003307909, 0.297654958255589, 0.21220325341241225, 0.4566686484962702, 0.3068328620865941, 0.20151295731775462, 0.42346014835768275, 0.27564072143286467, 0.2605398651626375, 0.32407918432727456, 0.26920755645260214, 0.495533212646842, 0.21741561498492956, 0.37449870184063916, 0.29055202803574504, 0.22777800783514976, 0.23697946518659593, 0.17766131181269884, 0.31980994194746015, 0.28780864338494005, 0.23591676519976723, 0.2666342313401401, 0.21863732673227787, 0.33728176086313194, 0.2284872218966484, 0.3833678998053074, 0.473691837862134, 0.21338689641820058, 0.21679289899766446, 0.5135751243680715, 0.2676707382313907, 0.19032157746454081, 0.30502022420987485, 0.1855890978127718, 0.46912399120628834]
2025-11-22 07:13:57 - fedex - INFO - loss data:
2025-11-22 07:13:57 - fedex - INFO - [0.5848430589373623, 0.6445646971464157, 0.55141205234187, 0.6337744891643524, 0.8101880751550198, 0.550619500502944, 0.8198148652911186, 0.7638023979961872, 0.6992894075810909, 0.6509350299835205, 0.6809583216905594, 0.5310535674116441, 0.6760232672095299, 0.684086068160832, 0.9126562867313623, 0.5412103614237691, 0.5491190195083618, 0.6892173225060105, 0.6532596724573523, 0.7026508454233408, 0.6739026457071304, 0.9135482558980584, 0.623836348252371, 0.5821191780269146, 0.7088835291564465, 0.5694854105822742, 0.36845735991373657, 0.4379594963043928, 0.7366268113255501, 0.6621699590235949, 0.6018457561731339, 0.5311461687088013, 0.3195909540168941, 0.29997207769857986, 0.699572566896677, 0.4269572254270315, 0.45467723794281484, 0.7318559661507607, 0.4372158419340849, 0.23817278362278427, 0.4876016302034259, 0.7680820498083318, 0.22539924872773032, 0.5093506257981062, 0.6159603937395981, 0.5548646226525307, 0.4127660480194858, 0.4522143164383513, 0.7402897857129573, 0.5135237853974104, 0.3096257642443691, 0.455765924975276, 0.5892699018120766, 0.5228333081351593, 0.4687596250608164, 0.18777176006031887, 0.315187572900738, 0.32179840113967656, 0.5632870130240917, 0.2828068774193525, 0.12938867176749877, 0.3421535109768489, 0.6087669488042593, 0.5794805290643126, 0.23385051701750076, 0.5471778102975804, 0.25097024580463767, 0.8547757511293249, 0.42634659237228334, 0.4624877043068409, 0.4715610364452004, 0.4906950432807207, 0.2990042930468917, 0.38328369036316867, 0.495347411185503, 0.43894262835383413, 0.345022467430681, 0.1613498367369175, 0.30239023872335175, 0.3948592133820057, 0.3301622436847538, 0.2353956937789917, 0.42578844726085663, 0.38676861599087714, 0.28139281114563347, 0.3775463374797255, 0.46702691689133646, 0.2450724108144641, 0.19682686968839594, 0.23947746842168272, 0.2680054801530787, 0.3081805515103042, 0.3105029606726021, 0.295851443707943, 0.12693195883184671, 0.4287954986095428, 0.25186220547184346, 0.2918419101159088, 0.3301700960844755, 0.2692983327433467, 0.30961648374795914, 0.07384863841746535, 0.2984066841541789, 0.25915560591965914, 0.16030985391698777, 0.21416080757626332, 0.25443375364744236, 0.19640829632990062, 0.15111759298015387, 0.2974091798067093, 0.20203073736047372, 0.2673749518846827, 0.45389229618012905, 0.3870266960002482, 0.04644484331864597, 0.3381437845528126, 0.27282752144383265, 0.1036771722137928, 0.2556479254205312, 0.22503351422492415, 0.30599926958675494, 0.04988437959192587, 0.0761668227321934, 0.287315429514274, 0.06599602668013957, 0.25740470895252654, 0.31917104448657485, 0.24547207268187776, 0.2247435071039945, 1.2510095920413733, 1.1669094443321228, 0.39445249550044537, 0.2204034123569727, 0.2295978191042585, 0.2163020328712264, 0.024375901535053604, 0.48560111224651337, 0.9571987569332123, 0.22255177274346352, 0.18969732173718512, 0.26471223890548573, 0.26774534823198337, 0.21073174665798433, 0.07764559970237314, 0.2559272762387991, 0.5988418377935887, 0.26386599221732465, 0.2516116466373205, 0.2344964836662143, 0.22229313100688158, 0.2849585969001055, 0.20628754198551177, 0.5802332881838084, 0.1574409302294953, 0.30035340185277165, 0.2581491335527971, 0.15474233495478984, 0.10338661773130298, 0.17589781928940543, 0.10993460247118492, 0.025614053150638937, 0.43696355558931826, 0.7207040580105968, 0.36738641377139303, 0.47869479753343774, 0.15802743876120076, 0.12966617100173608, 0.21173531980020924, 0.46946703985200394, 0.18834166246233508, 0.33266424615867435, 0.16818020280425117, 0.13321701493114232, 0.15656291725380078, 1.0840999118983745, 0.9279311350081116, 0.21431952412240207, 0.14516330137848854, 0.20736717032268642, 0.11498840940184892, 1.0191667918115854, 0.1249459836864844, 0.11202033625449985, 0.23314430088560453, 1.4831951089802065, 1.3827822603285314, 0.1807957268320024, 0.10355904095340521, 0.20864848755300044, 0.21229948103427887, 1.4822070980413287, 0.2970991734825475, 0.15240435722421353, 1.0064424365758895, 0.930406280234456, 0.20246385573409498, 0.18333687678511654, 0.2336491488327738, 0.12410724231449421, 0.1364240864765764]
2025-11-25 16:40:56 - fedex - INFO - loss data:
2025-11-25 16:40:56 - fedex - INFO - [0.5614042689225504, 0.692231610417366, 0.6603634208440781, 0.6854988634586334, 0.7069886699318886, 0.6508749544620513, 0.6741574151175362, 0.6545937086145084, 0.5486191587788718, 0.923058091600736, 0.6839084982872009, 0.710054104243006, 0.676328614850839, 0.606409647847925, 0.7674773707985878, 0.5293355334550143, 0.7600318091256277, 0.6035531480397497, 0.6267909551305431, 0.7146616525948047, 0.6218246802687645, 0.5724906720221044, 0.6301944827040036, 0.5740747593698048, 0.7105612218379974, 0.6805358156561852, 0.4865083909460477, 0.4054305734378951, 0.6075938315618605, 0.5602782740124634, 0.5427909338048527, 0.5803545892238617, 0.47491129274879185, 0.4608596627201353, 0.5324251927435398, 0.5105835251510144, 0.7103359798590343, 0.5821275492509206, 0.5228642210364342, 0.5101506921152275, 0.5581210914467063, 0.48316770610177795, 0.5145447306334973, 0.547288283209006, 0.36548389600855963, 0.5605695076286793, 0.5656546469777822, 0.5164381759862104, 0.48469037686785066, 0.5115909434854984, 0.5446794673800468, 0.40875808000564573, 0.862511331481593, 0.4514697504540285, 0.4248840684692065, 0.8134930969348976, 0.39655974640377933, 0.5072035253047943, 0.4182350777444385, 0.38829037041536396, 0.5721692020694414, 0.42528861574828625, 0.47339903240402537, 0.37625120505690574, 0.44561742022633555, 0.4636366700132688, 0.4744595823188623, 0.5058758884668351, 0.48495099022984506, 0.4502470426261425, 0.45034358501434324, 0.4518031636873881, 0.42213575595191544, 0.6634041037410497, 0.35666440427303314, 0.5132671494569098, 0.41712482028773856, 0.38063236499826114, 0.4309961809643677, 0.4075471516698599, 0.34229688851961065, 0.3743190167737859, 0.47108986849586165, 0.32591430634437574, 0.3780298004459058, 0.41627924144268036, 0.3625049612351826, 0.3831967658762421, 0.42649325231711066, 0.3865715598066648, 0.46225243657827375, 0.42034195363521576, 0.2773821264505386, 0.4179811095818877, 0.23846418144447462, 0.5355497226119041, 0.3337501402944326, 0.3991014805755445, 0.49470793828368187, 0.45841174448529876, 0.40157247955600417, 0.4404116512586673, 0.41901963725686076, 0.3414162668089072, 0.3480636063963175, 0.3631360810250044, 0.37994908206164835, 0.32607468217611313, 0.259760900400579, 0.3286323238629848, 0.4072698155151946, 0.47951176278293134, 0.4125504318624735, 0.39382943101227286, 0.2554245265200734, 0.39195964174966014, 0.19142778315359638, 0.5594277858734131, 0.3588529451439778, 0.5083132175107797, 0.35314900862673915, 0.33875012037654717, 0.6576744645301785, 0.4873414460037436, 0.3578340982397398, 0.48189176831926617, 0.3768762834370136, 0.4116072139392296, 0.3587277348020247, 0.3440138641744852, 0.2689043695018405, 0.44797605741769075, 0.3216708221783241, 0.4248761054128408, 0.2099570824454228, 0.2365360837429762, 0.6046410272164005, 0.609482130168804, 0.50973716750741, 0.40769292749464514, 0.2741642020642757, 0.48086931410112554, 0.3828497566282749, 0.4079467618039676, 0.4194909404963255, 0.3387718990445137, 0.2973405702837876, 0.25860618782185374, 0.37312142613033455, 0.39395869193332533, 0.521210725499051, 0.32083280789000646, 0.390023693193992, 0.37538619749248026, 0.4773854695260525, 0.23494226299226284, 0.338729939237237, 0.39638686664402484, 0.3528484180569649, 0.4006190406424659, 0.38383523834248384, 0.2919325280934572, 0.31530046947300433, 0.4687795185350946, 0.2238477896898985, 0.49979246886713163, 0.3227769459996904, 0.3336685801723174, 0.3462057574341695, 0.30698116968075434, 0.35842792104397503, 0.33652007579803467, 0.3494778017203013, 0.319284908597668, 0.3844440966844559, 0.3735328526901347, 0.27791048400104046, 0.28209464025816744, 0.26068784917394316, 0.43862424088375906, 0.32165467685886795, 0.3207510175804297, 0.39861091412603855, 0.41327542524252614, 0.3680211750169595, 0.36471268676576163, 0.3360933500209025, 0.42071703635156155, 0.34704689905047414, 0.34929581323549863, 0.3823563937097788, 0.38201355477795007, 0.453130678832531, 0.25841148011386395, 0.3593502715229988, 0.42809690833091735, 0.39477905109524725, 0.3629145615335022, 0.3314554590731859, 0.5102609805230583]
2025-11-25 18:19:56 - fedex - INFO - loss data:
2025-11-25 18:19:56 - fedex - INFO - [0.43491037450730796, 0.7474281042814255, 0.6226767253130674, 0.5609255641698837, 0.6533239334821701, 0.8768483903259039, 0.8282694816589355, 0.5309853792190552, 0.6285691277020508, 1.0080227918922902, 0.7773383807390928, 0.6331053318248855, 0.9066869914531708, 0.6946942303329706, 0.5800646506249905, 0.4907129868865013, 0.7030070044100285, 0.6678924527019262, 0.612014914655851, 0.9305221684277057, 0.441512618213892, 0.7975930944085121, 0.5979491232169999, 0.5676540791988373, 0.48702780790627004, 0.585858016461134, 0.32808262500911956, 1.570984523743391, 0.5820826916024089, 0.5465151887387037, 0.4474655225872993, 0.6586093008518219, 0.6387109217544397, 0.4619321934878826, 0.7224352821707726, 0.540672442689538, 0.5159066833555699, 0.5143220221830739, 0.6956100091338158, 0.6600113615393639, 0.4960181949660182, 0.44008606597781186, 0.645833401568234, 0.4553267404437065, 0.4267787531018257, 0.5997782878577709, 0.5503747224807739, 0.7089368388056755, 0.5534759923815727, 0.6092630065977573, 0.4850101709986726, 0.5298490218818188, 0.537829189747572, 0.26065739111767877, 0.5207722298800945, 0.5479489918798208, 0.5372939482331276, 0.3722946960479021, 0.3371469512581825, 0.666593112796545, 0.5672952301800251, 0.49716190099716184, 0.3945414135232568, 0.40908395070582626, 0.5069118719547987, 0.38143505098091235, 0.7967073803767561, 0.8646651327610015, 0.47851413041353225, 0.40840860940516, 0.49696890264749527, 0.28065965738561416, 0.4489523661788553, 0.44849374964833255, 0.35696657076478006, 1.0087341621518136, 0.5512023776769638, 0.28192876362138325, 0.4203336386941373, 0.4482812661677599, 0.763762116804719, 0.41472813822329047, 0.4340414157344235, 0.46396573185920714, 0.3925550401210785, 0.23650939162406656, 0.5579536033328623, 0.6000741496682167, 0.6363805433735251, 0.5833234265446663, 0.4484007067978382, 0.3448660603413979, 0.5593132719397544, 0.2791453629732132, 1.462855545571074, 0.8432031758129597, 0.29857766032218935, 0.4430020678788424, 0.22926555532548162, 0.4317551661282778, 0.44068072028458116, 0.4702794593758881, 0.38608188310431113, 0.44403834035620093, 0.2759906968101859, 0.4905781924724579, 0.7024194851517678, 0.486982936763929, 0.3976812958717346, 0.3754296086728573, 0.4159020625054836, 0.45564824193716047, 0.5263981213793159, 0.4994833543896675, 0.3604489324821366, 0.38236404549744396, 0.42765876166522504, 0.38125755712389947, 0.4850172340869904, 0.5102178230881691, 0.2596962030977011, 0.60622638463974, 0.41231575682759286, 0.6237247414886952, 0.46474460065364837, 0.40678689256310463, 0.36957567632198335, 0.47073084861040115, 0.3228266485035419, 0.2217373138293624, 0.9560475893318653, 0.46915601287037134, 0.3303058287128806, 0.25728922337293625, 0.4499989151954651, 0.4222785640507936, 0.36506251711398363, 0.4004815503954887, 0.49086670521646736, 0.44008258953690527, 0.4451132176650895, 0.33333694748580456, 0.7268578772329621, 0.395602154918015, 0.1833128887746069, 0.7173285096883774, 0.3591115057468414, 0.3341398173943162, 0.3543901119381189, 0.4290930826216936, 0.4951015654951334, 0.31238193698227407, 0.41932473911179435, 0.42462874073535206, 0.15192410757558214, 0.8063023099675775, 0.5621945578604937, 0.6354270152747631, 0.491291273633639, 0.4310016183182597, 0.4581012025475502, 0.32049268214032056, 0.3961329933255911, 0.4492333306930959, 0.2586446233921581, 0.5455306602641941, 0.39894378185272217, 0.36152358171012666, 0.5495650619268417, 0.4534442018717527, 0.3817540481686592, 0.5024833942866987, 0.49353142781183124, 0.44594311556882327, 0.5045127281919122, 0.3679633721709251, 0.6151202939450741, 0.3680734969675541, 0.5230927161872387, 0.47894060127437116, 0.3591930203139782, 0.3887624189257622, 0.32477187775075433, 0.4755420498549938, 0.43073109313845637, 0.42776684520973096, 0.4085632637143135, 0.3870640769600868, 0.4767602388229635, 0.37862880080938344, 0.5092863142490387, 0.5382056929171085, 0.35477070729765625, 0.35928160771727563, 0.5523241516202688, 0.4272345818579197, 0.3057750701904297, 0.3789902374148369, 0.41531173810362815, 0.5316652007400989]
2025-11-25 19:58:31 - fedex - INFO - loss data:
2025-11-25 19:58:31 - fedex - INFO - [0.604501330426761, 0.6124456007033586, 0.6167385822960308, 0.7765675793801035, 0.8223593711853028, 0.5531349383294583, 0.8175855353474617, 0.7091727890074253, 0.6762497648596764, 0.6578223153948783, 0.675687626004219, 0.5563098652022226, 0.7796461805701256, 0.7334211643319577, 0.8251248527318239, 0.49737836606800556, 0.5510372579097748, 0.7340430514886975, 0.5924021853134036, 0.7217406544834375, 0.6519927680492401, 0.8846868999302387, 0.6424823755398392, 0.5844491180032492, 0.703787125647068, 0.5432304174173623, 0.3853717288002372, 0.47707490213215353, 0.7084145825356245, 0.9780156660825015, 0.6730342861264944, 0.6927125696092844, 0.3597648756578565, 0.34457213637818185, 0.7009471682831645, 0.5605408172123134, 0.48341949116438626, 0.6955238142982125, 0.4988760434091091, 0.29032252888594356, 0.5300951734185219, 0.8135963401624134, 0.2897087444152151, 0.6610373556613922, 0.8993331913969347, 0.6533710937015712, 0.4669421371072531, 0.7591781174497945, 0.5998091489076615, 0.5272512845695019, 0.3734718824603728, 0.5247608736157418, 0.6098025128245353, 0.5488980322610587, 0.6529890011463846, 0.27245904402142124, 0.40343924704939127, 0.40053525771945714, 0.5738329358398915, 0.38175594341009855, 0.22352589744010143, 0.4829858263422336, 0.7436528466641903, 0.5704292884096502, 0.3012842476634042, 0.6466568998992444, 0.30414193621836605, 0.8490708126819559, 0.6179288439452648, 0.5545129422098398, 0.6021355578675867, 0.7614564087241888, 0.47485384717583656, 0.44074221588671203, 0.5358925305306912, 0.5074162542819977, 0.43531423655804247, 0.261287346156314, 0.41473448003775304, 0.47170346044003963, 0.4282048970926553, 0.3375769084319472, 0.5271093174815178, 0.4693799905478954, 0.3689956513233483, 0.4140221428126097, 0.5471729546785354, 0.3354383069090545, 0.3093176046386361, 0.41966672893613577, 0.5024105729535222, 0.45219398476183414, 0.41283765463158484, 0.3814768634736538, 0.319101706892252, 0.4842363461852074, 0.3338311079889536, 0.4303881689440459, 0.48731116726994517, 0.42451535537838936, 0.3997728869318962, 0.17366185876141702, 0.41625946044223383, 0.3540572701022029, 0.2863209918141365, 0.3282737226691097, 0.37205818513674394, 0.34497042717412113, 0.298764206469059, 0.5200168445706368, 0.4091235939413309, 0.3652223205726062, 0.5247819380834698, 0.6256989138200879, 0.16166665397052254, 0.5311935264617205, 0.3844511244125897, 0.21770658222958444, 0.3844477528440101, 0.3647914204280823, 0.48464671298861506, 0.16030360339209437, 0.18280274179996922, 0.43493343871086837, 0.1599254632900868, 0.31534417755901817, 0.377598746586591, 0.38780302309896797, 0.37402725620631827, 1.2804153129458427, 1.066413477063179, 0.6109423840418458, 0.37883606972172856, 0.38249243636216435, 0.3871882009719099, 0.11888128207730395, 0.4946660079061985, 0.723236776329577, 0.39782555904239414, 0.3214750537648797, 0.3345219285227358, 0.40392085834173486, 0.33121182303875685, 0.24427000349387526, 0.449603396654129, 0.5840717360377312, 0.3591648433357477, 0.3774031387642026, 0.3669346783310175, 0.35106047689914704, 0.40990269854664807, 0.3913833567872643, 0.6411868326365948, 0.24168961627874525, 0.4434933321550488, 0.41383388536050913, 0.36653403867967427, 0.4232096169143915, 0.2704554439655372, 0.28286322951316833, 0.12137236529961229, 0.562296481616795, 0.5245996337616816, 0.3395007252194253, 0.558387146597462, 0.26895246636122466, 0.25369511265307665, 0.3164660426788032, 0.6775101311504841, 0.25214099176228044, 0.4671968316659331, 0.43488867254927754, 0.2912058111280203, 0.30265620600964344, 0.8610957726836205, 0.7221381619572639, 0.34203739231452346, 0.35957568883895874, 0.32300792951136825, 0.27984900064766405, 0.8720300063490868, 0.22599617931991817, 0.3013829724863172, 0.3434171305087505, 1.0100345952170235, 1.159263125061989, 0.43093262911133934, 0.29383543618023394, 0.4415537863969803, 0.390648253262043, 1.1186862424016, 0.5012171675916761, 0.35620468317210907, 0.9089273631572723, 0.8505897879600525, 0.2833153111860156, 0.28212148435413836, 0.3721322098746896, 0.24661691057761864, 0.21912561107559927]
2025-12-18 19:34:14 - fedex - INFO - loss data:
2025-12-18 19:34:14 - fedex - INFO - [0.4793017443269491, 0.5624813820634569, 0.7021800085902214, 0.665699490904808, 0.5151632732844779, 0.4757725467373218, 0.7457727283239364, 0.6269212385373456, 0.6615704603493213, 0.4782713489340884, 0.7401283860206604, 0.5413879668073994, 0.6936810553073883, 0.6854623732822283, 0.6787587568163871, 0.4319412398152053, 0.6801109910011292, 0.42675690446048975, 0.3814270245177406, 0.5154080447873899, 0.6161346316337586, 0.5540489681065083, 0.6079322561355573, 0.5364621418661305, 0.4630421091336757, 0.37888394190397645, 0.6389482364058494, 0.527711386579488, 0.4081419929396361, 0.43173328167758884, 0.39666027957573535, 0.5685694120824337, 0.5757826793140599, 0.3184950249469174, 0.6218578800559044, 0.3802554712497762, 0.32171253684375967, 0.48486256822943685, 0.5369442790135509, 0.41257310149958354, 0.392432383983396, 0.5171904146671296, 0.6903809086220073, 0.36787504390231335, 0.3575789984781295, 0.3266331649618223, 0.31077505361754443, 0.45918580144643784, 0.6637515087212834, 0.6542044498758125, 0.40198615671833976, 0.24659899213002062, 0.43445778265595436, 0.2682294943669279, 0.5445155798923225, 0.4880576990544796, 0.4605375242519325, 0.5144168277936322, 0.4209801621735096, 0.6712233778621469, 0.424552009627223, 0.3136173672807802, 0.44187883473932743, 0.6080304641442906, 0.27343409327856666, 0.44249995208811016, 0.42681366523195585, 0.3518825173377991, 0.23679105021292343, 0.442451523244381, 0.3426907359372957, 0.30586212538182733, 0.27105021839628796, 0.32148576751351354, 0.45244924636291606, 0.402688711322844, 0.46687767594287705, 0.15703080562275967, 0.1696165434816586, 0.5544118582004948, 0.36468187868595126, 0.3398780331547771, 0.16610026915441267, 0.23287117197760382, 0.3919319121167064, 0.22691338695585728, 0.21481701340526344, 0.5254602505351483, 0.37642060592770576, 0.2161365445703268, 0.49262042181300264, 0.39773011319339274, 0.24329430054474088, 0.19191752389015165, 0.1338221957258481, 0.4852895994496066, 0.15025228863851225, 0.3541414484381675, 0.3158810677938163, 0.28271782509982585, 0.22478466611355544, 0.1972710314206779, 0.4614930598314719, 0.25190338561078535, 0.2081413572654128, 0.2540724018886977, 0.27525555333122614, 0.14924785636581614, 0.38368673995927177, 0.1789283704943955, 0.11975028363558521, 0.2702683914718883, 0.40640681406034024, 0.09925657075364142, 0.3594842419028282, 0.3404519368075853, 0.28319750959053636, 0.4724302690393025, 0.25972693534567953, 0.3384528296999634, 0.23651179317384957, 0.30647927038371564, 0.1560593810863793, 0.3037860956043005, 0.23464248059317472, 0.10371114755315439, 0.2893616255372763, 0.2669792929398162, 0.14531414704397322, 0.17215694900369272, 0.28726781201548873, 0.18419994190335276, 0.30082555739209055, 0.118739335401915, 0.29531468655914067, 0.29513181173824704, 0.35388744478779177, 0.31270668164943344, 0.29041584115475416, 0.18714591879397632, 0.5657895355385595, 0.2352620015319969, 0.08795071325730533, 0.2873853183617549, 0.10928665811661631, 0.1212732486160738, 0.41454508916223337, 0.3163678982295096, 0.12893082962504454, 0.3320655945621963, 0.32547242436225393, 0.19855575879836188, 0.26749205016863664, 0.1627602876164019, 0.29005947940001664, 0.19558573451358824, 0.17594958838599267, 0.31232771076029164, 0.13067145840032027, 0.1751066510698625, 0.2524576618469187, 0.261023193039, 0.1660130249619085, 0.170034347582675, 0.25420393743552266, 0.2542850094148889, 0.15892124463404927, 0.1432514647487551, 0.1536881897598505, 0.11699244501069188, 0.07520487776824406, 0.2471636104730091, 0.14861775328754448, 0.12930735268164426, 0.1830509763743196, 0.2900186734739691, 0.11503013819456101, 0.2560507897709613, 0.27265043801495004, 0.2390453769825399, 0.27523924969136715, 0.1171025929174253, 0.28383013010025027, 0.277590168826282, 0.16402736003510654, 0.12248897222535951, 0.30932441568002106, 0.2515195434447378, 0.2644875255014215, 0.1763274261727929, 0.2704028748907149, 0.11087261982528226, 0.19100336396534529, 0.12188881911071284, 0.23760031005367638, 0.24101778091862797, 0.13746688244864344, 0.12382609594081129, 0.32345087062567474, 0.25687412172555923]
2025-12-18 20:10:20 - fedex - INFO - loss data:
2025-12-18 20:10:20 - fedex - INFO - [0.2755053799599409, 0.6663097403943539, 0.8642138543538749, 1.1140820171684027, 0.7601509909145534, 0.660260797291994, 1.2157173682498978, 0.6729471929371357, 0.6797019936144352, 0.42039753242861483, 0.8695437032729387, 1.1994879161007703, 0.8111010327935219, 0.9975103377597406, 0.8411996237933635, 0.651018139719963, 0.702146191895008, 0.5147593296132982, 0.5344391068443657, 0.1503093189036008, 0.6952618045732379, 0.7783971428871155, 0.48879913501441474, 0.6323987081646919, 0.4520962430629879, 0.8080831743776798, 0.6348092570900916, 0.2671579260961153, 0.08017297336191405, 0.7728088337928056, 0.11851129593560472, 1.3334321662783624, 0.6328768901526928, 0.7084797736257314, 0.4920498582534492, 0.512228362262249, 0.3913056794088334, 1.6087634759780485, 0.5676944993436337, 0.7127387401298619, 0.45304448404349384, 0.06719180596501245, 1.5025912107899786, 0.47243442870676516, 0.4715063633397222, 0.8434463530778885, 0.5420774333178997, 0.5593642622232438, 0.42306870939210056, 1.0762307681317906, 0.3887034959858283, 0.5021820334717632, 0.7675582643598318, 0.9673276655841618, 0.6832490099593997, 0.3744850348681211, 0.3947508903918788, 0.7675219550728798, 0.43325433768332, 1.27342568783788, 0.7242522589862347, 1.0524183865170926, 0.6998086439445614, 0.686482669133693, 0.08659397807787172, 1.0494402281939983, 0.31224446328124034, 0.690476018935442, 0.3339955608360469, 0.2911191842053086, 0.5708255827892572, 0.41528565250337124, 0.0921772699104622, 0.5490342276869341, 0.4172294589225203, 0.5430152541026473, 0.3660678106825799, 0.7031275846064091, 0.41263052709400655, 0.3733437195885927, 0.5502369329333305, 0.2762998032965697, 0.7685923928875127, 0.07060625005688052, 1.6561872243881226, 0.31741907764226196, 0.04142292056676524, 0.023528519277533633, 1.8298017876011727, 0.8144266585819423, 0.26859732074663045, 0.6141039566136897, 0.3610133040696382, 0.42714246921241283, 0.4268128082156182, 0.28096676329150794, 0.41678295293822887, 0.8848019921686501, 0.34836479460354897, 0.4040085688233375, 0.8538082235958427, 0.28802470248192547, 0.632769407518208, 0.41476834928616885, 0.3584023883799091, 0.7473155864514411, 0.4567060641944408, 0.3183060741052032, 0.23346265422878787, 0.4307567935436964, 0.6124537421856076, 0.6113572692731395, 0.3135288176126778, 0.3624819265212864, 0.47660731226205827, 0.2102510162629187, 0.374280076706782, 0.22267479253932831, 0.6240958369337022, 0.6485013216733932, 0.16430222475901246, 0.5361765661509708, 0.3262393050827086, 0.5971408947370946, 0.24602653798647225, 0.6167281245812773, 0.24802882904186843, 0.5831413364969193, 0.5610348259098827, 0.6916767770657316, 0.49372476920252667, 0.30240733057726177, 0.5053308121801819, 0.283607060322538, 0.645013436023146, 0.8268572411034256, 0.596834120969288, 0.4874621482565999, 0.3905364169506356, 0.4800068903365172, 0.689624922722578, 0.5495538386050611, 0.9014872638741508, 0.5144894413650036, 0.12043807485606521, 0.025551193370483817, 0.9756757520604878, 0.7642078696982935, 0.5043686978518963, 0.3446186241693795, 0.4455408927053213, 0.14337860043160616, 0.5122985297814011, 0.42344712736085055, 0.3906671103090048, 0.22146318631712347, 0.6701095856726169, 0.4421288974583149, 0.2379230573773384, 0.06800908977165818, 0.6489195530768483, 0.5581662747310474, 0.5967530328780413, 0.3334194112569094, 0.28629222698509693, 0.33347254507243634, 0.44278397411108017, 0.4503617104142904, 0.25917056053876875, 0.434177179262042, 0.4104072473943233, 0.4189003277570009, 0.3115054041147232, 0.35903836637735365, 0.39832253456115724, 0.32312409169971945, 0.32304538413882256, 0.5016799472272396, 0.5314715147018433, 0.3578503292053938, 0.35638741515576844, 0.37835666760802267, 0.3891807869076729, 0.3950803995132446, 0.31781393066048624, 0.26361489333212373, 0.4059569898992777, 0.5123655904084444, 0.3990452766418457, 0.3451225744560361, 0.42975339554250236, 0.35416154749691486, 0.33706463444977997, 0.5874988179653883, 0.3912610046565532, 0.4904359027743339, 0.36260558031499385, 0.44682327248156073, 0.32160837538540366, 0.3750043213367462]
2025-12-18 20:43:49 - fedex - INFO - loss data:
2025-12-18 20:43:49 - fedex - INFO - [0.42725858464837074, 0.7005081335703531, 0.6109136521816254, 0.6632203310728073, 0.494268383209904, 0.7074060524503389, 0.6681251222888629, 0.6159140471369028, 1.0333362535651154, 0.7321027090016287, 1.0163023211061954, 0.3132286139763892, 0.5787259043660015, 0.6279127649962902, 0.7843916464596987, 0.7867747613849739, 0.612143181450665, 0.1602558530634269, 0.7135108456015586, 0.7022239065418641, 0.5148531554266811, 0.6328748672269284, 0.7502993275721868, 0.5912562076002359, 0.6345276917330921, 0.7448348954319954, 0.6335303239524365, 0.40854793358594177, 0.1438910701312125, 0.14419605310540645, 0.8772411741316318, 0.4344144357989232, 0.478892364166677, 0.11847423205617816, 0.7281704992055893, 0.6494070480267207, 0.6901497909333557, 0.4606659351692845, 0.6950123106478714, 0.9091483540832996, 0.47533270223066215, 0.4199222788214683, 0.7686341166496277, 0.5273964444175363, 0.6845925978695353, 0.6107457228004933, 0.6789094985152284, 0.6875586753711105, 0.7783326414724191, 0.7496434688568115, 0.9512631323421374, 0.12345503794495016, 0.08172248639748432, 0.5565477144332059, 0.685821031476371, 0.5304632592247799, 0.49922259111966316, 0.35777875463245434, 0.8090242792852222, 0.09286600422346965, 0.035496246982802404, 1.1728704223874957, 0.9137807112187147, 0.316861868603155, 0.035718312227982094, 0.7603552997112274, 0.6386375278234482, 0.632472000271082, 0.6715873528427134, 0.9223424243430296, 0.6202521845698357, 0.5323667960241436, 0.5842072241008281, 0.32077408099236593, 1.0022482185391708, 1.0070584818022326, 0.5443934552371501, 0.5070017057160536, 0.10375681856821756, 0.6936126426619011, 0.593029797449708, 0.48358905638257665, 0.39852369874715804, 0.5356587871909142, 0.2265951909357682, 0.7619572222232819, 0.3734498902689666, 0.4527053941662113, 0.030457911302073627, 0.01734060624767153, 1.0375733567401766, 1.1498932510527085, 0.4210586133102576, 0.48716224299860184, 0.6069819858821575, 1.2631601971566853, 0.25712818397053827, 0.6968587420880794, 0.08490603351820027, 0.6947708403109573, 0.18764998041830644, 0.37430803739698604, 0.7822109255939722, 0.13504234016096842, 0.19587103623877433, 0.51340953198572, 0.5182880774140358, 0.24966966203646734, 0.4828512579202652, 0.4647718079388142, 0.13964059914772708, 0.2968867692863569, 0.24150045124697497, 0.17758041917501638, 0.42162752722700436, 0.3976272829808295, 0.12088952517757814, 0.605573942801857, 0.39553107048074404, 0.34570063029726344, 0.13263300163089298, 0.20960922233837967, 0.788009194971528, 0.23384428831438223, 0.2209270897010962, 0.07181084218997663, 0.7094721898436547, 0.14898047590395436, 0.009428265814858606, 0.7680492639541625, 0.2729864537715912, 0.2130928040792545, 0.2199844437961777, 0.23186395695083775, 0.008561981247112271, 0.37904234214511234, 0.7262575706467033, 0.07542795565289756, 0.005502665547328434, 1.8897736865561454, 0.799345233415564, 0.16145074934077758, 0.006926218370062998, 1.0334799729287625, 0.32796326307579876, 0.01560286887543043, 1.2025575587813364, 1.6180204221891472, 0.8110113149508834, 0.21583543084561824, 0.24981912095099687, 0.6279041409492492, 0.2050600736712416, 0.41736564884583155, 0.6910633047111332, 0.48271387442946434, 0.6675961203873158, 0.16237264759838582, 0.17490811926157523, 0.019580319261876866, 1.7395861978497122, 0.173451815652273, 0.5497599208902102, 0.39915131338639187, 0.3551502514630556, 0.19159839463730655, 0.014167041360633448, 0.4472763046855107, 1.0514764308929443, 0.6407978960312902, 0.7224369911942632, 0.048181654512882234, 0.34822330728638917, 0.12509328636030356, 0.4021880279993639, 0.008659275574609639, 0.5116449553053827, 0.48874821836749716, 0.32098422136623417, 0.11744981315374996, 0.3659874418983236, 0.16047758953839852, 0.12032508560223505, 0.19965027419190542, 0.1584733818502476, 0.44868419965108236, 0.01652069124393165, 1.3942300523922313, 0.14480329107803605, 1.2883679706719704, 1.47393421754241, 1.3143118627369406, 0.10000027179097135, 1.0315465538296849, 0.10503103185910731, 1.2716604672372342, 0.04343358257319778, 0.27242388506419957, 1.1104227378964424, 0.30529254926368593]
2025-12-20 00:34:52 - fedex - INFO - loss data:
2025-12-20 00:34:52 - fedex - INFO - [0.47577141178771853, 0.5465524714972292, 0.7115569040179253, 0.6838371172547341, 0.5294968783323254, 0.5258279164188675, 0.7721248462796211, 0.6256742981927735, 0.6659572646021843, 0.4772568609033312, 0.7500181630253793, 0.5577996872365475, 0.6738771643489598, 0.6749440579542092, 0.6873343244194985, 0.4357645295028176, 0.7070243030786514, 0.5168352236705167, 0.40589155778288843, 0.6088167002424598, 0.6732603386044502, 0.6109346427023411, 0.5966804141710911, 0.5883911838755012, 0.46969465594738724, 0.4551556733436882, 0.7369728922843932, 0.584437199522342, 0.48629866791889076, 0.5255119394278154, 0.44515009024180474, 0.6537739358842373, 0.5625743242246765, 0.36524979289887205, 0.6767656654119492, 0.45460969677993235, 0.36380193242803216, 0.5735257498919963, 0.6459600579692051, 0.5085679669631645, 0.4945419529918581, 0.5975799828767776, 1.0191141254667726, 0.41029511995147916, 0.41059109905202473, 0.3705654738703743, 0.3813499201089144, 0.5528766185045242, 0.6549608921632171, 0.6225070141654995, 0.46448312341235576, 0.3606327244779095, 0.5346387170255185, 0.3561464761649924, 0.6062888836488127, 0.5817418344318867, 0.5277140390926174, 0.7118977836798877, 0.5146014921367168, 0.8594480421527156, 0.5579139053821563, 0.39864412037921804, 0.5174370341002941, 0.9159635648863125, 0.36126652894807715, 0.508377548493445, 0.5228907024221761, 0.46505074203014374, 0.327383104339242, 0.5211302742362023, 0.4014101821397032, 0.4271772682666779, 0.3617464286142162, 0.44019574522972105, 0.5011449314321258, 0.506352999061346, 0.4804561179131269, 0.2810382289811969, 0.27380866068415344, 0.7120209565619007, 0.45889270976185803, 0.4523370493469494, 0.3153651472646743, 0.37899119053035973, 0.4852889493107796, 0.37254175655543803, 0.3751721665263176, 0.5814716983187411, 0.48000209629535673, 0.37509277909994126, 0.5211409585151289, 0.4935416780412197, 0.3518849150676812, 0.3065008848905563, 0.2695454664594893, 0.601667891512625, 0.3166071787069086, 0.46950992643833156, 0.4586715716868639, 0.4191668726503849, 0.36213327944278717, 0.3229326460510492, 0.5643535813316702, 0.3843368778703734, 0.3680104300379753, 0.4264304765500128, 0.3984922666102648, 0.28021163824679596, 0.4689173009180065, 0.3684128150343895, 0.2564686651341617, 0.4071153261831828, 0.47404111205999344, 0.27872841376811264, 0.4797944996505976, 0.40917895291349854, 0.4071895353496075, 0.6146457247835185, 0.3882383049931377, 0.4408280875533819, 0.39223932921886445, 0.4192437592893839, 0.31245430149137976, 0.4163736376911402, 0.3931952379643917, 0.24987531030284504, 0.43750711493194105, 0.33484474212995596, 0.32756333202123644, 0.29507108526304365, 0.37245634067803624, 0.34926822520792483, 0.4154543947428465, 0.252377401990816, 0.4210804227739573, 0.3754343582317233, 0.5205721813653197, 0.4151712163584307, 0.4281216662377119, 0.30296498592942955, 0.6810011028511715, 0.37758797188954696, 0.20763820691832474, 0.42029901726969654, 0.23165004304610193, 0.2572421090145196, 0.614702293915408, 0.5384242288768292, 0.29273417363209386, 0.4331911287669625, 0.405736429443849, 0.312679120312844, 0.3723091932279723, 0.3641275312751532, 0.46414532549679277, 0.38386494736852395, 0.3328417934477329, 0.3892154190223664, 0.2590522168204188, 0.3760409257241658, 0.41304951538997037, 0.38721012435853486, 0.3586453808737653, 0.3406316178185599, 0.39615323580801487, 0.35357906445860865, 0.354366902581283, 0.29821005277335644, 0.3450275778770447, 0.29760763719677924, 0.23542453537562064, 0.366318186798266, 0.346877724211663, 0.30263891704380513, 0.34628007946802036, 0.4108545251190662, 0.275802299939096, 0.36796555295586586, 0.4514887819332736, 0.3681952252984047, 0.4044780403375625, 0.279866467363068, 0.40698669552803035, 0.41482000766055926, 0.3397876098752022, 0.3113344775778907, 0.42587410397827624, 0.39466739632189274, 0.3821060015686921, 0.357289077394775, 0.4151487782597542, 0.28117958706404483, 0.377069008190717, 0.28449903231646334, 0.3925058785825968, 0.36785806470683646, 0.31003619730472565, 0.2720900660114629, 0.48530588969588284, 0.40987245738506317]
2025-12-20 01:57:24 - fedex - INFO - loss data:
2025-12-20 01:57:24 - fedex - INFO - [0.28880876973271374, 0.668961551040411, 0.8628981510177254, 1.1103930793702603, 0.7692207206040621, 0.657942395657301, 0.9431568917818367, 0.6325842082500458, 0.6255852840840816, 0.4778152178041637, 0.7960719320923091, 1.2240099316462874, 0.9321983098983765, 0.9082923662848771, 0.7735659893602133, 0.6451332747936249, 0.673054850846529, 0.5165390241891146, 0.548743917606771, 0.1549995018169284, 0.6654725738335401, 0.7697509728372097, 0.4709494411945343, 0.6169180102646351, 0.43361854762770236, 0.8044898707419634, 0.6060034170746803, 0.22155712005333045, 0.06468702765123453, 0.759028660878539, 0.09576308198738843, 1.229183632135391, 0.5858065973967314, 0.6316326535306871, 0.45264424569904804, 0.4983734095003456, 0.3755686184391379, 1.6817655722945346, 0.5772175401449203, 0.6561266863835045, 0.4214903975138441, 0.052624916197237324, 1.634337721625343, 0.4727582558989525, 0.44564553890377284, 0.8059326812624932, 0.5424263898283244, 0.5495464213192462, 0.4098494671285152, 1.1182543516566512, 0.4188166726846248, 0.48418106026947494, 0.8054468415677547, 0.950173610332422, 0.649409038387239, 0.3616098120808602, 0.3927806512801908, 0.8043054778128862, 0.42748364377766845, 1.2531264004297555, 0.6985870789736509, 1.0222233856562526, 0.6221398908644915, 0.6381059332750737, 0.07914175846381113, 0.9661620028316975, 0.3228535063331947, 0.7200069032609462, 0.35174112655222417, 0.31645873268134894, 0.5652997283264994, 0.4469170458614826, 0.08487992871087044, 0.5526041658595204, 0.40773637732490897, 0.5678166325204075, 0.3881571006029845, 0.7237757366150618, 0.41124002384021874, 0.4139363557100296, 0.5818870268762111, 0.29678119454765695, 0.7328344285677304, 0.07979187556629767, 1.7052123844623566, 0.34926451481878756, 0.04626664966053795, 0.03040673508585314, 1.5379909110139125, 0.7697842603549361, 0.31986193181946876, 0.6673048959113658, 0.38158180993050334, 0.47310345545411114, 0.46512732207775115, 0.31710400357842444, 0.5015721845440566, 1.0382231483235955, 0.5217619807925076, 0.40576481968164446, 0.843961426615715, 0.34654352646321057, 0.6982229560613633, 0.44133364083245397, 0.3767628873698413, 0.8169373938813805, 0.4926267236471176, 0.37001348026096825, 0.30100217573344706, 0.4838594995439053, 0.6646177789196372, 0.6114026427268981, 0.3463189243339002, 0.42010967172682284, 0.47827190645039086, 0.2869198717176914, 0.39985806047916417, 0.2635635449551046, 0.6206615258008241, 0.6929018624126911, 0.22543112630955875, 0.5825554406736045, 0.4221424195915461, 0.6569902285933495, 0.2795913824811578, 0.6826517432928085, 0.31271718107163904, 0.6309724863618612, 0.6017969474196434, 0.668023533001542, 0.4942181222839281, 0.410783835593611, 0.6127841498586349, 0.4800719732418657, 0.7897170714102685, 0.8909134184941649, 0.7517177136614919, 0.4360461432486773, 0.414092115778476, 0.5153053791727871, 0.8568325493484736, 0.5909250289201736, 0.9210846058093012, 0.7054392889142036, 0.13051131619140507, 0.03693067238200456, 0.9814695647568442, 0.820494405599311, 0.6645648680627346, 0.3939092244021595, 0.532121089566499, 0.1569516104646027, 0.5867896975949407, 0.4940283812582493, 0.5405746549367905, 0.2832587565295398, 0.7018497847020626, 0.5296027459204197, 0.31626274697482587, 0.14836078407242895, 0.6045268874615431, 0.5642258039675653, 0.6778497889637947, 0.44568999111652374, 0.3718818463385105, 0.437196034938097, 0.5119900617748498, 0.5335823327302933, 0.350968599691987, 0.5162821024656296, 0.4959069892764092, 0.5118830014020205, 0.4363119848072529, 0.42698607705533503, 0.5218088112771511, 0.3900870978832245, 0.4215631697326898, 0.5724281653761863, 0.604114480316639, 0.42908346354961396, 0.4466178469359875, 0.46181377619504926, 0.45901666656136514, 0.49841270521283154, 0.4042839579284191, 0.33793823309242726, 0.44893751032650475, 0.5516274463385343, 0.4826411478221416, 0.4608868356794119, 0.5057410385459662, 0.41419340223073964, 0.4255992237478495, 0.6746424868702888, 0.5215301312506199, 0.5814523786306381, 0.4918023146688938, 0.5453371606767177, 0.4232379764318466, 0.46617499068379403]
2025-12-20 03:18:16 - fedex - INFO - loss data:
2025-12-20 03:18:16 - fedex - INFO - [0.439333086181432, 0.6781506056586901, 0.6223312307149171, 0.6539542376995087, 0.5106507742156585, 0.6992251286904017, 0.6766527468959491, 0.6280827183276415, 0.8078628936782479, 0.6480987992448112, 1.0541392450531324, 0.2664004936814308, 0.6181968381938835, 0.6596086732111871, 0.7937033701688051, 0.747502822894603, 0.5887004557065666, 0.1701257415348664, 0.7276696898043156, 0.6831133520230651, 0.5084348300471901, 0.6945551529293881, 0.8026439328988393, 0.5974220275878906, 0.5778928481973707, 0.7334895443171263, 0.6386540535837412, 0.4221788924187422, 0.14678250413853675, 0.15106227590003984, 1.0138082598646483, 0.419012732602035, 0.4653377455659211, 0.14286087210057302, 0.7157678358256817, 0.6306210074573755, 0.7252810749846199, 0.46996056797215713, 0.6487185310727606, 0.8788968734443188, 0.4749654483050108, 0.4234586299397051, 0.7314493410289287, 0.519746286328882, 0.644747380601863, 0.5906164079904557, 0.6988133826603493, 0.6986119538545609, 0.7312878963847955, 0.7606963116675616, 0.9499037218047306, 0.13049329982604832, 0.11402536435052751, 0.47915256559693564, 0.5930675555719063, 0.5336837633512914, 0.5342997629195452, 0.41471509902427595, 0.7314133687876165, 0.12567600721959024, 0.0685451123106759, 0.9787665373645723, 0.6899045707192272, 0.3412894416600466, 0.07798315532854758, 0.709320063640674, 0.6303011459608873, 0.5748282504578431, 0.6767589399591089, 0.8828005462884903, 0.5678676690906286, 0.5323088789358735, 0.5640199109911919, 0.3504217834677547, 0.9464674639515579, 0.9999825965613127, 0.560016330331564, 0.5260390539964039, 0.1416250649257563, 0.8442555638592845, 0.6143390186131, 0.5579069256782532, 0.4728106943269571, 0.5628883734345436, 0.3129984648898244, 0.7069226688394944, 0.4704308193176985, 0.5335355995533366, 0.06387694470467978, 0.05775358434184455, 0.8741278305649758, 1.078049426304642, 0.4795565766592821, 0.47806312611792234, 0.5476965098874643, 0.9554348444973584, 0.32583075772660475, 0.692902372777462, 0.1333947163831908, 0.4849871962564066, 0.2678470766637474, 0.39911804031580683, 0.7130076743662357, 0.20775597788354694, 0.33368589633028023, 0.6125492225090663, 0.5277607269585133, 0.31748316618613903, 0.510329382494092, 0.4373458802700043, 0.22181808010209353, 0.35711898682639, 0.29857523045502604, 0.2763527295086533, 0.532035180926323, 0.5028087370097637, 0.2394723710914453, 0.573552924208343, 0.532642786949873, 0.37683655694127083, 0.1875352734234184, 0.3824418067621688, 0.7649865415878594, 0.3617078587412834, 0.3699877501775821, 0.18236453450905782, 0.6279922388494015, 0.21376213179901243, 0.03816832648008131, 0.754292843490839, 0.3580182577172915, 0.37953085005283355, 0.3243992601831754, 0.3925332208474477, 0.03612573066493496, 0.4168088249163702, 0.755394325312227, 0.19526467556133867, 0.02868496876035351, 1.4147536526201292, 0.8061377751330534, 0.3105749194510281, 0.02676792964339256, 1.028662058711052, 0.4288616729900241, 0.04061756919836625, 1.014738695975393, 1.2214803467155435, 0.7908100662752986, 0.32906106536587076, 0.32894004322588444, 0.6565855443477631, 0.3458697953571876, 0.4407382669548193, 0.6724336467683315, 0.4997723814100027, 0.7224799901247024, 0.2910326426227887, 0.2989152394235134, 0.054128149920143184, 1.3179462561791297, 0.26496599058931075, 0.5704581837169825, 0.46459275400266054, 0.5321530592938264, 0.3353453170508146, 0.041171139921061695, 0.5273917170241474, 1.124242375791073, 0.6555319061502815, 0.7136582311242818, 0.07206423669122158, 0.43947828093077984, 0.29915115340457604, 0.5423404011642561, 0.029626998340245337, 0.603938507870771, 0.7092770074804624, 0.41484099184162915, 0.32840349703716737, 0.4799343116115779, 0.35208553773506235, 0.3929686764565607, 0.4254209965545063, 0.3351633282688757, 0.7481305981675783, 0.035718727158382535, 1.2239201578544452, 0.34781102027433614, 1.2030727641889825, 1.542099617421627, 1.3594975627958774, 0.2823087209525208, 1.0417067639995365, 0.2512190068916728, 1.391008397936821, 0.06008024788461626, 0.41914163697510953, 1.2476999804377555, 0.39956671949476]
