2025-11-06 14:21:38 - feda2 - INFO - loss data:
2025-11-06 14:21:38 - feda2 - INFO - [0.6338078752160072, 0.638939768075943, 0.39347839877009394, 0.610009237503012, 1.1735532209277153, 0.7094481587409973, 0.6114482991397381, 0.881666018494538, 1.3216292758782704, 0.6505569666624069, 0.46573464199900627, 0.6374344788491726, 0.9683840995033581, 0.7418206669390202, 0.5935781896114349, 0.4917971725974764, 1.5080086886882782, 0.494684562087059, 0.4890157952904701, 0.5669006995856762, 0.47777032231291133, 0.8770902641117573, 1.1203456917777657, 0.9620639731486639, 1.519469641149044, 0.6775120496749878, 0.565776398529609, 0.9410467594861984, 0.6635653426249821, 0.9429962734381359, 0.7796255350112915, 0.662768766283989, 0.6482670828700066, 0.5891691893339157, 0.7304435223340988, 0.6757562756538391, 0.5742598665612084, 1.0932482983916998, 1.8479557037353516, 0.8259545005857944, 0.9369420371949673, 0.6451566986739635, 0.6454110644491655, 0.6257197819650173, 0.5204799845814705, 0.6994751412421465, 0.7179502099752426, 0.5004904940724373, 0.7716264575719833, 0.7026227513949077, 0.5723253438870113, 0.7238624095916748, 0.4751865427941084, 0.6939940303564072, 0.647855756804347, 0.6525907938679059, 0.6178867667913437, 0.6708921939134598, 0.6391501426696777, 0.4467061460018158, 0.705186665058136, 0.2809794247150421, 0.7939134314656258, 0.9254482552409172, 0.5930082704871893, 1.0320904155572255, 0.5557854324579239, 0.7693879455327988, 0.48022592067718506, 0.7755834013223648, 0.7428725063800812, 0.6605049163103104, 0.6195944050947826, 0.9636887758970261, 0.6889728009700775, 0.6686154730618, 1.6404181122779846, 0.6848557610064745, 0.5756440784782171, 0.7086980566382408, 0.8256749249994755, 1.072814218699932, 1.35509694814682, 0.6666148950656254, 0.48610156029462814, 0.5660562142729759, 0.8490904346108437, 0.6597260236740112, 0.4667229000478983, 1.5890032490715384, 0.8530786149203777, 1.232200753830728, 0.4473724737763405, 0.5953138321638107, 0.7076790928840637, 0.6430834457278252, 0.670737162232399, 0.6507635414600372, 0.5720811188220978, 0.7333768866956234, 0.33357512578368187, 0.5100618749856949, 0.321076550334692, 1.4767584949731827, 0.7617933452129364, 0.7589845284819603, 0.7233553789556026, 0.36159370094537735, 0.16330168768763542, 0.8463604897260666, 1.0905182366924626, 0.7030752375721931, 0.5906303249299526, 0.6531949527561665, 0.5686650723218918, 0.6028253771364689, 0.5589722511669, 0.20667347684502602, 0.2028599139302969, 0.9797892514616251, 1.1362935651093722, 0.1558580044656992, 1.7407377702849252, 0.8981560717026393, 0.8056749887764454, 0.7264305874705315, 0.6405099034309387, 0.6333433389663696, 0.6277581006288528, 0.7017119141916435, 0.5987449288368225, 0.8264860473573208, 0.5777837367994445, 1.005775362998247, 0.638045459985733, 0.6024261862039566, 0.9020930677652359, 0.7692874670028687, 0.6656343191862106, 0.6954480484127998, 0.564133957028389, 0.5941493213176727, 0.6324639618396759, 0.6854896694421768, 0.681535263856252, 0.6535453498363495, 0.5458900822060448, 0.6269069351255894, 0.9107940942049026, 0.6546876976887386, 0.6814026087522507, 0.7076098695397377, 0.671250622187342, 0.5234976083040237, 0.5807395577430725, 0.46011827886104584, 0.8707572296261787, 0.8656845390796661, 0.5709162801504135, 0.6949877932667732, 0.6501099254403795, 0.5507386294858796, 0.8787692785263062, 0.6059309586882591, 0.9656940177083015, 0.707749327023824, 0.8976659566164017, 0.6457413099706173, 0.6692004799842834, 0.6789105236530304, 0.6773739804824193, 0.6688638091087341, 0.6737880408763885, 0.6243975311517715, 0.7776431838671367, 0.7383042126893997, 0.7580800242722034, 0.7515194788575172, 0.8844445645809174, 0.7385412504275639, 0.7325451001524925, 0.5906343335906665, 0.7130455493927002, 0.6898806169629097, 0.7208212291200955, 0.792661190032959, 0.7179952263832092, 0.6750022520621617, 0.7240885694821675, 0.7663322389125824, 0.6848880313336849, 0.6990093901753426, 0.7233856171369553, 0.7350831627845764, 0.766034122556448, 0.7231405638158321, 0.6245958656072617, 0.7118203863501549, 0.6203046962618828, 0.6056454245533263]
2025-11-10 05:21:55 - feda2 - INFO - loss data:
2025-11-10 05:21:55 - feda2 - INFO - [0.6180731306473415, 0.6781150549650192, 0.40480616241693496, 0.6321607523908217, 1.123065173625946, 0.6569703817367554, 0.6084077544510365, 0.9017756751605442, 1.087852527697881, 0.6695011109113693, 0.43007904589176177, 0.6382612586021423, 0.8938195258378983, 0.6755118519067764, 0.5920751243829727, 0.4412462498460497, 1.3660457134246826, 0.4610172150035699, 0.5372164994478226, 0.5805579699575901, 0.5165224493791659, 0.6505082461982965, 0.905539997573942, 0.8653785785039266, 0.901334673166275, 1.0140192359685898, 0.637085506444176, 0.7640075534582138, 0.5728213588396709, 0.7109113037586212, 0.7205437123775482, 0.6099046096205711, 0.6610455252230167, 0.6236320436000824, 0.666932185490926, 0.7991969138383865, 0.5587546969098705, 1.0208270587027073, 1.710362821817398, 0.7636888101696968, 0.790175799280405, 0.5849725622683764, 0.5385247391116407, 0.8446660563349724, 0.6441085338592529, 0.6498499810695648, 0.689889207482338, 0.526117205619812, 0.7036111652851105, 0.6430334051450093, 0.584142046670119, 0.7796173046032588, 0.4248516906052828, 0.7486374697514943, 0.5689605437219143, 0.5967109675208728, 0.4975682944059372, 0.6416575461626053, 0.5994195565581322, 0.38762811571359634, 0.6793104894459248, 0.3359062895178795, 0.6411689817905426, 0.6069468893110752, 0.5884289480745792, 0.986862376332283, 0.5875341221690178, 0.7070883139967918, 0.5503509491682053, 0.7543670013546944, 0.6409059092402458, 0.5834047123789787, 0.5814923445383708, 0.7840975672006607, 0.6344991376002629, 0.6175468832254409, 1.7849987745285034, 0.6660749403138955, 0.463991330191493, 0.6266700327396393, 0.6865163436159492, 1.055210880935192, 1.3758926853537559, 0.8470485508441925, 0.4275037880986929, 0.5605481788516045, 0.8408298268914223, 0.6670289784669876, 0.4510294903069735, 1.4271244369447231, 0.7515894882380962, 1.200271018913814, 0.48570410907268524, 0.5693595632910728, 0.6382496356964111, 0.6133104413747787, 0.6766110062599182, 0.6224268972873688, 0.5379447489976883, 0.7236269842833281, 0.3261557687073946, 0.47599631920456886, 0.2776910435408354, 1.4555569738149643, 0.6315037943422794, 0.6263557225465775, 0.5752500668168068, 0.35122606344521046, 0.15978220477700233, 0.8355288803577423, 0.9137371821062905, 0.459795743227005, 0.5584723562002182, 0.7110153023153544, 0.67188660800457, 0.6006869785487652, 0.5078571664790312, 0.15802134573459625, 0.15187357738614082, 1.0142024531960487, 1.1978389505296945, 0.14009449444711208, 1.5593567958899905, 0.6399246777097385, 0.5834925770759583, 0.9088522121310234, 0.5620331466197968, 0.7203274369239807, 0.6639498770236969, 0.6512654821077983, 0.5439637266099453, 0.9742147512733936, 0.5101653106865429, 1.1595831647515298, 0.5483949556946754, 0.5314812026917934, 0.982923336327076, 0.7455601543188095, 0.7082617282867432, 0.6774675659835339, 0.530002947896719, 0.557077984015147, 0.6036591629187267, 0.6447938680648804, 0.5667347634832065, 0.6089336425065994, 0.5052321393574988, 0.6038236394524574, 0.9414218664169312, 0.5786620328823726, 0.6094787150621415, 0.7195083349943161, 0.7431909697396415, 0.4888730138540268, 0.5167561322450638, 0.40673910826444626, 0.8132286220788956, 0.7275539934635162, 0.5699489340186119, 0.6037753959496817, 0.6292175054550171, 0.4881532458322389, 0.9242524951696396, 0.552608099579811, 0.9576622545719147, 0.6739469567934673, 0.7648252651095391, 0.5984688978642225, 0.616751104593277, 0.6410407423973083, 0.6945562201241653, 0.7196460574865341, 0.6106265123401369, 0.5826233923435211, 0.6806655476490657, 0.6866427287459373, 0.7128675915300846, 0.6995458491146564, 0.9723070859909058, 0.8018296460310619, 0.7047821655869484, 0.4904912735025088, 0.6176981225609779, 0.6523028729217393, 0.6598300337791443, 0.6926272362470627, 0.6572332829236984, 0.6021872560183208, 0.6246108214060466, 0.7023188844323158, 0.6014705449342728, 0.6250667959451676, 0.5996558318535488, 0.6329126457373302, 0.7042083665728569, 0.7130555510520935, 0.5763384476304054, 0.6721111411849658, 0.6170851439237595, 0.5762030929327011]
2025-11-10 06:12:54 - feda2 - INFO - loss data:
2025-11-10 06:12:54 - feda2 - INFO - [0.6180731306473415, 0.6781150549650192, 0.40480616241693496, 0.6321607523908217, 1.123065173625946, 0.6569703817367554, 0.6084078028798103, 0.9017757124134472, 1.0878524978955586, 0.6695010364055634, 0.43007059544324877, 0.638262752443552, 0.8938299814860027, 0.6755429692566395, 0.5921110287308693, 0.4404438276376043, 1.3654938787221909, 0.4609477606912454, 0.5368926003575325, 0.5804876133799552, 0.5172607312599818, 0.6467576785013079, 0.9019346218556166, 0.863992378115654, 0.8805089211091399, 1.0407284423708916, 0.6430391949911912, 0.7544458508491516, 0.5680088574687641, 0.725689376393954, 0.7155569940805435, 0.613661378622055, 0.6545655243098736, 0.6197119951248169, 0.6635169337193172, 0.7962880283594131, 0.5575983157115323, 1.0061506908386946, 1.6764205992221832, 0.7557390630245209, 0.7812390886247158, 0.5835502170026302, 0.5483497924703572, 0.823434691876173, 0.6430922895669937, 0.650842672213912, 0.6879476308822632, 0.5278591141104698, 0.7032976821064949, 0.6422925293445587, 0.5813996617992718, 0.7771799216667812, 0.41321204584091903, 0.7770559745175498, 0.5246557034552097, 0.601450892786185, 0.4800756275653839, 0.6328863203525543, 0.5951998755335808, 0.3894340693950653, 0.665920639410615, 0.3578316867351532, 0.6113684251904488, 0.5510965138673782, 0.5969810821115971, 0.9986578623453777, 0.5870727598667145, 0.7089127525687218, 0.552168034017086, 0.7563870996236801, 0.6479669511318207, 0.5759114317595959, 0.5843169887860615, 0.7768332660198212, 0.6250931918621063, 0.6129764903336763, 1.7967182397842407, 0.6605435386300087, 0.4478009099140763, 0.6416581496596336, 0.6476628882810473, 1.0881328769028187, 1.4161772146821021, 0.8391165783007939, 0.4256809640675783, 0.5527762025594711, 0.8223827928304672, 0.6623543947935104, 0.45713916681706906, 1.408466637134552, 0.7607513181865215, 1.1701238467579795, 0.5153542459011078, 0.5651724338531494, 0.6154686957597733, 0.6123289838433266, 0.6789135187864304, 0.6154622435569763, 0.5310858339071274, 0.7167260274291039, 0.31652949936687946, 0.46562569960951805, 0.27481252104043963, 1.45942023396492, 0.6098057217895985, 0.6181558296084404, 0.5483423247933388, 0.342716459184885, 0.13775615394115448, 0.8155524432659149, 0.8963021449744701, 0.44382787123322487, 0.5528564773499965, 0.7298737443983555, 0.6886357665061951, 0.597255639731884, 0.5074623132745425, 0.14747055247426033, 0.14418516866862774, 1.029652944765985, 1.2127329137176275, 0.13707194849848747, 1.5443142716373717, 0.6223224326968193, 0.5694135576486588, 0.9060086384415627, 0.5497551634907722, 0.7244147062301636, 0.6473706364631653, 0.645536083728075, 0.5306749187409878, 0.961397260427475, 0.5059825774459612, 1.1693752393126489, 0.5254549458622932, 0.5452328622341156, 0.9698602259159088, 0.7286160439252853, 0.7166109979152679, 0.6705805137753487, 0.515115525573492, 0.5565235118071239, 0.5928125580151875, 0.6419407278299332, 0.5439499840140343, 0.5946631990373135, 0.4882837203996522, 0.61881248280406, 0.9523996810118358, 0.5878280450900395, 0.5974176570773124, 0.7328963503241539, 0.7566705729280199, 0.4863583818078041, 0.5147065818309784, 0.4213304705917835, 0.8012846373021603, 0.6925622746348381, 0.5848341137170792, 0.5883515516916911, 0.6280931149210249, 0.47368913143873215, 0.9179087579250336, 0.5408482208848, 0.9479045569896698, 0.6617381225029628, 0.7560464523732662, 0.6105956938117743, 0.6324862539768219, 0.6308246329426765, 0.6912904071311157, 0.7204135149717331, 0.5976037723677499, 0.5635281279683113, 0.6720292369524639, 0.6880405433475971, 0.7072090916335583, 0.6819472908973694, 0.9995300769805908, 0.8016125311454136, 0.6882653161883354, 0.48204247405131656, 0.6204710125923156, 0.6380704300744193, 0.6403665542602539, 0.6720170825719833, 0.6432043090462685, 0.586960459748904, 0.6055581718683243, 0.6853335574269295, 0.5780222080647945, 0.6317486628890038, 0.5898508777221043, 0.6179615557193756, 0.6895210072398186, 0.7133910320699215, 0.6009709313511848, 0.6607053900758426, 0.6114458665251732, 0.5783351234027317]
2025-11-10 20:47:02 - feda2 - INFO - loss data:
2025-11-10 20:47:02 - feda2 - INFO - [0.5913632474839687, 0.624991700053215, 0.3923182364553213, 0.6559062320739031, 1.2337298169732094, 0.704669788479805, 0.6151784919202328, 0.8255977481603622, 1.7493038922548294, 0.6551314741373062, 0.4600790854543447, 0.7033100426197052, 0.9765748158097267, 0.7097289115190506, 0.5904453843832016, 0.4831021800637245, 1.3210924714803696, 0.46445465087890625, 0.46945246309041977, 0.5841565541923046, 0.45837434573719904, 0.9433745633810758, 1.220030149165541, 0.9373360549410185, 1.6586032807826996, 0.7277557253837585, 0.563336435208718, 1.0961794505516687, 0.7539367477099101, 0.8279257565736771, 0.7909165173768997, 0.6537204086780548, 0.6335747539997101, 0.6203164011240005, 0.7026794205109279, 0.7505106031894684, 0.570749465908323, 0.9765700753778219, 1.6122848987579346, 0.6792390868067741, 0.8118571303784847, 0.6227882485836744, 0.5994226593258125, 0.6750148199498653, 0.5539173930883408, 0.6958371810615063, 0.6785559952259064, 0.5515345335006714, 0.7214640602469444, 0.6625587493181229, 0.5586196407675743, 0.7359421501557033, 0.46138973347842693, 0.7357819985066141, 0.5735586285591125, 0.6013057300200064, 0.5504081845283508, 0.6363899260759354, 0.5892479792237282, 0.4074326381087303, 0.689001115038991, 0.3687581792473793, 0.6069567576050758, 0.5444638296961785, 0.5686869062483311, 1.1392561942338943, 0.5805711224675179, 0.7315583825111389, 0.5538642108440399, 0.716464601457119, 0.6912494674324989, 0.5735028892755508, 0.6090656369924545, 0.8774773627519608, 0.6323779771725337, 0.6226166099309921, 1.8921555876731873, 0.6145324210325878, 0.457996328920126, 0.6323904097080231, 0.6091418638825417, 0.8827280923724174, 1.1872221276164054, 1.1629551599423091, 0.41191003397107123, 0.5845513269305229, 0.8244427591562271, 0.6848761439323425, 0.3328335419297218, 1.4936223151162267, 0.9136381112039089, 1.246517117534365, 0.4218680039048195, 0.5747868989904721, 0.7045297622680664, 0.6166770160198212, 0.6494165062904358, 0.6319457590579987, 0.5371412187814713, 0.6888840701431036, 0.33870838209986687, 0.44082020223140717, 0.30001725256443024, 1.4325833842158318, 0.639268696308136, 0.6444859132170677, 0.6183093450963497, 0.325882151722908, 0.14765014313161373, 0.8060473948717117, 0.9265657753816673, 0.4937347359955311, 0.5392336003482342, 0.6565273456275463, 0.5623646080493927, 0.574841383844614, 0.5357435887058576, 0.17658011987805367, 0.17730477266013622, 0.9849694725126028, 1.1085371736437082, 0.17693929187953472, 1.5417661496571133, 0.7300498858094215, 0.6285523101687431, 0.8183057978749275, 0.5739582628011703, 0.5551582500338554, 0.6133585572242737, 0.6227483575542767, 0.5315022677183151, 1.0080189257860184, 0.546673439797901, 1.0588745154440402, 0.6222654432058334, 0.5741777494549751, 0.9325174614787102, 0.737028107047081, 0.6031278893351555, 0.6224154978990555, 0.4736126996576786, 0.5614105463027954, 0.5227649062871933, 0.654213160276413, 0.6301213949918747, 0.5747968032956123, 0.49072954377957756, 0.6143037565052509, 0.8791906187931697, 0.6153299907843273, 0.5954650036990643, 0.7373628541827202, 0.7007769218512944, 0.5143503606319427, 0.5347977392375469, 0.4113616794347763, 0.8138100206851959, 0.6615662276744843, 0.5538162142038345, 0.619045507411162, 0.6436107344925404, 0.5172341976846968, 0.8620116636157036, 0.6105319365859032, 0.9286420941352844, 0.6291681677103043, 0.7035265535116195, 0.5993795935064554, 0.6982420235872269, 0.667438730597496, 0.6604916080832481, 0.5938595622777939, 0.5648790087018694, 0.5773521810770035, 0.7277270605166752, 0.7149401381611824, 0.7835459038615227, 0.7108155321329832, 0.8478073179721832, 0.618393210073312, 0.6450702100992203, 0.4997013434767723, 0.6931277692317963, 0.6281840332916805, 0.6238377392292023, 0.7173496633768082, 0.6380063196023305, 0.638347362478574, 0.5964418649673462, 0.6362868696451187, 0.6353043541312218, 0.6826763331890107, 0.5957518219947815, 0.7194105784098308, 0.6586256995797157, 0.576067790389061, 0.6526568084955215, 0.6271331285436947, 0.5565104708075523, 0.6339369650397981]
2025-11-11 14:45:36 - feda2 - INFO - loss data:
2025-11-11 14:45:36 - feda2 - INFO - [0.5772168710827827, 0.5988061726093292, 0.40208195634186267, 0.6226462634901206, 1.1385649889707565, 0.7698685228824615, 0.6909858286380768, 0.9897226531590735, 1.429069384932518, 0.6664194315671921, 0.4367167316377163, 0.6526317615061998, 0.9121280113855998, 0.6952002756297588, 0.6066294312477112, 0.5015816507594926, 1.3035074472427368, 0.470771183570226, 0.5212869681417942, 0.5879791006445885, 0.48927357234060764, 0.8730458304286003, 1.1953621509484946, 1.1112458805243173, 1.4425807893276215, 0.6319439336657524, 0.5363977771252394, 0.8836890906095505, 0.6163608928521473, 0.8034871518611908, 0.8493272811174393, 0.6440821290016174, 0.6317550465464592, 0.5701218992471695, 0.7310314178466797, 0.6962621957063675, 0.5846027827688626, 1.103897076100111, 2.00078621506691, 0.8724676854908466, 0.8947514817118645, 0.5951449312269688, 0.6350949547652688, 0.6427644342184067, 0.5308524966239929, 0.6982068605720997, 0.6520498543977737, 0.5417146310210228, 0.7319955453276634, 0.676373894015948, 0.5237429266174634, 0.7048082500696182, 0.4580830581486225, 0.7306327021547726, 0.6235815696418285, 0.6305049875130255, 0.5819820910692215, 0.6560564637184143, 0.637986496090889, 0.426030233502388, 0.7149489149451256, 0.32892968505620956, 0.7541165053844452, 0.8481400400400162, 0.5490215737372637, 1.0496619244416554, 0.5834186002612114, 0.7305077016353607, 0.5358344912528992, 0.7484662011265755, 0.7099924013018608, 0.6296763956546784, 0.6027073015769322, 0.9138327836990356, 0.6786686927080154, 0.654150128364563, 1.7004721760749817, 0.6690415671716134, 0.5696603015065194, 0.7409189566969872, 0.8515582885593176, 1.0654892697930336, 1.2931388586759567, 0.7831102857987087, 0.45087536722421645, 0.6199575960636139, 0.8724777176976204, 0.6618814617395401, 0.44718370363116267, 1.7136168954893947, 0.8925648108124733, 1.2917916618642353, 0.4404742643237114, 0.5864957223335903, 0.7336247861385345, 0.6457136794924736, 0.6419778317213058, 0.6853902488946915, 0.5543259605765343, 0.7830428685992956, 0.35776284895837307, 0.46783457323908806, 0.31271236911416056, 1.5402577109634876, 0.7990626841783524, 0.7678701281547546, 0.7549393773078918, 0.36527570709586143, 0.18428785353899002, 0.7553341090679169, 0.9916637901748929, 0.6515179462730885, 0.6386222615838051, 0.6622018344700337, 0.6538553088903427, 0.6032827310264111, 0.5300925329327584, 0.19504113867878914, 0.1831306330859661, 1.0730110332369804, 1.129556630551815, 0.15906579233705997, 1.6981430287872041, 0.7964419598380725, 0.7455500289797783, 0.7824976071715355, 0.6661538034677505, 0.6510487645864487, 0.6892444342374802, 0.6839539942642052, 0.5679649740457535, 0.8733529858291149, 0.5415774207739603, 1.0770322985947132, 0.5595013350248337, 0.5990409143269062, 0.9492909386754036, 0.8002813458442688, 0.7560612112283707, 0.7160728722810745, 0.5703000873327255, 0.6064311688145001, 0.6150083541870117, 0.691957637667656, 0.6374322076638539, 0.6194003522396088, 0.48053838525499615, 0.6471641138195992, 0.9114265789588292, 0.6257612556219101, 0.6611606791615486, 0.6949163377285004, 0.6699507321630205, 0.5336227580904961, 0.5672094933688641, 0.4735654667019844, 0.854508850723505, 0.8879431262612343, 0.5865770503878593, 0.6595712552467983, 0.6498787248773235, 0.5263414649026734, 0.8923545628786087, 0.6047423928976059, 0.9746546447277069, 0.7085908701022465, 0.8674992397427559, 0.6588998716324568, 0.7073804438114166, 0.6543255895376205, 0.6953788126508396, 0.69311503469944, 0.6524536503212792, 0.6150651052594185, 0.7400241444508235, 0.7182796448469162, 0.7468788474798203, 0.737742755562067, 0.9091528207063675, 0.7618020474910736, 0.6651432663202286, 0.5617181286215782, 0.6893022641539573, 0.6615058609417507, 0.6883951798081398, 0.7388875633478165, 0.6895781680941582, 0.6573801239331563, 0.7117003401120503, 0.7314020991325378, 0.662948664277792, 0.7084089487791061, 0.6874940246343613, 0.6632016797860463, 0.7047912143170834, 0.7512676529586315, 0.6607770174741745, 0.6910206054647763, 0.5878130495548248, 0.6345309380974089]
2025-11-13 21:21:39 - feda2 - INFO - loss data:
2025-11-13 21:21:39 - feda2 - INFO - [0.5736070834100246, 0.6008924394845963, 0.40865551233291625, 0.7166288445393244, 1.2684762328863144, 0.6821081191301346, 0.6828709319233894, 0.8021863698959351, 1.6206180254618328, 0.7292474210262299, 0.535629554092884, 0.7186138350516558, 1.0510197033484776, 0.7626209817826748, 0.6175688952207565, 0.5138577127030918, 1.3716570436954498, 0.5098982118070126, 0.5045988522469997, 0.5869011148810387, 0.48798933249587817, 0.9468640865758061, 1.1764694506302475, 0.9385022123654684, 1.330836709588766, 0.7386818081140518, 0.5685379629333813, 1.1348894486824672, 0.8043511559565861, 0.7711180945237477, 0.8515319675207138, 0.672565758228302, 0.6402000486850739, 0.541590690612793, 0.7431462009747822, 0.6977561861276627, 0.5759163243430001, 0.9395612888038158, 1.658527910709381, 0.8016325458884239, 0.8530714437365532, 0.5945231657475233, 0.7266312648675272, 0.6272639036178589, 0.48975271731615067, 0.7423728201538324, 0.7029058486223221, 0.5483460798859596, 0.7405779361724854, 0.6866936087608337, 0.5465653166174889, 0.7378409653902054, 0.49059527069330217, 0.6915583546672548, 0.7141120191663504, 0.704387441277504, 0.6613864600658417, 0.6867355406284332, 0.6475572288036346, 0.4850755035877228, 0.7081886362284422, 0.32655344903469086, 0.7771080732345581, 0.9262771040201188, 0.5905513558536768, 0.9769461800654728, 0.6267839223146439, 0.6949405148625374, 0.6151444762945175, 0.6943373903632164, 0.6866512075066566, 0.594725888967514, 0.5975606540838878, 0.8923802822828293, 0.6741606692473094, 0.6630254954099655, 1.620085597038269, 0.6624927079925935, 0.6482996851205827, 0.8514305055141449, 1.0599578861147165, 1.0780225321650505, 1.4080118179321288, 0.6293294926484425, 0.4714577283710241, 0.5992491543292999, 0.8738107830286026, 0.6476460546255112, 0.5382412139326334, 1.6059062648564577, 0.8557849749922752, 1.1798490569705056, 0.4931064024567604, 0.5870585143566132, 0.6789644956588745, 0.6304469183087349, 0.6988814175128937, 0.656618058681488, 0.5860481113195419, 0.7070227060467005, 0.3478038962930441, 0.4880506731569767, 0.3032632200047374, 1.6452940851449966, 0.9317174293100834, 0.8906493298709393, 0.8610814362764359, 0.35798029974102974, 0.1959448680281639, 0.7529823333024979, 1.0038858439241136, 0.7064077220857143, 0.6601114869117737, 0.607867170125246, 0.5541363507509232, 0.576094251126051, 0.5306909161309401, 0.22669268399477005, 0.20011109486222267, 0.934388717636466, 1.0446377100422979, 0.1728185098618269, 1.6575525615896498, 0.8676469475030899, 0.8154808841645718, 0.6831502765417099, 0.6723280251026154, 0.6582108289003372, 0.5863909870386124, 0.7010833707948525, 0.5754732802510262, 0.8197212889790535, 0.5673091649299576, 0.9844617389142514, 0.6154806464910507, 0.6130516529083252, 0.8486920893192291, 0.7199607342481613, 0.7129106819629669, 0.663661353290081, 0.5431866757571697, 0.5975739682714145, 0.6118079374233882, 0.667182058095932, 0.6676099846760433, 0.6385769359767437, 0.5276081913283893, 0.5945164486765862, 0.8614738682905834, 0.6186356693506241, 0.6498439878225326, 0.6830800250172615, 0.6861972702401025, 0.5364798694849015, 0.558870505541563, 0.4867510721087456, 0.8099809549748898, 0.8605985939502716, 0.5824576020240784, 0.6632079347968102, 0.6499952737774168, 0.5458493850060872, 0.8476129397749901, 0.6066578850150108, 0.9414153769612312, 0.6984986662864685, 0.8353746727108955, 0.6725263595581055, 0.700323224067688, 0.656083345413208, 0.6841718231638272, 0.6909040868282318, 0.6885226645639965, 0.6210015416145325, 0.7277196695407231, 0.6452707946300507, 0.6851698122918606, 0.7552506364881992, 0.8794683218002319, 0.7730147689580917, 0.6804456785321236, 0.5709959715604782, 0.6932864919304847, 0.6563326322606632, 0.6816271344820659, 0.7133062183856964, 0.6837579309940338, 0.6471876849730809, 0.6975649744272232, 0.7184230908751488, 0.6595811881124973, 0.7011044964194297, 0.7016869535048802, 0.634461984038353, 0.7002676948904991, 0.7548504285514355, 0.6453185677528381, 0.691128708422184, 0.5916227549314499, 0.6135636270046234]
2025-11-14 11:15:31 - feda2 - INFO - loss data:
2025-11-14 11:15:31 - feda2 - INFO - [0.64861910790205, 0.6233434677124023, 0.42118332274258136, 0.6879353572924932, 1.3129414319992065, 0.7087135910987854, 0.6081149280071259, 0.7629056530339378, 1.4278735021750133, 0.717861495912075, 0.5127118248492479, 0.692066065967083, 1.020756294329961, 0.7582423239946365, 0.6127385646104813, 0.48512716272047585, 1.4991077110171318, 0.5258341059088707, 0.49695974215865135, 0.6113651938736439, 0.5265985053032637, 0.8531985688954592, 1.243770483136177, 0.9820940891901652, 1.4799900129437447, 0.7065789923071861, 0.622367278734843, 1.110320712129275, 0.8769645939270656, 0.8343376467625301, 0.8128447383642197, 0.6489391773939133, 0.6456459909677505, 0.553263284265995, 0.7449842890103657, 0.6783073097467422, 0.5795050550784384, 1.0619367249310017, 1.7947023808956146, 0.7907164916396141, 0.9121721237897873, 0.6483431495726109, 0.6910656719867673, 0.6223087422549725, 0.47253715991973877, 0.7568121384829283, 0.7179000973701477, 0.48950714617967606, 0.7628143355250359, 0.714210366209348, 0.5651835774381955, 0.7109131217002869, 0.474107313528657, 0.7010658777185849, 0.7491297107189894, 0.6995615313450496, 0.6500224024057388, 0.650187075138092, 0.6397017389535904, 0.41665230691432953, 0.7173184528946877, 0.24469271302223206, 0.8571984097361565, 1.0340254247188567, 0.5955049190670252, 1.002246841788292, 0.5783379152417183, 0.7208545133471489, 0.5689538568258286, 0.7138351500034332, 0.7081848010420799, 0.6071123644709587, 0.5928197205066681, 0.8307607024908066, 0.6513009021679561, 0.6457536399364472, 1.8358577489852905, 0.696876594175895, 0.6007218532264234, 0.7783595211803913, 0.9040984194725752, 0.9393436275422573, 1.1531592726707458, 0.7137371897697449, 0.45807030238211155, 0.5478307232260704, 0.8572148606181145, 0.6443641632795334, 0.5032276410609484, 1.474545395001769, 0.778236411511898, 1.1313528297912507, 0.5248054713010788, 0.578053889175256, 0.6499493569135666, 0.6488757357001305, 0.7215957194566727, 0.6449364125728607, 0.5983875244855881, 0.6920330710709095, 0.35221418738365173, 0.5324935093522072, 0.310723964124918, 1.573273904621601, 0.775895245373249, 0.7676533237099648, 0.745626375079155, 0.3553550932556391, 0.15496667474508286, 0.8334438502788544, 1.0993460512587, 0.7244506441056728, 0.6056515716016293, 0.6326561443507671, 0.5161750540137291, 0.5813772343099117, 0.5384564409653346, 0.2209649421274662, 0.19983888417482376, 0.9081004001200199, 1.1000023629516362, 0.19686851650476456, 1.5876509951693671, 0.8539805908997853, 0.778951320797205, 0.7544947788119316, 0.6337336450815201, 0.6475438177585602, 0.6436783522367477, 0.6698216944932938, 0.5921394884586334, 0.8476749993860722, 0.5661431079109509, 0.9984944798052311, 0.6695316880941391, 0.6061012074351311, 0.9237309247255325, 0.7563527077436447, 0.6510299444198608, 0.6848935596644878, 0.5506176985800266, 0.5769766718149185, 0.5980953474839528, 0.6659989953041077, 0.7047737787167232, 0.6472568698227406, 0.5568277122718948, 0.6175567284226418, 0.8809819892048836, 0.6237515012423198, 0.656238216161728, 0.710287481546402, 0.6777863906962531, 0.5262368142604827, 0.5747036449611187, 0.45923811942338943, 0.8106184042990208, 0.8588467203080654, 0.5958198383450508, 0.6777563000718753, 0.6457519062927791, 0.5582742126924651, 0.8683455884456635, 0.6099104300141335, 0.968390166759491, 0.6820462942123413, 0.8838961139321327, 0.6266829818487167, 0.6401442736387253, 0.6904984414577484, 0.6724791079759598, 0.6376431912183762, 0.6688820208821977, 0.6234972178936005, 0.7495414266983669, 0.743480734527111, 0.7792226895689964, 0.7349860742688179, 0.8265911489725113, 0.6965192010005314, 0.7192421853542328, 0.5820232356588046, 0.695048376917839, 0.6748235427907535, 0.7016496360301971, 0.787725180387497, 0.694721023241679, 0.6586963435014088, 0.709912896156311, 0.725441575050354, 0.6825558058917522, 0.6942970260977746, 0.7418734182914097, 0.7129506071408589, 0.7376334518194199, 0.7114649228751659, 0.6062266230583191, 0.6959980328877766, 0.6403143852949142, 0.595227531024388]
2025-11-14 20:33:51 - feda2 - INFO - loss data:
2025-11-14 20:33:51 - feda2 - INFO - [0.5948924099405606, 0.6058394312858582, 0.40826182886958123, 0.7024512775242329, 1.328504540026188, 0.6756484508514404, 0.6433694586157799, 0.7496477908321789, 1.9615982125202815, 0.6874702125787735, 0.54256601780653, 0.7438273411244154, 1.086477999885877, 0.806832630187273, 0.6119016483426094, 0.48115051431315287, 1.3481696546077728, 0.4909881216784318, 0.49108731746673584, 0.549460842460394, 0.5141646653413773, 0.7915493749082089, 1.1128541089594364, 0.8733798166116079, 1.3822467550635338, 0.6717961728572845, 0.5742678576459487, 1.2107539872328439, 0.8160273432731628, 0.7623975823322933, 0.8236222118139267, 0.6577124744653702, 0.6388716846704483, 0.5643200725317001, 0.7416696747144063, 0.6745744049549103, 0.5858786787305559, 0.9225525967776775, 1.6004621982574463, 0.7945679165422916, 0.8679770976305008, 0.6383318096399307, 0.7317758072167635, 0.6250887028872967, 0.5138473808765411, 0.740844015032053, 0.6819492280483246, 0.5091914087533951, 0.7974923253059387, 0.7159925848245621, 0.5748248646656673, 0.7227460592985153, 0.4889372162520885, 0.6962511475597108, 0.7383096478879452, 0.7125138118863106, 0.6640348583459854, 0.6434697806835175, 0.6585997566580772, 0.4398447573184967, 0.7211539149284363, 0.28956886753439903, 0.7821669727563858, 0.9395236283540725, 0.5734132882207632, 0.9837651699781418, 0.5903571620583534, 0.7291551828384399, 0.6032785773277283, 0.6948658376932144, 0.6842923313379288, 0.5993869334459305, 0.5950727264086406, 0.9457070082426071, 0.6713252762953441, 0.6534611627459526, 1.752938151359558, 0.6789229232817888, 0.5929546885192394, 0.7152054198086262, 0.9059761073440313, 0.7962246127426624, 1.2006891399621964, 0.6959320207436879, 0.44772619046270845, 0.5806942954659462, 0.8750999867916107, 0.653171569108963, 0.4551175028085709, 1.4740774426609278, 0.8651848956942558, 1.1599161582333701, 0.4926985204219818, 0.5660050362348557, 0.6298839002847672, 0.6100866347551346, 0.6904654651880264, 0.5923945903778076, 0.5546014308929443, 0.6663443129509687, 0.33179254829883575, 0.4299634173512459, 0.2975976880639791, 1.419462639838457, 0.6465260721743107, 0.6201872751116753, 0.6564102992415428, 0.3590238895267248, 0.16721561551094055, 0.7562485635280609, 0.9818141662648746, 0.5841311737895012, 0.5926273629069329, 0.6164148956537246, 0.5316752642393112, 0.5823962800204754, 0.5396561517069738, 0.21632999554276466, 0.2049927245825529, 0.9100102223455906, 1.1118468165397644, 0.1818210706114769, 1.611361107655934, 0.8379002884030342, 0.7384856082499027, 0.7486108094453812, 0.5742737576365471, 0.5949829593300819, 0.6387578397989273, 0.656150193264087, 0.5723513394594193, 0.9046209566295147, 0.5836000534750166, 1.013294944167137, 0.617973119020462, 0.6022864207625389, 0.9194654077291489, 0.7488823086023331, 0.5967833250761032, 0.6340422220528126, 0.5171838477253914, 0.5840200558304787, 0.5578911552826564, 0.6540442854166031, 0.6118240455786388, 0.6026513688266277, 0.5185098722577095, 0.5923588313162327, 0.8635341649254162, 0.6072040945291519, 0.6431744113564491, 0.7081867456436157, 0.6651274753468377, 0.5023547485470772, 0.5568454004824162, 0.41303151845932007, 0.8802694380283356, 0.787089392542839, 0.5382943674921989, 0.6837278420726458, 0.6408601318086897, 0.5511093693120139, 0.8509901985526085, 0.5985968545079231, 0.9124907664954662, 0.6729152997334797, 0.7861494168639183, 0.5674548633396626, 0.6919837146997452, 0.6616187989711761, 0.65888512134552, 0.6081260204315185, 0.6339985962424959, 0.6051591038703918, 0.7673542698224385, 0.7613885328173637, 0.7740131989121437, 0.7532285116612911, 0.8168600797653198, 0.6524766087532043, 0.6720205247402191, 0.5398732398947079, 0.6906292885541916, 0.6637746053082603, 0.6718028758962948, 0.8308495134115219, 0.687083788216114, 0.6573400994141896, 0.6735577086607616, 0.7227129861712456, 0.6810649558901787, 0.6785558253526688, 0.6771969397862752, 0.752187932531039, 0.728757593780756, 0.6320585422217846, 0.6083704233169556, 0.6751652484138806, 0.5915227308869362, 0.6156946952853883]
2025-11-17 05:22:10 - feda2 - INFO - loss data:
2025-11-17 05:22:10 - feda2 - INFO - [0.5172320407194395, 0.457394540309906, 0.33994360400461837, 0.6143573381006717, 0.9917168893984386, 0.6693425625562668, 0.5542266345582902, 1.5004877671599388, 1.2075680315494537, 0.7093135640025139, 0.3514291048049927, 0.6740461178123951, 0.8559177548935015, 0.6401408101831163, 0.5993923395872116, 0.492765838014228, 1.0958222299814224, 0.47058501169085504, 0.5751077053802354, 0.5533141603486406, 0.4863287111123403, 0.5829853226415931, 0.8233664898046603, 0.9593169569969178, 0.758780321638499, 1.1226687105372548, 0.6046468915123688, 0.7537409156560898, 0.5655370876193047, 0.7946101824442546, 0.7875661998987198, 0.6120133437216282, 0.698997501283884, 0.819585457444191, 0.6658423155546188, 0.5971911009401083, 0.5549584246639694, 0.9035637676715851, 1.2543480768799782, 0.6794194281101227, 0.7262400771890367, 0.6574294474956236, 0.43817610879029545, 0.9100918684686933, 0.6019238382577896, 0.630594267909016, 0.6686327904462814, 0.5163597613573074, 0.6763037908822298, 0.6211007088422775, 0.5912300646305084, 0.7085087090730667, 0.40529303424917756, 0.7597435718136174, 0.4485258939010756, 0.6185333519464448, 0.5570516288280487, 0.6297452449798584, 0.6252414062619209, 0.3734358921647072, 0.6635694902922427, 0.3667735680937767, 0.5895614451728761, 0.506397558376193, 0.6836825406977108, 0.9581727236509323, 0.8574359267950058, 0.5658526979386806, 1.036350667476654, 0.603333093225956, 0.6636100113391876, 0.5010665332277616, 0.7278515125314395, 0.9161849468946457, 0.6533406948049862, 0.5441449728647345, 2.0406069457530975, 0.6409264475107193, 0.4180655392180932, 0.6903127804398537, 0.738563519503389, 0.8831234090030193, 0.9885974584354295, 1.2772057106097539, 0.41092923660540864, 0.5839031264185905, 0.7880522012710571, 0.6969064995646477, 0.3885902508505081, 1.2844004577824049, 0.7043823674321175, 0.8294843857487042, 1.2435307800769806, 0.7734034458796184, 0.5761119276285172, 0.606561316177249, 0.8702620789408684, 0.6063741371035576, 0.4946215897798538, 0.8090732842683792, 0.2864530490977424, 0.4497783035039902, 0.22756706511503771, 1.6204841626541955, 0.7481576353311539, 0.6881996989250183, 0.5199005044996738, 0.27359104425912456, 0.16972273960709572, 0.7034902833402157, 0.731725562363863, 0.4610313842339175, 0.6688770847395062, 0.6874205725953767, 0.4271370843052864, 0.5404330414852926, 0.46766070547072514, 0.1467806501314044, 0.15178867289796472, 1.1483608093112707, 1.2091853712734424, 0.1256800969131291, 1.337321475148201, 0.527744983881712, 0.5196195308651244, 0.732546728104353, 0.6345660910010338, 0.6519416272640228, 0.5180885978043079, 0.6916758496136892, 0.457015093209015, 0.9852288407938821, 0.5009487886513982, 0.9552803074282811, 0.9115690290927887, 0.7333555435761809, 0.602196715772152, 0.41304267942905426, 0.7177188247442245, 0.3513462277395385, 0.28594296146184206, 0.5936283481617769, 0.5163268566131591, 0.4888133034110069, 0.7980053693056106, 0.6248879943575179, 0.46282820403575897, 0.6587400840861457, 0.89084896966815, 0.6098036348819733, 0.5437601275069821, 0.8532444946467876, 0.7851374042885644, 0.45618465004695785, 0.5238724903070501, 0.4376567676663399, 0.8912543846028191, 0.8540209797876221, 0.6458392757922411, 0.5416789530923491, 0.7307307656322206, 0.488727370010955, 0.95088055357337, 0.5439733357893096, 1.0160240765128816, 0.6785289496183395, 0.89012503192613, 0.7701437680849007, 0.8300614841282368, 0.7564384900033474, 0.8196934699302628, 0.6832437432474561, 0.6297177640455109, 0.5620843842625618, 0.7007663488388062, 0.739389430731535, 0.7254322064774377, 0.7109566416059221, 1.0510927736759186, 0.8515270538628101, 0.6420530080795288, 0.5669114246964455, 0.6541912830189655, 0.5888945524181639, 0.5872776781519253, 0.6066168993711472, 0.5931953626374404, 0.5875653624534607, 0.7155442101260026, 0.6256368942558765, 0.6233759309564317, 0.6398756719733539, 0.6798145830631256, 0.5558480694890022, 0.5644906408020428, 0.7396163046360016, 0.6170629188418388, 0.6041113293419282, 0.6546515356749296, 0.656924519687891]
2025-11-17 06:39:23 - feda2 - INFO - loss data:
2025-11-17 06:39:23 - feda2 - INFO - [0.5737597718834877, 0.47043614834547043, 0.31569933087417956, 0.6139761532191187, 0.9988798988716943, 0.6534600928425789, 0.5612312220036983, 1.077710822224617, 1.3497452855110168, 0.6801931113004684, 0.33788696135808194, 0.8352923188358545, 0.9419489937524002, 0.6161617487668991, 0.6004646420478821, 0.46757323587579386, 1.367461308836937, 0.45583467856049537, 0.5806773932916778, 0.5125482742571168, 0.5032235742029216, 0.6977119064475927, 0.8339457805527167, 0.9696202456951142, 0.8788732173187392, 0.7568876799196005, 0.5659589782357216, 0.9152742698788643, 0.6197263672947884, 0.8304460123181343, 0.7830186933279037, 0.6384199298918247, 0.6413666978478432, 0.6803748458623886, 0.7009509921073913, 0.6356284096837044, 0.5843884080116237, 1.0871359817683697, 1.6258490234613419, 0.7144250944256783, 0.7945338508912495, 0.6230214132290137, 0.508492287248373, 0.8957593441009521, 0.5900174379348755, 0.6206041915076119, 0.6609058678150177, 0.5597996637225151, 0.6682629622519016, 0.633806225657463, 0.5969326222936313, 0.729218602180481, 0.4018833609076128, 0.7991051828222615, 0.5050896470035826, 0.5889139207346099, 0.5136480629444122, 0.5990256145596504, 0.6290473192930222, 0.41893499344587326, 0.6759157558637006, 0.3532203324139118, 0.7322350535541773, 0.5640803881817393, 0.7320806139281818, 0.8009377022584279, 0.8371116816997528, 0.5751809477806091, 0.9659859836101532, 0.6329980120062828, 0.6189615875482559, 0.500765072595742, 0.7386674856146176, 0.7963360399007797, 0.6475439444184303, 0.556737449608351, 2.149821788072586, 0.6700142394219126, 0.4098796854176891, 0.6544401794672012, 0.6730003101485116, 0.8682660311460495, 0.9342489567481809, 1.3854402390619118, 0.4181874469440017, 0.5431991443037987, 0.7087590228766203, 0.7608647383749485, 0.34077450985971247, 1.2141111668731486, 0.7083530044183135, 0.9381054327601478, 0.931286096572876, 0.6590463469425838, 0.5928414687514305, 0.6343661490827799, 0.8486846089363098, 0.6034146249294281, 0.5494705326855183, 0.7652035813246454, 0.24567475968173572, 0.48184679448604584, 0.23603186545599447, 1.5104697389262063, 0.5677830278873444, 0.5567948073148727, 0.5181587808765471, 0.29069159579064163, 0.1124601885676384, 0.8836890682578087, 0.6907619315066508, 0.44510756858757566, 0.5369112349839674, 0.7122384262222209, 0.41552864015102386, 0.5220852858786071, 0.5018487356407078, 0.13713348377496004, 0.1434960514307022, 0.9899524264037609, 1.0344737611318888, 0.2052773479372263, 1.1900266792093004, 0.5738508060574532, 0.5004843420216015, 0.7702938057482243, 0.6125775277614594, 0.56165911257267, 0.48353350162506104, 0.6523830024969011, 0.43656817699472106, 1.0124812126159668, 0.5112696996224778, 0.9423261532433947, 0.8811308145523071, 0.653409929946065, 0.5958121679723263, 0.3792930692434311, 0.5772843137383461, 0.35098521331591265, 0.2305075153708458, 0.594209580992659, 0.4934249632060528, 0.5715420544147491, 0.7681346893310547, 0.6002050127301897, 0.47512131131121094, 0.6699845684426171, 0.910923171043396, 0.5807267874479294, 0.5069908176765854, 1.069604940712452, 0.8237259627452919, 0.38896064915590817, 0.5151961300788181, 0.3528270721435547, 0.8663089424371719, 0.6073745968086379, 0.6364291235804558, 0.537487830692216, 0.6750166836593832, 0.48329916489975794, 0.9878461770713329, 0.5796479081941975, 1.0546918702977044, 0.6557455646495025, 0.6013628024803965, 0.6663625543670995, 0.9153185486793518, 0.881026316434145, 0.8208954483270645, 0.6041089594364166, 0.4565076652382101, 0.5956888869404793, 0.7192806094884873, 0.5879708379507065, 0.5953499940889222, 0.6778783287320818, 0.7160477042198181, 0.647827538351218, 0.6300611458718777, 0.5253378823399544, 0.5855099354919635, 0.5705934813512223, 0.5521056254704793, 0.48301102221012115, 0.5607118227829535, 0.6810725728670757, 0.5203969590365887, 0.6189432255923748, 0.628080951316016, 0.5830470660799427, 0.5196888253092766, 0.5333837494254112, 0.5560016129165888, 0.537585053060736, 0.574586870148778, 0.5714418298254411, 0.726936973631382, 0.5710705369710922]
2025-11-17 07:23:41 - feda2 - INFO - loss data:
2025-11-17 07:23:41 - feda2 - INFO - [0.5647720657289028, 0.47525468468666077, 0.329722228165912, 0.6025467657484114, 0.8646987612758363, 0.6465583145618439, 0.49683447647839785, 1.1074643161680018, 1.2139315277338028, 0.6973514333367348, 0.33019844559021294, 0.7381787393242121, 0.8477972509960334, 0.6450875146048409, 0.584127277135849, 0.49473423244697706, 1.133061558008194, 0.4660108767449856, 0.5503832921385765, 0.5334048745118909, 0.5218874334047239, 0.5511822853059996, 0.736419891524646, 0.7285192638635636, 0.5144753707572818, 1.0942949480377138, 0.6678184674366524, 0.736076007783413, 0.5788636853297551, 0.8375820020834606, 0.8004217445850372, 0.5793174989521503, 0.6705927439033985, 0.7729251682758331, 0.6687114506959915, 0.7271022796630859, 0.5754836949386767, 0.8014452420175076, 1.187149703502655, 0.648907981812954, 0.7213657391922814, 0.7236372204987627, 0.5115082428923675, 0.9526535847357341, 0.5792707279324532, 0.6149936342345816, 0.662108838558197, 0.5516886189579964, 0.7239095531404018, 0.6387588500976562, 0.5587668120861053, 0.7348268032073975, 0.4080031685871146, 0.7964593265205622, 0.4809602637376104, 0.5833562880399681, 0.5233679786324501, 0.6509798467159271, 0.6770877912640572, 0.4011465981602669, 0.647968232099499, 0.33720998279750347, 0.5933130448684096, 0.48031531615803635, 0.7098909946424621, 0.8393260861436527, 0.9110825210809708, 0.556976979598403, 1.1531441807746887, 0.6168628633022308, 0.5895718261599541, 0.5091698528784845, 0.7966448614994686, 0.8613768965005875, 0.645845927298069, 0.5425558105895394, 2.3329206705093384, 0.6735729824219432, 0.37954279396421553, 0.6505789905786514, 0.649010319262743, 1.0572196803987026, 1.038064578341113, 1.3198765118916829, 0.4091882622312932, 0.5429230257868767, 0.7604048978537321, 0.8253033496439457, 0.3238651793646185, 1.1518161201051302, 0.6724421856924891, 0.9123036735469386, 1.1119142919778824, 0.7163245901465416, 0.5663327649235725, 0.6130493655800819, 0.8221906200051308, 0.5877728126943111, 0.5002264101058245, 0.7498403159635407, 0.27376448868640835, 0.4285823330283165, 0.21774855150694125, 1.695032326238496, 0.6052744835615158, 0.5931248664855957, 0.5189640577882528, 0.36553523822554523, 0.1331871971487999, 0.8014588207006454, 0.6778543434504951, 0.41178593624915394, 0.4984311046492722, 0.6845263496629501, 0.28613607585430145, 0.5348648834707481, 0.46743279209262445, 0.34338474087417126, 0.18574482249096036, 0.9227366857230663, 0.9763986524194479, 0.12455084081739187, 1.1982042869286877, 0.48676090110093356, 0.44108299698148457, 0.8283708468079567, 0.6030794009566307, 0.64933692663908, 0.4552954286336899, 0.687859217680636, 0.42858447320759296, 1.1393010807888848, 0.4885111095117671, 0.8338918341393757, 1.1252048313617706, 0.7922429740428925, 0.521277567371726, 0.2877901904284954, 0.6120978407561779, 0.4064453789698226, 0.2399165965616703, 0.6471452365318934, 0.4814356744289398, 0.5426706485450268, 0.7505694597959518, 0.5983700709683555, 0.46135369475398746, 0.7403197756835392, 0.8441164903342724, 0.5688825786113739, 0.49493185332731193, 0.9233140721917152, 0.8496023810335568, 0.40167934716575676, 0.5149984355749828, 0.38107237219810486, 0.9162834797586714, 0.7124574833682605, 0.7065022438764572, 0.49332511448546457, 0.7568654008209705, 0.4635951460472175, 1.0409755483269691, 0.5148863386776712, 1.1734440326690674, 0.6148204728960991, 0.792628345128737, 0.7494968420692852, 0.7557785287499428, 0.6860294882208109, 0.8233954157857668, 0.6502877341376411, 0.5779513115329402, 0.5492821037769318, 0.7607407510280609, 0.6617408553138375, 0.792572951742581, 0.7774120196700096, 0.9413888901472092, 0.7004943055411179, 0.6889701969921589, 0.5031515508890152, 0.6015219547246632, 0.6156764583928245, 0.6101847228904564, 0.6849384754896164, 0.605847751100858, 0.5830065980553627, 0.6265811113019784, 0.6419610194861889, 0.5751451988305365, 0.6315657249406764, 0.57621219009161, 0.5906744077801704, 0.615297716643129, 0.6217128123555864, 0.6724922861903906, 0.6288415951033433, 0.6415327191352844, 0.6133488597614425]
2025-11-17 08:11:41 - feda2 - INFO - loss data:
2025-11-17 08:11:41 - feda2 - INFO - [0.579053125033776, 0.6327285518248875, 0.5695864409208298, 0.5753344371914864, 0.5686515439301729, 1.4956577618916829, 1.5315718412399293, 0.7575530658165615, 0.5467862068365017, 0.7092473834753037, 0.47558735706843436, 1.0328025470177333, 0.6880328704913456, 0.5197349432855844, 0.7440305016934872, 1.545940637588501, 0.7329007729887962, 0.7138318851590156, 0.5973568260669708, 0.5868626162409782, 0.4713239366188645, 0.6801076372464498, 0.5556683152293166, 0.9019845113158226, 0.6307102590799332, 0.8079019015034039, 0.48268012069165706, 0.8225360999504725, 0.5666225229700406, 0.5301923373093208, 1.1942809596657753, 0.5887672031919162, 0.5146120643864075, 0.9142806112766266, 0.6190127413719893, 0.8085014841829737, 1.8978752245505652, 0.88878366847833, 0.6008471325039864, 0.8179725646972656, 0.5965446842213471, 0.8142441749572754, 0.6859686156113942, 0.7133478422959645, 0.6018422444661459, 0.6085697993636131, 0.5017976698776087, 1.9008794724941254, 0.1816610222061475, 2.0768136580785117, 1.026844248175621, 0.7392245034376781, 0.6648744841416676, 0.6717414885759354, 0.5825898706912994, 0.6651102043688297, 0.6157338082790375, 0.6659449934959412, 0.614905595779419, 0.6237300023436546, 0.46463613491505384, 1.3941671252250671, 0.2227841663795213, 1.0516376833120982, 0.4108087768157323, 1.1978196154038112, 0.6062260394295056, 0.5288701467216015, 0.7013474057118099, 0.6961081326007843, 0.584700342019399, 0.4290101045742631, 0.5119243804365396, 0.926979412138462, 0.5030089467763901, 0.3704305128194392, 0.8288983330130577, 0.5574115887284279, 0.5976415723562241, 0.4936766168102622, 0.8086000507076581, 0.45409420380989707, 0.6147853105018537, 0.17096204465876025, 2.106493264436722, 1.1344925228816767, 1.6912802159786224, 0.5466531203128397, 1.0136737250722945, 0.5800760512550672, 0.651733402411143, 0.6139925916989644, 0.4526473507285118, 0.6031858439867694, 0.9614099130034447, 0.4438381791114807, 0.5155584663152695, 0.5357209518551826, 0.42251688304046786, 0.6545431520789862, 0.7477271373694142, 1.2468142534295716, 0.5376089587807655, 0.5896710902452469, 0.4648562714457512, 0.5610214372475941, 0.5297180324792862, 0.475342720746994, 0.5186801211287577, 0.8393518805503846, 0.5685929457346599, 0.6469653844833374, 0.5650499381124974, 0.7210685412089031, 0.5010911114513874, 0.7201248357693355, 0.5931916038195292, 1.055146500468254, 0.6600759327411652, 0.40910004265606403, 0.4874824872240424, 0.9298712958892186, 0.4249763822803895, 0.4063738776991765, 0.41686539370566605, 0.5240998829404513, 0.5021687120199203, 0.4653066034118335, 0.481666948646307, 0.5545160146430135, 1.2074247658252717, 0.39924404956400394, 0.4144109569489956, 0.5723544031381607, 0.23909987105677527, 1.5156493683656058, 0.5070910798385739, 0.13108700948456925, 1.474729236960411, 0.5921920984983444, 0.5034349337220192, 0.9173913598060608, 0.7206791987021763, 0.5873828552663326, 0.5224632807075977, 0.5873328447341919, 0.6584595233201981, 0.5287974153955778, 0.6503400082389514, 0.5650880008935928, 0.6663226187229156, 0.5891881361603737, 0.5456157363951206, 0.5504387095570564, 0.6271569281816483, 0.48924706503748894, 0.815546378493309, 0.4214682675898075, 0.5591619128982226, 0.5341016054153442, 0.5341345556080341, 0.5140744164586067, 0.552909384171168, 0.425983939319849, 0.9440029412508011, 0.7795166522264481, 0.711607500910759, 0.520648365219434, 0.49199913193782174, 0.5985327750444412, 0.5934382826089859, 0.549649993578593, 0.5021380931138992, 0.5474817678332329, 0.4736319358150164, 0.5817816630005836, 0.6199123159050941, 0.6077625267207623, 0.43663057883580525, 0.694028839468956, 0.5953036904335022, 0.4607864744961262, 0.47239437624812125, 0.5142053321003914, 0.6461636871099472, 0.5056240081787109, 0.4598043565948804, 0.5713065514961879, 0.6386716723442077, 0.5197905652225018, 0.4952116310596466, 0.4853120471040408, 0.4842039979994297, 0.6876484751701355, 0.46977843195199964, 0.49414096400141716, 0.5150910973548889, 0.5023957714438438, 0.6498623043298721, 0.5191539160907268]
2025-11-17 15:56:11 - feda2 - INFO - loss data:
2025-11-17 15:56:11 - feda2 - INFO - [0.5969644722839196, 0.6168839832146962, 0.5513168846567471, 0.5755338296294212, 0.5618181601166725, 1.1101074495042365, 1.56500101685524, 0.7440021087725956, 0.5693254598726829, 0.68368119597435, 0.4840196198783815, 1.0492430577675502, 0.6764660427967708, 0.5057720715800921, 0.736779972910881, 1.6931129395961761, 0.7377953067421914, 0.7352586939930916, 0.5915880396962165, 0.5983169780423243, 0.48270510621368884, 0.6723089108864466, 0.5225977408699691, 0.9564930453896523, 0.6313563883304596, 0.7577273771166801, 0.44121264993834003, 0.892413330078125, 0.5466936926047008, 0.5050121663759152, 1.133405140042305, 0.5989847009380658, 0.5279028862714767, 0.8579398721456528, 0.6261572080353897, 0.6473686421910921, 1.939297835032145, 1.064355954527855, 0.6455739326775074, 0.8762664332985878, 0.5778106184055407, 0.8361572265625, 0.6704599559307098, 0.6853481282790501, 0.6319566716750463, 0.6678498754898707, 0.49074555157373345, 1.6949690878391266, 0.215514215019842, 2.084890137116114, 1.0981073677539825, 0.8473502099514008, 0.6818575908740361, 0.6837778046727181, 0.6169515545169513, 0.7973761707544327, 0.6333862125873566, 0.661052867770195, 0.6411932706832886, 0.7143867939710618, 0.5058091419438521, 1.242630884051323, 0.2138786786235869, 1.090376453101635, 0.46726068660306436, 1.3933040151993432, 0.6875327775875728, 0.63970897346735, 0.6217198669910431, 0.7667907699942589, 0.6325014948844909, 0.47432933896780016, 0.6599858216941357, 0.849293053150177, 0.5404279936725894, 0.442078747600317, 0.763761709133784, 0.5696664055188496, 0.5982479850451152, 0.5681587209304173, 0.6940526644388835, 0.48632439970970154, 0.5879603357364733, 0.1723578441888094, 2.317285865545273, 0.9393402275939783, 1.953699141740799, 0.6995318820700049, 1.0869235135614872, 0.6631595917666951, 0.7897822921474775, 0.6426487068335216, 0.47391729553540546, 0.6953082183996837, 0.7569733545184135, 0.42002393305301666, 0.43575162440538406, 0.40883539617061615, 0.44314786729713285, 0.6870711967349052, 0.7472006840010484, 1.1892935996254286, 0.48044514656066895, 0.5837904438376427, 0.5377586369713148, 0.5898647432525952, 0.5106327563524247, 0.5779429965962967, 0.4622093404953678, 0.6527578264474869, 0.5784334664543469, 0.6004585921764374, 0.5974227637052536, 0.8454964707295101, 0.4870459660887718, 0.6951154818137486, 0.4391712391128143, 1.0753221462170284, 0.6962819844484329, 0.3280025031417608, 0.5750576974824071, 0.9900241096814474, 0.41273858410616715, 0.4854098707437515, 0.4232096247375011, 0.577586913605531, 0.5335798447330793, 0.5349484925468763, 0.5684514679014683, 0.42251850850880146, 1.1491821601986885, 0.4690348428363601, 0.4681953497231007, 0.4297067210078239, 0.2223490507652362, 1.6536776026089988, 0.5540937886883815, 0.1498090171565612, 1.5419578492641448, 0.3892536759376526, 0.5522451510032018, 0.6996806412935257, 0.5982437655329704, 0.6490112528204918, 0.6223403438925743, 0.44035792350769043, 0.6045583322644233, 0.5881497214237849, 0.6166287859280903, 0.45333495289087294, 0.627867704629898, 0.5635593011975288, 0.604108951985836, 0.46251778304576874, 0.6569596827030182, 0.5674033053219318, 0.6459974050521851, 0.4835771843791008, 0.5793404954175154, 0.5838188230991364, 0.5847515538334846, 0.49806910902261736, 0.5641312152147293, 0.4317449082930883, 0.6610875129699707, 0.514581173658371, 0.5510238036513329, 0.5056395431359608, 0.4766356324156126, 0.52798066213727, 0.4762478470802307, 0.48942376921574277, 0.4979080483317375, 0.6161585003137589, 0.5282105840742588, 0.5377415075898171, 0.650725680589676, 0.5249503627419472, 0.47423330694437027, 0.49762381613254547, 0.5745092116296291, 0.5630383670330048, 0.503880986571312, 0.5493472382426262, 0.7420838847756386, 0.4820326827466488, 0.5161835531393687, 0.5337246867517631, 0.5881465092301369, 0.5170549298326175, 0.4922125115990639, 0.4999692728122075, 0.5123890861868858, 0.6418988704681396, 0.5156239479780197, 0.5333427153527737, 0.5642442271113396, 0.5385898128151894, 0.5746944807469845, 0.4904941342771053]
2025-11-22 23:40:25 - feda2 - INFO - loss data:
2025-11-22 23:40:25 - feda2 - INFO - [0.5619840982769218, 0.7708006078998249, 0.5958638933797678, 0.6736794387300808, 0.6927132055163383, 0.5998788798848789, 0.5749235797141279, 0.8445747693379719, 0.5913427708404405, 0.6254288896918296, 0.6423101253807545, 0.6022767306438515, 0.6782646710673967, 0.5827009948236602, 0.7883291691541672, 0.5764049269258976, 0.7070327509726797, 0.5683050758072308, 0.5916857980191708, 0.7564912393689156, 0.6081105314195157, 0.5898080803453922, 0.6534044064936184, 0.5344994584364551, 0.7962161883711815, 0.7105620563030243, 0.5189857429691723, 0.4495900480874947, 0.6355187829051698, 0.46422081589698794, 0.5065924548677035, 0.6323855496942997, 0.7104452633786769, 0.4945721891309534, 0.5893509007990361, 0.6759643509984017, 0.6319363216559093, 0.5842330321669579, 0.5933549910783767, 0.5954398016134899, 0.505144117506487, 0.5051030213279384, 0.5343347821916853, 0.6325378914674122, 0.45449278929403847, 0.699161807447672, 0.6306412152945995, 0.6694272711873055, 0.6362608149647713, 0.5989946290850638, 0.6336904533207417, 0.5937250994145871, 0.6494340960468565, 0.619306946794192, 0.6026082833607992, 0.519758396915027, 0.572855839594489, 0.797762069106102, 0.5838630809670403, 0.47485950706260543, 0.7579380422830582, 0.7188254848122597, 0.6334567839900653, 0.46136835494211736, 0.5586302548646926, 0.6329509156445663, 0.6565885848942257, 0.6276005506515503, 0.6076256399353346, 0.6058678537607193, 0.5990608192980289, 0.6074684185286363, 0.5524767789812315, 0.8130773402750492, 0.8087591255704563, 0.5480924656348569, 0.5596283167600632, 0.5633050337433815, 0.5034723535180092, 0.6476153559982777, 0.8117616879088538, 0.4734728830201286, 0.6157474567492802, 0.5198645893306959, 0.48821313221539775, 0.687310146788756, 0.8038569145968982, 0.4812095977898155, 0.5559489361587024, 0.6143727722267309, 0.6061428941786289, 0.5816685453057289, 0.5001837067306042, 0.6330721281468868, 0.4279495451067175, 1.1866788566112518, 0.8104388915002346, 0.5858184900134802, 0.7243439510464669, 0.498953428119421, 0.570781945437193, 0.5992848686873913, 0.5438099026679992, 0.519885606939594, 0.47855600640177726, 0.5387419067323207, 0.5108662851154804, 0.41374917831271885, 0.5114330686628819, 0.577977680414915, 0.5851139318020571, 0.6714170351624489, 0.5714756295084953, 0.5256553284823895, 0.606201596558094, 0.5702614622811477, 0.44750608645734336, 0.760347705334425, 0.5390328630805016, 0.5834970921278, 0.5524384031693141, 0.5106604305406411, 0.6220826187304088, 0.4976524684045996, 0.5307361754278341, 0.49328115795339855, 0.5032126143574714, 0.5675894183417161, 0.4539617087159838, 0.43436272665858267, 0.5136240412081992, 0.7240951359272003, 0.5215642303228378, 0.5157806247472763, 0.5822946354746819, 0.5380827642977237, 0.7311716383056981, 0.5271324281181609, 0.6662408478558064, 0.4984435744583607, 0.472438408434391, 0.6441452641572272, 0.5592337116599083, 0.42559284158051014, 0.5385261923074722, 0.4796348989009857, 0.647761884544577, 0.4913107891167913, 0.7972258379062017, 0.438717373673405, 0.5479945354163647, 0.44525580438120027, 0.5482662749787172, 0.5568462274968624, 0.5660567216575145, 0.6112966053187847, 0.5131330341100693, 0.5723852954804898, 0.5071632583936055, 0.46634216393743244, 0.5807768364747365, 0.6142158888280391, 0.47191318571567537, 0.5571989476680755, 0.5202847249805927, 0.627725581505469, 0.5101290500589779, 0.4959269933402538, 0.5847810586293538, 0.5125045085946719, 0.6431802372847284, 0.4825369015336037, 0.5006285004317761, 0.5078372473518054, 0.695029766112566, 0.6256119326821395, 0.5060581713914871, 0.5402970686554909, 0.4728517308831215, 0.5335724808275699, 0.585450068116188, 0.6417078487575054, 0.5612000972032547, 0.5261241436004639, 0.5009582601487637, 0.5299643984153157, 0.5280991699014391, 0.5657469972968101, 0.5707390062510967, 0.543120091514928, 0.5414493307471275, 0.5585969768464565, 0.5675096802413464, 0.5565801002085209, 0.7174901763598124, 0.5656658358871937, 0.5426959119737148, 0.5329626385654722, 0.5196657769382, 0.5251105912029743]
2025-11-23 05:05:23 - feda2 - INFO - loss data:
2025-11-23 05:05:23 - feda2 - INFO - [0.4425135284662247, 0.6636323556303978, 0.6126808155328035, 0.7985069192945957, 0.7631315663456917, 0.6723459325730801, 0.8548071682453156, 0.5144231963902712, 0.641019720170233, 0.5946750275790691, 0.46796018071472645, 0.6089315902855661, 0.4738236702978611, 0.6503436844795942, 0.641479492932558, 0.4444952506572008, 0.6875867202877999, 0.7666458155959844, 0.582958436674542, 0.587203761190176, 0.4459690138697624, 0.8326943881809712, 0.6249997524751557, 0.596562621742487, 0.5150135725736618, 1.0010330319404601, 0.4077030550688505, 1.1273533385246992, 0.605837469175458, 0.6560999801382422, 0.4326211750507355, 0.6516979187726974, 0.613308984041214, 0.5087962560355663, 0.8520437106490135, 0.5996693599969148, 0.5495541267096997, 0.5476811598572466, 0.6807701736688614, 0.637410682439804, 0.5762158844619989, 0.46630298122763636, 0.6362289419397712, 0.5849922247231006, 0.5051275372505188, 0.5301675710413191, 0.5708963811397553, 0.5808216162025929, 0.6948346830904484, 0.5564353063702583, 0.5529639338039689, 0.5984195701777935, 0.6656977601349354, 0.4096197909779019, 1.328374233096838, 0.6237076200544834, 0.5660402551293373, 0.3471881251782179, 0.34787554405629634, 0.7868418008089065, 0.4976139547303319, 0.5459568366408348, 0.6107009695842862, 0.45377314612269404, 0.6281837187707424, 0.7617570358845923, 0.5325013298541308, 1.0066814713180066, 0.5088801071047783, 0.3731396522372961, 0.501007567677233, 0.4110390336977111, 0.3913226590491832, 0.5110914424061775, 0.35063419714570043, 1.0805546373128891, 0.4861406832933426, 0.5312089270187749, 0.360513121355325, 0.6261687070131302, 0.8788071207702159, 0.8607637338340283, 0.49516448991166223, 0.4909389212727547, 0.4856341242790222, 0.46118664410379195, 0.7440747171640396, 0.8578720830380917, 0.41980863343924285, 0.8863931372761726, 0.5194565851241351, 0.593384809129768, 0.5072231531143188, 0.5511918475230535, 0.5983949197456241, 1.0993803888559341, 0.45757208839058877, 0.6244972296059133, 0.5094471640057034, 0.5534904837608337, 0.46716265678405766, 0.4720092756673694, 0.3608348886585898, 0.5774984452873468, 0.593955198302865, 0.7837162144482136, 0.5215202815830707, 0.5606289188274078, 0.4585505113005638, 0.719559307768941, 0.4154824946075678, 0.48941538482904434, 0.5977707812562585, 0.6758518703281879, 0.4772673696279526, 0.42503740414977076, 0.3849605418741703, 0.5968925081193447, 0.5380412511527538, 0.5650018602609634, 0.31838476550247935, 0.6301848478615284, 0.4870049811899662, 0.6437668986618519, 0.5647295586764812, 0.45137406066060065, 0.7288649998605251, 0.3781040653586387, 0.38653286786543, 0.23540090899914504, 1.0133253552019597, 0.530944631434977, 0.38824381288141013, 0.29927408769726754, 0.5967267379164696, 0.4258743166923523, 0.3991423740983009, 0.7949162252247334, 0.5937647122889758, 0.9797991201281547, 0.4865805336998569, 0.36018204130232334, 0.7140696201887395, 0.5215227857232094, 0.5351724003752073, 0.7984953671693802, 0.3309822171926498, 0.47832974418997765, 0.490881909430027, 0.5238367898389698, 0.5722602628171445, 0.5898718543350696, 0.5743606131937768, 0.4243923030793667, 0.1880298494671782, 0.9037869423627853, 0.6282533090561628, 0.4424221258610487, 0.5241140887141228, 0.4788396360352635, 0.4478275515139103, 0.459693705663085, 0.47720983512699605, 0.6056995959952474, 0.6156441372301843, 0.5647169252857566, 0.566331847012043, 0.46360694285896087, 0.5602366879582406, 0.4762519560754299, 0.4445782406255603, 0.5250830594864156, 0.5581584529951215, 0.4925698782834742, 0.512795283459127, 0.445712211355567, 0.6650709420442581, 0.4500799924135208, 0.537093885987997, 0.5416595961898565, 0.5995099179446697, 0.48366105407476423, 0.40935741998255254, 0.8198061689734459, 0.593606827325291, 0.5265366559227307, 0.5815542846918106, 0.5576229840517044, 0.5131313610408041, 0.5748340912163257, 0.4934811070561409, 0.5446032457053662, 0.5178492377201716, 0.48270789831876754, 0.5245746277272701, 0.4779119623824954, 0.48836668299304115, 0.6000074006617069, 0.5226908408105373, 0.5477505601942539]
2025-11-23 07:34:10 - feda2 - INFO - loss data:
2025-11-23 07:34:10 - feda2 - INFO - [0.5848430589373623, 0.7252869389951229, 0.5156471857002803, 0.5542504651738065, 0.8334172442555428, 0.5440964363515377, 1.2464770749211311, 0.686118695884943, 0.7064573541283607, 0.6890164703130722, 0.6839031085371972, 0.5053064151534012, 0.6864239722490311, 0.5007944932207465, 0.4113189108669758, 0.5029341420158744, 0.7512699946761131, 0.8706966079771519, 0.6103517422452569, 0.7429450012743473, 0.6560957953333855, 0.4564559362828732, 0.5898085812106728, 0.6059381738305092, 0.7025598138570786, 0.5901775970123708, 0.3760886128991842, 0.4667747411876917, 0.749620521441102, 0.4012019099401576, 0.7590760812163353, 0.52915047891438, 0.3449412642046809, 0.32349139272368377, 0.8300250163301826, 0.5774187995120883, 0.5138522528111935, 0.9438883438706398, 0.48678005374968053, 0.2783097921737603, 0.6806705601513385, 1.6874027560864175, 0.3001828402280807, 0.8349585700780153, 0.3489563223240631, 0.5990408141165972, 0.45702263712882996, 0.4919581216893026, 0.8210726574063301, 0.6580262407660484, 0.41187923587858677, 0.6946852244436741, 1.148493692278862, 0.5196647914126515, 0.44658596254885197, 0.2894345654972962, 0.4399214811357004, 0.4288506967946887, 0.6516694210469722, 0.42724357061088086, 0.23514842045094286, 0.4711149531815733, 0.7671719845384359, 0.47472069328650834, 0.4432203242023076, 1.2413350090384483, 0.2901893982663751, 0.4788705469774348, 0.7311245817691088, 0.5686591286212206, 0.4415478311479092, 0.9593823775649071, 0.6316007897257805, 0.43352412600070234, 0.6167757175862789, 0.5803741164505481, 0.58796067093499, 0.2773926211986691, 0.3998952126795692, 0.6639918740838766, 0.4277681462466717, 0.3776595614850521, 0.7641038149595261, 0.5362486232072115, 0.39298497047275305, 0.7305285666137934, 0.8869062572717666, 0.5619146782904864, 0.3565482305628913, 0.6395002882927656, 0.597262192517519, 0.5701283868402243, 0.36751976171508427, 0.3836616637185216, 0.41332116834819316, 0.5920613437891007, 0.4895537387579679, 0.4829615374095738, 0.6072104968130588, 0.6017501670867205, 0.5837749376893043, 0.19603336489360246, 0.6175910133868456, 0.4424440818838775, 0.3792294509708881, 0.39941782667301595, 0.355412709074361, 0.527193302847445, 0.5343644855543971, 0.6961698308587074, 0.45478791021741927, 0.35639286347265753, 0.6789243319071829, 2.088037930428982, 0.6088596638691213, 0.7924287933856249, 0.40491830073297025, 0.32809169832617047, 0.35257830747536245, 0.39399045184254644, 0.5843253939412534, 0.24417694769799708, 0.20278013544157147, 0.6117419235408306, 0.19632800012560825, 0.48029796304181216, 0.31193949440494184, 0.4389238068833947, 0.6245810021646321, 0.687647844851017, 0.7976431280374527, 0.5225117424502969, 0.7487844118149951, 0.5104421079158783, 0.3646851692007788, 0.13334742177809988, 0.7397942058742046, 0.42434602566063406, 0.4941583663225174, 0.3061263708397746, 0.4805382704362273, 0.8484938063193113, 0.7137666495982558, 0.403099244646728, 0.6765738546848297, 0.7020337954163551, 0.32411255100741987, 0.5197481855750083, 0.4324373855954036, 0.35905180759727956, 0.4542720548808575, 0.48618731163442136, 0.5817536287009716, 0.7844240073114633, 0.5106088243424892, 0.38790473379194734, 0.49152928590774536, 0.5711551047861576, 0.3571891390851566, 0.4372519861208275, 0.13986716249159403, 0.8267244798131287, 1.1636433489620686, 0.4935235232114792, 0.5372538616055473, 0.37822287920862435, 0.35354036977514625, 0.39470557775348425, 0.687204438660826, 0.47197433887049556, 0.6738268081098795, 0.5927595745888539, 0.33460259977728124, 0.39305204472371513, 1.3653275281190873, 0.7735265256837011, 0.5265894192270935, 0.6647738367319107, 0.32707157665863634, 0.3828234538435936, 0.9997409790754318, 0.45476542711257933, 0.41843662448227403, 0.5076136108005552, 0.9567386833684784, 1.2164457887411118, 0.7490130625665188, 0.38042925894260404, 0.579978808760643, 0.6710120663046837, 1.0673319686145988, 0.5033667232783046, 0.4809304807567969, 1.0615709900856019, 0.8570623204112053, 0.5075266729108989, 0.4038173925663744, 0.4131253925152123, 0.28209996735677123, 0.2892316259842898]
2025-11-26 13:12:32 - feda2 - INFO - loss data:
2025-11-26 13:12:32 - feda2 - INFO - [0.5614042689225504, 0.782214658955733, 0.5870044745504857, 0.6090097750226657, 0.6828660041093826, 0.6144936042527358, 0.6606845366103309, 0.9199795077244441, 0.6039721995592118, 0.6118261821568012, 0.6427608586847782, 0.6481427807893072, 0.6781482145190239, 0.5974442641649927, 0.840790867805481, 0.5970475912094116, 0.7237977196063314, 0.5772060351712364, 0.6044192553630897, 0.7477577343583106, 0.6216090939939023, 0.6030428409576416, 0.7375303382674854, 0.5630806379375004, 0.8284063428640366, 0.7186925783753395, 0.5416104438049453, 0.43772512727550095, 0.6960020764243036, 0.5147237715976579, 0.5775123839931828, 0.607732605189085, 0.7782922167153585, 0.5067519495529788, 0.6606659784913063, 0.7520355030894279, 0.7080572098493576, 0.6166943440834681, 0.6177337100108464, 0.6399409597118695, 0.527816570018019, 0.5553611302304836, 0.6012267355407988, 0.6592875281969706, 0.46821896412542885, 0.8400562956929207, 0.6328861735761165, 0.6872886463999748, 0.690738245844841, 0.6234545864164829, 0.6737514689564705, 0.6269435398280621, 0.7157573880893844, 0.609752391775449, 0.6195100446542103, 0.5414194241166115, 0.5815452601583231, 0.8446662217378617, 0.6967611029034569, 0.5117021563862052, 0.833320289850235, 0.7961602956056595, 0.6594505618015924, 0.5215166941285133, 0.5763728618621826, 0.7049132761855921, 0.6769563520238513, 0.6478548601269722, 0.6475385770201683, 0.6581317692995071, 0.5967755615711212, 0.6543464752535025, 0.7430556232020968, 0.743969401717186, 0.7677881891528765, 0.5783828590597425, 0.6137102961540222, 0.6134119947751363, 0.5323781803250313, 0.6294758759438992, 0.885913005896977, 0.4810690886207989, 0.6171464125315349, 0.5372749552840278, 0.5147189637379986, 0.7663080915808678, 0.7514115699699947, 0.5488550527819566, 0.6077722949641091, 0.6418745907644431, 0.6270118936896324, 0.6239337280392647, 0.5402894832193852, 0.7348648290549006, 0.4796037684593882, 1.3374809250235558, 0.9940668426454067, 0.6704777308872768, 0.6453951328992844, 0.6473055978616078, 0.6155048405130704, 0.634497902294, 0.5697780467569828, 0.562850566705068, 0.5598581455647945, 0.569131824374199, 0.5652316369116306, 0.5116016559302807, 0.48880383744835854, 0.4957566108554602, 0.6140419244766235, 0.7511088781058788, 0.6277661889791488, 0.5826570235192776, 0.5446558520197868, 0.6441562895973523, 0.5268964242367518, 0.8219415582716465, 0.5905563369393348, 0.6709059551358223, 0.611313596367836, 0.5618998306492964, 0.590501493109124, 0.5995868252856391, 0.5804674160977205, 0.5355926891522749, 0.5522339239716529, 0.6094093297918637, 0.49764638628278457, 0.5172931306064129, 0.6716446475613684, 0.6979978755116463, 0.5939195084075133, 0.5879987798631191, 0.5907344197233517, 0.5718491025269031, 0.6999620124697685, 0.576155289475407, 0.6640560485422611, 0.56053626537323, 0.5314772501587868, 0.6554856891078609, 0.6298619553446769, 0.5247110282736165, 0.5975813910365104, 0.5393714182078838, 0.6462251799447196, 0.6056894968662943, 0.6500768139958382, 0.5135724394449166, 0.5965657048991748, 0.5234118064599378, 0.6003132253885269, 0.6100509996215502, 0.6217035114765167, 0.5957129523158073, 0.583631627013286, 0.6064492754638195, 0.5982288077473641, 0.6317491722958428, 0.6396016657352448, 0.6242282554507256, 0.5490127876400948, 0.636276100469487, 0.52382727637887, 0.726017409137317, 0.6018229145024504, 0.6019274805273329, 0.651362648109595, 0.5763638938466709, 0.6241396069526672, 0.5625375226140022, 0.590501157194376, 0.5878355249762535, 0.7165685364178249, 0.5899950287171772, 0.636364164451758, 0.6118436391864503, 0.5978635524710019, 0.6003771347658975, 0.6201860989843095, 0.6530867020289104, 0.5847868897020817, 0.5941440921808991, 0.6015991374850274, 0.5881483207146327, 0.581162702185767, 0.6214126199483871, 0.6229783490300178, 0.6656440148750942, 0.5830673158168793, 0.5942438200116158, 0.64966751486063, 0.6119163557887077, 0.6159294967850049, 0.6257199764251709, 0.6112033054232597, 0.5979516652013575, 0.5899719096720218, 0.6256917628858771]
2025-11-26 14:57:42 - feda2 - INFO - loss data:
2025-11-26 14:57:42 - feda2 - INFO - [0.43491037450730796, 0.6552230343222618, 0.6102325730025768, 0.849187608063221, 0.682245671749115, 0.7533883675932884, 0.9208594560623169, 0.48616685420274736, 0.654613720956776, 0.6075970865786076, 0.492793807387352, 0.6232884782883856, 0.4879250444471836, 0.6444517802447081, 0.6939191535115242, 0.4608736738562584, 0.6974888928234577, 0.756894007883966, 0.5779089563422732, 0.5819641150534153, 0.4373679421842098, 0.8168758243322373, 0.6408228640341096, 0.6319420013576746, 0.5172493096441031, 1.0542029201984406, 0.44907991737127306, 1.1880625151097775, 0.614193306863308, 0.6677737485617399, 0.42501362711191176, 0.7058389857411385, 0.6872575449446837, 0.5425095975399017, 0.8128417059779167, 0.6080480452626944, 0.5806247614324093, 0.575367347854707, 0.7242079228162766, 0.7293772161006927, 0.5963235665112734, 0.4927730895578861, 0.7808275021612644, 0.6026010856032371, 0.5695758953690528, 0.5872256028155486, 0.6035865232348442, 0.6552630215883255, 0.7427745752036572, 0.5727612622082233, 0.5553253131608168, 0.650957353413105, 0.6546874299645424, 0.4506479507519139, 1.2518022861331701, 0.6068765193223953, 0.7143702358007431, 0.36493412107229234, 0.36667605116963387, 1.1265424370765686, 0.5578443583101034, 0.6186290219426155, 0.6569246044382453, 0.5149996107444167, 0.7109184674918652, 0.7536828175187111, 0.5704175520688295, 0.9923416528850794, 0.529140830039978, 0.3843949496746063, 0.5955829065706995, 0.5319451184736358, 0.40088965706527235, 0.5211467873305082, 0.42764887437224386, 1.2067922428250313, 0.514734922349453, 0.5143737263149686, 0.3976563706062734, 0.6040692619979382, 0.9471546560525894, 0.917222797125578, 0.5400363240804937, 0.5446878515183926, 0.5565590918064117, 0.46800677809450364, 0.8177205827087164, 0.7742622688412666, 0.523859579488635, 0.733271636068821, 0.578718975931406, 0.6280597814255291, 0.5972292125225067, 0.6194222955240143, 0.6183130498975515, 0.9574280232191086, 0.5264753498136997, 0.701231873780489, 0.5281193686856164, 0.6557314939796924, 0.5309938512742519, 0.5328300431370735, 0.43723968540628755, 0.6046535428613424, 0.7947368770837784, 0.6311389990150928, 0.626808799058199, 0.6846553105860949, 0.6005625940859318, 0.7614185765385628, 0.5055107094347477, 0.5221030343323946, 0.6481004552915692, 0.6974481642246246, 0.5253605269309547, 0.5109450005822711, 0.4628250390291214, 0.5451426200568676, 0.636568302474916, 0.6759042143821716, 0.4101476759546333, 0.6314106956124306, 0.5276588499546051, 0.578959496319294, 0.6138779148459435, 0.5793404929339886, 0.7641844257712365, 0.4727036878466606, 0.4338098131120205, 0.29037746600806713, 1.0639534875750543, 0.6269148625433445, 0.4800488144159317, 0.3567581258714199, 0.7138031171634793, 0.5023302204906941, 0.4658075653016567, 0.8812176449224353, 0.6368707858026028, 0.7953457482159138, 0.6237350487046771, 0.42852579727768897, 0.7885711416602135, 0.6461904093623161, 0.485995303425524, 0.7974040389060975, 0.4173139430582523, 0.5591748785227537, 0.606010639667511, 0.554198793694377, 0.6390420265495778, 0.5411659479141235, 0.5240271544704834, 0.5321625757962465, 0.27232380724615524, 0.950330700725317, 0.6911310963332653, 0.6450176291167736, 0.5406053028172917, 0.5557344891130924, 0.5484565928578377, 0.5291154401376843, 0.5762529756873846, 0.6710848705843091, 0.7395683179299037, 0.5766804866492748, 0.6516991481184959, 0.5729071430034107, 0.6229094952344895, 0.5169971726834774, 0.5417269848287105, 0.5647997554805544, 0.5866628052666784, 0.5886168962551488, 0.5983180683106184, 0.5257816508412361, 0.7045776307582855, 0.5591424591839314, 0.58989083096385, 0.607200187817216, 0.6142656803131104, 0.5794711679220199, 0.5022954421117902, 0.7724281892180442, 0.665051813920339, 0.6386933929390377, 0.6467100329697132, 0.548526868224144, 0.6172368129094441, 0.6591952592134476, 0.6131243258714676, 0.603604906797409, 0.5985539209511545, 0.7287697911262512, 0.5604479439556598, 0.5398002836853266, 0.6044089802437358, 0.624117425084114, 0.613860821723938, 0.6173942409455777]
2025-11-26 16:26:23 - feda2 - INFO - loss data:
2025-11-26 16:26:23 - feda2 - INFO - [0.604501330426761, 0.6574695158749819, 0.5334499951984202, 0.5802222482327903, 0.8491823457181453, 0.5242211766541004, 1.3202929094433784, 0.722773227840662, 0.688841674476862, 0.6839550733566284, 0.6882818460464477, 0.5147779327418123, 0.7714927457273006, 0.44840822131372987, 0.42695404272526505, 0.48160952106783433, 0.7596594430506229, 0.7741770874708891, 0.5837449198588729, 0.7422553811222314, 0.6461976300925016, 0.45898674335330725, 0.5981549814343452, 0.6160893440246582, 0.7125792510807514, 0.5660037393681705, 0.39310760851949456, 0.4880910448729992, 0.8224155940115452, 0.4433533025639398, 0.7179895602166653, 0.5693292550742626, 0.37634733635932205, 0.36339389705764397, 0.8692211406305432, 0.604077787604183, 0.5183815266937017, 1.0530932061374187, 0.5097614485770464, 0.3151118050462433, 0.8566094964742661, 0.8143851533532143, 0.32282460858779294, 0.8847369160503149, 0.46333907337061, 0.615573840867728, 0.5205992409693343, 0.5796638851719244, 0.6751364931464195, 0.6525199003517628, 0.4411189021276576, 0.799347921460867, 0.7985062599182129, 0.5654066857416182, 0.5165214538574219, 0.34207495122349685, 0.4492827741695302, 0.49621047619730235, 0.6791142970323563, 0.5314975406974554, 0.30309580851878437, 0.6154329803373133, 0.7782455682754517, 0.5858917679637671, 0.6191357418362584, 0.7399463785812259, 0.36563077867031096, 0.6992431058947528, 0.6607653610408306, 0.642401897162199, 0.4975596994161606, 1.2129572793841361, 0.6668586023151875, 0.46138316914439204, 0.6941343888640403, 0.6814632296562195, 0.535164161818102, 0.3521259098313749, 0.5993038679340056, 0.5941166765987873, 0.5234187169931829, 0.45370129477232696, 0.8030208796262741, 0.584715336561203, 0.44457558169960976, 0.9082214530557394, 0.7957880333065986, 0.5261168885976076, 0.41426340437361175, 0.7465425515547395, 0.6146252509206533, 0.6099569573998451, 0.46708232816308737, 0.48026406206190586, 0.45475032590329645, 0.6684724658727645, 0.5015858825296163, 0.5481035685166716, 0.6196813255548477, 0.6734145805239677, 0.6052991449832916, 0.27096089475921226, 0.5841769457794725, 0.47906399378553033, 0.44499723725020884, 0.45519775710999966, 0.45890231409243176, 0.4618854336440563, 0.5079278480261564, 0.7248827502131462, 0.5293808770366013, 0.42171310377972465, 0.8772512882947922, 0.9408343024551868, 0.39188386579709394, 0.7333417627960443, 0.4868279440328479, 0.5072905514389277, 0.46587975073073595, 0.4477370851673186, 0.7484954334795475, 0.30421070738562517, 0.28422135333530607, 0.683784019947052, 0.30541371554136276, 0.5136928081512451, 0.42156040854752064, 0.526844410225749, 0.6093598591396585, 0.736049335449934, 0.7889892250299454, 0.5603700410574675, 0.6457649925723672, 0.4881221385938781, 0.6717703687027097, 0.21374920830130578, 0.9137213423848152, 0.5049847446382045, 0.5538998678326607, 0.45018195509910586, 0.4795781809836626, 0.8214031807146966, 0.6763410344719887, 0.4639074318110943, 0.709879532456398, 0.8123593538999557, 0.44937973320484165, 0.5703601747751236, 0.6245273359119892, 0.5048446282744408, 0.5613715074956418, 0.5516303602606059, 0.6387950129806995, 0.5700776664540171, 0.5739121835678815, 0.485958138294518, 0.6043950989842415, 0.6843094192445278, 0.44834902323782444, 0.5070109274238348, 0.24233641970370495, 0.7156097767874599, 0.8692159745842218, 0.5302883742510208, 0.6887188465999705, 0.4255082417279482, 0.4231506325304508, 0.4572075355798006, 0.7787786998919078, 0.43001358546316626, 0.6741502908989787, 0.9699896648526192, 0.44314274787902835, 0.43809420950710776, 1.3404109537601472, 0.8907867524772882, 0.5475536687299609, 0.7594170719385147, 0.49246187768876554, 0.40885664261877536, 1.0631521925330163, 0.441878530010581, 0.5149437880143524, 0.4915170938184019, 0.9413388650864363, 1.1825798779726029, 0.7160259024240077, 0.519200593046844, 0.6860761061310768, 0.6848320364952087, 1.1687593525275588, 0.7049377382732928, 0.5875051234615967, 1.1432287782430648, 0.9823018535971642, 0.46727810939773917, 0.4233496446694647, 0.47441264810040595, 0.3208121652049678, 0.31397423108241385]
2025-12-18 19:25:04 - feda2 - INFO - loss data:
2025-12-18 19:25:04 - feda2 - INFO - [0.48090539649128916, 0.7064901797899178, 0.7027424111962318, 0.6754598289728164, 0.4552068208743419, 0.405216524350856, 0.8219857737421989, 0.612761748262814, 0.574070713110268, 0.7168595362986837, 0.7155590653419495, 0.5769418976136617, 0.5815304651856422, 0.4931832166122539, 0.7014272019267083, 0.5040582788309881, 0.6818899303674698, 0.5090272456407547, 0.4255790014352117, 0.46663472748228485, 0.6837763786315918, 0.6379956871271133, 0.4562399900917496, 0.4307957037751164, 0.6063504762016236, 0.6482921155967882, 0.7029388025403023, 0.4988471346242087, 0.5559143789112568, 0.44925454796757547, 0.44296740796417, 0.6913328722119332, 0.4519456049693482, 0.3925465513552938, 0.740373270213604, 0.5147088490958724, 0.38742362899439675, 0.6610628068447113, 0.4270176116609946, 0.43993339769076556, 0.4109169336035848, 0.6731550723314286, 0.33146839378667725, 0.4088555686175823, 0.7251640431582927, 0.450858355872333, 0.39488689408171923, 0.6208669863641262, 0.26571799777614485, 0.29517426302523486, 0.35686000692658126, 0.3579786534421146, 0.6074126839637757, 0.42563875892332625, 0.5936404233798385, 0.6424822255969047, 0.4106874379196337, 0.2726560988854284, 0.5710751980543136, 0.2221188220760918, 0.5757939524948597, 0.41343410544629605, 0.563519725203514, 0.21657893780918258, 0.4737656802737287, 0.44735433636233213, 0.6198294858847346, 0.5302042879164219, 0.37719259741050853, 0.5952534474432468, 0.40179952069052627, 0.5245723910629749, 0.36752508588667426, 0.5323081865906716, 0.40380051085459334, 0.593808152526617, 0.4060674912163189, 0.33574132450989314, 0.3325672141409346, 0.3645998763785298, 0.5492179028689861, 0.3713239559903741, 0.40704253828153014, 0.33981370136607436, 0.5489059403538703, 0.4808174021542072, 0.4623320549726486, 0.231068681112291, 0.5434708364307881, 0.4629261463880539, 0.4175754936944161, 0.5941680885851384, 0.4104444709340377, 0.4222660816274583, 0.4448184890938657, 0.539739688206464, 0.33584118167636917, 0.5421331197023391, 0.507819065451622, 0.4966257944703102, 0.4650858893990517, 0.44378356002271174, 0.2130990547726729, 0.33787134299054744, 0.5028859786689281, 0.36793782128952446, 0.5106287531554699, 0.3653386954484241, 0.3891677246828164, 0.4787490919232369, 0.321872181026265, 0.5537003957799502, 0.4218119163864425, 0.430600356683135, 0.5334196604788304, 0.37182786748744545, 0.5265642508864403, 0.29464654604505214, 0.36145655456930403, 0.595513179898262, 0.470029754191637, 0.5134769000113011, 0.43981765061616895, 0.4883002743124962, 0.4686927668750286, 0.33717830229018414, 0.513382239639759, 0.4775467170136315, 0.4158924456685782, 0.3598745458293706, 0.3742653260007501, 0.4776510305702686, 0.4227569966976132, 0.44694821778684857, 0.4754627250134945, 0.4005620298907161, 0.5782255081193788, 0.47866805568337445, 0.516863364726305, 0.3610398661345243, 0.4210488721063094, 0.7330305254885128, 0.3754301949271134, 0.4104674843272993, 0.4580531203188002, 0.5673432216048241, 0.3365768696830076, 0.3761497030034662, 0.4982102644230638, 0.3757177708138313, 0.4733271445546831, 0.3826351459537234, 0.4129098741071565, 0.49346938282251357, 0.3378870487213135, 0.3964934850111604, 0.3302616664208472, 0.42988229617476464, 0.30803889613598584, 0.7295695036649704, 0.5002243327242988, 0.45482318475842476, 0.3932520097653781, 0.4826473558055503, 0.38005750020965934, 0.395834881067276, 0.6205180638602802, 0.4310481309890747, 0.4142163410782814, 0.4205597545951605, 0.40955786247338566, 0.4406275421380997, 0.49160056561231613, 0.38953845873475074, 0.46854134260543756, 0.46197770461440085, 0.36452408470213415, 0.4245851095765829, 0.6285838942442621, 0.44098592251539226, 0.5172515161335468, 0.5044105412704604, 0.4682618394494057, 0.5343364367527621, 0.42360130660235884, 0.4795036627777985, 0.4803148411214352, 0.47457640096545217, 0.49832467266491487, 0.4991492059613977, 0.49588337168097496, 0.4451125693108354, 0.5226455057838133, 0.47134780819926947, 0.467897979170084, 0.5240360092903886, 0.4267505180090666, 0.4664780981306519, 0.5702330291271209, 0.48608183264732363]
2025-12-18 19:58:40 - feda2 - INFO - loss data:
2025-12-18 19:58:40 - feda2 - INFO - [0.2878367082215846, 0.6400971069931984, 0.4473411569371819, 0.3873614132404327, 0.32968021659180524, 0.3308671025559306, 0.43920642938464877, 0.650832437723875, 0.37356777088716625, 0.716730871424079, 0.3330379388760776, 0.3489515128545463, 0.6560660526156425, 0.38507857392542066, 0.67428018450737, 0.6472243644297123, 0.46538139767944814, 0.49396831467747687, 0.5465903336182236, 0.1646336520789191, 0.5643487325884053, 0.5602930132881738, 0.46004516016691926, 0.6754818379878997, 0.526216868776828, 0.3620741861639544, 0.7138800196349622, 0.44127170909196134, 0.09106518441694789, 0.8307407250162213, 0.10415660137077794, 1.6814492657780646, 0.47127753421664237, 0.4894263412803411, 0.5971824623644352, 0.4487990375608206, 0.37790694078430537, 0.4976502956735203, 0.4145266780629754, 0.3799778126645833, 0.39783644493873, 0.06732768047222634, 1.5511464320647066, 0.895718839764595, 0.9236230939626694, 0.41234692353755237, 0.3454608583822847, 0.6368910171091556, 0.38291261098347606, 0.37622823755373247, 0.3467864479171112, 1.107267391681671, 0.40150273935869335, 0.2343221507500857, 0.4144640933722258, 0.4245331261307001, 0.7831456592306495, 0.6257015934213996, 0.7225990608334542, 0.2544840764254332, 0.35823692581616345, 0.28946343921124934, 0.4251053102314472, 0.33245708122849466, 0.875797576457262, 0.710631574690342, 0.4879933437332511, 0.7360233187675476, 0.38828229177743195, 0.37546618152409794, 0.7428315096534789, 0.8388023808598519, 0.47330385744571685, 0.5461433000862599, 0.5164224974811077, 0.3471240493003279, 0.6420564595609903, 0.5930678896605969, 0.44023823738098145, 0.56463921982795, 0.7418376252055168, 0.3828403372783214, 0.38365762701723727, 0.06311857142136432, 2.391402111947537, 0.4083370375446975, 0.12483228062046692, 0.05377469113300321, 1.7628556936426323, 0.7336749209629488, 0.4062123946787324, 0.46133938401180785, 0.40733904046937824, 0.6170257568359375, 0.5787433691322803, 0.41282744482159617, 0.5573521584272384, 0.3853861948475241, 1.006007942184806, 0.41802920401096344, 0.3757304335013032, 0.4039422148838639, 0.32147805276326835, 0.35100822071544824, 0.42056255899369716, 0.33042069524526596, 0.6402084082365036, 0.5906080767512321, 0.37873230399563906, 0.7035706028342247, 0.3277285855263472, 0.4314424205571413, 0.5425241190940142, 0.657089028134942, 0.4227740325033665, 0.4924765918403864, 0.7211435467004776, 0.3343057383783162, 0.8202836088836194, 0.289877974614501, 0.3447424849495292, 1.0028006806969643, 0.5117822416126728, 0.28971020095050337, 0.4702947441488505, 0.6770765297114849, 0.5063313394784927, 0.3441193874925375, 0.4110809391364455, 0.47373160906136036, 0.3981144450604916, 0.37673987783491614, 0.38848574543371794, 0.6948150113224983, 0.37451827377080915, 0.411633531562984, 0.9744251042604446, 0.43294842913746834, 0.5757406443357467, 0.40241985879838466, 0.7377162031829357, 0.4510862123221159, 0.3810980318114161, 0.5432751718908548, 0.6513432078063488, 0.24484038185328247, 0.7145270872861147, 0.5093616537749768, 0.45605282112956047, 0.5297397840768099, 0.4815063029527664, 0.41160211041569705, 0.519507918972522, 0.512547516450286, 0.607440397143364, 0.444976843893528, 0.8852305471897125, 0.57692257091403, 0.6767021022737025, 0.49897522702813146, 0.5029235603287816, 0.5188554249703884, 0.634905681759119, 0.49851939752697944, 0.5576727665960789, 0.4828756429255009, 0.6220867309719325, 0.6150962002575397, 0.8000861197710037, 0.5544999212026596, 0.5728767864406108, 0.551857803016901, 0.5723916664719582, 0.43151637241244317, 0.928650289773941, 0.6066454850137234, 0.4151439636945724, 0.7218378085643052, 0.9322208121418953, 0.5332097820937634, 0.7246143221855164, 0.857865147292614, 0.465436427295208, 0.5898764416575432, 0.438035899400711, 0.4107056513428688, 0.623410165309906, 0.7111738752573729, 0.6209855429828167, 0.6942516587674619, 0.7136920914053917, 0.6933543980121613, 0.7092515222728252, 1.0071546405553817, 0.9552666127681733, 0.9427506610751153, 0.7626471899449825, 0.718439482152462, 0.5266052305698394, 0.7664706587791443]
2025-12-18 20:33:31 - feda2 - INFO - loss data:
2025-12-18 20:33:31 - feda2 - INFO - [0.4293171714991331, 0.6993880505363146, 0.49002122338861226, 0.7957560412585736, 0.5792384406551718, 0.827509269118309, 0.6781081661581994, 0.44252113308757546, 0.43937602777344487, 0.6987674349763742, 1.4754374121626217, 0.3118726538494229, 0.6285402941672752, 0.791495077436169, 0.5413234376814217, 0.41911633989463254, 0.6027729453518986, 0.18689546189270914, 1.1818119004368781, 0.5212476260960102, 0.45936572407372295, 0.43747650959994644, 0.90039760718743, 0.5240101965144277, 0.4257398568559438, 0.5016261332668365, 0.4834676909260452, 0.41706637595780194, 0.16446590989362447, 0.16822612956166266, 1.2784136126438777, 0.5607041673734784, 0.5193207502365113, 0.1674421238247305, 1.3216880932450294, 0.6540598119298617, 0.6569448944181204, 0.45351948764485617, 0.7161178739896664, 1.2357279807329178, 0.4371136656031013, 0.45187055692076683, 0.7572344608604908, 0.44858008679002526, 0.44342070010801155, 0.8966989286243916, 0.5474619809538126, 0.5239631570177152, 0.6963849887251854, 0.5327051373198628, 0.3710704864934087, 0.18295738375745713, 0.15301234577782452, 0.6151376063469798, 0.8296790873631835, 0.4482942048460245, 0.4486778208365043, 0.5268483948893845, 0.5120941852219403, 0.1959909420926124, 0.11736022308468819, 0.8033472053706646, 0.4184942055493593, 0.42762403907254337, 0.10907855252735317, 1.02467141499122, 0.6244553409516811, 0.63093225111564, 0.5686468174060185, 0.9463708311319351, 0.6643415905535222, 0.4415802910923958, 0.7340002648532391, 0.5080373254294197, 0.5129838117863983, 0.3803737548179924, 0.6348894737660885, 0.5907170437276363, 0.3248906726948917, 0.589395679688702, 1.1930453963577747, 0.6668000154197216, 0.5914044683178266, 0.5916283495724202, 0.4940162843093276, 0.910350709160169, 0.45736688449978824, 0.388274366222322, 0.10998883580323308, 0.10964158936403692, 0.6724687980022281, 0.3493926154449582, 0.6389946661889553, 0.36876129186712203, 0.34410964112030346, 0.5156530392123386, 0.3762320198739568, 0.8954592764377594, 0.35578802190721037, 0.7110818079672754, 0.38494894369505345, 0.4560314165428281, 0.37167990268208084, 0.3395794378515954, 0.5646275047174034, 1.3319471878310045, 0.6115796141326428, 0.440588669013232, 0.6849456056952477, 0.45117882676422594, 0.3424201683374122, 0.4396383355371654, 0.33640394909307364, 0.4770495919510722, 0.8811431705951691, 0.4944026701152324, 0.35641216365620493, 0.4124538789736107, 0.6868425453702609, 0.5988257338603338, 0.4658216363750398, 0.4971052615903318, 0.6230185999535024, 0.5672159872949123, 0.5401294934252898, 0.3871982854170104, 0.9687297850847244, 0.35095578357577323, 0.08591810334473848, 1.561915037035942, 0.5984043853978316, 0.5420163847506047, 0.5511184786756833, 0.39075085800141096, 0.08451477175112813, 0.5425062010996043, 0.5389249630272388, 0.3297796345005433, 0.06563723963918164, 1.18521079858765, 0.9512663548191389, 0.489935371465981, 0.09107897798530758, 1.5898314639925957, 0.3572498254477978, 0.09002603660337627, 0.9517304434906692, 0.726488044159487, 0.5382594598457218, 0.5674167464176814, 0.38820146601647143, 0.7644768103957176, 0.6235047953824202, 0.6521445682893197, 0.5976852931082248, 0.5701383210718631, 0.5167847961187362, 0.47348417043685914, 0.3785165254957974, 0.0808888603001833, 1.1808816204778851, 0.49106588057863215, 0.46744642073754217, 0.4685164545662701, 0.8135008469223977, 0.39533394693086543, 0.08947745645418763, 0.512277547083795, 1.4664197281002997, 0.772212291136384, 0.7232387642376126, 0.11928283786401153, 0.4067021498456597, 0.47588120788956684, 0.5162602225318551, 0.07048713099211454, 0.5671735986135901, 0.9355808429419994, 0.4781977633945644, 0.47655187072232363, 0.48425884619355203, 0.4764367764194806, 0.5279037393939991, 0.5596351900758842, 0.5591678702272475, 1.1175279612342517, 0.0674649545457214, 1.239031561370939, 0.5996073543249318, 1.285600451240316, 1.7770630657672881, 1.6566928051412106, 0.5742479633850356, 1.2129367948509753, 0.5614705061229567, 1.745155967772007, 0.07724620047956705, 0.5798510080203414, 1.6932808260122933, 0.5379107696469874]
2025-12-20 10:32:55 - feda2 - INFO - loss data:
2025-12-20 10:32:55 - feda2 - INFO - [0.47610144251957537, 0.7506518033998353, 0.7129265263676643, 0.6824990585446358, 0.4815949577838182, 0.41377514052603925, 0.8232687711715698, 0.5934178591838905, 0.5919264938682318, 0.7373813865440233, 0.721651092171669, 0.545448991124119, 0.6106986302882433, 0.46746180758678485, 0.7392737701535226, 0.49721864712025443, 0.6952924318611622, 0.5248088589736394, 0.44956390272293767, 0.463869608326682, 0.7069741472601891, 0.6578137069940566, 0.5009358412985291, 0.4694035634930645, 0.6454591158777476, 0.7006278627685139, 0.723067918419838, 0.5781026734837464, 0.6025539502501487, 0.4759706514887512, 0.46933229202404614, 0.7456739753484727, 0.48791239634156225, 0.42316907580409735, 0.7608635172247886, 0.5884604820183346, 0.44850702131433146, 0.6861543267965317, 0.48730180086568, 0.46195639086654405, 0.4643755704164505, 0.7050941169261933, 0.3458528669551015, 0.44822143027558925, 0.829072380917413, 0.5332980368286371, 0.470395565032959, 0.6901272729039192, 0.3241223391544606, 0.38874682897169677, 0.42479790886864066, 0.46629958339035515, 0.6857739374041557, 0.47200538542653836, 0.6219631057232619, 0.6760144114494324, 0.4749285408428737, 0.35742136064384666, 0.6322098329663277, 0.2979654603504709, 0.6414194718003273, 0.4712124186434916, 0.6162864178419113, 0.30564275128500806, 0.5604451812803746, 0.5159990275278687, 0.7094744076686246, 0.6081242397427559, 0.42912880757025307, 0.6458719745278358, 0.5004168934055737, 0.590030238777399, 0.4473921146775995, 0.5956442356109619, 0.44951548363481253, 0.6533647544682026, 0.4922793578888689, 0.4038031393396003, 0.35905758344701355, 0.4887577974370548, 0.5868530310690403, 0.4155486028109278, 0.4894539950415492, 0.39819118259474634, 0.668758899718523, 0.5614129878580569, 0.559465317428112, 0.3033360496695553, 0.6249754719436169, 0.5423320837318897, 0.4432797548494169, 0.6276934288442135, 0.49726899053369245, 0.5090139292180538, 0.5219333962138211, 0.6822764672338963, 0.37762809551204557, 0.6209188193082809, 0.5874781385064125, 0.5781319320201874, 0.5484385184943676, 0.5317452177405357, 0.2818062171739127, 0.4021384259685874, 0.5865969710052014, 0.504593851044774, 0.5675499819219112, 0.4435840201164995, 0.4332159277583872, 0.558822275698185, 0.40359258055686953, 0.660051748582295, 0.47170770971902776, 0.5332444097846747, 0.6167501367628574, 0.4722895879298449, 0.5907797075808048, 0.3780931049159595, 0.45445561669766904, 0.6293848566710949, 0.5588643446564674, 0.5795905470848084, 0.5329227641224861, 0.5757660932838917, 0.5510546281933785, 0.42098631060549196, 0.5965980798006059, 0.5631495159651552, 0.5202585220336915, 0.491438216343522, 0.40548531161621215, 0.6391801565885544, 0.4848477547722203, 0.5170300368219614, 0.5381580144166946, 0.45223514009267096, 0.623706531631095, 0.5388195129111409, 0.599915524572134, 0.4868932135403157, 0.4599408618440585, 0.7955039249999183, 0.5009558745792935, 0.4636393399110862, 0.5536701671779156, 0.6377397377576146, 0.4016311926501138, 0.4859834119677544, 0.5664639993437699, 0.45927112187658037, 0.5269351140729018, 0.4658746883273125, 0.4860151007771492, 0.5779754377901554, 0.44807386616511, 0.4836095963737794, 0.42127336710691454, 0.4733879314735532, 0.40477886106818917, 0.7507519183414324, 0.5854359825806958, 0.5479158975183964, 0.47035648285278253, 0.5370440561324358, 0.4731895387172699, 0.4518843494355679, 0.6912388660013675, 0.5347025290131568, 0.4848485510796309, 0.5346319980919361, 0.49896139640893256, 0.4936942201639925, 0.6007643364369869, 0.5126285083591938, 0.52057180000203, 0.5235844263806939, 0.45898264460265636, 0.5110790275037289, 0.6552120732409613, 0.5187303744256497, 0.5910293258726598, 0.5827869771846703, 0.5435678087174892, 0.6153399804873125, 0.5083392046391964, 0.5843128857868058, 0.5698688931763172, 0.5632389143109322, 0.5705740888203894, 0.5895103512065751, 0.5699882090091706, 0.5378128865999834, 0.5773095723773751, 0.5618055320211819, 0.552818089723587, 0.5850203571575029, 0.5224745377898217, 0.5362775900534221, 0.6220991879701614, 0.5568259768188]
2025-12-20 12:35:02 - feda2 - INFO - loss data:
2025-12-20 12:35:02 - feda2 - INFO - [0.2925397241488099, 0.6403316274285316, 0.4537634113803506, 0.39884013794362544, 0.3220726180821657, 0.3413536762818694, 0.43623438738286496, 0.6318089634180069, 0.40907245948910714, 0.7864329271018505, 0.3267069638473913, 0.36783728264272214, 0.6549317523837089, 0.39234921825118363, 0.68149597607553, 0.651814018189907, 0.490658014267683, 0.5080316605046391, 0.5542254246771335, 0.20886368174105882, 0.582131441027741, 0.6334381546534132, 0.4474240114912391, 0.6962714493274689, 0.5294562759809196, 0.3547264041379094, 0.7227466203272344, 0.427436441462487, 0.08298571619670839, 0.8282147332560271, 0.1101267471909523, 1.5332154378294944, 0.4830833163112402, 0.4956736870110035, 0.5978974839672446, 0.4623076228424907, 0.3891009143553674, 0.5343535707332193, 0.47606433723121877, 0.3979067952139303, 0.4141089244687464, 0.075544840504881, 1.6759560694074027, 1.3021655254065991, 0.773697330057621, 0.4399348203092813, 0.35423550847917795, 0.6318423956632614, 0.41512384945526715, 0.3834301003487781, 0.3794628856005147, 1.082172732055187, 0.4383703343570232, 0.2637196818366647, 0.4777783013880253, 0.4341290514916182, 0.8652474597096442, 0.6422900851815938, 0.7301701456308365, 0.28222417733632027, 0.36771343895234165, 0.31825457618106157, 0.4365940000861883, 0.3579276356846094, 0.8942709853872657, 0.7189847230911255, 0.5116697320714593, 0.745473498851061, 0.41093619987368585, 0.3704022355377674, 0.8035703687928617, 0.919073823094368, 0.5745251419022679, 0.5742435915395617, 0.5346537746489048, 0.365342568513006, 0.618318646401167, 0.6814679872244597, 0.4966726757586002, 0.5691821992397308, 0.7374454364180565, 0.40912961764261124, 0.37317198216915126, 0.09085342342732475, 1.9683073446154595, 0.4291030226275325, 0.1729589203838259, 0.0829496654390823, 1.7081540134793614, 1.0480758067104035, 0.5019857947248966, 0.6003052629355806, 0.4743703791871667, 0.6800363764166832, 0.6127181828022004, 0.4432852987200022, 0.60975082218647, 0.47942561022937297, 1.207427515089512, 0.47246919497847556, 0.4009383477270603, 0.4440667644143104, 0.34597861366346483, 0.39874654831364753, 0.44971826635301115, 0.3828426878899336, 0.6052370548248291, 0.6457279250025749, 0.43248834125697616, 0.7404624357819558, 0.3633162882179022, 0.4766112742945552, 0.5481818452477455, 0.701844685524702, 0.4926661945879459, 0.5842168513685464, 0.7323900274932384, 0.3897524254396558, 0.8682853937149048, 0.37202431857585905, 0.4544420063495636, 0.9470125235617162, 0.5376812633126974, 0.3586288448423147, 0.5037807829678058, 0.7552381716668606, 0.6136757791042329, 0.4225349389016628, 0.4440562784671783, 0.5372060082852841, 0.4941214844584465, 0.45702325999736787, 0.427668790332973, 0.7865217015147209, 0.4168304711580276, 0.4705232985317707, 0.8895116053521633, 0.5044288337230682, 0.5890591524541378, 0.45414300151169296, 0.754627101868391, 0.4987358391284943, 0.4457761235535145, 0.5832338884472847, 0.6961732126772404, 0.3242575995624065, 0.6589810624718666, 0.5373797148466111, 0.5123626098036766, 0.5939994797110557, 0.5184160426259041, 0.4971576191484928, 0.5318580202758312, 0.5498160660266876, 0.6472247742116451, 0.5311528697609902, 0.8440468028187751, 0.6168443024158478, 0.7058197408914566, 0.5517401434481144, 0.5411923807114363, 0.5739628240466118, 0.6784249186515807, 0.5533487275242805, 0.603023886680603, 0.5413829661905766, 0.6537419117987155, 0.6402929544448852, 0.8521467059850693, 0.607062041759491, 0.6155932188034057, 0.6141183756291866, 0.6334072820842266, 0.4908516965806484, 0.921518224477768, 0.6472518473863602, 0.4635725945234299, 0.7437360107898713, 0.9515357971191406, 0.5752068914473056, 0.7608126886188984, 0.8848592877388001, 0.5028434954583645, 0.6271868586540222, 0.47938915565609935, 0.45732688903808594, 0.6602291688323021, 0.7503163844347001, 0.6670266084372998, 0.7374000877141953, 0.7531401164829731, 0.7559602610766887, 0.7748224318027497, 1.0269004732370377, 0.984292459487915, 0.9672998443245888, 0.8003342762589454, 0.7651675410568715, 0.5662022948265075, 0.8038666181266308]
2025-12-20 14:35:35 - feda2 - INFO - loss data:
2025-12-20 14:35:35 - feda2 - INFO - [0.43978033754974605, 0.6800529231627782, 0.49282905589789155, 0.789583022147417, 0.5931788799663384, 0.8450590138634047, 0.681906915207704, 0.4551840497180819, 0.4378551528013001, 0.6850626329115281, 1.52861674229304, 0.27105865282937885, 0.6776126962931206, 0.8112699988919, 0.5856243899092078, 0.4342823464423418, 0.5682871455326677, 0.18644483070820572, 1.1936525121331214, 0.5325078139702479, 0.46607200475409627, 0.4578737696399912, 0.9538504275182883, 0.5142320202663542, 0.42851744582876566, 0.5150154391303658, 0.5346768317744136, 0.4308372361585498, 0.16142631047405304, 0.16241900431923567, 1.356284449994564, 0.5416208602488041, 0.5066682778298854, 0.17708980278111994, 1.325062669813633, 0.6299007636805376, 0.7044185645878315, 0.4455283268665274, 0.7544392582184324, 1.3789936557412148, 0.4272154500707984, 0.46975041842088106, 0.7618058651685715, 0.4622791303321719, 0.4726218247786164, 0.9335828848183155, 0.5604439790050189, 0.5031305230688303, 0.7668640392522017, 0.5349847747012972, 0.38810678031295537, 0.2084589350502938, 0.16931732627563179, 0.581938834360335, 1.115061877667904, 0.4784866597503424, 0.4617061532412966, 0.6210252527768413, 0.6334909966215491, 0.20991941364482045, 0.13970796277280895, 0.9035486148670315, 0.46306563103571535, 0.4609047937206924, 0.15200441125780345, 1.0883504934608936, 0.6260438606142997, 0.7276327677071095, 0.735724604378144, 0.7612237423658371, 0.6332894444465638, 0.5111748594790697, 0.7355945333838463, 0.564605167383949, 0.5258463261649012, 0.4396443177945912, 0.7068741366267204, 0.6306979648768902, 0.5027480509132147, 0.48989762146957216, 1.558479018509388, 0.648180044690768, 0.6405833626786868, 0.6252016671001911, 0.5851094541450341, 0.8091580465435981, 0.4949281504377723, 0.47662009721000986, 0.15547559056431054, 0.15136681799776852, 0.8805545863695442, 0.43425935092382134, 0.6661448071400324, 0.42863475279882546, 0.39329602699726823, 0.549712237296626, 0.4672364026928941, 1.0128979980945587, 0.34077233355492353, 0.6944083772599697, 0.4328146543974678, 0.5074550373479724, 0.4660977738909423, 0.4063945918654402, 0.5528361032406489, 1.5147271007299423, 0.6952410779893399, 0.5648576103150844, 0.7174624301493168, 0.48106225952506065, 0.45396862545361116, 0.44212584290653467, 0.3804258364252746, 0.4837134468679627, 1.2240177899599076, 0.4462611846625805, 0.43485839385539293, 0.43447884102351964, 0.7570368081331253, 0.6327074415981769, 0.6655721254646778, 0.4342480336005489, 0.7820668566972018, 0.6940882946054141, 0.620003080368042, 0.4593650511155526, 0.9014929617444674, 0.3397118039429188, 0.1468725032173097, 1.4689166679978372, 0.6881953393419584, 0.6246175780892372, 0.6116154869397481, 0.48311132229864595, 0.16635405579581858, 0.553112638834864, 0.7475978108122945, 0.4195074344674746, 0.1225294578820467, 1.199900362174958, 1.2704316437244416, 0.4364081350465615, 0.14808853799477217, 1.492489244043827, 0.4306680219247937, 0.16122093852609395, 0.9462380750104785, 0.8648673188872635, 0.7495182432234286, 0.7154586171110471, 0.4531183626502753, 0.8033518016338348, 0.6241200377543767, 0.6817080994447072, 0.6281897328794002, 0.6416276216506958, 0.5929264485836029, 0.6243262983858585, 0.493473935375611, 0.25207987502217294, 0.7810589618980884, 0.4567533754433195, 0.4660087326541543, 0.49951896052807565, 0.8175068308909734, 0.4473416088769834, 0.1653421999886632, 0.51564701506868, 1.358843168616295, 0.8493033675476909, 0.8106749104335904, 0.17166488505899907, 0.49400481171905997, 0.5079729195063313, 0.5944334516301751, 0.1464193992316723, 0.6197579620406032, 0.9268053243557612, 0.6113000400364399, 0.5467606615896027, 0.5790426028892398, 0.5054267297809323, 0.5877631491050124, 0.5641612516716122, 0.5578816091020903, 1.0830433944861095, 0.13937302734702825, 1.062241782899946, 0.5918511491889754, 1.1102685366757215, 1.5177066877484322, 1.509862293303013, 0.591122055053711, 1.098498835414648, 0.5866292289147774, 1.5812099754810331, 0.1421354550868273, 0.6244243908673525, 1.563437078396479, 0.5593938272446394]
