2025-11-06 16:40:46 - fedrand - INFO - loss data:
2025-11-06 16:40:46 - fedrand - INFO - [0.6338078752160072, 0.6675340682268143, 0.4533732034265995, 0.962439282664231, 0.8536091319285333, 1.7903951643966138, 1.0378541864454747, 1.2433688938617706, 0.7589716166257858, 0.7382443962352616, 1.147789294521014, 0.5088960260152817, 0.6992044299840927, 0.7727727442979813, 0.7754086852073669, 0.6884387657046318, 0.5036492224782705, 0.46163318554560345, 0.6591949090361595, 0.687424298375845, 0.5373855158686638, 0.7773866653442383, 0.6398992836475372, 0.65850334862868, 0.8705054422219594, 0.657520239551862, 0.6568180198470752, 0.6480080187320709, 0.6061363816261292, 0.5174310803413391, 1.1736967613299687, 0.8068196624517441, 0.663461446762085, 0.7596957385540009, 0.42594650760293007, 1.2612362131476402, 0.6470157951116562, 0.8190441504120827, 0.5308871552348137, 0.6573444530367851, 1.4830949157476425, 1.009072557091713, 0.7010980807244778, 0.6090947203338146, 0.3756699860095978, 1.4950710535049438, 0.4342431263066828, 0.5899486094713211, 0.5298746049404144, 0.29902851767838, 0.8076649478503636, 0.7219649374485015, 1.5842011332511903, 0.6286567034465926, 1.4014918804168701, 1.1447658389806747, 0.9303607568144798, 0.6837502966324489, 0.611353983481725, 0.5457781106233597, 0.5220189701233591, 0.11444183252751827, 0.9135078887144725, 0.511285237967968, 1.634392410516739, 1.0651080161333084, 0.7450750470161438, 0.5938116870820522, 0.942370280623436, 0.6971320807933807, 0.6700282096862793, 0.6826766431331635, 0.5229045706135886, 0.8425398476421833, 1.1807527989149094, 0.5760805706183116, 0.8364893939346075, 0.11811754759401083, 1.5816531961872464, 0.5861373096704483, 0.5867704451084137, 0.7147289117177327, 0.4057298518717289, 1.6063003845512867, 0.475635714456439, 1.0086715638637542, 0.7085747569799423, 0.554664976540066, 1.334300920367241, 1.1560650169849396, 0.6695311069488525, 1.4523276388645172, 0.8134281635284424, 0.32476504845544696, 0.09420032314956188, 1.8026668312959373, 1.0320705783863864, 1.2018794318040211, 0.9349682678778966, 0.9251810237765312, 0.661761075258255, 0.8435145169496536, 0.6130237480004628, 0.5210982177406549, 1.9546038806438446, 0.6726284921169281, 0.8191947837670643, 0.545403315871954, 0.4710049107670784, 0.8140566572546959, 0.6461813747882843, 0.6329671020309131, 0.5382865195473034, 0.5410415090620517, 0.48330857791006565, 0.6171795508513848, 0.7348184958100319, 0.6943001051743825, 0.6611124686896801, 0.591903492808342, 0.5292559266090393, 0.888603463768959, 0.474898820122083, 1.0426737070083618, 0.5498330317437649, 0.6325907055288553, 0.841418806090951, 1.1420706417411566, 0.915359616279602, 0.9088482957333326, 1.0819545269012452, 0.584595549106598, 0.6322650283575058, 0.3562145419418812, 0.3129690956324339, 0.4405062007052558, 0.41695390907781466, 1.4337935224175453, 0.5884601213037968, 0.535886213183403, 0.5629076361656189, 0.7938920046601976, 0.6613784506917, 0.684596661478281, 0.8105117119848728, 0.7250720798969269, 0.7763158592085044, 0.606207400560379, 0.6581410765647888, 0.6619128920137882, 0.5679762624204159, 0.6823954731225967, 0.700235091149807, 0.32683806866407394, 0.5755788087844849, 1.0867755264043808, 0.6401204392313957, 0.750609777867794, 0.5857149511575699, 0.6566344477236271, 0.28118225261569024, 0.8013170380145311, 1.6782032889979226, 0.7861444726586342, 0.25551652908325195, 1.0514819558177675, 0.5617124494165182, 0.7565613694489002, 0.4289709508419037, 1.2126133143901825, 0.5514869019389153, 0.37708307057619095, 0.6403079703450203, 0.4041940361261368, 1.0592736154794693, 1.0000292162100475, 0.38308017402887345, 1.3442192733287812, 1.0058979280292988, 0.6901817806065083, 1.0207840733230114, 0.7141510091722012, 0.4145998917520046, 0.3613501861691475, 1.003441646695137, 0.6087340970834096, 0.6776005625724792, 0.8840611030658085, 0.719333304464817, 0.7855757251381874, 0.7168001741170883, 0.599381759762764, 0.7426786385476589, 0.6680413197193826, 0.9159040808677673, 0.5220824331045151, 0.3747565597295761, 0.5602370291948319, 1.0309658433709825, 0.9610887132585049]
2025-11-08 14:26:42 - fedrand - INFO - loss data:
2025-11-08 14:26:42 - fedrand - INFO - [0.6180731306473415, 0.6956020891666412, 0.4663721024990082, 1.0344192375029837, 0.5989769347943366, 1.738765761256218, 0.9777759313583374, 1.3888377845287323, 0.7815195471048355, 0.7501980172736304, 1.1134350101153057, 0.499984535202384, 0.7556553892791271, 0.8182277828454971, 0.7508213222026825, 0.6782629787921906, 0.5066662425175309, 0.4191705919802189, 0.596104085445404, 0.6632965579628944, 0.5932415674130123, 0.700505942106247, 0.6276322156190872, 0.5903866986433666, 0.8308742493391037, 0.6559724410374959, 0.5922816445430119, 0.6731203943490982, 0.5214291960000992, 0.5166566446423531, 1.3896183768908184, 0.7128338664770126, 0.7190902481476467, 0.708667313059171, 0.4273925721645355, 1.2648143470287323, 0.6142565533518791, 0.9082787558436394, 0.4552489973604679, 0.746818907558918, 1.4665456805378199, 1.0509387056032817, 0.667231447994709, 0.7583406455814838, 0.361743800342083, 1.753954917192459, 0.427305668219924, 0.5741907830039661, 0.5000805303454399, 0.2870737053453922, 0.7495340587837356, 0.9010268181562424, 1.206854459643364, 0.5479466819337436, 1.527706116437912, 1.3191456496715546, 0.9987342655658722, 0.7108663221200306, 0.6233546088139217, 0.544703555603822, 0.5267326150621687, 0.11539753712713718, 0.8902765413125355, 0.4876260943710804, 1.709098443388939, 1.0476836860179901, 0.7427063087622325, 0.5744107067584991, 0.8941524177789688, 0.6840266734361649, 0.6571238934993744, 0.6334186792373657, 0.5248729331152779, 0.8026100300252438, 1.2556590767843383, 0.5759648978710175, 0.8544130977243185, 0.13184007909148932, 1.5319093671582995, 0.5940256764491398, 0.5672317780554295, 0.7175357068578403, 0.3299757171422243, 1.9495674602687358, 0.47952077612280847, 0.9395481869578362, 0.7677828272183735, 0.5543127428917658, 1.2907732725143433, 0.9982905983924866, 0.6237166406852859, 1.7162557989358902, 0.8999747559428215, 0.31640424774959686, 0.08881291444413364, 1.5425847880542278, 1.0641327450672784, 1.1485480318466823, 0.8175635536511738, 0.669340405613184, 0.5255546917517979, 0.7729749083518982, 0.7090910126765568, 0.5319409877061844, 2.3910781741142273, 0.7194070164114237, 0.8144245793422062, 0.5256676346063613, 0.4676777087152004, 0.7153382450342178, 0.6158553883433342, 0.6720920751492183, 0.5182513867815335, 0.5029275447130204, 0.4304036907851696, 0.6218107125411431, 0.8048805966973305, 0.688382054368655, 0.6434932748476665, 0.5918966382741928, 0.5484060063958168, 0.9452126522858937, 0.4717417558034261, 0.8896700441837311, 0.5454833079129457, 0.6718894559890032, 0.9203338451683521, 1.2572313025593758, 0.9392256569117308, 0.908498153090477, 0.988551241159439, 0.563604049384594, 0.8028358656913042, 0.3701754119247198, 0.2778306044638157, 0.4396664910018444, 0.3826684214706932, 1.53847895860672, 0.6280536167323589, 0.5323337689042091, 0.5512571856379509, 0.8094092032739094, 0.7707368358969688, 0.7526879236102104, 1.02294010668993, 0.7657406687736511, 0.7831976587573688, 0.6350564658641815, 0.65418940782547, 0.669121116399765, 0.5923786796629429, 0.7361452132463455, 0.676806628704071, 0.34175631776452065, 0.5928784074882667, 1.0905399074157078, 0.6839387491345406, 0.6903334632515907, 0.6747527122497559, 0.677237582206726, 0.2947035443037748, 0.8001273851841688, 1.8086993524006436, 0.8106786161661148, 0.29406245797872543, 1.1095609771353858, 0.5953817199915648, 0.7638046957552433, 0.4668703757226467, 1.2248058915138245, 0.5446180527408917, 0.43731365352869034, 0.6605787366628647, 0.44587917625904083, 1.1084041893482208, 0.9731076806783676, 0.38291015177965165, 1.340120303630829, 1.0156368874013424, 0.7292385064065456, 0.9639454752206802, 0.7202278584241867, 0.48613758012652397, 0.43373187631368637, 0.9782704359718731, 0.614245168119669, 0.6865090057253838, 0.8573000083367031, 0.7162872403860092, 0.7592944502830505, 0.7604798182845116, 0.5959775261580944, 0.7779749594628811, 0.6842591783830098, 0.9228108078241348, 0.5661842226982117, 0.42949093878269196, 0.5578608624637127, 0.9687757768801281, 0.8766785971820354]
2025-11-09 19:36:58 - fedrand - INFO - loss data:
2025-11-09 19:36:58 - fedrand - INFO - [0.5913632474839687, 0.644836038351059, 0.47044594436883924, 1.00899253146989, 0.6209233317524194, 1.4439180833287537, 0.86213873103261, 1.3661275804042816, 0.799257293343544, 0.7725795933178493, 1.0465312997500102, 0.5082662671804428, 0.6957313902676105, 0.7371941655874252, 0.8142089247703552, 0.6647258475422859, 0.4843766525387764, 0.46718813727299374, 0.6428372487425804, 0.6753919459879398, 0.5781431098779042, 0.7339977771043777, 0.6491471827030182, 0.6344363639752071, 0.8288925637801488, 0.7078323413928349, 0.6648743214706581, 0.6354541555047035, 0.598068542778492, 0.5409125350415707, 1.0556195974349976, 0.7863658666610718, 0.67471348742644, 0.6866817126671474, 0.40237123891711235, 1.274023249745369, 0.6304641049355268, 0.8966783657670021, 0.4926484987139702, 0.5774189829826355, 1.5402309000492096, 1.0142764697472255, 0.8270467258989811, 0.5708980746567249, 0.40004509314894676, 1.5913700759410858, 0.4483168411068618, 0.5846346244215965, 0.4938160739839077, 0.2673115264624357, 0.7877702031816756, 0.7505083870142698, 1.617228439450264, 0.6095419664468085, 1.5232674777507782, 1.215131625533104, 0.9596047699451447, 0.6879991094271343, 0.5969820370276768, 0.5604636743664742, 0.540526804115091, 0.10479535907506943, 0.9215268492698669, 0.4818836413323879, 1.4873843789100647, 0.9507799744606018, 0.7236290723085403, 0.610677570104599, 0.9118910729885101, 0.6858802735805511, 0.6655200868844986, 0.6482208371162415, 0.5210866459778377, 0.7985736031085253, 1.249085368854659, 0.5604136710365613, 0.8220995500683784, 0.1362025858834386, 1.447947139541308, 0.6339534123738606, 0.5438772067427635, 0.728955050309499, 0.31874884087592364, 2.237524373829365, 0.4485519867390394, 0.860237430781126, 0.8556990722815196, 0.5614276141637847, 1.3854970335960388, 1.0422152876853943, 0.5988352032644408, 1.5154523849487305, 0.8789348527789116, 0.35609313771128653, 0.08106781719252468, 1.6951413052156568, 0.9148331073423227, 1.0689640243848164, 0.7816190818945568, 0.6960148215293884, 0.5827637712160747, 0.6515815556049347, 0.7631986637910206, 0.5648734577000141, 1.6889922618865967, 0.6308244206011295, 0.7265537927548091, 0.5695684738457203, 0.4815269373357296, 0.8216732144355774, 0.6783368736505508, 0.620895266532898, 0.5315352504452069, 0.5416604816913605, 0.44337693229317665, 0.5823289342224598, 0.7156462073326111, 0.6924856056769688, 0.6533941837648551, 0.6206773445010185, 0.5594174988567829, 0.8740971436103184, 0.5156057178974152, 0.8952687978744507, 0.5594053782522679, 0.6175077743828297, 0.8050365738570691, 1.186529265716672, 0.9937001392245293, 0.9462568067014218, 1.158696848154068, 0.6694318294525147, 0.6254020527005195, 0.41313908249139786, 0.3349943995475769, 0.41319825287376133, 0.39727382415107315, 1.4311642095446586, 0.6030997447669506, 0.6474184095859528, 0.6537087112665176, 0.6773631423711777, 0.6938390284776688, 0.7553263679146767, 0.871688898652792, 0.7911134392023087, 0.692733321338892, 0.672781765460968, 0.6442802026867867, 0.6563863307237625, 0.6288277332981427, 0.6842497140169144, 0.6533090136945248, 0.4714544042944908, 0.5806543752551079, 0.8766079048315685, 0.6563020050525665, 0.6921965330839157, 0.6712340712547302, 0.6329148948192597, 0.37725725248456, 0.7369276285171509, 1.33585943707398, 0.7215742766857147, 0.40110811591148376, 0.952500547681536, 0.6165089905261993, 0.713644801825285, 0.49189913347363473, 1.045171944158418, 0.577184331913789, 0.49589477479457855, 0.711043407022953, 0.51919504404068, 0.9348939061164856, 0.9049666275580723, 0.435088586807251, 1.1309712886810304, 0.8660446293652058, 0.7028167694807053, 0.8892291501164437, 0.6997374258935452, 0.48829685151576996, 0.4182056188583374, 0.922710086618151, 0.6248501663406689, 0.6547808647155762, 0.7913847317298253, 0.7134076595306397, 0.7628320977091789, 0.7019308865070343, 0.602508295327425, 0.6972879655659199, 0.6808576126183783, 0.8727262437343597, 0.5765980929136276, 0.5105303674936295, 0.6148607142269611, 0.9439004106181008, 0.8635902404785156]
2025-11-10 17:43:55 - fedrand - INFO - loss data:
2025-11-10 17:43:55 - fedrand - INFO - [0.5913632474839687, 0.644836038351059, 0.47044594436883924, 1.00899253146989, 0.6209233317524194, 1.4439181312918663, 0.8621386930346489, 1.366127222776413, 0.7992562502622604, 0.772486014025552, 1.048907275001208, 0.5076915986835957, 0.7702234759926796, 0.8060716241598129, 0.7914364089568455, 0.674162968993187, 0.4894312869757414, 0.4602128441135089, 0.6536809056997299, 0.6862826310098171, 0.5800961603720982, 0.7385514676570892, 0.647487223148346, 0.6514444202184677, 0.8306803007920582, 0.696459914247195, 0.6714564791570108, 0.6379275694489479, 0.5974748432636261, 0.5418330505490303, 1.0298865636189778, 0.7909906059503555, 0.6754171550273895, 0.6874092519283295, 0.41082582622766495, 1.233397826552391, 0.628329848870635, 0.9054992720484734, 0.4907458283007145, 0.598245233297348, 1.5248128287494183, 0.9914637605349224, 0.8795724883675575, 0.5566391572356224, 0.408113781362772, 1.5443995296955109, 0.4509141088463366, 0.5778277119000752, 0.49164959527552127, 0.26222734432667494, 0.775011230792318, 0.754817483574152, 1.657030028104782, 0.5958060920238495, 1.5122525542974472, 1.2224233001470566, 0.9779863208532333, 0.694118579228719, 0.6024108330408733, 0.5534669235348701, 0.5453321146113532, 0.11511150188744068, 0.9114531626303991, 0.4834151454269886, 1.4778004735708237, 0.9463540613651276, 0.7204236288865407, 0.6179858557879925, 0.9115325659513474, 0.6877456903457642, 0.6508276611566544, 0.6470699608325958, 0.5096295901707241, 0.7931776013225317, 1.2150474041700363, 0.5476178055008252, 0.7893339268863201, 0.13499708659946918, 1.5235916965064549, 0.608674796919028, 0.5510971322655678, 0.7157527307669322, 0.3027183134108782, 2.214859376102686, 0.44678355716168877, 0.8342023186385632, 0.8533058017492294, 0.5601316775594438, 1.4170707613229752, 1.0966092944145203, 0.6140681483915874, 1.4650224447250366, 0.9059649109840393, 0.3569775026291609, 0.08111303877085448, 1.7061135992407799, 0.9550064330299696, 1.1582389622926712, 0.8665546824534733, 0.7886716052889824, 0.6124058713515599, 0.6926049888134003, 0.7311156690120697, 0.5676590085029602, 1.7513073086738586, 0.6383738033473492, 0.7280001839001973, 0.5688219256699085, 0.4781147241592407, 0.7900897860527039, 0.6724509596824646, 0.6436022693912189, 0.5205584665139515, 0.5460425622761249, 0.44355226680636406, 0.5837524719536304, 0.7279210388660431, 0.704189012447993, 0.6623374670743942, 0.6227659434080124, 0.5648971177637577, 0.8717986643314362, 0.5260472595691681, 0.8481736034154892, 0.5581569276750088, 0.6186612956225872, 0.777592334151268, 1.1392827350646257, 1.0087897684425116, 0.9408191591501236, 1.2253644436597824, 0.676182535290718, 0.6073816478252411, 0.4152892604470253, 0.3455971457064152, 0.40771910867520744, 0.39646994269319946, 1.4451607882976532, 0.5989198386669159, 0.621138259768486, 0.6312443315982819, 0.6809984871319362, 0.6865937635302544, 0.7460794299840927, 0.8725571259856224, 0.7817707329988479, 0.6932430838545163, 0.6661694496870041, 0.6410957798361778, 0.6527215167880058, 0.6257080857952435, 0.6807431131601334, 0.6654124036431313, 0.47268344834446907, 0.5851083757976692, 0.8757266004880269, 0.6464031264185905, 0.6912765651941299, 0.6629651635885239, 0.6245709799230099, 0.37461855337023736, 0.7318110167980194, 1.3337264273847853, 0.7096473723649979, 0.387700580060482, 0.9433087983301708, 0.5955792106688023, 0.7087229702621698, 0.48374765552580357, 1.035109988280705, 0.5761160204807918, 0.468193881213665, 0.703436216711998, 0.5098771117627621, 0.9337160438299179, 0.8967062830924988, 0.4266358517110348, 1.1222685486078263, 0.870289146900177, 0.6899994313716888, 0.8895611152052879, 0.7007179632782936, 0.484021482989192, 0.41088826209306717, 0.9208212303263801, 0.6171510217090448, 0.6678342521190643, 0.8069356977939606, 0.7123441234230995, 0.7507530450820923, 0.6853256069123745, 0.5976946987211704, 0.6968050450086594, 0.6765065533774239, 0.864756116271019, 0.5601594150066376, 0.49148673564195633, 0.5963685512542725, 0.9372860959597996, 0.8572592176496983]
2025-11-11 10:18:50 - fedrand - INFO - loss data:
2025-11-11 10:18:50 - fedrand - INFO - [0.5772168710827827, 0.6490469872951508, 0.4626315589994192, 0.9310238893542971, 0.620201728772372, 1.705601891502738, 0.9940294812122981, 1.3477046191692352, 0.8023216873407364, 0.7392709404230118, 1.1766219834486644, 0.4901647575199604, 0.7310278601944447, 0.8405648320913315, 0.8214497466882069, 0.6627615243196487, 0.49745434112846854, 0.4665471812089284, 0.6435249894857407, 0.691092524677515, 0.5747635563214619, 0.8123463839292526, 0.6502162963151932, 0.7100996921459835, 0.8326270629962285, 0.6749541908502579, 0.6919978906710942, 0.6518360078334808, 0.6196936368942261, 0.5410739667713642, 0.9992239624261856, 0.859014630317688, 0.6476041873296101, 0.7576832522948582, 0.4612279273569584, 1.1491086184978485, 0.669667910784483, 0.7338854223489761, 0.5041687242686749, 0.6153846234083176, 1.4032446276396513, 1.0426702400048573, 0.6317450925707817, 0.7052633985877037, 0.4458221569657326, 1.4241806715726852, 0.46071216389536856, 0.5761746317148209, 0.4914045318961143, 0.29157852567732334, 0.8097332673413413, 0.8020150296390056, 1.4623284995555879, 0.6173681701932634, 1.4665487408638, 1.2241487205028534, 0.9214806631207466, 0.6893541514873505, 0.5998614927132924, 0.5554473847150803, 0.5254119294030326, 0.08959108777344227, 0.9464947084585826, 0.49141934514045715, 1.6484934091567993, 1.0093631446361542, 0.710449680685997, 0.58938904479146, 0.9416353106498718, 0.6855793595314026, 0.6244276165962219, 0.6130259931087494, 0.4831291564873287, 0.8510373622179032, 1.1662283486553602, 0.5390115280946095, 0.704526425153017, 0.19710139464586973, 1.344752386921928, 0.6953765004873276, 0.5527590848505497, 0.7669944713513057, 0.39056843891739845, 1.5726058281958104, 0.4813228137791157, 0.9337051078677178, 0.7255141983429592, 0.5447741374373436, 1.2655224353075027, 1.1316229403018951, 0.7067046271903175, 1.4999106973409653, 0.8499940261244774, 0.2744778232648969, 0.1066073589026928, 1.4802868925035, 0.931566538910071, 1.193930188814799, 0.8948638935883839, 1.0036539137363434, 0.6728858401377995, 0.7757164984941483, 0.6614751716454823, 0.5379402823746204, 1.76671501994133, 0.6525093354284763, 0.7431576152642567, 0.5529987901449204, 0.47533290833234787, 0.8065520748496056, 0.6108450442552567, 0.5904937808712323, 0.5319812571008999, 0.4554478470236063, 0.5416564829647541, 0.6120857372879982, 0.7253461331129074, 0.687936286131541, 0.6299195153017838, 0.573676772415638, 0.5285259768366813, 0.9045692980289459, 0.4783891091744105, 0.9161992371082306, 0.5411601647734642, 0.7493936456739902, 1.015921302884817, 1.2317184321582317, 0.8366450630128384, 0.8254976842552424, 0.8414366185665131, 0.5479715302586555, 0.8420051582157612, 0.38216998241841793, 0.25490170773118737, 0.43054760007986004, 0.3756132125854492, 1.3286233350634575, 0.772117642685771, 0.4601776525378227, 0.4710703417658806, 0.945768232856478, 0.7173576429486275, 0.7527853213250637, 1.0128230825066566, 0.6945595569908619, 0.9258509576320648, 0.6485676616430283, 0.6724139451980591, 0.7382256351411343, 0.5989463813602924, 0.7783631533384323, 0.6885506920516491, 0.26924311369657516, 0.6007229158033927, 1.2050406734148662, 0.6983620747923851, 0.724522665143013, 0.6921752169728279, 0.6604404777288437, 0.22322214506566523, 0.8862273003906012, 2.0382354387215207, 0.6832074373960495, 0.29872341081500053, 0.956940335886819, 0.5856274403631687, 0.6279310282319784, 0.4637973692268133, 1.143107539841107, 0.5264907975991566, 0.549377828836441, 0.5805966213345528, 0.541438939422369, 1.1113653779029846, 0.8368681917587917, 0.5168787635862827, 1.311215764284134, 0.9366199932992458, 0.6007359325885773, 0.9027820326387882, 0.6547832958400249, 0.4983620159327984, 0.5219202935695648, 0.8616608860237258, 0.5840410796304544, 0.6581079810857773, 0.7474688291549683, 0.6429340526461601, 0.7282890155911446, 0.6739419244229794, 0.6565200462937355, 0.7124031372368336, 0.6443100635494505, 0.8177552551031113, 0.5498406291007996, 0.4197579622268677, 0.5499454878270627, 0.8787674414260047, 0.7969358079135418]
2025-11-13 18:23:04 - fedrand - INFO - loss data:
2025-11-13 18:23:04 - fedrand - INFO - [0.5736070834100246, 0.6445351541042328, 0.44487160407006743, 1.1416102775505612, 0.5615916952490807, 1.2918947860598564, 0.8532895473142466, 1.57647705078125, 0.8896615952253342, 0.7604484951921872, 1.0875822752714157, 0.4950444810092449, 0.7270717099308968, 0.8785212337970734, 0.8160100678602855, 0.6698609367012978, 0.49816237986087797, 0.4814348990718524, 0.6593575179576874, 0.6958433166146278, 0.6120951523383458, 0.7145208865404129, 0.6538689285516739, 0.644651472568512, 0.8430672784646351, 0.6760754386583965, 0.676909460996588, 0.6600946933031082, 0.6104635000228882, 0.5434984639286995, 0.9806556204954784, 0.8103131502866745, 0.6591855535904567, 0.7439332207043965, 0.4770633764564991, 1.1143441945314407, 0.6672677434980869, 0.6784613654017448, 0.48530652560293674, 0.597199946641922, 1.349250540137291, 1.0413863609234493, 0.5998615175485611, 0.7173119187355042, 0.3820916563272476, 1.3867401480674744, 0.45563776418566704, 0.5729964574178059, 0.5036522641777992, 0.30452013574540615, 0.7729415584887778, 0.8013969853520393, 1.4844354659318924, 0.5827664669070924, 1.5109704434871674, 1.2244571149349213, 0.927815705537796, 0.668032243847847, 0.5914399027824402, 0.5264696056644123, 0.5437018732939447, 0.09893995523452759, 0.9167172660430272, 0.46098607778549194, 1.6705619245767593, 1.0374847799539566, 0.7039968967437744, 0.6159835234284401, 0.8918130397796631, 0.6787683069705963, 0.6216679662466049, 0.6040601581335068, 0.4798966348171234, 0.8482916247099638, 1.161694968385356, 0.5278061479330063, 0.7717991337180138, 0.1546433176845312, 1.5743909762019204, 0.5624645476539929, 0.5520332157611847, 0.6990261003375053, 0.3820458099246025, 1.382222031056881, 0.4806999880820513, 1.0771938875317573, 0.6608364135026932, 0.49846252337807695, 1.2830859422683716, 1.1244193017482758, 0.7277091645768711, 1.5677729398012161, 0.7931317538022995, 0.26340864654630425, 0.09052266413345933, 1.6429129894822836, 0.9716899159053961, 1.3180210292339325, 1.0098878343900044, 1.161850444972515, 0.6640822291374207, 0.7288326770067215, 0.6576184680064519, 0.4898266203701496, 1.6471492946147919, 0.620914950966835, 0.6605267996589343, 0.5153905421495437, 0.45122508332133293, 0.705663837492466, 0.574421614408493, 0.5983858505884807, 0.48965690036614734, 0.45287397764623166, 0.5564671196043491, 0.5938389201958975, 0.7259562388062477, 0.6847192943096161, 0.6012431867420673, 0.5475047752261162, 0.48850059807300567, 0.8648319368561108, 0.42350968221823376, 1.0214832574129105, 0.5253133259713649, 0.6508671641349792, 0.8858524490147829, 1.2159357964992523, 0.8072451427578926, 0.8219352513551712, 0.8684147417545318, 0.5264158204197884, 0.8948735214769841, 0.3605760205537081, 0.23021162413060664, 0.4274413553731782, 0.3586524432258946, 1.3497728124260902, 0.6004536561667919, 0.5450370982289314, 0.5419065356254578, 0.7601125261613301, 0.7325834706425667, 0.6780208721756935, 0.9348689615726471, 0.6856005288660526, 0.7298150310913722, 0.6605576127767563, 0.6142002940177917, 0.6427987962961197, 0.5578819438815117, 0.723741352558136, 0.6447348706424236, 0.3244112990796566, 0.5628981130818527, 0.9739080170790355, 0.6791693493723869, 0.6352557614445686, 0.6257100477814674, 0.6551418859511614, 0.2372520610690117, 0.8143752496689558, 1.8660032664026533, 0.7398572750389576, 0.27830472961068153, 1.0595054626464844, 0.550747586414218, 0.7071065317839385, 0.4248840373009443, 1.250248589685985, 0.5029445836941402, 0.4159141555428505, 0.6159664914011955, 0.3910018250346184, 1.080526813864708, 0.9303248325983684, 0.4148865111172199, 1.3576857924461365, 0.9807008430361748, 0.6695190034806728, 0.9675639398396015, 0.6652834512293339, 0.4468543529510498, 0.44296354055404663, 0.9689280188509396, 0.5621729373931885, 0.7020429000258446, 0.8519948770602543, 0.6725724935531616, 0.7621215954422951, 0.6822353377938271, 0.6001472808420658, 0.7311936020851135, 0.6636629509074348, 0.9601807594299316, 0.5583623871207237, 0.3221653550863266, 0.5312888838350773, 0.9649809364761626, 0.8800881132483482]
2025-11-14 08:15:48 - fedrand - INFO - loss data:
2025-11-14 08:15:48 - fedrand - INFO - [0.64861910790205, 0.6827543675899506, 0.48207329362630846, 1.0183447216238295, 0.7880412630736828, 1.2846891609951854, 0.8341307356953621, 1.517521858215332, 0.8196348249912262, 0.8451531752943993, 0.9933822005987167, 0.5103688195347786, 0.7343799695372581, 0.8560429662466049, 0.8083874533573787, 0.6879110559821129, 0.4950064983218908, 0.4590998974939187, 0.6709562912583351, 0.6952228620648384, 0.573264201482137, 0.752439871430397, 0.6420989036560059, 0.6599817872047424, 0.8314409106969833, 0.684994637966156, 0.6931070523957412, 0.6512500792741776, 0.6120679900050163, 0.531245082616806, 1.0274361123641331, 0.8156408071517944, 0.66757632791996, 0.700587625304858, 0.4753226116299629, 1.068114534020424, 0.6527034603059292, 0.7034306526184082, 0.5181689757853747, 0.6019778586924076, 1.5850988440215588, 1.2007966389258702, 0.566312063485384, 0.7509213835000992, 0.40186982601881027, 1.3159276992082596, 0.4567108854651451, 0.5880835801362991, 0.5307580232620239, 0.29108905605971813, 0.7526952613677298, 0.8844148330390453, 1.5813592195510864, 0.5352463317768914, 1.5577293932437897, 1.3109903931617737, 0.9842864573001862, 0.6741234560807545, 0.589406465490659, 0.5371253664294879, 0.5127860999533108, 0.11393776722252369, 0.9247153053681056, 0.45818694308400154, 1.555762141942978, 0.9892468601465225, 0.7120781193176906, 0.6016452386975288, 0.9086015969514847, 0.6505811810493469, 0.6335629522800446, 0.6250275522470474, 0.4836156591773033, 0.8411189243197441, 1.2831035873719625, 0.5665047789613407, 0.7944731492549181, 0.11640600394457579, 1.5682299016487031, 0.5220707058906555, 0.564094016328454, 0.6800462007522583, 0.3749521918594837, 1.4538390040397644, 0.46821762472391126, 1.0144451603293418, 0.6512867311636608, 0.5355133964192299, 1.3229406028985977, 1.142062246799469, 0.6259986939174789, 1.4164233058691025, 0.9089779555797577, 0.349082313105464, 0.1078900876455009, 1.7362177670001984, 0.9498481384168068, 1.2109877268473308, 1.0079538027445476, 1.0598829537630081, 0.6986720561981201, 0.7233542054891586, 0.6201313436031342, 0.5160750463604927, 1.6207621693611145, 0.603639829903841, 0.6866812358299892, 0.5237472921609878, 0.4542709030210972, 0.7841756790876389, 0.6319361329078674, 0.6090565671523411, 0.4606201226512591, 0.5145158246159554, 0.45719922333955765, 0.5478687429179747, 0.6348357051610947, 0.7124321162700653, 0.6331927292048931, 0.5762108713388443, 0.5170295752584935, 0.9519882748524349, 0.4620092237989108, 0.9088470339775085, 0.5141068734228611, 0.6053140759468079, 0.879838514328003, 0.9933385141193867, 0.8542295657098293, 0.8607284720987082, 0.9840488016605378, 0.5835292637348175, 0.5863977648317814, 0.3745138831436634, 0.3354632042348385, 0.41099670050399645, 0.4301498399249145, 1.3460025548934937, 0.5330847650766373, 0.5008690729737282, 0.6075854524970055, 0.7113577276468277, 0.6189812421798706, 0.6781626977026463, 0.8056523464620113, 0.7241301037371158, 0.7217231479783852, 0.5627026408910751, 0.627617634832859, 0.6575846169143915, 0.5478601132829983, 0.6265030354261398, 0.6750874314457178, 0.32234613224864006, 0.5577347377936046, 1.0651216953992844, 0.6083166673779488, 0.7678886353969574, 0.5111411735415459, 0.6152378488332033, 0.2599537868052721, 0.7241014055907726, 1.4656600739274706, 0.728646345436573, 0.24649766460061073, 1.0170062822954995, 0.6132018342614174, 0.7417331121861934, 0.41426829658448694, 1.173023670911789, 0.5340414990981419, 0.32713232189416885, 0.6275546357035637, 0.38491818457841875, 1.0003120228648186, 0.9780567636092503, 0.34318894147872925, 1.2624043345451355, 0.955964881926775, 0.6615139991044998, 0.9779233865439891, 0.7227620117366313, 0.39399809017777443, 0.28546446561813354, 1.0019460884588105, 0.5659673750400543, 0.6434863358736038, 0.8364045669635136, 0.7229096636176109, 0.8213555663824081, 0.6367395125329495, 0.5606826618313789, 0.6787865683436394, 0.653142583157335, 0.9009880423545837, 0.5004500299692154, 0.35185378789901733, 0.5927926041185856, 1.0609217924731118, 0.9782201871275902]
2025-11-14 17:37:00 - fedrand - INFO - loss data:
2025-11-14 17:37:00 - fedrand - INFO - [0.5948924099405606, 0.6403916776180267, 0.47396347634494307, 1.172045967408589, 0.577149498462677, 1.1872553061693907, 0.8076137566318115, 1.6124018430709839, 0.8359087854623795, 0.8024457384433066, 1.023659959435463, 0.5277944833040238, 0.7188624627888203, 0.7942506074905396, 0.7691529989242554, 0.6621134504675865, 0.5066123768687248, 0.49490851412216824, 0.6610341295599937, 0.6932030059397221, 0.5579646254579227, 0.7205206453800201, 0.6550415605306625, 0.6479131976763408, 0.8136559526125591, 0.7018753538529079, 0.6859077922999859, 0.6536635607481003, 0.6299341395497322, 0.535738680511713, 0.9643082122008007, 0.805140882730484, 0.6583289603392284, 0.7727734297513962, 0.4693121127784252, 1.0915122255682945, 0.6500155087560415, 0.6863942965865135, 0.5073577746748924, 0.5735031291842461, 1.6018931809812784, 1.0987378656864166, 0.5533003807067871, 0.7084750831127167, 0.4177604839205742, 1.2582532167434692, 0.44417946636676786, 0.5693200652798016, 0.5130088947713375, 0.2797534540295601, 0.7337702981063298, 0.8482128359377384, 1.445564603805542, 0.5533983771290099, 1.6366110295057297, 1.333413690328598, 1.0180329158902168, 0.669578383366267, 0.5814593136310577, 0.5307356640696526, 0.5440604282276971, 0.10016178898513317, 0.8949267864227295, 0.47308848798274994, 1.4572787284851074, 0.9045004546642303, 0.6796813458204269, 0.5766091197729111, 0.872527003288269, 0.6590878069400787, 0.5892813205718994, 0.5688110142946243, 0.4819112090127809, 0.8113238528370857, 1.313278881566865, 0.495910607278347, 0.7801718149334192, 0.14402004517614841, 1.4504848441907336, 0.603832262257735, 0.5321604032069445, 0.6510502770543098, 0.33143749721348287, 1.4575683511793613, 0.45799061357975007, 0.9614937424659729, 0.6610848257939022, 0.512736972953592, 1.3226850181818008, 1.0932530164718628, 0.5810658857226372, 1.3017332553863525, 0.8014742881059647, 0.26562377363443374, 0.07742391023784875, 1.6191231263801455, 0.9803640283644199, 1.2504999140898387, 1.0476484596729279, 1.0894498080015182, 0.6784428755442302, 0.690825343132019, 0.6056684305270512, 0.5002321287989616, 1.8211178481578827, 0.5988285876810551, 0.6934289783239365, 0.5212530344724655, 0.4103255942463875, 0.7018895447254181, 0.5824195817112923, 0.5717792014280956, 0.4203273802995682, 0.4391032449901104, 0.4645293727517128, 0.5706897682199875, 0.621581144630909, 0.6604355076948802, 0.5811067918936412, 0.5115208700299263, 0.5029630266129971, 0.9416922479867935, 0.41788070400555927, 0.8564020842313766, 0.5294578682631255, 0.6098435558378696, 0.7853243347257376, 0.9599285926669836, 0.810764491558075, 0.8258783649653196, 0.7590008109807969, 0.48860413357615473, 0.7019733861088753, 0.3247242644429207, 0.26044723466038705, 0.4494714023811477, 0.40145094213741167, 1.260754433274269, 0.513800609856844, 0.36580174416303635, 0.534362256526947, 0.7289473723087991, 0.6534338071942329, 0.6933840066194534, 0.8615961596369743, 0.6703816264867782, 0.7316375002264977, 0.6816492080688477, 0.5780865028500557, 0.6141452435404062, 0.5845997954408328, 0.7920612841844559, 0.5707630384713411, 0.32795699313282967, 0.556006982922554, 0.9315101951360703, 0.6363738104701042, 0.6105899438261986, 0.6340518817305565, 0.5923088662326336, 0.2460772993043065, 0.9603296779096127, 1.5649976900645663, 0.645751416683197, 0.28920164704322815, 1.1103287126336778, 0.5716132707893848, 0.7321103125810623, 0.40247857645154, 1.1736727016312736, 0.49622060855229694, 0.3636297881603241, 0.6979191064834595, 0.46328758373856543, 1.0829653218388557, 0.8253077367941539, 0.3185750052332878, 1.2052920788526535, 0.8259054906666279, 0.6163154430687428, 0.8959843553602695, 0.6882806144654751, 0.406243784353137, 0.30470359697937965, 0.9491601352180754, 0.5720898687839509, 0.5515800565481186, 0.7350261857112248, 0.6850665211677551, 0.7147024571895599, 0.6131292387843132, 0.5307143330574036, 0.6049307622015476, 0.661538656268801, 0.9509687960147858, 0.5028569102287292, 0.40922825038433075, 0.5309780552983284, 0.9509214801447732, 0.8152839131653309]
2025-11-17 05:23:53 - fedrand - INFO - loss data:
2025-11-17 05:23:53 - fedrand - INFO - [0.5172320407194395, 0.5615644603967667, 0.44068808245815727, 0.7809911258518696, 1.2010297068498201, 1.2609601775184274, 0.6218733916353238, 1.8517736494541168, 0.9634709805250168, 0.740638502474342, 0.8826263517141342, 0.5124945264113576, 0.49409334388162407, 0.6108322441577911, 0.7007729435960453, 0.654379352927208, 0.4059475730949392, 0.4747944387296836, 0.5673052296042442, 0.6566288002899715, 0.6012779295444488, 0.7745962515473366, 0.67691620439291, 0.6110081225633621, 0.7282078236341476, 0.7152929951747258, 0.5962838001904034, 0.7589010559022427, 0.5406763181090355, 0.47172934422269464, 1.3579442923267682, 0.8315388113260269, 0.6627014636993408, 0.7316148231426876, 0.4922144338488579, 0.8893374837934971, 0.5907840792621885, 0.5661526098847389, 0.49625412708050326, 0.545523926615715, 1.5125165656208992, 1.0254250943660737, 0.6964612667049681, 0.6120499828830361, 0.40635430812835693, 1.35759699344635, 0.44387902987987865, 0.5677876472473145, 0.4737408896417994, 0.2886301555803844, 0.6985586030142648, 1.108162246644497, 1.5809528728326163, 0.49323845787772114, 1.3185442388057709, 0.8300637528300285, 0.5834178701043129, 0.8071203778187435, 0.6377865423758824, 0.5470317736268043, 0.5211400309843677, 0.1317086387425661, 0.83044213950634, 0.4767694640904665, 1.5017875880002975, 0.7758544385433197, 0.6657556504011154, 0.623674390571458, 0.9178823754191399, 0.6876906603574753, 0.6748933345079422, 0.6515715420246124, 0.4871556780167988, 0.913591201003227, 1.18249310074108, 0.5577691060801346, 0.7726792085327601, 0.12035285029560328, 1.3626887329987118, 0.7622872889041901, 0.5104080006214124, 0.7390461514393489, 0.3005315615640332, 2.0044454885156533, 0.5401399445594751, 0.7228771984163258, 1.2694366636375587, 0.5574029724512781, 1.0610283501446247, 0.6943297386169434, 0.5141542053648404, 1.4348307102918625, 0.8650936707854271, 0.31141168960473603, 0.10857673237721126, 1.504118443466723, 0.7609694710001349, 0.8815478359659512, 0.739766600728035, 0.6423397846519947, 0.5033645570278168, 0.729760006070137, 0.7657116924722989, 0.5000891876924369, 3.062495678663254, 0.678221823115434, 0.7394203037023545, 0.4826152233613862, 0.44746644103101324, 0.7818264961242676, 0.7459337338805199, 0.6673967730253935, 0.5341784407695134, 0.48937364628440455, 0.4221276119351387, 0.5145034392674763, 0.6740024238824844, 0.7221625472108524, 0.6727469571999141, 0.6238314732909203, 0.5177716149224175, 1.0330348700284957, 0.5132862806320191, 0.879295140504837, 0.5348915940052584, 0.718995756469667, 0.9009478154935335, 1.1725027319043875, 0.9645508266985416, 0.7212155175705751, 0.658653796546989, 0.5891017752389113, 1.25606731703091, 0.3980984049849212, 0.40861046966165304, 0.40877491443201763, 0.3834056287471737, 1.2403106795329797, 0.8363392363701547, 0.4681270085275173, 0.565545778721571, 1.11244861888034, 0.7035362645983696, 0.7093298882246017, 0.949495792388916, 0.7217967194554054, 0.8990379069532667, 0.6772442013025284, 0.7084156945347786, 0.7091923153826168, 0.6150215640664101, 0.7849433794617653, 0.7336942319359099, 0.31611221097409725, 0.6446164803579449, 1.35763278901577, 0.7497298121452332, 0.8297518976032734, 0.6915249675512314, 0.6943176571083696, 0.2632522124208902, 1.0067586321383715, 1.8835615877594267, 0.7827794663608074, 0.3585769161581993, 0.9889688044786453, 0.6186152483735765, 0.704023511163772, 0.49697028767121465, 1.2051094280821937, 0.604790024459362, 0.5221650451421738, 0.66108145730363, 0.5756632944470959, 1.010775227099657, 0.920699879527092, 0.46715284766335236, 1.268512295352088, 0.9402452451842171, 0.7101209796965122, 0.9262629782869702, 0.7141813971102238, 0.5218227090580123, 0.4767913445830345, 0.8991136018718993, 0.6450329594183386, 0.711720883846283, 0.8547697693109513, 0.7287778755029042, 0.7874676287174225, 0.7072447440341899, 0.6440318237457956, 0.7187845688313246, 0.6979788690805435, 0.8842280705769856, 0.6023617908358574, 0.5031427070498466, 0.6063578297433101, 0.9534820978130614, 0.8695521226951054]
2025-11-17 06:41:57 - fedrand - INFO - loss data:
2025-11-17 06:41:57 - fedrand - INFO - [0.5737597718834877, 0.5845933184027672, 0.43360820310400394, 0.8538900310439723, 1.105990058845944, 1.6221493789926171, 0.6798406141761102, 2.261735200881958, 1.08730935677886, 0.9151199188615595, 1.1466016232967378, 0.4704607654558985, 0.5792616876507444, 0.6772846393287182, 0.7557579378286998, 0.7120942696928978, 0.4671920414733154, 0.4574514490862687, 0.6178215742111206, 0.6718666649290493, 0.5356404408812523, 0.7032032385468483, 0.6688680127263069, 0.5910354728500049, 0.8797225207090378, 0.6863188594579697, 0.6209835952946118, 0.6901738420128822, 0.5281026009470224, 0.5447975848801434, 1.1253857016563416, 0.7927204668521881, 0.6709561049938202, 0.6872214054067929, 0.4904057877138257, 1.226063810288906, 0.6031030576143945, 0.8940371312201023, 0.4784815676118198, 0.5603041909635067, 1.4158607593604497, 1.0119812160730361, 0.7501073245491301, 0.6547608207911253, 0.48506302386522293, 1.1088619083166122, 0.4354857422803189, 0.5439917345841725, 0.48067991072802163, 0.3017343830849443, 0.6802715254681451, 1.1045294562844854, 1.4864152065581746, 0.4741663826363427, 1.3907257840037346, 0.9233220741152763, 0.6442897841334343, 0.6697885381678741, 0.5901575585206349, 0.544303922355175, 0.5146493847881044, 0.13339877501130104, 0.7877824286619822, 0.47475379472598433, 1.5417932085692883, 0.6826741471886635, 0.6521067634224892, 0.5796927011438778, 0.8267248868942261, 0.6191030293703079, 0.6054030656814575, 0.539471909403801, 0.43558196005012306, 0.8999323298533758, 1.0639489418161767, 0.5440803306798141, 0.5827681538893988, 0.14463301561772823, 1.11681611108638, 0.9004606753587723, 0.48028395258422407, 0.68888745829463, 0.24911393261411124, 1.9635780836014372, 0.459317073291331, 0.7069416356583437, 1.0903925125797589, 0.5370757199823857, 1.0789102017879486, 0.6279086768627167, 0.4744379190461976, 1.578835129737854, 0.8747536540031433, 0.3411328323806326, 0.07610531492779653, 2.0003174799494445, 0.890750055317767, 0.9920078131059806, 0.6970080465078354, 0.6485739443451166, 0.5100967288017273, 0.7074120938777924, 0.7043663685520489, 0.4380568042397499, 3.1109326481819153, 0.6662212745951754, 0.6556102603673934, 0.42269096420043045, 0.4099493495055607, 0.582457572221756, 0.6931433454155922, 0.6720638819038868, 0.4511558711528778, 0.474852694688659, 0.4554945733398199, 0.4721341375261545, 0.5815571174025536, 0.614580179254214, 0.6203685319849424, 0.5601977184414864, 0.4384649535641074, 1.1853728622198105, 0.43144921362400057, 0.9205789491534233, 0.5239687397291786, 0.6626098918994623, 0.8712100471909109, 0.940387275069952, 0.956168208271265, 0.603495409919156, 0.3168889108217425, 0.8157953765864173, 1.5864256526757445, 0.4617650737054646, 0.3476503778042065, 0.6324806855991483, 0.5511674468538591, 0.9444886055824004, 1.0242830706494195, 0.41336168348789215, 0.5076880631968379, 0.9483218022755214, 0.8763842415064573, 0.8741756826639175, 1.1032665457044328, 0.5799145427973647, 1.0341603849615368, 0.534433763474226, 0.6393410619348288, 0.6811626042638506, 0.5108669704447191, 0.7441631630063057, 0.6997628190687725, 0.21051651611924171, 0.6246970161795616, 1.3855033040046691, 0.5901797190308571, 0.75981055945158, 0.5326677784323692, 0.587219179166775, 0.18694766934372878, 0.8518711067736149, 1.7193031502621514, 0.6160141862928867, 0.4287554398179054, 0.6893076433667115, 0.7626274164233888, 0.4905320253400576, 0.5513247455421247, 0.8830518408545426, 0.6442478969693184, 0.6263352781534195, 0.5224663896693124, 0.7523457721660012, 0.7126450538635254, 0.6831146851181984, 0.45761339052727346, 1.0178354614310794, 0.7747096036161696, 0.6466740518808365, 0.6962927026408059, 0.5841545226673286, 0.6328248509338924, 0.5325073748826981, 0.634256153766598, 0.5570342019200325, 0.5843524485826492, 0.6201103538274765, 0.5558246883253257, 0.6425913162529469, 0.5636479364413964, 0.5711680799722672, 0.6138779558241367, 0.6134183183312416, 0.5483343162470393, 0.6754686087369919, 0.5840242207050323, 0.6710276548799716, 0.708994882447379, 0.6595528445073536]
2025-11-17 07:28:16 - fedrand - INFO - loss data:
2025-11-17 07:28:16 - fedrand - INFO - [0.564772067591548, 0.6162483543157578, 0.43459295149528443, 0.7828774915209838, 1.0718766045239236, 1.6360883959569037, 0.6442042133133662, 2.2013929188251495, 1.0926026850938797, 0.8821768941623824, 1.0444442987442017, 0.48970595943300343, 0.5159751516101616, 0.6414751037955284, 0.676290325820446, 0.7002342268824577, 0.44518166857712443, 0.4543886457880338, 0.6142026409506798, 0.6900516407830375, 0.6141427457332611, 0.6870421543717384, 0.6629763171076775, 0.5954179416100185, 0.8537609785795212, 0.6977577358484268, 0.593244595187051, 0.6653753742575645, 0.4925962071865797, 0.4335952950641513, 1.374983790020148, 0.7310444563627243, 0.6787183880805969, 0.6481392482916515, 0.400602251291275, 1.3973759151995182, 0.5894259150539125, 0.7411906961351633, 0.48143504069823967, 0.5248995015863329, 1.4859358274510928, 1.0370539844036102, 0.7055154421499797, 0.6020515123382211, 0.3794582299888134, 1.3987446427345276, 0.430942233858837, 0.558796189725399, 0.4653487285893214, 0.3022242215062891, 0.7074281019823891, 1.0715787151926441, 1.5164094401730432, 0.4869228590812002, 1.4442923590540886, 1.0081071928143501, 0.6672004386782646, 0.6727551817893982, 0.5950705607732136, 0.518200759589672, 0.5308928452432156, 0.17155379801988602, 0.7380878562728563, 0.5119592500850558, 1.3970457166433334, 0.6623557880520821, 0.6394675448536873, 0.5740634618060929, 0.9094162434339523, 0.6670072078704834, 0.6557722091674805, 0.5591817572712898, 0.44221079828483717, 0.8300228300504386, 1.111415185034275, 0.5642048269510269, 0.5868600275563567, 0.14191308431327343, 1.0650979952798003, 0.9777833640575408, 0.48207116685807705, 0.6472838222980499, 0.2576173473563459, 1.9719779632593455, 0.4882876805590781, 0.697855668556359, 1.0669409781694412, 0.5085782170295715, 0.975497018545866, 0.3643764555454254, 0.39188898434596403, 1.403227835893631, 0.890809640288353, 0.31606304500665927, 0.08649935619905591, 1.5106793167069554, 0.8981419987045228, 0.9297691533962886, 0.6438144087791443, 0.5888887434266508, 0.4551851887255907, 0.63495272397995, 0.7508449802796047, 0.4402692910904686, 2.71675868332386, 0.6555507970707757, 0.5972278341650963, 0.40723965586059624, 0.3857371586241892, 0.5103764086961746, 0.7568619437515736, 0.6455981291830539, 0.3919251436988513, 0.4615616266076502, 0.4633377883583307, 0.43208402395248413, 0.7164594084024429, 0.6664110670487087, 0.5748903076563563, 0.4933589920401573, 0.4498886563297775, 1.06231270134449, 0.3911512210965157, 0.7732269987463951, 0.5103861000388861, 0.5386195563312088, 0.6079087284834761, 1.0233242064714432, 1.0666801128536463, 0.5426119040283892, 0.2840374606764979, 0.7407401574051214, 1.542995000206348, 0.39079415099695325, 0.3103421291646858, 0.43012138136795586, 0.30752796102647806, 1.0804359691315575, 1.363974813904081, 0.40590886771678925, 0.4494665637612343, 0.9040493476869804, 1.1558587457984686, 1.2494892994873226, 1.2863897361925671, 0.5534275834889788, 1.0427347225802284, 0.716146431863308, 0.5874037016183138, 0.6296954484922546, 0.52729432284832, 0.7283715792000294, 0.7856297120451927, 0.2337998589500785, 0.593817703332752, 1.3049052029848098, 0.776184406131506, 0.6024162210524082, 0.6748472973704338, 0.5117245963529536, 0.18025743353523707, 0.8925029449164867, 1.6483195179275105, 0.5567702371627092, 0.6529415994882584, 0.5420871786773205, 0.9548993578978947, 0.5030321837772452, 0.6791431795721663, 0.710171899359141, 0.7277410104870796, 0.9927284866571426, 0.6264943795071708, 0.9847060947826034, 0.7661427389830351, 0.6335121259093285, 0.5840839974974331, 0.9562996394104428, 0.8761811554431915, 0.7336430754512548, 0.6603778998057048, 0.5534749192496141, 0.769759401679039, 0.8140944838523865, 0.6372801879686969, 0.5605233295967704, 0.7130114436149597, 0.6801143273711204, 0.5932036737600963, 0.5405618445947766, 0.561853974665466, 0.6796671088252748, 0.5931147187948227, 0.6812549132321561, 0.5848258667522006, 0.6278484910726547, 0.6847904548048973, 0.5942232091175883, 0.6081791509475027, 0.6041400219712938]
2025-11-17 08:16:45 - fedrand - INFO - loss data:
2025-11-17 08:16:45 - fedrand - INFO - [0.579053125033776, 0.7285690516233444, 0.5185846639797091, 0.5604192400351167, 0.5231012739241123, 0.8071486800909042, 0.620077058672905, 0.7150255143642426, 0.6221963688731194, 0.5724854301661253, 0.9551126261552174, 0.6524477139115333, 0.5816193030526241, 0.8900256752967834, 0.6946365147829056, 0.5113052825133007, 0.9762966136137645, 0.6438041940331459, 0.6419625282287598, 0.6144645909468334, 0.7039377272129059, 0.5263758146514494, 0.5420892328023911, 0.6301779955625534, 0.6368437051773072, 0.6130515933036804, 0.4378735174735387, 0.591576561331749, 0.5179701745510101, 0.7885890171552697, 1.8042916655540466, 0.7698937058448792, 0.5970591778556507, 0.5297791436314583, 0.6236309170722961, 0.8459438234567642, 0.43347190134227276, 0.6543302573263645, 0.7246024101972579, 0.6344933271408082, 0.6201347351074219, 0.4141745536277691, 0.9199039240678151, 0.5556300312280655, 0.566851681470871, 0.5166831364234289, 0.549606057504813, 0.3954179413849488, 1.4106482436259589, 0.5401566192507744, 0.5240739164873958, 1.1016048848628999, 0.5321583226323128, 0.721534863114357, 0.5593319137891133, 0.48081696778535843, 0.43557859646777314, 0.5564757063984871, 0.3118433192372322, 0.8431703001260757, 0.5477699339389801, 0.4543018522672355, 1.625529066969951, 0.34818755546584723, 0.4274401349636416, 0.6215127787242333, 0.446372985218962, 0.6773960849580666, 1.6081112518906593, 0.564882757763068, 0.48423347920179366, 0.49032815446456274, 0.5636515220006306, 0.49070480093359947, 1.0815078675746919, 0.6078374311327934, 0.5184684346119562, 0.625629981358846, 0.5155588507652282, 0.6748057852188747, 0.4176804398496946, 0.3835703559840719, 1.0283272862434387, 0.556588946779569, 0.5239319776495298, 0.5464089463154476, 0.46252516098320484, 0.49124847538769245, 0.6954095667848984, 1.6779693514108658, 0.8075452446937561, 0.39662953466176987, 0.40291578353693086, 1.596332000568509, 1.8877090066671371, 0.5469180317595601, 0.8472820619742076, 0.4692924916744232, 0.5022815689444542, 0.5491301566362381, 0.44153791169325507, 0.5498862095177174, 0.518808014690876, 0.46642233394086363, 0.5117778728405634, 0.45795479267835615, 0.8546098619699478, 0.5046964411934216, 0.49322503730654715, 0.41092152412359917, 1.0629226765595376, 1.8914339244365692, 1.1570382691919803, 0.5000791624188423, 0.8309943079948425, 0.29238730917374295, 0.28472885843366386, 0.8762505799531937, 0.4579517375677824, 0.4590752191841602, 0.43822798877954483, 0.49731437042355536, 0.5068099789321423, 0.45919449627399445, 0.5744936317205429, 0.43114499747753143, 0.8416831344366074, 0.3867568731307983, 0.43472609420617425, 0.4035629630088806, 0.6576480840643247, 1.6120148479938508, 1.019479364156723, 0.8965380663673084, 0.41687757770220435, 0.4140951633453369, 0.5155325373013815, 0.5982396751642227, 0.5021385252475739, 0.3315436995277802, 1.1256892390549182, 0.352874202032884, 0.5264423714329799, 0.7144822627305984, 0.6765300035476685, 0.45957779735326765, 0.4393166944384575, 0.4704143867517511, 0.8698854677379131, 0.37995895122488343, 0.37010573471585906, 0.691781668147693, 1.1319024844560772, 0.9245024897158146, 0.5281644016504288, 0.38804188898454106, 0.6743947856128216, 0.72073337957263, 0.4543642612795035, 0.37497396767139435, 0.29896829910576345, 0.6123161651194096, 0.12336600416650374, 0.7816891819238663, 1.2648307383060455, 0.9795042276382446, 0.7779101183017094, 0.36494114498297375, 0.49051341724892455, 1.0392189919948578, 0.4544058423489332, 0.5592385113239289, 0.5885068544497093, 0.42914607872565586, 0.7594165454308193, 0.4522535316646099, 0.7752928286790848, 0.6858865469694138, 0.816562756896019, 0.663321852684021, 0.3879923497637113, 0.5347661456714073, 0.5268415555357933, 0.4307672634720802, 0.4313661575317383, 0.43618009611964226, 0.7339175790548325, 0.4302303820848465, 0.7627265751361847, 0.645591139048338, 0.6264598898589611, 0.5704581389824549, 0.5456476181745529, 0.39714253693819046, 0.5310254640877247, 0.44088960364460944, 0.5060221832245588, 0.7176413238048553, 0.5172436162829399, 0.4137966471413771]
2025-11-17 15:55:25 - fedrand - INFO - loss data:
2025-11-17 15:55:25 - fedrand - INFO - [0.5969644722839196, 0.716479317843914, 0.49828105846730375, 0.647995377269884, 0.5059589960922797, 0.8333463072776794, 0.7272051572799683, 0.6939499378204346, 0.6820445656776428, 0.5524908974766731, 0.8924706329902012, 0.6411423588792483, 0.6000016791125138, 0.7873395085334778, 0.6661381363868714, 0.5174401116867859, 0.914569968978564, 0.6747087836265564, 0.6252808719873428, 0.628997306029002, 0.7762233763933182, 0.5261717177927494, 0.5560051806271076, 0.6308339804410934, 0.6586890622973443, 0.6318202242255211, 0.48987458397944766, 0.7768019065260887, 0.6569515913724899, 0.5221176419096688, 2.510828673839569, 1.4399385452270508, 0.8247678428888321, 0.6137873232364655, 0.6732223957777024, 0.8497564792633057, 0.498333357895414, 0.6455923048779368, 0.8250831887125969, 0.6586504653096199, 0.6414662152528763, 0.480691167836388, 1.0382153739531836, 0.6344225252668063, 0.6662957154214382, 0.5839983175198238, 0.5106124207377434, 0.36075499219199025, 1.259453928967317, 0.4942123994231224, 0.5707086939364672, 1.1419671818614006, 0.5031066834926605, 0.8554884940385818, 0.6038598626852035, 0.5472128614783287, 0.45093525865425665, 0.546023404225707, 0.391018477641046, 0.8534906655550003, 0.5854571089148521, 0.5683542639017105, 1.5492820544168353, 0.362488747946918, 0.47702683454069, 0.7329099973042806, 0.47075988088424003, 0.678178284317255, 1.4779854148626328, 0.5415348534782727, 0.4450859561562538, 0.5405334567030271, 0.6852776755889256, 0.46470594716568786, 0.9988167136907578, 0.523486465215683, 0.5807022303342819, 0.5816448281208675, 0.5083132833242416, 0.690774420897166, 0.3753030374646187, 0.43468182782332104, 1.0649923235177994, 0.5677496294180553, 0.4587247048815092, 0.5309147015213966, 0.46115683019161224, 0.5532527025789022, 0.7461698095624646, 1.402624562382698, 0.6907346397638321, 0.4712888325254122, 0.44815757451578975, 1.6750730611383915, 1.9599510977665582, 0.4515184238553047, 0.7324609160423279, 0.6150580830872059, 0.6369276369611422, 0.6167187467217445, 0.42049175004164374, 0.5263221258918445, 0.581359751522541, 0.5160755808154742, 0.4327293634414673, 0.46921117454767225, 0.7458544224500656, 0.503022164106369, 0.5100872904062271, 0.3459953049508234, 1.1515150424093008, 1.8870108127593994, 1.1389408804476262, 0.5632244318723678, 0.6883848160505295, 0.3318704765290022, 0.30875988136976956, 0.7569684386253357, 0.5144134722650051, 0.4954610548913479, 0.446779303252697, 0.48431188613176346, 0.38623051866889, 0.46872758865356445, 0.5059672445058823, 0.5104994729161263, 0.80180823802948, 0.4440354113777478, 0.35603920867045724, 0.34742068964987993, 0.6631696098484099, 1.532246994972229, 0.8235386610031128, 0.6572275633613269, 0.4405100842316945, 0.44970034062862396, 0.5372290608783563, 0.4861573725938797, 0.567261370519797, 0.4010021140178045, 0.7965535879135132, 0.27651238441467285, 0.5037848802904288, 0.7839033156633377, 0.7399764209985733, 0.4853242474297682, 0.41022987266381583, 0.48157216360171634, 1.010516007244587, 0.4766149178147316, 0.3549770778045058, 0.7203058490219215, 1.076491210764895, 0.897729871670405, 0.5006675563752652, 0.3911817967891693, 0.652622652053833, 0.5558749571442604, 0.47838850443561876, 0.49612557888031006, 0.4011616766452789, 0.5193108301609755, 0.1550029374969502, 0.9607950980464617, 1.3269635438919067, 0.9144801199436188, 0.8274248788754146, 0.4728285589565833, 0.4697574463983377, 0.9213933199644089, 0.5232580589751403, 0.5194707304239273, 0.4527619505922, 0.45572113431990147, 0.8091740508874257, 0.46957485377788544, 0.747821827729543, 0.6798451095819473, 0.6185093075037003, 0.6746290780603885, 0.42464620495835936, 0.47008917542795337, 0.5637762248516083, 0.4824322372674942, 0.45122433950503665, 0.4474222108721733, 0.6142730414867401, 0.5261172458529473, 0.740754023194313, 0.4878016784787178, 0.7202619545161724, 0.5356911544998486, 0.48693532943725587, 0.45561810086170834, 0.5837824083864689, 0.4994940087199211, 0.5752231366932392, 0.6464645862579346, 0.5275150959690411, 0.47289072473843896]
2025-11-23 09:45:33 - fedrand - INFO - loss data:
2025-11-23 09:45:33 - fedrand - INFO - [0.5619840982769218, 0.6965216681361198, 0.6460145205259323, 0.8680376346622194, 0.7605757638812065, 0.6406904940094267, 0.5007310981551807, 0.837472395102183, 0.617498513843332, 0.7754709452390671, 0.8033935129642487, 0.8244366779923439, 0.6309586457908154, 0.6814951613545418, 0.5451842014278685, 0.6357412192793119, 0.6842838381727536, 0.5920937812754086, 0.6300062032682554, 0.5164171177006903, 0.6682119290033977, 0.5466151059738227, 0.5878730443971498, 0.5318613789975644, 0.48864974124091015, 0.6449286272128423, 0.6132116508980592, 0.5608433878847531, 0.5646769061684609, 0.5913469709455967, 0.593644548526832, 0.8958918725450833, 0.4950874142348766, 0.6786773547530174, 0.5640494474342892, 0.5799510429302852, 0.515268362313509, 0.5179827825299331, 0.5973409735375926, 0.45397786828024045, 0.6115172286828359, 0.5347092625995478, 0.4500334203243256, 0.5877103582024574, 0.5547356230872018, 0.5083943823973338, 0.5096684602399667, 0.44980475998350555, 1.2245382169882457, 0.5558334940246173, 0.8508217498660088, 0.5407738437255223, 0.573913288116455, 0.6175085621575515, 0.44970428485955516, 0.4096895376486438, 0.5864431589841843, 0.5816248568839261, 0.4869898242255052, 0.5533433146774769, 0.638834797590971, 0.42276298478245733, 0.5392733044922352, 0.5243399456143379, 0.49388777810548035, 0.5097697108983994, 0.6264259703457355, 0.42278793826699257, 1.168778047710657, 0.5834546849131584, 0.4363581897956984, 0.49920302331447597, 0.5451233003820692, 0.47622570065515385, 0.4265779506415129, 0.4880908042192459, 0.4759640415509542, 0.48286581635475156, 0.4539259534329176, 0.3943674427767595, 0.41558008690675097, 0.44851618771042145, 0.5505545703428132, 0.6055832222104072, 0.45618940048984113, 0.5713927388191223, 0.5359873306006193, 0.4947652273944446, 0.6698827748852116, 0.9269576610997319, 0.5739493735134602, 0.45700293220579624, 0.4755821841369782, 0.46468432396650317, 0.5131021556754907, 0.3980761960680996, 0.5270522482693195, 0.45673319473862645, 0.4393095351755619, 0.42943224670986335, 0.3954361671847957, 0.8290690377354621, 0.5560388877987862, 0.6042056029041608, 0.6853499189019203, 0.3933516244803156, 0.38641003448338734, 0.4338866469760736, 0.5128244668245316, 0.513806710143884, 0.39502834773489404, 0.4613984358452615, 0.30178986924389994, 0.5840694829821587, 0.4528122842311859, 0.5134564317762852, 0.5482206357022127, 0.42747774879847256, 0.6417040390272934, 0.5336752586066723, 0.4001037868005889, 0.40349425460611066, 0.4413855833311876, 0.34854368617137277, 0.46948818266391756, 0.3573685600111882, 0.5354875746582235, 0.5377756590644519, 0.5585975934352194, 0.6280299879610538, 0.3160716719215825, 0.4508466648470078, 0.4862302046801363, 0.35940458556371074, 0.7997641906142234, 0.5041856681661947, 0.3418722629014935, 0.45233318358659746, 0.4406739048659801, 0.4688269766668479, 0.41910551488399506, 0.46033711135387423, 0.4175339209181922, 0.4442573569360233, 0.38822689035109115, 0.5928867682814598, 0.35775425652308124, 0.3434434611882482, 0.5196119628846645, 0.5565223053097725, 0.47001861929893496, 0.4653778643480369, 0.4031624346971512, 0.5674723642213004, 0.5387991281847159, 0.5941393276055654, 0.6252552283306916, 0.4252452352217265, 0.3786280930042267, 0.4849822786947091, 0.5315593533217907, 0.49381504841148854, 0.46156581677496433, 0.4352666769176722, 0.47915211075118613, 0.3945950301984946, 0.4435802035033703, 0.4620017405599356, 0.4046578079462051, 0.5121259231652533, 0.5293906340819029, 0.39894125921030843, 0.6427057161927223, 0.6702974687019985, 0.50579968765378, 0.4423779733479023, 0.40432380698621273, 0.537435264459678, 0.4760307244956493, 0.48145367677013085, 0.5127242058515549, 0.4178394254297018, 0.4395002741366625, 0.4772816066940625, 0.5887801838772637, 0.4483170344183842, 0.698214841740472, 0.6334264189004898, 0.5917089214282376, 0.4246185481548309, 0.46212718838027544, 0.5360614508390427, 0.49930801540613173, 0.5306307767828305, 0.5218331553041935, 0.5424855433404445, 0.44872780218720437, 0.4884471084922552, 0.439642108976841, 0.5816969892808369]
2025-11-23 12:12:25 - fedrand - INFO - loss data:
2025-11-23 12:12:25 - fedrand - INFO - [0.4425135284662247, 0.564055223017931, 0.6081625569197867, 0.5364368307921622, 0.5823808978829119, 0.619816574268043, 0.7798271793872118, 0.8530188724398613, 0.5530677929520607, 0.5311859242618084, 1.0130143895745278, 0.6993621870875358, 0.6574582704239422, 0.6498263619840146, 1.0324390903115273, 0.6138169191777706, 0.6576098389923573, 0.789966544136405, 0.5454486138290829, 0.6636123657226562, 0.6680772826075554, 0.4256921797990799, 0.8364301409572363, 0.6576831802725792, 0.6699247686192393, 0.5028632715344429, 0.38618613928556444, 0.6183387514203786, 0.636698842048645, 0.34711339697241783, 0.7064256984740496, 0.6024702861905098, 0.4895128224458959, 0.7098419941961766, 0.7568479925394058, 0.49820415675640106, 1.3778043985366821, 0.6229447638615966, 0.6762552559375763, 0.5384832546114922, 0.4807101421058178, 0.5358089782297611, 0.48030566970507305, 0.5404466256499291, 0.5708134289210041, 0.4878304287170371, 0.5599368892610073, 0.494470851495862, 0.5238601672980521, 1.062604896724224, 0.33641089042648675, 1.6021793104708195, 0.6813392102718353, 0.6324080094695091, 0.39386908933520315, 1.4075530217960477, 0.4217532380587525, 0.9601239172948731, 0.22948657123165, 0.9451476054059135, 0.6630168911069632, 0.4444823378903998, 0.4337831798940897, 0.4137263736791081, 0.5401505503803492, 0.7115773484110832, 0.5001907020807266, 0.6145955689251423, 0.46317397074566946, 0.4005625984631479, 0.3370638631284237, 0.5678948193788529, 0.47336971014738083, 0.46393953756325773, 0.5536413628607988, 0.3870388076951107, 0.6017688259482383, 0.6525577306747437, 0.5042165480554104, 0.4654065975919366, 0.8069659471511841, 0.33536468744277953, 0.515168085321784, 0.39125116293629014, 0.5867075452581048, 0.8722485601902008, 0.6246973417699337, 0.39802615356942017, 0.485862048715353, 0.45822631186909146, 0.5376895412802696, 0.519786249101162, 1.1534010007977487, 0.5460046891123056, 0.49099605679512026, 0.6882743509486318, 0.5300613168627024, 0.38735206673542655, 0.6229187361896038, 0.5508272827499443, 0.4452125366777182, 0.6386575698852539, 0.45825952515006063, 0.6433582920581102, 0.41623705406155853, 0.40409636249144876, 0.846105713604225, 0.8141340192407369, 0.9964188266545534, 0.9788645312190056, 0.5758491240441799, 0.4003277875483036, 0.683697965927422, 0.4862944632768631, 0.39176596225135857, 1.0908770252019167, 0.4565811325899429, 0.32465582378208635, 0.4007093276828527, 0.7035534881055355, 0.5684517323970795, 0.45508377241591613, 0.7312581233680249, 0.6847069738432765, 0.3690437925979495, 0.5965009853243828, 0.6537762194871902, 0.3940208040177822, 0.8378853112459183, 0.4818160079419613, 0.43022208027541636, 0.5196912158280611, 0.5166128249838948, 0.4279019131428665, 0.4469825463369489, 0.342309282720089, 0.699491585791111, 0.5128753501921892, 0.44947725534439087, 0.5888754904270173, 0.6505426123738289, 0.5133363772183657, 0.3929190753027797, 0.7911991879343987, 0.40475911647081375, 0.6522022686898707, 0.4168946689201726, 0.6957612782716751, 0.5148438446223735, 0.4563876301050186, 0.34794084765017036, 0.5676574541462792, 0.5098656851798296, 0.5256710313260555, 0.4598815390840173, 0.5422738343477249, 0.47463117465376853, 0.4743882667273283, 0.4814209904521704, 0.5892230148116747, 0.9072780143469572, 0.4055397226992581, 0.6835180101916194, 0.4956217184662819, 0.3264401646123992, 0.6862453877925873, 0.4673602767288685, 0.4433099918067455, 0.7357219755649567, 0.7504658930003643, 0.3765921160578728, 0.6120987344533205, 0.43982532247900963, 0.3898650363087654, 0.6028507374227047, 0.5119816433638334, 0.6889224797487259, 0.48628179505467417, 0.6040296077728271, 0.49059122800827026, 0.5457186691462994, 0.3989814242348075, 0.5199387580156326, 0.4709931218996644, 0.46954392790794375, 0.5294349372386933, 0.44363195374608044, 0.4119784826412797, 0.4464579837396741, 0.5387216491624713, 0.4526292815804482, 0.4402213444933295, 0.552333477884531, 0.5024355083703995, 0.4086456269025802, 0.40129681014352375, 0.5615263357758522, 0.5558778502047061, 0.5934553906321526, 0.5272837862372398]
2025-11-23 15:20:01 - fedrand - INFO - loss data:
2025-11-23 15:20:01 - fedrand - INFO - [0.5848430589373623, 0.8185027725994587, 0.6946501763803619, 0.5794951106820787, 0.7814797706902027, 0.9173975475132465, 0.47626180201768875, 0.617171785607934, 0.7145915493369102, 0.6537527799606323, 0.533579034358263, 0.6953064348548651, 0.5821035465225577, 0.48258986324071884, 0.8097192466259002, 0.5914861246943474, 0.6335610970854759, 0.7370234794914723, 0.5057020459324122, 1.8448523201048375, 0.4302155993346657, 0.557199076935649, 0.9661436229012906, 0.566099161747843, 0.751756488531828, 0.5079593332750457, 0.62167157670483, 0.6910615116357803, 0.5625932086259127, 0.7068916410207748, 0.451044003878321, 0.3858573595993221, 0.6410013854503631, 0.6318415194749832, 0.5517880180850625, 0.6735862478613854, 0.3839364483952522, 0.7439746677875518, 0.559495885670185, 0.601897543668747, 0.45319866361096506, 0.6628214038908482, 0.3711872819811106, 0.3814002460400973, 0.2983088134654931, 0.6510795705020427, 0.5266396956518292, 1.162469431757927, 0.8806030936539173, 0.634521433711052, 0.5388060798868537, 0.3978122548333236, 0.7738986723124981, 0.45524015184491873, 0.6197583474218846, 1.1776054354850203, 0.480078871335302, 0.5366996537894011, 0.49403194757178426, 0.5815794840455055, 0.46289162021130326, 0.42736814783087795, 0.5572113143280149, 0.5566378135234118, 0.6199063509702682, 0.396437325142324, 0.4977553174830973, 0.687479424290359, 0.40959909148514273, 0.8069559060037136, 0.5436295046071922, 0.7371878121048212, 1.2019141454781805, 0.40403244756162165, 0.3956013835966587, 0.3541463731921145, 0.5142092997441068, 0.3680266010974135, 0.6221896710339934, 0.5389534216374159, 0.509678452461958, 0.3846199944216226, 0.7146329649258405, 0.3416280526268695, 0.7266684399917722, 0.7388950973749161, 0.5691310465335846, 0.37243642139115507, 0.4629893660079688, 0.44390327148139475, 0.5542762409895658, 0.35435120281763377, 0.24362197169102728, 0.5935704536736012, 0.3899746155075263, 0.3790784627199173, 0.4869892185553908, 0.4770392319187522, 0.5550427144393325, 0.39082779828459024, 0.45372751308605075, 0.6026589125394821, 0.5061522480100393, 0.366205763564046, 0.4530783542431891, 0.5811953991651535, 0.44360741060227155, 0.3341749658808112, 0.32833186510418144, 0.4518802217207849, 0.7108238991349936, 0.3525206942576915, 0.5818348824977875, 0.23468468664214015, 0.6226647328585386, 0.34053534229751675, 0.33861035872250794, 0.46931489716683117, 0.5816576764918864, 0.48778004534542563, 0.5763314627110958, 0.6511348986183293, 0.9942252455013139, 0.3592093884944916, 0.7919848285615444, 0.43054363164119425, 0.4491534668952227, 0.5107188317924738, 0.48194236755371095, 0.36655477676540615, 0.4539726162329316, 0.3695549524389207, 0.4995126926805824, 0.6726390179246664, 0.41556270904839043, 0.41547356359660625, 0.42340883878724916, 0.5626215804368258, 0.45845603249035777, 0.3541888566222042, 0.46427365113049746, 0.4261038864962757, 0.4078747104853392, 0.6314384274184703, 0.5254223421216011, 0.45647049718536437, 0.43317057099193335, 0.5841635122895241, 0.5457718085497618, 1.0734268724918365, 0.8416858650743961, 0.37336018346250055, 0.5479062689202172, 0.30863131601363425, 0.48094212859869, 0.47371514700353146, 0.532434426760301, 0.686807607114315, 0.35290376991033556, 0.328515122245465, 1.0168613083660603, 0.5463108353316783, 0.6320779353380204, 0.5811894961765834, 0.30508477999163525, 0.4395966239273548, 0.5614484250545502, 0.5753579579293728, 0.5449118409305811, 0.2943061756502305, 0.4818164236843586, 0.28255570982582867, 0.7185318554511468, 0.3679415132850409, 0.3640590444207191, 0.3347753154113889, 0.778517811652273, 0.5989838540554047, 0.47071349155157804, 0.34991237595677377, 0.32546771147421427, 0.3592893086373806, 0.359571904742292, 0.5008409842848778, 0.9055797866079957, 0.4513568587601185, 0.469745615683496, 0.38214465845376255, 0.46796772362930433, 0.4237346709705889, 0.8856479812180623, 0.7280634880065918, 0.5056874726433307, 0.3392582801835877, 0.4362107953056693, 0.7852969154715538, 0.6703307481482625, 0.4670197915285826, 0.4255703929811716, 0.45571533665061]
2025-11-26 17:56:44 - fedrand - INFO - loss data:
2025-11-26 17:56:44 - fedrand - INFO - [0.5614042689225504, 0.6929869716366133, 0.6981631129980087, 0.8543738325436909, 0.8633197203278542, 0.6223729508263725, 0.4926415506218161, 0.8307278941075007, 0.6204753773553031, 0.7984456658363341, 0.7925916651175136, 0.8905632376670838, 0.6612739577889443, 0.6921650543808937, 0.5503498805420739, 0.6117709451133296, 0.6883584504326185, 0.5824477304305349, 0.6165946099374975, 0.5072439703203383, 0.6742841273546218, 0.5415557361074856, 0.6200848536831991, 0.5483760157866138, 0.5111089036933013, 0.6618533785144488, 0.6282157232364018, 0.5804252894861357, 0.5981010019779205, 0.628493233025074, 0.6388898645128522, 0.8842397034168243, 0.5479771471449306, 0.6485693596303463, 0.6554291571889606, 0.6502831677595775, 0.534256895418678, 0.5672288877623421, 0.5591525721940256, 0.5073204239564283, 0.6375356490413349, 0.5969371053079764, 0.5468613981136254, 0.6102904404203098, 0.5770020914929255, 0.5927324960629146, 0.6380722572406132, 0.5785045613135611, 1.1046903332074482, 0.5653244568301099, 0.8839587576687336, 0.6987784802913666, 0.6501740366220474, 0.6445866311589876, 0.48987416731459754, 0.4717067266149181, 0.6201530247926712, 0.6055084701095308, 0.5720837384462356, 0.6323657309015591, 0.7282877564430237, 0.5452725610562733, 0.582332031428814, 0.5728850342333317, 0.5273930771010262, 0.5699414777259032, 0.6987071732680004, 0.4797350287082649, 1.0572417721152305, 0.6085443012416363, 0.4738288138593946, 0.568638713657856, 0.5288902491863285, 0.5741563853940794, 0.5137584149837494, 0.5748560145497321, 0.5386743833621344, 0.5474481604993344, 0.5775106262947831, 0.4672048173490025, 0.5225651924808821, 0.539386385572808, 0.5844508143407958, 0.7236240275204182, 0.5220323631806033, 0.6872543178498745, 0.6937512561678887, 0.616833926311561, 0.5441340665732111, 0.9849884599447251, 0.6184463913242022, 0.5389309383928775, 0.523196738745485, 0.5416629987458388, 0.5768513662119706, 0.547640051905598, 0.5720551952719688, 0.5310381717979908, 0.5193239636719227, 0.47599386175473535, 0.5790011786988803, 0.7389820709824562, 0.6024759396910667, 0.7514097176492214, 0.6370663546025753, 0.4833664943597147, 0.4651175276154563, 0.5089921665688356, 0.5746199652552604, 0.5833341685434182, 0.46590348737580434, 0.49960974426496596, 0.37501420612846104, 0.7384296990931034, 0.5226535722613335, 0.44678686149418356, 0.7109444414575895, 0.4985818364435718, 0.7204626947641373, 0.6790868356823921, 0.5251061223447323, 0.48306223760758127, 0.4661559810241064, 0.4725965330998103, 0.5927015919770513, 0.5008145851393541, 0.5791315173818952, 0.6023147985339165, 0.5371617845126561, 0.6716024950146675, 0.41241105894247687, 0.5034865012126309, 0.6546383063708032, 0.4162237348833254, 0.7861670657992363, 0.5554394120616573, 0.4283485604184014, 0.5503046435614427, 0.4992542139121464, 0.5303407236933708, 0.5209300555288792, 0.5724129483103753, 0.5284703678318432, 0.5525736070814586, 0.4886643467204911, 0.5501931930581728, 0.46316290870308874, 0.45569821479065076, 0.5892623022198678, 0.688069012761116, 0.5420357398688793, 0.5751160242727824, 0.49922992214560513, 0.7038906897817339, 0.5879241352279981, 0.5760339101155599, 0.632073072095712, 0.5163306443818978, 0.49220122471451755, 0.5603668977816899, 0.495777627825737, 0.4504591263830662, 0.461406883597374, 0.5246997728943825, 0.6142490716917174, 0.5151225822667281, 0.5397265084087849, 0.4684519536793232, 0.4928116790950299, 0.6898813338152, 0.6513174708400453, 0.4986893765628338, 0.561347272247076, 0.5271968071659405, 0.4779169149696827, 0.541578002593347, 0.5175729495783646, 0.6517118343285152, 0.5854470598910536, 0.541615741699934, 0.6641223558357784, 0.5135524101555348, 0.5285463877022266, 0.535881032794714, 0.665036098233291, 0.5257933981716633, 0.8014400803617069, 0.5872777625918388, 0.7384103536605835, 0.550499913841486, 0.6007977058844907, 0.49782853946089745, 0.5781413860619068, 0.6176536483069262, 0.6202312422295411, 0.5122460000216961, 0.5527613863348961, 0.5520715959370136, 0.5355749532580376, 0.6281159967184067]
2025-11-26 19:35:31 - fedrand - INFO - loss data:
2025-11-26 19:35:31 - fedrand - INFO - [0.43491037450730796, 0.5384573988616467, 0.6198844113283688, 0.5303712998827299, 0.5791260275161929, 0.6568828320130706, 0.8369123946875334, 0.8832112893462181, 0.5323235727846622, 0.5523078307509423, 0.9149127200245857, 0.7324089204271634, 0.6917601697974736, 0.6606307283043862, 0.9959451824426651, 0.6192756678909064, 0.6648505829274655, 0.7985721966251731, 0.5513199965986941, 0.6558242961764336, 0.6551360115408897, 0.4538590759038925, 0.8416732121258974, 0.6771248679608106, 0.6687919795513153, 0.5313733384013176, 0.4572686299681663, 0.6739004641771317, 0.6234446316957474, 0.40027633979916577, 0.7342159889638424, 0.5767093226313591, 0.5490716150237454, 0.6323255583643913, 0.806740190833807, 0.6731321752071381, 0.9902791399508715, 0.6997928392142058, 0.6444887012243271, 0.5645475387573242, 0.5476729676127434, 0.5849498353898526, 0.515188653435972, 0.6069171279668808, 0.7238672164579232, 0.5547132957726717, 0.632047675549984, 0.5669003799557686, 0.5953901633620262, 1.2727497190237045, 0.49741119928658006, 1.0231099823489784, 0.8751689553260803, 0.6745131075382232, 0.483330986648798, 1.3087801486253738, 0.4906815224223667, 1.0020030058092542, 0.280050276302629, 1.0361099946830008, 0.7124959044158459, 0.5699326813014017, 0.4808772955089808, 0.4506789640420013, 0.7622571468353272, 0.7413670048117638, 0.7687069024890661, 0.5704788841307163, 0.6133806486924489, 0.45211118096485736, 0.4104791484773159, 0.5753533631563187, 0.7029293921258715, 0.4988238456348578, 0.6393161240965128, 0.49883607402443886, 0.7783325698226691, 0.9968093872070313, 0.5389509119093419, 0.5341283686459064, 0.9117814898490906, 0.45090179815888404, 0.5714791171252727, 0.4677264897359742, 0.7224928852170706, 0.7677469700574875, 0.6433472767472267, 0.4455568799542056, 0.5569583542644978, 0.5266436031295194, 0.5642182625830173, 0.5477093078196049, 1.1641744360327722, 0.5533026918768883, 0.6598851799964904, 0.6302597876638174, 0.5972542274743319, 0.5136918831202719, 0.6989816389977932, 0.6173958248562283, 0.4907984100282192, 0.6824918389320374, 0.5522148929536342, 0.8190234936773777, 0.4358961840884553, 0.5181600960592428, 0.9098853746222125, 1.0548053361475467, 0.7384438596665859, 1.0721795737743378, 0.5347670935094356, 0.5457462184131145, 0.6704516159370542, 0.54746925085783, 0.49884620217813386, 1.1433884508907795, 0.5005545895132754, 0.39620815250608654, 0.5039386264979839, 0.7440890885889531, 0.6375400004908442, 0.5481034726732308, 0.7080247148871421, 0.7006312515586615, 0.45715274289250374, 0.6647256389260292, 0.7190083518624306, 0.4940337546169758, 0.6712740726768971, 0.5606758646667003, 0.5061478741466998, 0.5887451255694032, 0.6163650481030345, 0.6127723165684276, 0.5181083220988512, 0.40797161012887956, 1.0612154930830002, 0.6370292184874415, 0.5637835711240768, 0.6530928075313568, 0.6399413548409939, 0.5713936246931552, 0.46921870224177836, 0.8296066209673881, 0.38225315718187225, 0.7677924729883671, 0.498989548948076, 0.5925169885158539, 0.609064657986164, 0.471335306763649, 0.4285219796001911, 0.5728679729832543, 0.5871154472231865, 0.5579618662595749, 0.44950381219387053, 0.711924958229065, 0.6272965565323829, 0.5264479227364063, 0.5690717168152333, 0.677704396761126, 0.9173311032354832, 0.4802236602538162, 0.8235253168269991, 0.4756784848868847, 0.3690735780530506, 0.8130787059664726, 0.5853763304650783, 0.4419799901545048, 0.8612594157457352, 0.7267234444618225, 0.46045978292822837, 0.7049789682030678, 0.6086334504187108, 0.5219501852989197, 0.5853226965293288, 0.5901145540177822, 0.752355095744133, 0.5988012291491032, 0.7044805288314819, 0.5837749913334846, 0.6549572199583054, 0.5556956628337503, 0.5633562326431274, 0.5586923502385617, 0.5474620021879673, 0.6062900364398957, 0.5498585790395737, 0.51907390486449, 0.5523027956485749, 0.5923763893544673, 0.5746146664023399, 0.5461888011544943, 0.5930918261408806, 0.5886352114379406, 0.5357741981744766, 0.532428459657563, 0.6176158152520657, 0.6318195834755898, 0.6240976169705391, 0.6146315693855285]
2025-11-26 21:14:37 - fedrand - INFO - loss data:
2025-11-26 21:14:37 - fedrand - INFO - [0.604501330426761, 0.7958513021469116, 0.7441495465380805, 0.5366927148508174, 0.7763962194323539, 0.8944366425275803, 0.4763222576252052, 0.7718791082501412, 0.7084851816296578, 0.6564576908946037, 0.5256559401750565, 0.635500712133944, 0.5910113365389407, 0.47423987872898576, 0.7806382536888122, 0.6122595466673374, 0.6443692654371261, 0.7666509754955768, 0.502567401342094, 1.642148919403553, 0.4328050993915115, 0.5730995669960975, 1.2750613570213318, 0.5738425564486533, 0.8065188314765692, 0.5405072637966701, 0.6235463196411729, 0.7072983652353286, 0.5577993942424655, 0.8783329389989376, 0.47722492606512135, 0.37535915467888115, 0.7176366247236728, 0.6670889645814896, 0.6508287355303765, 0.7330141052603721, 0.4659684053622186, 0.6948343932628631, 0.6416005205363036, 0.6457387253642082, 0.518611753731966, 0.6669882223010063, 0.4281627587974072, 0.4093424668202975, 0.32563890516757965, 0.8680670253932476, 0.5037530358880759, 1.709392249584198, 1.4584878198802471, 0.6826645374298096, 0.6581440225243569, 0.4851894138114793, 0.8665425218641758, 0.4731009814888239, 0.8896448314189911, 0.7280593477189541, 0.5277521862515382, 0.5907551750540734, 0.5773180550895631, 0.5787306744605303, 0.4743973070755601, 0.4727705573397023, 0.5375768896192312, 0.6427082400768995, 0.7048687040805817, 0.501172024011612, 0.5614557480439544, 0.7856046259403229, 0.488400873914361, 0.857296085357666, 0.5626625251024961, 0.7430742133408785, 0.9028992801904678, 0.4469633359462023, 0.5142454775050282, 0.46852456384471486, 0.6841997366398573, 0.48488044195941515, 0.636708882637322, 0.603130342438817, 0.6340000867843628, 0.49107067393405096, 0.8477833848446608, 0.44519986691219465, 0.8060877602547407, 0.6486671302467585, 0.5756739396601915, 0.469690808228084, 0.5292032645083964, 0.5669485572725534, 0.6689841039478779, 0.4769327715039253, 0.3078578912786075, 0.7529229894280434, 0.5787710409611464, 0.4247545307236058, 0.587763837352395, 0.5846669152379036, 0.6191614344716072, 0.5005873568356037, 0.5180033533833921, 0.6950092017650604, 0.5491535902023316, 0.40007624269596165, 0.5034741703420877, 0.6711443275213241, 0.6025756031274796, 0.4142768383026123, 0.3995041788688728, 0.5323402942158282, 0.5980408261530101, 0.510705707129091, 0.7350477427244186, 0.3016529345884919, 0.8065223451703787, 0.48111310955137015, 0.42924966365098954, 0.507887778537614, 0.7999347522854805, 0.590897125005722, 0.6036542687565088, 0.6576965738087892, 1.2194111538784844, 0.624819029122591, 0.727193583548069, 0.4835303779691458, 0.5739595264196395, 0.5643943976610899, 0.49471450578421355, 0.4259296000003815, 0.5423593770712614, 0.5381993835791945, 0.49315773881971836, 0.5867242440581322, 0.5397640697658062, 0.517204975443227, 0.5554961785674095, 0.6815001536160707, 0.6036429911386222, 0.4666075687855482, 0.5894252769649029, 0.5678431181702763, 0.48762574987486007, 0.5953385703265667, 0.660383552312851, 0.5141373043879867, 0.5367777589708567, 0.6446624010801315, 0.7281819388270379, 0.8542570769786835, 0.7177091613411903, 0.5167391866445541, 0.6094943997051034, 0.45832552723586556, 0.5730661496520042, 0.5527650378644466, 0.7195947522297501, 0.5409643068909645, 0.41412919014692307, 0.49376718593495234, 1.0781154721975326, 0.5800765499472618, 0.6964287549257279, 0.5843561557786805, 0.3373395798927439, 0.5784541234374045, 0.6492114216089249, 0.6604221072580133, 0.5553856287151575, 0.3418084700192724, 0.655099605768919, 0.35672556031495334, 0.709761518985033, 0.47001106292009354, 0.4721011096877711, 0.49348429404199123, 0.8048604396171868, 0.6722523272037506, 0.5794483791105449, 0.4060547657310963, 0.3967012552278383, 0.4921254366636276, 0.5474052386624473, 0.5907420437783003, 0.9977458171546459, 0.6574782341718673, 0.634423672966659, 0.47823570361360906, 0.5111644874726022, 0.5050639999099076, 0.904575677961111, 0.8773524433374404, 0.5975463856011629, 0.3606536275308047, 0.5371110243722796, 0.8314944341778755, 0.8349026449024677, 0.6482146602123976, 0.5036342009902001, 0.5943482384085655]
2025-12-18 19:25:30 - fedrand - INFO - loss data:
2025-12-18 19:25:30 - fedrand - INFO - [0.6830169826745986, 0.7031720444560051, 0.33590256505911903, 0.4894348426139914, 0.7083051644265652, 0.45211974488837375, 0.7799845144152642, 0.5388840146362781, 0.7545800937073572, 0.5785899460315704, 0.7142853155732155, 0.669180715084076, 0.5253277469426394, 0.47093403590843086, 0.7003167666494847, 0.6531496942043304, 0.47863521995022895, 0.44598231445997955, 0.6991984114050865, 0.6701723277568817, 0.45651299247983845, 0.73509591370821, 0.30432469569412723, 0.6178924508392811, 0.608602412045002, 0.3955262274082218, 0.35918931124199716, 0.6694414284080268, 0.3969354672124609, 0.41132490443997083, 0.3711660186427512, 0.4227235187718179, 0.4192749589681626, 0.42476593507453797, 0.5029695182107389, 0.64184400588274, 0.612163333594799, 0.36401562304235996, 0.35700335740777, 0.4001223608735017, 0.3740266886772588, 0.5759494312107563, 0.4210081091416734, 0.4828782475320622, 0.6239101499319077, 0.2193461268907413, 0.43400710174547774, 0.3278426907623985, 0.6841890595853328, 0.4569443561668907, 0.5483445473015308, 0.5638982720673085, 0.3478628325043246, 0.5549342393875123, 0.3968398183052029, 0.3818130528022136, 0.4626664716750384, 0.3782578475307673, 0.5212822725730283, 0.4642136685550213, 0.37193352421745657, 0.4842413337635142, 0.39612575662322347, 0.34433708861470225, 0.5546355977654458, 0.3142539230873808, 0.5555733241140842, 0.38324212841689587, 0.6095528883593424, 0.39872120574582365, 0.3913912171057226, 0.2893709122436121, 0.5796945512294769, 0.33928342749131846, 0.37234521021600814, 0.3310633599292487, 0.5540035740073238, 0.47938684895634653, 0.3870237128143864, 0.5044504947960377, 0.45742555856704714, 0.4964696288108826, 0.3797097097284028, 0.4376625814475119, 0.4876690238714218, 0.38988039097748695, 0.5683574474283627, 0.4423944726120681, 0.6646829822233745, 0.38197327035013584, 0.3439733374572825, 0.33214174412423747, 0.30137657667510215, 0.20996141583392663, 0.48254440783389974, 0.5081722103059292, 0.26478353201819116, 0.5380358576774598, 0.34028947656042874, 0.5148328721523285, 0.4556750573217869, 0.3609235892338412, 0.33277324181316154, 0.3452369764447212, 0.46566713266074655, 0.4851721681654453, 0.2798592990729958, 0.3111972097906151, 0.2576471308246255, 0.45182079851095164, 0.4625498327426612, 0.5342164482921362, 0.1897536214374538, 0.22460268109280151, 0.5067267395555973, 0.1844153762462416, 0.4205440990626812, 0.3376016954891384, 0.36255592341933934, 0.4374500460922718, 0.18626978692191187, 0.4170218620715397, 0.3479688879501607, 0.3836080306209624, 0.48251279443502426, 0.22593201984252248, 0.38887385656791074, 0.39351179571822287, 0.2975704448996112, 0.6902013292270048, 0.26250028507784007, 0.44623118862509725, 0.36146101653575896, 0.44235233664512635, 0.4655618995428086, 0.3990494515746832, 0.21889798853413334, 0.44353502839803693, 0.35339631494134666, 0.5979252385241645, 0.35033285785466434, 0.464131819243942, 0.36308567939060077, 0.42431312873959537, 0.3674297719661679, 0.424854613468051, 0.3188540864503011, 0.4247316647320986, 0.36168478298932316, 0.4012297589331865, 0.3105006894362824, 0.3405388972056763, 0.28596995382436685, 0.519439771771431, 0.46822068648678916, 0.4855687480419874, 0.33176900930702685, 0.4763071974473341, 0.3395013410065855, 0.4069455936551094, 0.3467831250280142, 0.26418348476290704, 0.6292086025433881, 0.40893107652664185, 0.3845752435736358, 0.32168239168822765, 0.49198193177580835, 0.3255734579038939, 0.3998278617858887, 0.3359290218912065, 0.4737293213605881, 0.3799923533573747, 0.4481944672763347, 0.4206625256687403, 0.3744194872145142, 0.40229804899011334, 0.326812830088394, 0.44559279419481757, 0.4157895636877843, 0.3975237481296062, 0.3644844713620842, 0.4486704394221306, 0.4044081926345825, 0.45271957559244974, 0.43667881584593227, 0.3902150382953031, 0.4001955360174179, 0.3784382291138172, 0.4583092417567969, 0.3754863053560257, 0.43504082142774547, 0.4576436847448349, 0.42253677014793667, 0.4354738833382726, 0.39231591923162346, 0.5033560583634036, 0.4834304466843605, 0.3920028980821371, 0.4722533591091633, 0.37597137689590454]
2025-12-18 19:58:25 - fedrand - INFO - loss data:
2025-12-18 19:58:25 - fedrand - INFO - [0.5509700149297714, 0.579110311716795, 0.61165359467268, 0.3977338757365942, 0.4429764439992141, 0.09953802531817929, 2.1940878704190254, 0.3891012639738619, 0.5978944808244705, 0.9241705533117056, 0.45453696567565205, 0.3789590341039002, 0.9261309206485748, 0.41013684114441273, 0.9005911931395532, 0.5832097118720412, 0.7622234243899584, 0.4098056999966502, 1.171938506141305, 0.3971137258806266, 0.4391550639644265, 0.26855115480721, 0.4010254805849399, 0.8661629006266593, 0.3612307247705758, 0.33430338427424433, 0.718879084289074, 0.21778233917430043, 0.40544070703908797, 0.189760219497839, 1.72345348931849, 0.6076454886235296, 0.6887769374996424, 0.9921849831938744, 0.45784962400794027, 0.4263426350429654, 0.366153044695966, 0.09371630575042218, 1.03491720831953, 0.4962483044713736, 0.48421232122927904, 0.4814836200326681, 0.08527902255300432, 1.7662102982401848, 0.2622654350940138, 0.4747597207315266, 0.460137424711138, 0.47794676609337333, 0.6775282807648182, 0.4919904723763466, 0.20857438812963663, 0.5779962196946145, 0.42907073609530927, 0.44514436209574343, 0.4755578603595495, 0.09537645085947588, 1.0021395223026048, 0.370523877281812, 0.3421260604925919, 0.5196495895273984, 0.34144603041931987, 0.3586874277330935, 0.34351299908012156, 0.3074039325118065, 0.4788661152124405, 0.34021365882363175, 0.360363441859954, 0.5494647147133946, 0.22608430716209113, 0.4769557594554499, 0.6730839936062694, 0.29487679910380393, 0.5110370464622974, 0.3205531505867839, 0.5278960562543944, 0.6494070759043098, 0.477750299545005, 0.5893839938566089, 0.3431009649299085, 0.6658310659229756, 0.5323251187801361, 0.1825062128948048, 0.33027945756912236, 0.39812837583012883, 0.7052172154188157, 0.3022614572430029, 0.6041478671133518, 0.49137693010270594, 0.37382927313447, 0.29596885275677776, 0.06947987804014702, 0.7487911937758327, 0.5114465922117233, 0.5142457600682974, 0.3796611943282187, 0.6139449171721936, 0.23803821094334127, 0.4989939842373133, 0.4926928676664829, 0.22728850999847053, 0.6692292705178261, 0.1299966369289905, 0.6597254324573442, 0.35947465067729356, 0.11411527049494907, 1.3959720849990844, 0.2984200170729309, 0.7528059363365174, 0.31303321081213653, 0.6490637615323067, 0.44959377124905586, 0.1835641570505686, 0.30536617154721174, 0.09016715844627471, 1.2262965355999766, 0.514678044989705, 0.28815606753341855, 0.8775914505124092, 0.2621128376806155, 0.2768964070128277, 0.45694451322196983, 0.6860373418778181, 0.26929152188822625, 0.5567211017012597, 0.222131634876132, 0.974655544385314, 0.39585160873830316, 0.5259767071343958, 0.3688832618296146, 0.6587270025163889, 0.32965837875381115, 0.5107415284961462, 0.38369584716856475, 0.4879459045827389, 0.3840081417001784, 0.32255599175114186, 0.48671042211353777, 0.3970262186601758, 0.5674690740182996, 0.3131956245750189, 0.3819357529049739, 0.6223439238965511, 0.3641094250604511, 0.6930660497397185, 0.5088199801743031, 0.6544954963028431, 0.3978714395314455, 0.4502714786678553, 0.5731445971876383, 0.3565414076671004, 0.3856624122709036, 0.35067803524434565, 0.3707052057608962, 0.3047924840822816, 0.5242978982627392, 0.3641682891175151, 0.5638311870396138, 0.33510656673461203, 0.5429177299141883, 0.4687918141484261, 0.3727968882769346, 0.6351221442222595, 0.29610850382596254, 0.8198316097259521, 0.6184643462300301, 0.367280363291502, 0.47828967645764353, 0.3701413754373789, 0.5699648790061473, 0.4415964037179947, 0.41348750330507755, 0.5548043705523014, 0.4099258579313755, 0.5504797004163265, 0.4326588723808527, 0.47852402999997135, 0.8235715299844741, 0.48082677386701106, 0.4303930539637804, 0.5985697284340858, 0.45110647827386857, 0.5868396699428557, 0.4777059487998485, 0.5155078247189522, 0.5047171384096145, 0.5071300148963929, 0.5107332989573479, 0.4655292689800262, 0.6321435377001763, 0.44326663240790365, 0.5171688206493854, 0.498441007360816, 0.48424957022070886, 0.4343380756676197, 0.49229926392436024, 0.4360547408461571, 0.5715033210814, 0.5088762894272805, 0.5540369398891926, 0.5162714391946792]
2025-12-18 20:33:54 - fedrand - INFO - loss data:
2025-12-18 20:33:54 - fedrand - INFO - [0.6834679901599884, 0.6800272857149442, 0.4468240702524781, 0.7997790868083636, 0.5895670453707378, 0.747121562808752, 0.4867155242711306, 0.4187688286261012, 0.7877588139226039, 0.9538399023314317, 0.604781343974173, 0.9022093273699283, 0.6043602168560028, 0.7098937541246414, 0.5749093033373356, 0.7001354075968266, 0.42046093102544546, 1.0676648130019506, 0.4588740911334753, 0.6683220038811366, 0.6098709583282471, 0.5302459254860878, 0.9959474573532741, 0.7090333218375842, 0.3827002888545394, 0.43692230340093374, 0.43852299358695745, 0.40724858809262515, 0.8271160885691642, 0.41929731611162424, 0.4393732164055109, 0.8028326489031314, 0.5454173054546118, 0.19284492325969038, 0.7519489573547616, 0.4888501637149602, 0.7178010409077009, 0.6347396572430928, 0.4322693293914199, 0.44849795820191507, 0.645314800242583, 0.35447062882594765, 0.16034486690768973, 0.7582720617996528, 0.365967235295102, 0.6071543383101623, 0.3494407674530521, 0.7170558859904608, 0.5287324026226997, 0.583150764554739, 0.40434815753251313, 0.41727653242026763, 0.45228042639791965, 0.6645748674869538, 0.6085727845629056, 0.37958802315406504, 0.33707402485888455, 0.12041837798897176, 0.6911726266611368, 0.3683261644328013, 0.635971499979496, 0.36875276691280306, 0.33368965950794516, 0.35315248323604465, 0.3052422441076487, 0.4720046645030379, 0.18489429243491032, 0.46237401708494874, 0.10751053208950906, 0.9959309883415699, 0.4259776096325367, 0.4018679813637088, 0.7684725642204284, 0.32061676706653086, 1.0108919993042944, 0.507047912478447, 0.3515959260519594, 0.5928363919258117, 0.47461129811902836, 0.6743739360012114, 0.39313732613809405, 0.3717110969591886, 0.531427197655042, 0.35608176686801013, 0.393984989154463, 0.07303765305841807, 0.41660300791263577, 0.3909978855711718, 0.768587677180767, 0.46511178889001414, 0.8767417728900909, 0.13933705631643534, 1.3853142614165943, 0.45924298036843536, 0.08642346933484077, 1.4041651060183842, 0.400350601458922, 0.3593611398168529, 0.48713761293329294, 0.3968740096936624, 0.3464393026195467, 0.6165405181547006, 0.32129142400808636, 0.5210450313985349, 0.4401360797695816, 0.34329638886265457, 0.3257778192559878, 0.7011173243634403, 0.5743229287366072, 0.4639790773857385, 0.2931639556540176, 0.4094559016210648, 0.6258993972791359, 0.3395784722990356, 0.7447061248123645, 0.4655589861795306, 0.41194973720703276, 0.5706840924918651, 0.3307117843651213, 0.8837565458379686, 0.29473229483701285, 0.6116468735039234, 0.5624155118440588, 0.25569307394325735, 0.8031284036735693, 0.445588038302958, 0.5416165912989528, 0.5989988699555397, 0.3644011014373973, 0.6231982919077079, 0.5605563387274742, 0.2846181600354612, 0.5926111953953902, 0.3742595662673314, 0.46357450828654695, 0.582053554803133, 0.4889467973882954, 0.36202665365611514, 0.2722577896143776, 0.4582822709033887, 0.6546800578478724, 0.2477582897990942, 0.2706939000636339, 0.4063878986305402, 1.020899686240591, 0.24005962784867735, 0.40212298119440676, 0.9689553805044853, 0.3261733735911548, 0.679500141988198, 0.46830757608016327, 0.39690637020394204, 0.18160683549940587, 1.1862762436270713, 0.6262110459307829, 0.3974305212497711, 0.8378987237811089, 0.433718666434288, 0.3197142309509218, 0.47010619221255184, 0.6347074050456285, 0.5698107625047366, 0.5921163926521937, 0.7631398998200893, 0.4878528159111738, 0.47334723323583605, 0.5355192877352237, 0.31181256733834745, 0.7978639831145604, 0.4626239816347758, 0.3363272415474057, 0.3561983032152057, 0.3533447596865396, 1.01233676597476, 0.303733947686851, 0.2941095133312046, 0.8750092615683873, 0.6713263700405756, 0.5279023874551058, 0.5149296887218953, 0.4394464369863272, 0.38211030624806885, 0.660483580082655, 0.446371170381705, 0.4459264644732078, 0.369794287905097, 0.6192683216184378, 0.7105316827694574, 0.5845750115811825, 0.44299838046232864, 0.6071817740797997, 0.7003653307755788, 0.4355438186476628, 0.44540487391253314, 0.6260761354118586, 0.5786474112421274, 0.35311993435025213, 0.5752069279551506, 0.622362345829606, 0.6132140006870032]
2025-12-20 04:38:52 - fedrand - INFO - loss data:
2025-12-20 04:38:52 - fedrand - INFO - [0.6890150025486946, 0.6956491857767105, 0.3670007155675973, 0.48187731662765143, 0.7190718442201615, 0.4611364195389407, 0.7815758123993873, 0.4889651585370302, 0.8171533533505031, 0.5598696185275913, 0.7292660504579545, 0.6747535899281502, 0.547243372257799, 0.47777282753959294, 0.737024849653244, 0.6705554574728012, 0.509286787174642, 0.4684996952302754, 0.7447006240487098, 0.6915943339467049, 0.5412009300664067, 0.7376769363880158, 0.36106959533478533, 0.6687045380473137, 0.6622984662652016, 0.4754355688712426, 0.415544898009726, 0.7886148903518915, 0.46020213884767147, 0.4569989494979382, 0.5731915225274861, 0.4621089717838913, 0.4686607142910361, 0.6297473270978247, 0.5585687816143037, 0.6884583465754985, 0.6584691792726517, 0.4552366016432643, 0.4599673876538873, 0.44867526083253323, 0.45201505068689585, 0.6609574362635613, 0.4719054994306394, 0.5669760137796402, 0.6699322968721391, 0.3625379042966025, 0.47754351241247994, 0.39540205818734, 0.7119129329919816, 0.5366078625300101, 0.6035004943609238, 0.6238905854523182, 0.42539946075994517, 0.6282486900687217, 0.43580898246062655, 0.4292474161168295, 0.5622405469417572, 0.4060013187583536, 0.6245172544249467, 0.5580564100295304, 0.42474580379202964, 0.759923467040062, 0.45074870409443973, 0.3876128331292421, 0.6437293492257595, 0.4251381557434797, 0.6111887709370681, 0.472489052079618, 0.632558460533619, 0.4618777974043042, 0.4292859665849911, 0.3883810156024992, 0.6248223938047885, 0.4023192254360765, 0.407424127869308, 0.41710698092356324, 0.6489867937351976, 0.5513876184821129, 0.43394549095204893, 0.5652094081044197, 0.5425134867429733, 0.5837435707449914, 0.42982235739805874, 0.48197851665318014, 0.5743050269782544, 0.40962814446538687, 0.7718773240489618, 0.48869540134910494, 0.7055103562772274, 0.4604275029152632, 0.38867708374746146, 0.41114931982010605, 0.40531005756929517, 0.347115242773933, 0.6408104284533432, 0.5688009642064571, 0.3436285361647606, 0.6033321775496006, 0.40204401183873417, 0.6122641421854496, 0.5408750630915165, 0.4106391260134322, 0.40128798806773763, 0.473790218308568, 0.49200207697493686, 0.579072530195117, 0.36458217082545163, 0.4573901555900063, 0.3723605381324887, 0.5418670575533595, 0.5536372248083353, 0.587587333470583, 0.2848078366369009, 0.3297849711496383, 0.6122025333344936, 0.2628239910384374, 0.5084865540266037, 0.38357668636100634, 0.4018086673957961, 0.5282547764480114, 0.2537391229266567, 0.54841732191188, 0.4116086015477777, 0.4719261271879077, 0.576696676760912, 0.3250647838094405, 0.47487583288124624, 0.4928320087492466, 0.3577132968232035, 0.7661517488104956, 0.3614987385459244, 0.5174689970910549, 0.44231692999601363, 0.5547359704971313, 0.5186364933848382, 0.4958138093352318, 0.35048906302877836, 0.5205630160868168, 0.46386441066861156, 0.6385455951094627, 0.43513880055397747, 0.5614748339567865, 0.43612171741468564, 0.5352212361991406, 0.421926437318325, 0.5098532423377038, 0.45374541990458966, 0.4965049333870411, 0.45209838040173056, 0.49174366891384125, 0.3960686526128224, 0.42652903316276414, 0.36910246663859914, 0.6383551239967347, 0.49172023460268977, 0.5617024689912796, 0.4302563735949142, 0.5709189164851394, 0.4528073025601251, 0.5181744746863842, 0.47260331399738786, 0.3941554132848978, 0.6235887320978301, 0.5056139901280403, 0.48528181090950967, 0.42582564055919647, 0.5784482516348362, 0.4569348162306206, 0.5158948481082917, 0.462008111923933, 0.5467155486345291, 0.4831250920891762, 0.531626308709383, 0.5230486318469048, 0.47221462449857166, 0.4951285347342491, 0.43919907020671023, 0.5793655283749104, 0.4980581949864115, 0.5071178987622261, 0.5376829549670219, 0.5217392161488532, 0.5204625368118286, 0.5334281565887586, 0.5525879291551454, 0.48501215758068217, 0.5257111117243767, 0.488508378714323, 0.553195022791624, 0.4813212677836418, 0.5238311769706863, 0.5301982067525386, 0.4958602183631488, 0.5215171203017235, 0.5348187111318111, 0.5738613090344837, 0.5586361967027187, 0.4751379705965519, 0.5442811101675034, 0.4987042866647244]
2025-12-20 06:05:50 - fedrand - INFO - loss data:
2025-12-20 06:05:50 - fedrand - INFO - [0.5666326388716698, 0.5709640383720398, 0.6265524813905359, 0.39878207619767636, 0.44586364907445386, 0.09846648743841797, 2.051914171874523, 0.39397653480991723, 0.5905142536386847, 0.8880450371652842, 0.4628888849169016, 0.37578794471919535, 0.909565195441246, 0.4211467251647264, 0.8787432201206684, 0.5916461808606983, 0.7486052386462688, 0.41332256738096473, 1.242200318723917, 0.40261654495261606, 0.46990625150501725, 0.2825036237947643, 0.44457533424720164, 0.7738919049501419, 0.3693243445828557, 0.3709870414808393, 0.8446775823831558, 0.28866225145757196, 0.48317522108554845, 0.3007387529592961, 1.3777806743979455, 0.6102020187303424, 0.6894961347803473, 0.9561514765024185, 0.46489481478929523, 0.45283791087567804, 0.3794357197824865, 0.13101657817605883, 0.9418674972373993, 0.595874283835292, 0.5044940001331271, 0.8372635278850794, 0.13400388874579222, 1.7049138754606248, 0.2704806512221694, 0.4989485677331686, 0.48679935252293943, 0.5729575833305717, 0.7343363158404828, 0.5946225665509701, 0.27589418506249785, 0.6076564475893974, 0.5137597478926181, 0.4748650826513767, 0.5635856986045837, 0.17344289920292794, 0.9067362158151809, 0.539093216729816, 0.37828056642320007, 0.5939393224194647, 0.3970043946057558, 0.40423564445227383, 0.3961001493036747, 0.36512093907222154, 0.5886186920106411, 0.3706653711851686, 0.39579129890189507, 0.5236845238367095, 0.3441171530634165, 0.4422378776594997, 0.6130097098648548, 0.27133460496552286, 0.6270367582328618, 0.38891525836661456, 0.771690659224987, 0.6754171002656222, 0.5538286866620183, 0.6317625364288688, 0.3827482609078288, 0.8410010091960429, 0.5765224292874336, 0.24692642744630575, 0.4239673126488924, 0.4468051716685295, 0.7976213976740837, 0.34610325461253527, 0.6209527216851711, 0.578234040737152, 0.442142978310585, 0.35917473507579417, 0.07937159317662008, 0.8022249717148953, 0.7648382820188999, 0.582980390638113, 0.4296576285734773, 0.6926939085125923, 0.3015128127299249, 0.5467648103833198, 0.5786521703004837, 0.3056064963340759, 0.6819499716162681, 0.17453402825631203, 0.6755706242343876, 0.4294502482749522, 0.1464234739076346, 1.366046889126301, 0.3864792423322797, 1.0592239275574684, 0.37782701044343414, 0.7029498614370823, 0.47522227242589, 0.25422077481634914, 0.36380662200972436, 0.1367000869475305, 1.0432664002291858, 0.617177889496088, 0.36592706069350245, 1.1188991636037828, 0.33751101084053514, 0.3497483578976244, 0.5104720606701448, 0.8561647720634937, 0.33782255072146655, 0.673918105661869, 0.35576943438500164, 0.8865105971693993, 0.43285265788435934, 0.5073049714788794, 0.4451687538996339, 0.7432845115661622, 0.44799580499529834, 0.4582909379154444, 0.4761827405542135, 0.5592430114746094, 0.4855225931853056, 0.3707735197618604, 0.49113564994186165, 0.5212311550974846, 0.5662571288645267, 0.3733755202032626, 0.4508958708960563, 0.7134532198309897, 0.4779707707464695, 0.6947712451219559, 0.5760589003562927, 0.6309011928737163, 0.4898480400443077, 0.5466195553541183, 0.6109137266874314, 0.4909788131713867, 0.4914771065115928, 0.44298339635133743, 0.4647609230130911, 0.38809061199426653, 0.6349678710103035, 0.5317876800894737, 0.8362724274396897, 0.5136198334395885, 0.602507622539997, 0.5387712925672531, 0.47744548171758655, 0.7081782333552837, 0.3753074496984482, 0.893704217672348, 0.7886028438806534, 0.6219797879457474, 0.4939365364611149, 0.4989189103245735, 0.5960824765264987, 0.5100456506013871, 0.4990757554769516, 0.6376121118664742, 0.533046493679285, 0.5773210920393467, 0.5189752675592899, 0.5426311515271663, 0.7199001282453537, 0.553048375248909, 0.5428859733045102, 0.6269652746617793, 0.5557259149849415, 0.6319767326116562, 0.5816208906471729, 0.6147932678461074, 0.5688682183623314, 0.5903197020292281, 0.5768549546599389, 0.5282508634030818, 0.6935028627514839, 0.495534960180521, 0.5954842552542686, 0.5869915314018727, 0.542787292599678, 0.5374597117304802, 0.558396689593792, 0.5289275765419006, 0.6433837674558163, 0.5816906884312629, 0.636872011423111, 0.5841524109244347]
2025-12-20 08:20:39 - fedrand - INFO - loss data:
2025-12-20 08:20:39 - fedrand - INFO - [0.6911636283000311, 0.6821919918060303, 0.4464343851432204, 0.8122004275520642, 0.6089399221042793, 0.6673649452626704, 0.5103000913746655, 0.4235087431035936, 0.790027323551476, 1.0300269673268, 0.5716350318243106, 0.9238545236488183, 0.6137859588488936, 0.733951885253191, 0.5708405464887618, 0.7198682062327861, 0.4384050963446498, 1.0441095347205798, 0.4807149862870574, 0.6770875116189321, 0.6084686256945133, 0.5361329708248377, 0.9644958714644114, 0.7098846793174743, 0.3809147321619093, 0.4480390552431345, 0.44288451150059704, 0.4217443181201816, 0.8371977962553501, 0.4349766504019499, 0.48437901912257075, 0.7717199777563413, 0.5492240052670241, 0.24872095957398413, 0.6750601971056313, 0.5509373976849019, 0.7755418866872787, 0.670991338789463, 0.4812744257040322, 0.4637436589226127, 0.7158373668789864, 0.3847731418907643, 0.20429653646424412, 0.8218312671640888, 0.48231475141365077, 0.6597282807032268, 0.4108350251801312, 0.7256118486324946, 0.5747636802494526, 0.6067301084597905, 0.4599859584122896, 0.44943198493371406, 0.5956622604901592, 0.8963432796299458, 0.6682554846008619, 0.4390365844592452, 0.38930522897280756, 0.1508212031563744, 0.8790938549675047, 0.43172085001133387, 0.6329350292682647, 0.44091888256371026, 0.4071874904911965, 0.4473060433752835, 0.35782902587670834, 0.5273617198690772, 0.1993018575012684, 0.4745956334634684, 0.1473765565548092, 1.1549739226698876, 0.41892716046422723, 0.4081829637289047, 0.9001737251877785, 0.38597564585506916, 0.9589946322143078, 0.5395973652601243, 0.4046221066266298, 0.6021639183163643, 0.5354739144444466, 0.5812818996608258, 0.4047222308504085, 0.4323288828134537, 0.6045248175660769, 0.39842650955542924, 0.40760654170687005, 0.11558690420351923, 0.5114922912791371, 0.40102900662459434, 0.9192095339298247, 0.5068767068907618, 0.7493663738171259, 0.21590446373447775, 1.249319919447104, 0.4369973480701447, 0.12964272813405842, 1.503759902715683, 0.37284692991524937, 0.38807694793989256, 0.6636673077009618, 0.4029143285627167, 0.4055568667594343, 0.6812923058867455, 0.3599897546693682, 0.5547900475561619, 0.4762993261218071, 0.3839651015587151, 0.3632094685764362, 0.7034368511289358, 0.6478489932914575, 0.5760543189942837, 0.35512794950045645, 0.45841444275186705, 0.689788244618103, 0.5367265075910836, 0.9786580046017965, 0.3078650714829564, 0.5809782678727061, 0.6657156097392241, 0.43392885796104863, 0.6159388393629343, 0.37442432763054967, 0.7401047892868519, 0.5341589928915103, 0.3388769287616014, 0.805457903444767, 0.3943978939205408, 0.5646308051422239, 0.7663937196135522, 0.41794751957058907, 0.5884428439040978, 0.6815734788775444, 0.3964268648996949, 0.6278476362427076, 0.4324173080424468, 0.525080238841474, 0.768299114704132, 0.4845514850070079, 0.40787934822340804, 0.35366593673825264, 0.4776805020247896, 0.83856969345361, 0.40425629112869504, 0.36492508426308634, 0.39123090179637077, 0.9049872891046107, 0.3748614815995097, 0.4509907228251298, 0.9068831231445075, 0.4056928628589958, 0.8003310315310955, 0.5903765889505546, 0.4693029750138521, 0.2671752400696278, 1.021951651076476, 0.6929743359486262, 0.43744327686727047, 0.788829393684864, 0.5089537370949984, 0.4618986342102289, 0.5181485913693905, 0.6681482031941414, 0.5855291299521923, 0.611213852961858, 0.8184395208954811, 0.5703292362391948, 0.5485295705497265, 0.6349214494228363, 0.44864157885313033, 0.690064292649428, 0.5575205964346727, 0.47561753764748577, 0.4619471214711666, 0.406676534190774, 0.8627542048692703, 0.4248469896614552, 0.41008661426603793, 0.7917367761333783, 0.7358864481250444, 0.6428590834140777, 0.634666246175766, 0.5431872732937336, 0.4950634613633156, 0.6671486020088195, 0.5309170641005039, 0.5369911486903827, 0.4963275395333767, 0.6337467320263386, 0.6758916373054187, 0.6335551790893078, 0.5345947307844956, 0.654654473811388, 0.6776670227448145, 0.5336429588496685, 0.5524226096769174, 0.625379029661417, 0.6081106029450893, 0.48624898791313176, 0.6320843741297721, 0.6606124728918076, 0.6286559671163559]
